data_split,vnf_profile,vCPU_cores,VNF_memory_MB,Link_Capacity_limit_Mbps,offered_load_pps,offered_load_mbps,VNF_cpu_utilization_pct,VNF_memory_utilization_pct,MQTT_package_latency_p99_ms,MQTT_package_latency_average_ms,MQTT_package_loss_pct,MQTT_devices_connected,inline_analyzed_packets_per_sec,inline_blocked_packets_per_sec
train,inline,3,512,95,16078.1907,94.9546,38.199,31.7089,0.0164,0.0164,0.0666,50.0,16427.5068,0.0
train,inline,4,384,65,12787.851,64.993,26.7371,51.1159,2.2932,1.7277,0.4649,50.0,12876.384,0.0
train,inline,1,640,35,9730.4385,35.0142,66.6287,29.0019,0.3073,0.1874,0.8662,49.0,9454.1221,0.8974
train,inline,2,1024,100,16619.04,99.9491,64.1942,27.1757,0.075,0.0121,0.0,50.0,16315.2909,0.6973
train,inline,3,384,90,15523.8106,89.9421,40.769,48.8669,0.036,0.0228,0.1332,50.0,15951.8722,5.9895
train,inline,3,512,75,13882.4062,74.9735,36.054,33.6463,0.0423,0.0377,0.3331,50.0,12649.8553,0.0
train,inline,3,896,80,14468.038,79.9884,37.5679,29.8657,0.0415,0.0341,0.2665,50.0,13907.1661,7092.0486
train,inline,1,896,100,16639.6512,100.0181,82.9359,28.5126,1.5327,0.144,0.0049,50.0,19064.7701,1.3144
train,inline,4,256,75,13863.6684,74.9768,29.0942,67.7935,0.0399,0.0322,0.3331,50.0,13278.6382,0.0
train,inline,1,896,85,15022.8056,85.0092,80.8458,28.2762,1.2451,0.1371,0.2038,50.0,16296.6488,0.0
train,inline,4,256,65,12757.5088,64.9607,28.1752,68.1081,0.047,0.0404,0.4663,50.0,9870.4892,5.1236
train,inline,4,1024,70,13326.2119,69.9829,27.4523,29.7214,0.0666,0.0462,0.3993,50.0,10682.1232,7.2122
train,inline,3,768,30,9014.8985,29.9766,29.5595,32.4221,0.094,0.0888,0.9326,50.0,6060.9409,4045.4611
train,inline,4,640,85,14987.9794,85.002,27.4717,32.4689,1.4673,1.1091,0.1989,50.0,14772.9168,0.0
train,inline,4,512,95,16086.4822,94.9853,28.4152,33.3819,0.6651,0.4975,0.0662,50.0,14768.2956,3.9969
train,inline,3,256,75,13887.1027,74.9816,41.1144,65.723,0.0499,0.0398,0.3331,50.0,17942.6215,0.0
train,inline,4,1024,25,8396.7536,25.0065,19.7268,30.9391,0.1038,0.0963,0.9983,50.0,9220.9816,0.0
train,inline,1,256,25,8720.5379,25.0556,71.9871,62.9226,0.106,0.0998,0.9992,50.0,8939.0875,4.1423
train,inline,3,256,70,13342.0272,69.9782,40.7659,65.7615,0.0506,0.0451,0.3997,50.0,16425.1186,0.0
train,inline,4,1024,75,13872.4212,75.0079,27.0422,29.5049,0.0433,0.0395,0.3328,50.0,13293.2134,0.0
train,inline,4,256,95,16072.1029,94.9519,31.3243,67.4695,0.0149,0.0149,0.0666,50.0,16111.2639,0.0
train,inline,4,768,60,12252.8178,59.9966,25.4978,31.8949,2.6343,1.9794,0.5311,50.0,12154.7692,6.1817
train,inline,4,1024,30,8942.4976,29.9985,20.5494,30.6909,0.095,0.0903,0.9317,50.0,10423.2739,0.0
train,inline,1,640,85,15048.8635,85.057,78.2746,30.503,0.8671,0.1159,0.2012,50.0,16331.5916,2.4286
train,inline,1,256,45,10812.5251,44.9282,75.4562,63.2855,0.2878,0.0968,0.7327,50.0,11043.3868,1.83
train,inline,2,896,90,15541.3671,90.0001,59.5208,28.8445,0.1229,0.0618,0.1332,50.0,14380.2946,0.0
train,inline,3,896,60,12296.8002,59.9854,34.2455,29.5231,0.0563,0.0563,0.5329,50.0,11867.9667,6678.5024
train,inline,4,256,50,11099.4295,49.9834,24.6273,68.2899,0.0522,0.0522,0.6661,50.0,10102.3379,0.0
train,inline,1,512,25,8730.329,25.085,61.0162,29.8968,0.25,0.2478,0.9992,48.0,10727.1834,0.0942
train,inline,4,640,40,10073.4112,39.981,23.2167,33.2373,5.8428,4.4043,0.7956,50.0,9887.9083,0.4827
train,inline,2,1024,95,16081.0386,94.9825,62.1226,27.9295,0.0973,0.0425,0.0666,50.0,15946.4149,0.0
train,inline,4,640,35,9534.3307,35.0029,21.5377,33.9591,6.3177,4.7699,0.8619,50.0,8944.7242,0.0
train,inline,2,512,35,9563.7204,34.9942,38.7036,32.1879,0.1012,0.0905,0.866,49.0,11260.1573,2.4608
train,inline,2,512,30,9019.3086,30.0098,36.6096,31.9831,0.0994,0.0963,0.9326,49.0,12269.8368,1.1882
train,inline,2,256,30,8912.241,29.9169,42.7799,64.3348,0.9296,0.9296,0.9326,50.0,5734.5259,0.0
train,inline,1,256,50,11340.3465,49.9086,76.697,63.939,0.3393,0.0965,0.6661,50.0,10212.242,0.0
train,inline,2,384,100,16620.0355,99.9242,54.9999,48.4114,0.0332,0.0114,0.0,50.0,11960.1317,0.724
train,inline,2,512,75,13911.9621,74.99,50.8976,30.7756,0.075,0.0424,0.3331,50.0,12031.7396,0.0378
train,inline,3,768,30,9016.2039,29.9855,29.5695,32.5417,0.0945,0.0887,0.9326,50.0,7417.8503,4043.9558
train,inline,1,768,40,10225.4118,39.9921,70.7949,28.8497,0.3876,0.1491,0.8,49.0,9357.0904,0.0
train,inline,3,896,90,15553.2557,89.9814,39.3239,29.9893,0.0365,0.0232,0.1332,50.0,12991.5517,7300.3139
train,inline,4,640,99999,18943.9811,126.8736,33.3207,31.6943,0.0288,0.0021,0.0,50.0,18832.6322,2495.9991
train,inline,2,384,65,12793.3169,64.9465,47.4032,48.509,0.2621,0.2621,0.4663,50.0,9649.4065,0.0
train,inline,4,384,50,11134.8924,49.9697,24.7777,50.9043,3.2603,2.463,0.6642,50.0,10039.1098,0.5094
train,inline,3,768,95,16088.2428,94.9724,39.3428,30.5162,0.0229,0.017,0.0666,50.0,14772.1197,4934.4136
train,inline,3,896,45,10676.2597,45.0036,31.7877,29.6064,0.0752,0.0733,0.7327,50.0,11213.9424,6371.4892
train,inline,4,256,35,9443.5047,35.0046,23.1204,68.2581,0.0728,0.0654,0.866,50.0,8402.7522,0.0
train,inline,4,768,75,13888.3262,75.0039,27.354,31.6227,1.6483,1.241,0.3319,50.0,15422.5748,0.0
train,inline,4,896,90,15518.9555,89.9817,29.8116,29.9277,0.358,0.2635,0.1329,50.0,13871.982,4.5164
train,inline,1,384,60,12406.2232,59.9716,74.6173,47.7795,0.4662,0.1299,0.5329,49.0,12424.4202,0.0
train,inline,4,640,35,9532.4888,35.0015,22.8688,33.7916,6.3288,4.7703,0.8619,50.0,9401.9647,0.0
train,inline,2,640,85,14990.6597,84.9575,54.9711,29.5756,0.0836,0.0486,0.1998,50.0,12720.4866,0.1461
train,inline,1,384,50,11355.7617,49.9782,72.204,47.5462,0.3839,0.1425,0.6661,49.0,9000.1853,4.0876
train,inline,3,256,55,11709.0982,54.958,38.0513,65.7136,0.0617,0.0617,0.5995,50.0,14849.3011,0.0
train,inline,3,1024,100,16635.4867,100.0136,39.7988,29.1971,0.0108,0.0108,0.0,50.0,16150.5556,9998.3036
train,inline,4,1024,30,8941.6075,30.0014,20.3174,30.7255,0.09,0.09,0.9317,50.0,8553.095,0.0
train,inline,4,896,100,16605.8917,99.9777,30.8454,29.1169,0.0176,0.0114,0.0,50.0,16299.5049,0.8157
train,inline,2,640,100,16628.0208,99.9703,60.0909,29.6062,0.0614,0.0122,0.0,50.0,13323.3608,0.0
train,inline,1,768,80,14504.9063,80.0026,78.9024,29.7246,0.9913,0.1297,0.2689,50.0,12389.0634,7.659
train,inline,1,384,30,9250.2307,30.0466,68.3996,46.823,0.2181,0.1675,0.9326,49.0,7654.6611,4.8066
train,inline,3,256,75,13887.8462,74.9865,41.0776,65.5707,0.0526,0.0399,0.3331,50.0,18170.1803,0.0
train,inline,3,384,45,10610.2057,44.9654,34.4869,51.436,0.0795,0.0715,0.7327,50.0,8232.152,6.2886
train,inline,4,896,50,11145.3522,50.0084,24.3415,31.2478,1.6766,1.2695,0.6647,50.0,10916.2394,0.0
train,inline,2,1024,55,11725.717,55.0077,46.4061,28.8384,0.3172,0.2886,0.5995,50.0,13181.2725,0.0
train,inline,4,640,40,10078.3742,40.0005,23.4731,33.6511,5.8469,4.4044,0.7956,50.0,10936.4326,0.0
train,inline,4,768,70,13341.5822,70.0076,27.0023,31.562,1.9743,1.487,0.3983,50.0,13971.5326,2.8906
train,inline,3,512,35,9489.6143,34.9856,29.5459,36.9849,0.0795,0.0795,0.866,50.0,7750.8655,0.5809
train,inline,2,768,99999,18946.3098,126.8692,60.1659,28.7377,0.0627,0.0032,0.0,50.0,19084.9479,5002.847
train,inline,4,896,100,16615.6951,100.0155,29.3656,29.9659,0.0106,0.0106,0.0,50.0,16263.4152,0.0
train,inline,2,512,60,12284.1847,59.9775,46.7676,31.6818,0.0923,0.061,0.5329,49.0,8750.3197,4.1617
train,inline,1,256,55,11861.1283,54.8763,77.9683,63.9648,0.3799,0.0953,0.5995,50.0,10969.983,0.7068
train,inline,3,768,30,9014.6404,30.0004,28.1527,32.5337,0.0876,0.0876,0.9326,50.0,7277.1884,4037.1185
train,inline,1,768,40,10222.2229,39.9895,69.9792,28.6245,0.3741,0.1484,0.8,49.0,10269.9789,0.0
train,inline,2,768,25,8468.2941,24.9906,35.3774,31.0586,0.297,0.288,0.9992,50.0,9047.6902,6.153
train,inline,3,384,45,10611.9727,45.0015,33.8684,51.499,0.0781,0.0715,0.7327,50.0,9926.8446,0.0
train,inline,2,768,45,10641.2663,45.0074,42.705,30.4113,0.2294,0.2141,0.7327,50.0,11672.9715,0.0
train,inline,4,1024,30,8940.9099,29.9903,20.3408,30.5177,0.0937,0.0904,0.9317,50.0,9611.1246,0.0
train,inline,2,256,80,14412.8654,79.8981,50.0085,66.3457,0.2738,0.2738,0.2665,50.0,9383.2464,0.0
train,inline,4,384,45,10592.5404,45.0005,24.6557,51.5325,3.5922,2.7085,0.7306,50.0,9427.9064,0.0
train,inline,4,768,75,13887.361,74.9976,26.684,31.4927,1.6423,1.2408,0.3319,50.0,13752.9511,0.0
train,inline,3,384,70,13339.1308,69.9584,37.6617,49.9401,0.052,0.0442,0.3997,50.0,14101.0428,2.5768
train,inline,4,768,100,16622.0973,100.0043,30.2132,30.6771,0.0293,0.0118,0.0,50.0,17312.7536,5.2467
train,inline,1,768,65,12898.87,65.026,75.6498,29.2914,0.7602,0.1367,0.4681,50.0,13179.0283,0.0
train,inline,3,384,50,11154.4075,49.9793,33.8035,51.0082,0.0652,0.0652,0.6661,50.0,10916.4928,0.0
test,inline,2,512,25,8482.4889,24.9941,35.4,32.3546,0.0,0.0,1.0,49.0,11314.1111,0.0
train,inline,1,512,35,9779.2226,35.0606,63.6086,29.8848,0.3144,0.2238,0.866,48.0,10056.1129,0.1847
train,inline,2,768,75,13906.7485,74.984,52.6738,29.5959,0.1413,0.1039,0.3331,50.0,13835.0752,0.0
train,inline,1,512,40,10308.2936,40.0654,65.0062,30.1702,0.351,0.212,0.7994,48.0,10615.6318,0.0275
train,inline,2,896,45,10641.6985,44.9834,42.6838,29.7785,0.3099,0.2826,0.7327,50.0,10453.0246,7.3337
train,inline,2,1024,55,11724.8107,55.0017,46.586,28.7489,0.3184,0.2886,0.5995,50.0,13545.6371,0.0
train,inline,1,1024,30,9050.9086,29.8956,74.6788,26.7262,0.1841,0.0716,0.933,50.0,10421.2279,0.6793
train,inline,3,1024,35,9626.5827,35.0068,31.0626,27.4285,0.0891,0.0862,0.866,50.0,11820.5424,8219.2863
train,inline,4,896,100,16611.177,99.9869,31.0857,29.5148,0.0241,0.0117,0.0,50.0,15719.6066,2.4774
train,inline,3,512,70,13331.3124,69.959,33.9707,33.8568,0.0424,0.0424,0.3997,50.0,11975.1077,0.0
train,inline,4,1024,70,13322.9441,70.0077,27.289,29.5155,0.0556,0.0454,0.3993,50.0,13563.1838,0.5508
train,inline,3,1024,35,9624.7183,35.0003,29.794,27.4652,0.0855,0.0855,0.866,50.0,9207.89,8215.4388
train,inline,3,384,99999,18960.2218,126.9095,44.6848,48.734,0.0749,0.0033,0.0,50.0,17664.4859,10002.978
train,inline,2,768,60,12274.8408,59.9971,45.9902,30.1211,0.1673,0.1582,0.5329,50.0,12116.6863,0.0
train,inline,2,384,55,11702.2999,54.9686,46.1009,48.6237,0.3346,0.3346,0.5995,50.0,9144.3189,0.0
train,inline,2,512,80,14453.2937,79.9829,52.8572,30.6661,0.0673,0.0361,0.2665,50.0,11545.4735,2.2412
train,inline,4,1024,45,10585.2265,45.002,22.7482,30.245,0.0762,0.0734,0.7321,50.0,10418.8671,0.0
train,inline,4,256,99999,19004.1111,126.8379,35.2078,68.3307,0.0355,0.0014,0.0,50.0,12007.4868,0.0
train,inline,4,640,25,8441.5831,25.0025,22.1402,34.1031,7.3042,5.5026,0.9945,50.0,10202.4683,0.0
train,inline,4,512,99999,18931.024,126.8573,34.6903,32.5252,0.0402,0.0026,0.0,50.0,18649.7118,0.0
train,inline,2,384,25,8417.1022,24.9591,39.3022,48.0737,0.0514,0.5491,0.9992,50.0,8313.2523,0.0
train,inline,4,512,70,13357.7621,69.9851,25.4765,33.6877,3.8823,2.9282,0.3973,50.0,13122.0464,0.0
train,inline,2,512,80,14456.6943,79.9952,52.6158,30.8207,0.0741,0.0366,0.2665,50.0,11536.9934,0.0
train,inline,1,896,50,11257.6552,49.9659,75.1147,28.0739,0.5906,0.1219,0.6678,50.0,10968.383,0.0
train,inline,4,1024,65,12776.6488,65.003,26.2479,29.7052,0.0631,0.0512,0.4659,50.0,13251.3274,0.4956
train,inline,3,256,85,14968.0994,84.9595,42.5829,65.1853,0.0317,0.0281,0.1998,50.0,19285.321,1.0686
train,inline,2,768,99999,18944.6272,126.8525,60.0265,28.6339,0.0592,0.0028,0.0,50.0,20367.9576,5008.6055
train,inline,1,768,60,12362.2805,60.01,74.448,28.99,0.6817,0.1388,0.5344,49.0,14511.1917,0.0
train,inline,1,256,40,10289.3874,39.967,74.8861,63.5318,0.2358,0.0972,0.7994,50.0,9655.8307,0.4022
train,inline,3,384,90,15521.9828,89.9643,39.3315,48.6315,0.0217,0.0217,0.1332,50.0,18362.155,0.0
train,inline,4,384,25,8398.0295,25.0061,21.8698,51.9757,4.8875,3.6891,0.9962,50.0,6895.324,0.0
train,inline,3,768,85,15000.1088,84.9764,37.9861,30.8471,0.0355,0.028,0.1998,50.0,15195.9526,4796.715
train,inline,2,768,35,9553.5625,35.0109,38.6971,30.5838,0.2623,0.2511,0.866,50.0,11295.993,0.0
train,inline,3,256,40,10088.2671,39.9976,36.3606,66.6422,0.0863,0.0791,0.7994,50.0,11139.3381,0.0
train,inline,2,256,70,13307.6846,69.8792,47.5518,65.6092,0.4041,0.4041,0.3997,50.0,8540.2616,0.0
train,inline,1,768,80,14501.5004,80.0271,78.1978,29.2583,0.9801,0.1289,0.2689,50.0,15895.0818,0.9793
train,inline,1,256,35,9762.4423,34.9805,73.6698,63.0681,0.1906,0.098,0.866,50.0,10381.7271,0.0
train,inline,1,384,55,11878.3365,54.9773,73.131,47.4987,0.4156,0.1357,0.5995,49.0,11206.205,0.0
train,inline,4,512,85,14996.3421,85.0039,27.2955,33.1672,1.9573,1.4699,0.1987,50.0,16671.8645,3.8847
train,inline,4,512,60,12270.4169,59.9998,25.7302,34.2063,5.1819,3.901,0.5298,50.0,12771.5585,0.7151
test,inline,1,512,100,16647.0889,100.0943,82.7,29.8506,1.5252,0.2039,0.01,50.0,10069.4889,0.0
train,inline,3,640,80,14439.2697,79.9589,36.556,31.6958,0.0327,0.0327,0.2665,50.0,13740.1917,2363.4247
train,inline,3,256,35,9543.7216,34.9878,35.4022,66.4497,0.0884,0.0844,0.866,50.0,12514.891,0.7677
train,inline,1,768,90,15570.3549,90.0262,81.1573,29.7303,1.1316,0.1241,0.1361,50.0,15073.7016,4.5181
train,inline,3,768,85,14994.2742,84.968,37.4612,30.3724,0.0276,0.0276,0.1998,50.0,14474.8362,4794.5277
train,inline,4,640,85,14989.9736,85.0089,27.8711,32.4179,1.4794,1.1098,0.1989,50.0,15279.9409,0.0
train,inline,2,1024,65,12810.6798,64.9952,51.425,28.4897,0.2603,0.2268,0.4663,50.0,13778.4003,2.4502
train,inline,3,384,50,11156.7528,49.9922,34.5845,50.8246,0.075,0.0661,0.6661,50.0,12127.9319,0.0
train,inline,2,512,65,12816.1593,64.9619,47.645,30.6502,0.072,0.0541,0.4663,50.0,10828.6464,0.0
train,inline,2,640,85,14996.8386,84.9805,54.4841,30.0808,0.0808,0.0483,0.1998,50.0,12992.8583,0.0
train,inline,1,384,100,16605.933,99.8146,83.4676,48.5658,0.7888,0.0794,0.0,50.0,14884.8888,1.4704
train,inline,1,256,35,9769.4933,34.9844,73.4089,63.6327,0.193,0.0982,0.866,50.0,7542.7169,2.5897
train,inline,1,256,65,12909.3718,64.8124,79.5486,64.2379,0.4741,0.094,0.4663,50.0,12392.6764,0.574
train,inline,2,896,99999,18952.8121,126.8817,58.3592,27.9595,0.0384,0.0024,0.0,50.0,17995.4454,7513.3026
train,inline,1,768,60,12362.6998,60.0124,74.0816,29.1063,0.6766,0.1387,0.5344,49.0,12656.9235,0.0
train,inline,2,1024,35,9545.3064,35.0068,38.2058,29.0173,0.4184,0.4111,0.866,50.0,12398.3278,0.0
train,inline,4,256,55,11654.4563,54.9965,26.3243,68.3396,0.0572,0.0489,0.5995,50.0,9736.0218,0.0
train,inline,2,512,75,13914.1355,74.9648,51.3038,31.123,0.0813,0.0429,0.3331,50.0,9110.4674,7.0048
train,inline,3,256,70,13342.9056,69.9735,38.8212,65.8103,0.0443,0.0443,0.3997,50.0,16397.2277,0.0
train,inline,1,1024,45,10678.4546,44.8944,76.9276,27.0996,0.5312,0.0928,0.7345,50.0,9197.9505,6.1229
train,inline,3,640,50,11164.003,49.9833,31.9742,33.7413,0.0669,0.0651,0.6661,50.0,11098.7439,2156.8278
train,inline,3,896,25,8509.4121,25.0005,29.1086,29.9172,0.097,0.0959,0.9992,50.0,8589.1097,5957.7165
train,inline,1,384,85,15036.0059,84.8696,80.0336,48.6781,0.6705,0.0985,0.1998,50.0,12152.7222,3.6517
train,inline,4,896,70,13333.7515,70.0083,25.7629,30.7383,1.0035,0.7657,0.3988,50.0,13607.6955,0.0
train,inline,3,768,100,16626.9213,99.9711,40.0772,29.9584,0.014,0.0113,0.0,50.0,16268.2878,4997.4479
train,inline,4,640,60,12263.9171,59.9854,25.2939,33.3696,3.9079,2.9403,0.5304,50.0,10123.3853,4.3145
train,inline,3,896,99999,18955.7384,126.8866,40.2751,30.5217,0.0159,0.0013,0.0,50.0,19350.0845,9990.7616
train,inline,1,512,70,13478.1462,70.0795,72.4927,31.5873,0.5572,0.1403,0.3997,49.0,12773.1678,0.0
train,inline,1,640,99999,18973.1103,126.9812,89.8187,29.4795,1.1826,0.0987,0.0,50.0,17108.5635,2641.7106
train,inline,1,512,70,13478.2287,70.0802,73.2166,31.3543,0.5687,0.1408,0.3997,49.0,13946.4556,1.3374
train,inline,4,512,90,15535.5885,89.9806,27.754,33.0656,1.3025,0.9833,0.1324,50.0,15285.292,1.1043
train,inline,4,768,30,8968.4424,29.9859,21.7594,32.5355,4.5738,3.4545,0.9294,50.0,8761.9402,0.7383
train,inline,3,768,65,12824.0658,64.9749,35.377,31.5147,0.0581,0.0502,0.4663,50.0,10187.2201,4526.5577
train,inline,4,384,80,14424.6031,79.9498,28.0631,50.0723,1.3086,0.9917,0.2657,50.0,14029.8018,0.5952
train,inline,1,896,80,14485.7279,80.0023,79.5369,28.007,1.1538,0.135,0.2701,50.0,17560.2776,1.3579
train,inline,4,640,70,13349.0109,69.9898,26.2601,32.6391,2.9307,2.2077,0.3978,50.0,14815.4678,0.0
train,inline,3,768,35,9560.4882,35.0071,30.1794,32.1555,0.0898,0.0833,0.866,50.0,9052.3206,4107.6997
train,inline,1,384,90,15560.4284,89.8765,81.1104,48.1378,0.7155,0.0922,0.1332,50.0,16751.0455,4.2711
train,inline,4,256,90,15518.2127,89.9589,31.7513,67.5437,0.0219,0.0193,0.1332,50.0,14932.0709,0.1448
train,inline,4,256,40,9986.3567,39.9607,23.6159,67.7316,0.0608,0.0608,0.7994,50.0,7797.6173,1.2479
train,inline,2,896,55,11730.7517,55.0068,46.4555,29.6825,0.2676,0.2335,0.5995,50.0,11830.5972,0.0
train,inline,2,896,75,13903.9148,74.9868,53.8794,28.9384,0.1753,0.1347,0.3331,50.0,14404.4785,0.4859
train,inline,1,1024,100,16637.1428,100.0138,83.4323,26.5801,1.7824,0.1688,0.0066,50.0,20720.0953,3.5926
train,inline,1,512,65,12951.4009,65.0854,71.4104,31.4685,0.5262,0.1525,0.4663,49.0,12252.672,0.0
train,inline,4,256,40,9995.5725,40.0036,24.3084,68.5577,0.0666,0.0612,0.7994,50.0,7504.1967,0.0
train,inline,1,256,30,9238.77,30.0197,73.352,63.0466,0.1427,0.0986,0.9326,50.0,8703.9394,1.6786
train,inline,4,1024,35,9493.3175,34.9974,21.5511,30.7383,0.0982,0.0854,0.8652,50.0,8128.0472,0.1313
train,inline,1,640,35,9732.864,35.0144,66.6093,29.1527,0.311,0.1876,0.8662,49.0,9051.2579,1.7986
train,inline,3,512,80,14434.6211,79.9383,36.8005,33.3917,0.0463,0.033,0.2665,50.0,10988.7112,7.3865
train,inline,4,256,100,16624.9351,99.9507,31.6513,67.4454,0.0105,0.0105,0.0,50.0,16992.9925,0.0
train,inline,2,1024,90,15537.3077,89.9792,60.442,27.9738,0.134,0.0737,0.1332,50.0,16526.8861,0.0
train,inline,1,1024,90,15555.3639,90.0039,82.1404,26.9857,1.557,0.1552,0.1389,50.0,18431.0744,0.0
train,inline,4,896,50,11147.4997,49.9904,24.1845,31.355,1.682,1.2698,0.6647,50.0,10355.7572,3.6054
train,inline,3,256,30,9001.3547,29.9918,34.7129,66.5283,0.0944,0.0902,0.9326,50.0,10295.2912,0.894
train,inline,3,512,40,10040.1234,39.9859,28.7009,36.6718,0.0737,0.0737,0.7994,50.0,7445.4932,0.0
train,inline,1,512,100,16644.3473,100.083,80.5429,32.3858,0.773,0.0691,0.0,50.0,16883.38,0.0
train,inline,4,512,100,16631.1917,99.9995,27.1615,33.1502,0.0104,0.0104,0.0,50.0,16791.8331,0.0
train,inline,4,896,100,16609.7642,99.9826,31.0458,29.4113,0.0229,0.0116,0.0,50.0,15709.434,2.4794
train,inline,4,512,75,13905.4682,74.9959,25.2855,33.8122,3.2308,2.4417,0.3311,50.0,13618.8872,0.0
train,inline,4,768,35,9520.4994,34.9893,22.6022,32.8222,4.2571,3.209,0.863,50.0,8191.9608,3.717
train,inline,3,512,50,11137.2628,49.9769,31.6565,35.7176,0.0655,0.0638,0.6661,50.0,11052.2463,0.0
train,inline,3,768,65,12824.6612,64.9742,35.0859,31.491,0.0587,0.0503,0.4663,50.0,10377.701,4525.6224
train,inline,2,1024,99999,18957.4755,126.9215,58.1502,27.0091,0.0256,0.0021,0.0,50.0,19096.1106,10019.2837
train,inline,3,384,90,15520.0202,89.9322,40.6477,48.6379,0.0316,0.0226,0.1332,50.0,15922.6483,5.0093
train,inline,1,256,100,16578.3551,99.5822,85.815,65.2932,0.8081,0.0897,0.0,50.0,13805.3227,3.613
train,inline,3,256,45,10626.9715,44.9814,37.3505,66.3305,0.0733,0.0729,0.7327,50.0,12379.2798,1.1719
train,inline,1,768,55,11829.2111,54.9965,73.1009,29.133,0.6035,0.1413,0.6008,49.0,10870.2405,1.3981
train,inline,1,768,85,15034.9012,85.031,79.7267,29.4125,1.0542,0.1264,0.2025,50.0,16069.533,1.8056
train,inline,1,384,60,12407.5563,59.9541,74.6374,47.551,0.4723,0.1302,0.5329,49.0,11530.8749,6.7107
train,inline,1,896,90,15559.9573,90.0046,80.518,28.1831,1.3311,0.139,0.1375,50.0,16941.1832,0.0
train,inline,1,768,90,15571.5623,90.0393,80.2847,29.3283,1.134,0.1241,0.1361,50.0,18799.7399,2.288
train,inline,1,768,95,16106.1861,95.0421,81.244,29.3901,1.2083,0.1217,0.0697,50.0,18412.2666,2.7633
train,inline,3,256,85,14967.5021,84.958,42.6097,65.1511,0.0312,0.0281,0.1998,50.0,19250.8676,1.2112
train,inline,2,640,30,9010.0796,29.9918,36.7026,31.0518,0.1839,0.1826,0.9326,49.0,11555.577,1.0131
train,inline,3,384,55,11701.9469,54.9856,35.4157,50.7869,0.0669,0.0606,0.5995,50.0,11986.1825,0.0
train,inline,1,512,65,12947.9846,65.0724,71.749,30.8551,0.5323,0.1527,0.4663,49.0,13614.2233,2.7265
train,inline,2,640,95,16085.7476,94.9835,58.2713,29.2584,0.0771,0.0247,0.0666,50.0,14738.347,4.531
train,inline,3,512,65,12785.4875,64.9606,34.0979,34.5059,0.0543,0.0483,0.4663,50.0,11636.5477,1.9219
train,inline,2,512,80,14454.8005,79.9828,52.4123,30.6454,0.07,0.0362,0.2665,50.0,12995.1729,0.9058
train,inline,3,640,60,12256.8786,59.981,33.0311,33.1813,0.054,0.054,0.5329,50.0,10954.9172,2224.4555
train,inline,3,896,25,8509.7319,25.0025,28.9973,29.6719,0.0989,0.096,0.9992,50.0,8747.1077,5960.7862
train,inline,4,512,75,13903.0129,74.9866,25.5462,33.6084,3.2327,2.4418,0.3311,50.0,13599.4983,0.0
train,inline,3,384,40,10064.1328,39.9902,33.1529,51.5894,0.0813,0.0768,0.7994,50.0,9342.1281,0.0
train,inline,1,640,65,12926.1271,65.0655,74.1149,30.4807,0.6498,0.1449,0.4672,49.0,12578.095,0.0
train,inline,1,640,75,13985.464,75.0481,75.9472,30.3026,0.7545,0.1302,0.3342,50.0,14632.4354,1.3195
train,inline,2,384,45,10608.0544,44.969,43.8695,48.5024,0.4061,0.4061,0.7327,50.0,8873.4365,0.0
train,inline,2,640,45,10644.2614,45.0025,42.3566,30.9281,0.1589,0.1461,0.7327,49.0,11987.2857,2.6158
train,inline,2,384,70,13337.3237,69.9354,49.036,48.3025,0.2267,0.2267,0.3997,50.0,9754.3286,0.0
train,inline,3,512,80,14429.8656,79.9599,36.6405,33.0866,0.0337,0.0322,0.2665,50.0,13850.5628,0.7131
train,inline,4,768,30,8969.3481,29.9908,21.909,32.6301,4.5743,3.4545,0.9294,50.0,8768.4806,0.928
train,inline,4,1024,90,15506.7147,89.9853,29.8807,28.4,0.0285,0.0227,0.1331,50.0,15182.7543,0.0
train,inline,3,1024,60,12325.6658,60.0331,35.1467,28.4218,0.0685,0.058,0.5329,50.0,11855.0072,8894.6593
train,inline,2,640,25,8469.3053,25.0089,35.457,31.5787,0.1943,0.1947,0.9992,49.0,12013.4686,0.2624
train,inline,3,1024,55,11775.7129,54.9814,33.8309,27.4599,0.063,0.063,0.5995,50.0,11447.1565,8767.9645
train,inline,4,256,70,13307.2814,69.9602,28.176,67.7067,0.037,0.0359,0.3997,50.0,12633.9965,0.0
train,inline,3,896,95,16089.8762,94.9943,40.5337,29.7724,0.0202,0.0168,0.0666,50.0,14972.382,7401.6938
train,inline,4,768,95,16071.8243,95.0059,30.1904,31.0292,0.3443,0.2571,0.0664,50.0,15867.6833,1.6455
train,inline,3,768,50,11186.2458,49.9798,32.3981,31.4562,0.0667,0.0665,0.6661,50.0,9846.3132,4312.1595
train,inline,4,384,45,10591.6488,44.9954,23.7059,51.5289,3.5788,2.7078,0.7306,50.0,9349.6437,0.0
train,inline,3,256,50,11175.4559,49.9542,38.0233,66.5261,0.0827,0.0683,0.6661,50.0,10029.1297,8.2267
train,inline,2,384,25,8416.0576,24.9546,39.257,47.9944,0.0501,0.5491,0.9992,50.0,8306.9583,0.0
train,inline,4,640,25,8441.2247,25.0067,22.4768,34.1059,7.3039,5.5027,0.9945,50.0,8195.9094,0.0
train,inline,1,896,85,15018.6233,84.9957,80.9261,28.0153,1.2406,0.1369,0.2038,50.0,16153.6501,1.8717
train,inline,3,768,45,10639.954,44.9682,31.4651,31.4327,0.0718,0.0718,0.7327,50.0,9564.9183,4247.1057
train,inline,3,896,25,8506.363,24.9902,28.9354,29.48,0.0958,0.0959,0.9992,50.0,8397.548,5960.6662
train,inline,4,256,45,10547.8981,44.9932,24.4229,68.405,0.0579,0.0568,0.7327,50.0,8372.3418,0.0
train,inline,4,512,65,12810.1802,64.9776,25.7162,33.6258,4.532,3.4147,0.4635,50.0,12548.4947,0.9734
train,inline,3,256,30,8996.7109,29.9745,34.8342,66.4625,0.0899,0.0899,0.9326,50.0,9183.1397,0.738
train,inline,4,384,75,13884.8,74.9874,27.8269,50.8397,1.6428,1.2373,0.3321,50.0,13289.337,0.0
train,inline,4,1024,80,14420.4913,80.0032,28.4675,29.3652,0.0467,0.0343,0.2662,50.0,13428.2459,1.3778
train,inline,1,512,45,10841.7008,45.0907,66.5309,30.5874,0.3945,0.2005,0.7327,49.0,11204.578,0.0
train,inline,1,896,30,9102.2894,29.9402,70.1168,27.8022,0.1874,0.1116,0.9329,50.0,8904.1259,0.0
train,inline,3,512,85,14978.9388,84.9582,37.2098,32.6005,0.032,0.0273,0.1998,50.0,14161.0197,0.0
train,inline,3,896,50,11210.6984,49.9762,32.2142,29.3714,0.0673,0.0673,0.6661,50.0,10334.884,6471.843
train,inline,2,512,70,13367.5408,69.987,49.3931,31.0994,0.075,0.0483,0.3997,50.0,11865.7669,0.0
train,inline,3,768,99999,18960.7575,126.8655,43.4771,31.5986,0.0673,0.0037,0.0,50.0,17531.632,10001.7656
train,inline,4,896,85,14975.3533,85.0165,29.0813,30.3388,0.5236,0.3891,0.1994,50.0,16178.7449,0.0
train,inline,1,512,80,14533.5949,80.0833,75.983,31.5462,0.6414,0.1171,0.2665,49.0,15401.5327,3.2319
train,inline,3,256,45,10628.1721,44.9815,36.9646,66.2076,0.0757,0.0731,0.7327,50.0,12515.3516,1.4626
train,inline,2,256,80,14405.5989,79.8656,49.1614,65.8239,0.273,0.273,0.2665,50.0,9315.9469,0.0
train,inline,4,512,75,13909.7495,74.9785,26.5991,34.1037,3.2519,2.4428,0.3311,50.0,11355.6448,5.8249
train,inline,4,256,70,13312.5514,69.9547,28.5542,67.9285,0.0494,0.0366,0.3997,50.0,10934.4763,7.1476
train,inline,4,256,35,9438.3784,34.9811,22.1363,68.2861,0.0645,0.0645,0.866,50.0,6759.4803,0.0
train,inline,1,640,80,14509.7374,80.0243,77.0095,30.0947,0.8027,0.1228,0.2677,50.0,14253.7267,0.6621
train,inline,4,640,55,11716.6401,55.009,24.984,33.3636,4.3933,3.3063,0.5967,50.0,12841.6858,0.0
train,inline,1,256,99999,18966.7214,126.9529,89.877,66.802,1.2074,0.1344,0.0198,50.0,15864.1488,0.0
train,inline,4,384,35,9493.3267,34.9927,23.1714,51.4218,4.2402,3.1988,0.8634,50.0,8871.4933,1.2547
train,inline,4,384,50,11140.3141,49.9864,25.2852,51.3753,3.2657,2.4632,0.6642,50.0,9647.6201,2.1126
train,inline,3,512,65,12783.4811,64.9646,34.5179,34.4441,0.0505,0.0481,0.4663,50.0,10721.9402,2.8527
train,inline,4,896,45,10598.173,45.0041,22.6857,31.4009,1.8307,1.3947,0.7312,50.0,10309.7207,0.0
train,inline,4,384,40,10043.3559,39.9954,23.2819,51.6072,3.9086,2.9532,0.797,50.0,9343.9453,0.0
train,inline,4,384,35,9494.4242,34.996,23.2736,51.6821,4.2401,3.1987,0.8634,50.0,9636.7236,0.0
train,inline,4,1024,30,8937.9829,29.9801,19.9913,30.302,0.0902,0.0902,0.9317,50.0,8634.8031,0.0
train,inline,1,640,55,11860.4106,55.0391,71.3329,29.941,0.5327,0.1587,0.6002,49.0,13439.0012,0.0
train,inline,1,384,50,11351.1431,49.9864,70.9409,47.246,0.364,0.1415,0.6661,49.0,10541.8762,0.0
validation,inline,4,1024,25,8466.5111,24.9988,24.1444,29.4701,0.978,0.7292,0.9983,49.0,8437.2889,0.0
train,inline,3,896,90,15549.7182,89.9845,38.9901,29.7009,0.0287,0.0227,0.1332,50.0,14373.6328,7297.6939
train,inline,2,512,50,11194.1427,50.003,41.884,31.8071,0.0725,0.0716,0.6661,49.0,10879.9029,0.0
train,inline,2,1024,40,10091.1127,40.0119,40.3829,28.5474,0.401,0.3808,0.7994,50.0,14544.1572,4.2469
train,inline,1,640,95,16109.0172,95.0581,80.9599,31.0675,0.9686,0.1011,0.0682,50.0,15891.715,0.4568
train,inline,4,1024,45,10586.3625,45.0009,22.2021,30.3167,0.0733,0.0733,0.7321,50.0,10151.4212,0.0
train,inline,1,1024,95,16095.4782,94.9999,82.1748,26.9499,1.6611,0.1616,0.0728,50.0,18935.7461,0.0
train,inline,3,384,75,13883.4394,74.9644,38.2093,49.5456,0.0425,0.0385,0.3331,50.0,16519.4562,0.0
train,inline,2,640,90,15537.7658,89.9704,56.8018,29.6767,0.0792,0.0367,0.1332,50.0,12025.9443,0.0
train,inline,3,256,40,10085.8131,39.9812,36.1172,66.4553,0.0806,0.0787,0.7994,50.0,12196.5601,0.0
train,inline,4,640,30,8989.3243,30.0087,22.5511,34.0413,6.8229,5.137,0.9282,50.0,8679.9081,0.0
train,inline,4,1024,40,10035.2934,39.992,21.871,29.8673,0.0861,0.0793,0.7986,50.0,11013.1316,2.5575
train,inline,4,256,85,14966.9749,84.9604,30.3075,67.2482,0.0302,0.0237,0.1998,50.0,15807.7802,2.7392
train,inline,2,640,99999,18937.309,126.8258,60.4768,29.3657,0.0659,0.0029,0.0,50.0,18754.3976,2501.5391
train,inline,2,640,80,14454.661,79.9941,52.445,30.3671,0.0869,0.0605,0.2665,50.0,11754.0749,0.0
train,inline,2,512,50,11186.5684,49.9647,43.0646,31.1546,0.0834,0.0722,0.6661,49.0,10372.3544,2.2511
train,inline,4,896,90,15521.7414,89.9997,30.0471,30.1752,0.3586,0.2634,0.1329,50.0,14371.2281,3.5687
train,inline,4,384,99999,18966.5965,126.8421,34.7839,50.0999,0.0362,0.0018,0.0,50.0,16553.752,0.9671
train,inline,1,512,55,11896.5783,55.0731,69.3177,31.0101,0.465,0.1767,0.5995,49.0,11005.9078,3.1441
train,inline,3,512,40,10040.1991,39.9844,29.846,36.325,0.0779,0.0745,0.7994,50.0,8708.6955,1.7972
train,inline,1,768,70,13432.0829,70.0197,76.233,29.0418,0.831,0.1339,0.4017,50.0,14846.4494,1.2997
train,inline,2,896,90,15534.2261,89.9648,59.1024,28.3017,0.1122,0.0612,0.1332,50.0,15171.3051,0.0255
train,inline,1,512,30,9258.2323,30.0865,62.3724,30.0228,0.2861,0.236,0.9326,48.0,9758.2755,0.1322
train,inline,1,1024,80,14470.2113,79.9837,81.1753,27.0863,1.3252,0.1411,0.2713,50.0,16239.511,0.0
train,inline,4,512,25,8459.229,24.994,22.8654,35.2704,9.7056,7.305,0.9933,50.0,8238.7961,2.4798
train,inline,1,512,90,15589.6054,90.0662,78.915,32.3003,0.7132,0.0935,0.1332,50.0,13797.1819,3.5025
train,inline,4,256,100,16624.6896,99.9493,32.2177,67.4108,0.0108,0.0108,0.0,50.0,18016.6639,0.0
train,inline,1,896,80,14485.721,80.002,79.6554,28.2332,1.1525,0.135,0.2701,50.0,16333.9805,0.0
train,inline,4,640,99999,18947.0369,126.8542,34.4568,31.9267,0.0471,0.003,0.0,50.0,17274.1281,2504.3356
train,inline,1,896,40,10179.6975,39.9575,73.2319,27.6124,0.3992,0.1172,0.8004,50.0,11458.6064,0.0
train,inline,2,256,30,8905.0774,29.8909,43.6633,63.7373,0.93,0.93,0.9326,50.0,5651.3995,0.0
train,inline,3,1024,90,15553.1583,90.0008,39.118,28.5888,0.024,0.0227,0.1332,50.0,15271.7383,9725.3814
train,inline,4,768,95,16075.8962,95.0184,29.7404,31.1245,0.3525,0.2577,0.0664,50.0,16186.1217,0.0
train,inline,1,896,50,11249.8539,49.9417,74.671,27.47,0.5793,0.1213,0.6678,50.0,11687.7798,0.4616
train,inline,4,768,40,10066.5629,40.0092,21.5498,32.7559,3.9111,2.962,0.7966,50.0,9673.3956,0.0
train,inline,4,896,95,16065.3297,95.0123,31.2426,29.944,0.1866,0.1371,0.0665,50.0,16109.4797,2.0831
train,inline,2,384,55,11700.2916,54.9458,44.46,48.5513,0.3334,0.3334,0.5995,50.0,8648.1638,0.0
train,inline,4,640,80,14437.9826,79.9723,27.2676,32.1796,1.9593,1.4757,0.2652,50.0,13492.4055,2.5457
train,inline,3,768,55,11735.0456,54.9977,33.2472,31.2716,0.0666,0.061,0.5995,50.0,12464.9509,4387.4209
train,inline,2,768,75,13907.8476,74.9917,52.7972,29.705,0.144,0.1041,0.3331,50.0,14247.9062,0.0
train,inline,1,896,99999,18957.9323,126.8931,90.8191,28.6923,0.7527,0.0603,0.0,50.0,14024.9418,7927.6108
train,inline,3,512,25,8394.5627,24.9998,27.336,37.9655,0.09,0.0902,0.9992,50.0,5564.3333,0.0
train,inline,2,640,75,13910.4938,74.9851,51.7833,30.0109,0.1126,0.0734,0.3331,50.0,13020.6593,4.4496
train,inline,4,896,35,9506.5464,34.9886,22.0118,31.7551,2.1769,1.6471,0.8641,50.0,8625.9795,3.4166
train,inline,1,896,30,9101.5098,29.9352,71.539,27.6639,0.2043,0.1124,0.9329,50.0,10277.1434,0.0
train,inline,4,768,95,16067.1158,94.9806,29.4045,30.5527,0.3418,0.2571,0.0664,50.0,16538.9984,0.2231
train,inline,2,384,50,11154.1813,49.9621,44.8811,48.4778,0.3702,0.3702,0.6661,50.0,9110.1319,0.0
train,inline,4,256,80,14414.4567,79.9619,29.2785,67.7292,0.0274,0.0274,0.2665,50.0,14389.6494,0.0
train,inline,1,768,60,12364.0155,60.0215,74.4049,28.7157,0.6877,0.1391,0.5344,49.0,14602.1926,1.7267
train,inline,1,1024,55,11760.8595,54.9391,77.7786,26.7755,0.7554,0.1064,0.6022,50.0,13656.0119,0.0
train,inline,3,512,40,10037.5936,39.9835,30.6302,36.5354,0.0742,0.0742,0.7994,50.0,7516.2142,1.8362
train,inline,1,768,55,11827.8845,55.008,72.2508,29.0648,0.5911,0.1406,0.6008,49.0,11932.7592,0.0
train,inline,3,768,30,9017.2131,30.0063,29.6247,32.5992,0.096,0.0889,0.9326,50.0,7034.4209,4036.5702
train,inline,1,256,90,15531.5224,89.6561,82.9381,65.1467,0.7013,0.0904,0.1332,50.0,13313.2939,0.0
train,inline,4,384,99999,18964.8077,126.8431,35.5095,50.1588,0.0351,0.0017,0.0,50.0,16112.5893,2.3457
train,inline,4,384,30,8946.1,30.0003,22.6687,51.6601,4.5667,3.444,0.9298,50.0,9052.432,0.721
train,inline,4,768,55,11706.5847,55.0192,24.4719,32.3882,2.9502,2.225,0.5975,50.0,11339.1092,0.0
train,inline,3,384,55,11695.9397,54.9591,35.096,50.2454,0.0602,0.0602,0.5995,50.0,12110.8548,1.0025
train,inline,4,896,70,13332.0992,70.0052,27.1088,30.6063,1.0139,0.7662,0.3988,50.0,13218.9868,0.8958
train,inline,3,1024,70,13400.5759,70.0119,35.4662,28.3505,0.0455,0.0455,0.3997,50.0,13504.2559,9176.6857
validation,inline,1,512,100,16579.8444,99.8887,80.2667,29.8591,0.6082,0.0506,0.0033,50.0,11011.0667,0.0
train,inline,4,640,45,10620.7509,44.9876,23.5398,33.2487,5.3559,4.0381,0.7293,50.0,10454.0656,0.0
train,inline,1,1024,100,16638.0183,100.0123,82.2852,27.1454,1.7687,0.1682,0.0066,50.0,19117.8843,0.0
train,inline,1,256,30,9241.3321,30.0217,72.8447,63.1538,0.1461,0.0987,0.9326,50.0,10905.107,0.0
train,inline,2,640,80,14448.0952,79.9644,53.1152,29.7956,0.0908,0.0607,0.2665,50.0,11935.4116,0.0
train,inline,2,256,95,16056.9666,94.8629,50.7154,66.5498,0.0759,0.0759,0.0666,50.0,10415.963,0.0
train,inline,3,384,95,16067.5653,94.9625,41.367,48.4915,0.0243,0.017,0.0666,50.0,18444.1618,0.0
train,inline,2,768,30,9006.7618,29.998,36.6001,30.2754,0.273,0.2691,0.9326,50.0,12193.6201,1.9296
train,inline,3,512,65,12786.6558,64.9838,34.1711,34.5847,0.0562,0.0485,0.4663,50.0,11567.614,0.0
train,inline,2,512,99999,18931.3803,126.783,62.3746,30.038,0.0944,0.0039,0.0,50.0,18274.9562,4.3867
train,inline,1,384,85,15035.2304,84.8704,80.3824,48.5813,0.6739,0.0986,0.1998,50.0,12604.5419,4.0657
train,inline,4,256,60,12207.5887,59.9578,27.1579,68.2007,0.0572,0.045,0.5329,50.0,8854.7231,7.1587
train,inline,3,1024,85,15017.8936,85.0138,38.4814,28.7605,0.0327,0.0286,0.1998,50.0,15382.7539,9587.8004
train,inline,3,1024,70,13400.3546,70.012,35.2452,28.4565,0.0452,0.0452,0.3997,50.0,13075.836,9175.193
train,inline,2,512,75,13910.0405,74.9822,51.1161,30.9275,0.0699,0.0421,0.3331,50.0,11781.6744,0.1778
train,inline,4,384,45,10585.1135,44.9678,24.1967,50.9358,3.5845,2.7082,0.7306,50.0,9355.0552,0.6116
train,inline,1,896,25,8559.8013,24.9191,70.6437,27.0559,0.1106,0.1103,0.9992,50.0,9546.0825,2.5396
train,inline,3,256,80,14428.0164,79.9671,41.2201,65.3189,0.0371,0.0337,0.2665,50.0,18977.3947,0.0
train,inline,3,640,55,11713.6412,54.9943,33.0866,33.6824,0.0695,0.0603,0.5995,50.0,9678.6256,2186.8045
train,inline,3,896,55,11757.5428,54.9965,33.4557,29.4127,0.0656,0.0621,0.5995,50.0,12414.3521,6577.9717
train,inline,3,896,65,12841.8223,64.9984,35.091,29.7488,0.0535,0.0507,0.4663,50.0,13747.8619,6780.7402
train,inline,3,256,95,16058.2156,94.978,44.0492,65.2476,0.0302,0.0174,0.0666,50.0,20946.645,0.0
train,inline,1,1024,55,11759.4906,54.9356,77.8976,26.9024,0.7539,0.1064,0.6022,50.0,12601.4635,0.0
train,inline,4,768,99999,18954.8998,126.8783,33.6716,30.6671,0.0406,0.0029,0.0,50.0,17763.2696,4999.6823
train,inline,4,384,70,13337.1218,69.9689,27.6764,51.0874,1.9716,1.4827,0.3985,50.0,10933.9492,5.4559
train,inline,4,512,45,10628.4562,44.969,23.9578,33.951,7.1147,5.3597,0.7284,50.0,10324.3027,0.795
train,inline,2,512,95,16085.3159,94.9738,57.0969,30.303,0.0596,0.0182,0.0666,50.0,12979.3603,0.0729
train,inline,4,512,40,10086.1737,39.9853,24.1452,34.3852,7.7621,5.8459,0.7946,50.0,9765.3581,1.6378
train,inline,3,1024,75,13938.3784,75.012,37.2676,28.3736,0.0424,0.04,0.3331,50.0,14209.1095,9317.2311
train,inline,1,512,95,16118.2121,95.0929,80.2944,32.4768,0.7506,0.0817,0.0666,50.0,15544.4611,0.0
train,inline,3,384,45,10609.994,44.9881,32.5622,51.4049,0.0706,0.0706,0.7327,50.0,9953.2227,0.0
train,inline,2,256,25,8354.345,24.8924,43.2021,63.5192,0.0,0.9956,0.9992,50.0,5564.3333,1.0816
train,inline,4,896,40,10052.8974,40.0084,22.3446,31.0566,2.0118,1.5212,0.7976,50.0,11995.0888,3.7974
train,inline,2,1024,65,12812.4424,64.9921,50.7731,28.467,0.2626,0.227,0.4663,50.0,14207.2427,0.6943
train,inline,1,384,95,16085.0162,94.8533,81.901,48.8211,0.7444,0.0853,0.0666,50.0,15891.2802,0.0
train,inline,1,256,99999,18964.0826,126.9454,91.0889,66.6912,1.2204,0.135,0.0198,50.0,15503.7904,3.0588
train,inline,4,256,85,14963.9694,84.9445,30.3673,67.3691,0.0249,0.0235,0.1998,50.0,14163.1565,0.7406
train,inline,1,384,45,10825.4769,45.0013,70.2476,47.0563,0.3283,0.1481,0.7327,49.0,10204.8338,0.0
train,inline,4,640,95,16081.7973,95.0138,28.9859,32.3106,0.5092,0.3777,0.0663,50.0,15864.8538,0.0
train,inline,1,1024,30,9048.5463,29.8868,74.8986,26.8084,0.1765,0.0712,0.933,50.0,9137.2578,0.4836
train,inline,3,384,100,16615.4418,99.9718,42.1563,48.2844,0.0243,0.0118,0.0,50.0,19451.196,0.0
train,inline,2,768,35,9554.1417,34.9959,38.9808,30.6822,0.2617,0.2509,0.866,50.0,10474.8293,3.6304
train,inline,1,512,35,9781.5847,35.0689,63.373,30.0589,0.3127,0.2238,0.866,48.0,9448.7649,0.0
train,inline,1,1024,80,14469.1806,79.966,81.4416,27.0694,1.3243,0.141,0.2713,50.0,15325.799,3.947
train,inline,2,896,85,14997.8105,84.9917,57.7747,29.0342,0.1462,0.0865,0.1998,50.0,13183.1262,0.0
train,inline,1,896,90,15565.7047,90.0365,81.5807,28.6041,1.3493,0.14,0.1375,50.0,16761.2679,0.0
train,inline,4,1024,40,10039.7579,39.9967,21.2016,30.5664,0.0789,0.0789,0.7986,50.0,8945.6394,0.0
train,inline,4,768,50,11154.5995,49.9905,24.0754,32.0798,3.2737,2.4707,0.6639,50.0,12517.6591,0.0
train,inline,1,256,99999,18967.2817,126.9362,91.0889,66.7642,1.2254,0.1354,0.0198,50.0,14966.9608,3.0454
train,inline,4,256,99999,19003.4348,126.8442,35.4456,68.28,0.0312,0.0011,0.0,50.0,12452.506,0.0
train,inline,1,1024,80,14469.206,79.9736,80.269,27.0025,1.3147,0.1405,0.2713,50.0,16336.385,0.0
train,inline,2,256,80,14409.8012,79.8835,50.0255,66.1765,0.2733,0.2733,0.2665,50.0,10376.6865,0.1771
train,inline,4,256,100,16625.0667,99.9515,31.394,67.4674,0.0104,0.0104,0.0,50.0,16675.6201,0.0
train,inline,4,896,45,10592.8017,44.9798,23.0432,30.883,1.8363,1.3951,0.7312,50.0,10358.1022,0.5249
train,inline,4,512,65,12817.0294,65.0017,25.6426,33.8912,4.5401,3.4149,0.4635,50.0,14540.4422,1.2623
train,inline,2,384,40,10056.0872,39.95,42.5871,48.0813,0.4417,0.4417,0.7994,50.0,8633.4475,0.0
train,inline,3,1024,90,15556.8729,90.009,39.2205,28.8835,0.0271,0.0228,0.1332,50.0,16131.0366,9726.7502
train,inline,4,1024,55,11681.0357,55.013,25.0436,30.0441,0.0726,0.0625,0.599,50.0,11391.1163,0.0
train,inline,1,384,99999,18973.8773,126.9927,89.2526,48.2175,1.299,0.126,0.0099,50.0,17236.369,0.0
train,inline,1,768,40,10222.1483,39.9893,70.5105,28.6233,0.3806,0.1486,0.8,49.0,11833.5492,0.0
train,inline,1,1024,85,15011.1062,84.9767,81.7328,27.0169,1.4375,0.1479,0.2051,50.0,16591.794,2.1149
train,inline,4,384,60,12238.8869,59.984,26.0798,51.0276,2.6186,1.9729,0.5313,50.0,11617.3175,2.5855
train,inline,2,768,100,16629.6277,99.986,60.8375,29.2024,0.0617,0.012,0.0,50.0,13498.256,0.0
train,inline,1,896,25,8564.3347,24.937,70.9622,27.7085,0.1137,0.1104,0.9992,50.0,9629.0315,0.0
train,inline,3,512,65,12780.1834,64.941,33.9502,34.0882,0.0499,0.0482,0.4663,50.0,10319.2589,3.064
train,inline,1,1024,50,11216.7524,49.9232,77.3926,26.3296,0.6364,0.0991,0.6683,50.0,12548.1241,1.7393
train,inline,3,640,45,10620.5908,44.9688,31.5863,34.2761,0.081,0.0711,0.7327,50.0,7607.1823,2128.86
train,inline,2,768,55,11732.7177,54.9834,45.8493,30.1533,0.208,0.1778,0.5995,50.0,11207.8312,5.4334
train,inline,3,256,45,10623.3444,44.9605,36.6595,65.926,0.073,0.073,0.7327,50.0,12173.879,0.3363
train,inline,4,512,65,12816.4362,64.9992,25.6013,33.8023,4.5396,3.415,0.4635,50.0,13791.1606,1.9306
train,inline,1,384,25,8724.7484,25.0717,66.4218,46.3646,0.1758,0.1737,0.9992,49.0,9479.0057,1.2082
train,inline,2,1024,60,12269.5513,59.9994,48.0141,28.6758,0.2853,0.2576,0.5329,50.0,13584.4149,0.0
train,inline,1,768,60,12363.7572,60.0195,74.2259,29.1945,0.6795,0.1388,0.5344,49.0,12554.7608,0.0
train,inline,3,640,40,10065.8291,39.9732,30.656,33.9928,0.0757,0.0757,0.7994,50.0,8057.3751,2090.4045
train,inline,3,384,30,8969.9911,29.9833,32.455,52.1508,0.0884,0.0874,0.9326,50.0,6777.3528,4.1031
train,inline,1,256,60,12389.6454,59.8356,78.7217,64.352,0.4376,0.0954,0.5329,50.0,9861.898,2.1389
train,inline,1,512,95,16116.3554,95.0804,79.0906,32.3719,0.7337,0.0808,0.0666,50.0,15635.6092,0.0
train,inline,4,768,99999,18961.515,126.9106,33.6266,30.6858,0.0493,0.0032,0.0,50.0,20251.1543,5001.7233
train,inline,2,640,90,15540.3667,89.976,56.7874,29.8926,0.0795,0.0365,0.1332,50.0,13807.3714,0.0
train,inline,3,512,30,8943.0451,29.9946,28.2231,37.0615,0.0907,0.0851,0.9326,50.0,8699.257,2.9522
train,inline,3,1024,55,11782.7784,54.999,34.7874,28.1305,0.0678,0.0633,0.5995,50.0,10283.6881,8772.1244
train,inline,1,384,65,12928.2971,64.947,76.2504,47.7931,0.5005,0.1232,0.4663,50.0,12023.8559,1.7549
train,inline,1,768,70,13431.1391,70.018,76.6374,29.2797,0.83,0.1337,0.4017,50.0,15957.4828,0.0
train,inline,2,384,55,11700.451,54.9346,45.9586,48.4655,0.3343,0.3343,0.5995,50.0,8240.9631,3.4823
train,inline,4,768,60,12251.2686,60.0091,25.3507,32.0876,2.6265,1.9791,0.5311,50.0,12114.6204,0.0
train,inline,3,256,70,13345.9525,69.9547,40.6815,65.9721,0.0606,0.0458,0.3997,50.0,14320.3957,4.974
train,inline,2,640,75,13908.556,74.9845,51.9234,30.3092,0.1062,0.073,0.3331,50.0,14037.0139,0.0
train,inline,1,640,95,16108.0897,95.0584,81.5102,31.0465,0.9707,0.1012,0.0682,50.0,15850.1185,2.0522
train,inline,2,640,85,14997.8706,84.9874,54.9613,29.5589,0.0943,0.049,0.1998,50.0,14377.8174,4.1339
train,inline,2,640,35,9560.0783,34.9973,37.6784,31.553,0.1702,0.1702,0.866,49.0,10017.006,0.0
train,inline,1,768,25,8612.5816,24.9517,67.4706,27.922,0.153,0.1561,0.9992,49.0,7869.8156,1.9544
train,inline,4,1024,65,12774.1501,65.0101,26.9403,29.6126,0.0594,0.0509,0.4659,50.0,12776.4842,2.5617
train,inline,3,768,100,16628.9429,99.9828,40.6711,30.2484,0.0127,0.011,0.0,50.0,16925.5986,5001.5088
train,inline,4,896,60,12240.8997,60.0068,25.5148,31.0165,1.3497,1.0181,0.5318,50.0,11740.609,0.0
train,inline,3,1024,65,12861.6905,65.0128,34.3958,28.2639,0.0511,0.0511,0.4663,50.0,12920.9598,9038.6228
train,inline,4,768,90,15529.4048,90.0163,29.0759,31.1767,0.6777,0.5036,0.1328,50.0,15934.9123,0.0
train,inline,1,256,80,14481.9226,79.725,82.1971,64.4594,0.618,0.0921,0.2665,50.0,14308.713,2.7741
train,inline,4,1024,45,10583.5416,44.996,22.6954,29.7112,0.0824,0.0737,0.7321,50.0,11831.5899,2.9914
train,inline,3,1024,99999,18970.6594,126.9597,43.2627,30.1213,0.0734,0.0046,0.0,50.0,20057.7745,9981.2043
train,inline,2,384,40,10057.1041,39.95,42.3917,47.897,0.4416,0.4416,0.7994,50.0,9869.3858,2.0613
train,inline,1,256,30,9243.0017,30.0274,72.323,63.2688,0.1406,0.0985,0.9326,50.0,9274.8813,0.0
train,inline,3,512,100,16625.2476,99.9509,39.9653,31.3041,0.0138,0.0112,0.0,50.0,16775.3611,1.8468
train,inline,1,768,55,11826.6845,55.007,73.7983,28.9599,0.605,0.1412,0.6008,49.0,12059.7047,0.0
train,inline,4,1024,35,9488.0833,34.997,21.7009,30.4454,0.0876,0.0847,0.8652,50.0,9224.3509,1.4098
train,inline,1,384,45,10825.4427,45.0063,71.4501,47.1056,0.3363,0.1484,0.7327,49.0,10271.6885,1.2032
train,inline,1,768,55,11828.703,54.9923,74.0528,29.1279,0.6112,0.1416,0.6008,49.0,10449.0067,5.2598
train,inline,2,256,30,8902.9615,29.8824,43.5854,63.579,0.9299,0.9299,0.9326,50.0,5614.7572,0.8077
train,inline,2,640,70,13360.8036,69.9734,50.2255,30.1206,0.1112,0.0851,0.3997,50.0,11799.2588,0.8278
train,inline,1,512,90,15588.841,90.0812,78.6261,31.9271,0.7121,0.0933,0.1332,50.0,16454.4084,2.5631
train,inline,2,768,75,13906.7764,74.9843,52.6806,29.6052,0.1414,0.1039,0.3331,50.0,14073.5247,0.0
train,inline,2,512,99999,18928.4812,126.787,62.1894,29.9758,0.0873,0.0034,0.0,50.0,20008.7053,0.0
train,inline,3,640,25,8432.1311,24.9951,27.6935,35.085,0.0902,0.092,0.9992,50.0,6758.4861,1986.3401
train,inline,2,768,45,10642.5358,44.9985,41.3847,30.4172,0.2217,0.2137,0.7327,50.0,11553.7029,0.0
train,inline,4,512,60,12273.3012,60.0095,25.4896,34.3309,5.1876,3.9014,0.5298,50.0,12481.8383,0.0
train,inline,3,256,50,11172.44,49.9849,37.5965,66.2833,0.0731,0.0677,0.6661,50.0,13457.5171,0.0
train,inline,1,1024,50,11217.3119,49.9328,77.8415,27.0009,0.6378,0.0992,0.6683,50.0,11798.7614,0.0
train,inline,4,896,80,14424.0482,79.9978,28.0344,29.8293,0.6855,0.5148,0.2659,50.0,15425.0203,2.5237
train,inline,1,512,95,16111.9226,95.0586,80.0199,32.1119,0.7412,0.0813,0.0666,50.0,14904.2477,1.0266
test,inline,1,1024,99999,19043.0889,127.126,89.6,27.9417,1.0008,0.1219,0.0066,50.0,16996.0667,10940.9111
train,inline,2,512,30,9019.6559,30.012,36.1379,32.3151,0.0959,0.0959,0.9326,49.0,11036.0135,0.0
train,inline,2,896,100,16627.5719,99.9773,61.9992,28.4557,0.0632,0.0117,0.0,50.0,15022.4199,0.0
train,inline,2,256,75,13858.4179,74.8814,49.4172,65.8592,0.3389,0.3389,0.3331,50.0,9108.7806,0.8635
train,inline,1,384,80,14511.1161,79.8778,79.4604,48.561,0.6376,0.1052,0.2665,50.0,11015.1066,7.1609
train,inline,4,512,40,10092.2252,40.0038,23.896,34.5654,7.7691,5.8462,0.7946,50.0,10830.7855,1.883
train,inline,2,640,40,10095.5707,39.979,39.6415,30.7367,0.1591,0.158,0.7994,49.0,11206.7583,0.0
train,inline,3,384,90,15523.8213,89.9391,40.9805,48.9577,0.0365,0.0228,0.1332,50.0,15331.2169,6.8822
train,inline,4,640,75,13892.7956,74.9825,26.6701,32.3279,2.4431,1.8416,0.3315,50.0,13735.1949,0.422
train,inline,4,640,50,11165.9811,49.9863,24.2463,33.0876,4.8727,3.6721,0.663,50.0,11514.443,0.085
train,inline,4,768,65,12798.1187,65.0137,26.0232,31.8169,2.3047,1.7333,0.4647,50.0,13374.428,0.0
train,inline,4,384,100,16628.1685,99.9759,30.3926,49.9515,0.0187,0.0112,0.0,50.0,18179.1354,2.4028
train,inline,1,768,50,11294.2683,49.9915,72.3589,29.0051,0.5315,0.1439,0.6672,49.0,10350.7497,2.164
train,inline,3,1024,65,12861.7001,65.0133,35.4178,28.0083,0.0573,0.0517,0.4663,50.0,14830.6368,9043.1847
train,inline,2,256,90,15507.6982,89.8674,50.9161,66.3783,0.1419,0.1419,0.1332,50.0,11482.5801,0.0
train,inline,4,384,50,11139.2403,49.9955,25.4756,51.1869,3.2647,2.463,0.6642,50.0,10777.3721,2.9735
train,inline,1,768,95,16106.9265,95.0471,81.5194,29.8282,1.2082,0.1218,0.0697,50.0,17317.8405,0.0
train,inline,2,640,25,8470.9328,25.0131,33.6444,31.7284,0.1771,0.194,0.9992,49.0,10956.5444,0.0
train,inline,3,256,99999,18968.3615,126.9323,46.2165,65.3528,0.0842,0.0035,0.0,50.0,12364.5956,10010.3953
train,inline,4,512,40,10089.8964,39.9939,22.543,34.6366,7.7513,5.8455,0.7946,50.0,9735.5997,0.0
train,inline,4,384,95,16077.9232,94.9721,28.4315,50.3765,0.3214,0.2554,0.0664,50.0,15612.2059,0.0
train,inline,2,640,45,10643.9784,44.9927,41.8039,30.9549,0.1586,0.146,0.7327,49.0,13117.6192,0.0
train,inline,3,1024,60,12319.5944,59.9991,34.6943,27.9482,0.0575,0.0573,0.5329,50.0,12827.782,8904.1931
train,inline,2,896,25,8460.4233,25.0095,34.8076,30.1116,0.381,0.3799,0.9992,50.0,13395.3043,0.0
train,inline,3,256,60,12256.7325,59.9765,38.6906,65.4887,0.064,0.0565,0.5329,50.0,16554.4721,3.4364
train,inline,3,512,99999,18943.0553,126.8538,43.0634,32.473,0.0453,0.0023,0.0,50.0,18613.9643,9985.0783
train,inline,1,512,60,12418.6341,60.064,70.4591,30.88,0.4927,0.1644,0.5329,49.0,12609.9791,0.0
train,inline,4,384,30,8946.124,30.0006,22.7591,51.8275,4.566,3.444,0.9298,50.0,9010.4545,0.0
train,inline,4,1024,95,16057.1905,94.9929,31.0597,28.4503,0.0297,0.0174,0.0666,50.0,15654.945,1.1447
train,inline,3,512,100,16624.7506,99.9419,39.47,31.2523,0.0137,0.0112,0.0,50.0,17568.3867,0.0
train,inline,2,256,40,10009.5644,39.9131,45.8428,64.6628,0.7986,0.7986,0.7994,50.0,6364.0163,1.1135
train,inline,3,768,45,10643.9549,44.9829,31.5856,31.7559,0.0718,0.0718,0.7327,50.0,10795.1823,4246.1522
train,inline,1,896,40,10178.4926,39.952,73.2463,27.5311,0.3967,0.1171,0.8004,50.0,11547.8548,2.2591
train,inline,1,1024,30,9050.1799,29.8909,74.6374,26.3799,0.1823,0.0714,0.933,50.0,11104.9254,1.6132
train,inline,4,640,65,12806.1344,65.0001,25.9106,32.9753,3.4183,2.5738,0.4641,50.0,13894.9451,0.0
train,inline,3,768,100,16632.7619,99.9544,40.5194,30.4146,0.0247,0.0119,0.0,50.0,13869.0629,5007.7272
train,inline,4,384,35,9494.8849,34.9987,22.2926,51.7532,4.2284,3.1982,0.8634,50.0,8124.8941,0.0
train,inline,2,384,85,14976.5947,84.9204,51.1165,48.3751,0.1183,0.1183,0.1998,50.0,10219.6071,0.0
train,inline,2,256,30,8911.3988,29.9154,43.5202,64.2713,0.9298,0.9298,0.9326,50.0,5800.2015,0.0
train,inline,1,640,60,12391.0891,60.0489,73.1707,30.1498,0.5869,0.1516,0.5337,49.0,12124.3159,0.2814
train,inline,2,896,55,11727.1109,54.9952,45.7969,29.4036,0.2551,0.2328,0.5995,50.0,13348.5891,0.0
train,inline,3,384,70,13338.6504,69.9733,35.8813,49.9316,0.0431,0.0431,0.3997,50.0,14338.0605,0.0
train,inline,4,256,30,8891.0251,30.0082,22.583,68.5995,0.075,0.0696,0.9326,50.0,6137.0925,0.0
train,inline,1,896,60,12334.6376,59.9927,76.706,28.2038,0.7798,0.1264,0.5352,50.0,12893.2352,0.0
train,inline,2,1024,60,12268.5807,59.9792,48.6342,28.5742,0.2933,0.258,0.5329,50.0,12620.8279,3.1269
train,inline,4,384,40,10041.4769,40.0006,24.6401,51.6081,3.9133,2.9534,0.797,50.0,8639.4248,0.5414
train,inline,3,896,95,16093.2599,94.9844,39.8839,29.847,0.0267,0.0173,0.0666,50.0,14673.4131,7401.7948
train,inline,1,896,45,10716.8746,44.9559,74.0466,27.8322,0.4897,0.1192,0.7341,50.0,11860.0096,0.0
train,inline,1,1024,25,8503.7598,24.8762,74.2178,26.5706,0.0613,0.0643,0.9992,50.0,8348.1954,0.8367
train,inline,3,384,100,16613.6403,99.9598,41.7719,47.758,0.022,0.0115,0.0,50.0,21214.4403,3.4448
train,inline,4,640,50,11170.494,49.9991,23.7695,33.4567,4.8695,3.672,0.663,50.0,10724.8487,0.0
train,inline,1,512,50,11365.6912,50.0839,68.1984,30.8812,0.4175,0.1879,0.6661,49.0,10695.174,0.673
train,inline,4,640,99999,18939.129,126.8591,34.171,31.3521,0.0329,0.0023,0.0,50.0,18737.7315,2499.2322
train,inline,2,384,75,13888.0474,74.9497,50.2898,48.6538,0.191,0.191,0.3331,50.0,10750.0806,0.0
train,inline,3,896,40,10133.8377,39.9982,31.336,29.8495,0.08,0.0789,0.7994,50.0,10460.7974,6266.6769
train,inline,4,768,75,13887.4229,74.9982,27.1399,31.519,1.648,1.241,0.3319,50.0,15644.381,0.0
train,inline,4,256,40,9990.3962,39.9745,23.7177,68.0519,0.0609,0.0609,0.7994,50.0,7857.1668,0.6473
train,inline,1,896,99999,18959.5407,126.883,91.0889,28.8367,0.7578,0.0607,0.0,50.0,11935.6948,7931.9522
train,inline,4,512,30,8998.4649,29.9895,23.004,34.6966,9.058,6.8188,0.9271,50.0,8745.3889,0.0
train,inline,2,768,99999,18942.979,126.8562,60.3424,28.5795,0.056,0.0027,0.0,50.0,19761.7089,5009.1324
train,inline,3,384,25,8422.5814,24.9817,30.9775,52.1705,0.0905,0.0928,0.9992,50.0,6840.3802,0.8054
train,inline,4,896,30,8960.3544,30.0155,21.1075,31.9577,2.34,1.7728,0.9306,50.0,8624.8301,0.0
train,inline,2,384,50,11150.6006,49.9425,44.6273,48.2054,0.3698,0.3698,0.6661,50.0,9852.4666,0.0
train,inline,3,256,80,14423.1532,79.9531,41.5604,65.0812,0.038,0.0339,0.2665,50.0,18163.6698,0.0
train,inline,3,640,100,16625.1221,99.9605,40.3613,30.6806,0.0111,0.011,0.0,50.0,16335.5417,2501.8834
train,inline,2,256,99999,18956.959,127.0084,64.9367,64.0954,0.024,0.0016,0.0033,50.0,25365.5556,0.0
test,inline,4,512,25,8361.3333,24.9944,17.75,32.798,0.0,0.0,1.0,50.0,8373.2889,0.0
train,inline,1,1024,25,8507.6577,24.8794,73.4445,26.856,0.0563,0.064,0.9992,50.0,8376.1689,0.0
train,inline,1,256,25,8720.9086,25.0704,72.1432,63.2326,0.1048,0.0998,0.9992,50.0,8348.2624,0.0
train,inline,2,384,75,13886.4738,74.9302,49.7639,48.5219,0.1906,0.1906,0.3331,50.0,9631.5862,0.2421
train,inline,4,512,80,14447.7419,79.9851,26.7759,33.4474,2.597,1.9559,0.2649,50.0,15885.4283,0.0
train,inline,4,896,30,8957.5701,29.998,20.4551,31.7519,2.329,1.7722,0.9306,50.0,8784.9331,0.0
train,inline,4,896,80,14427.1957,80.0072,28.1898,30.2855,0.6861,0.5147,0.2659,50.0,15517.1698,0.1262
train,inline,1,768,35,9687.817,34.9908,69.7308,28.4379,0.3067,0.1511,0.8664,49.0,10308.7409,1.7727
train,inline,4,512,75,13905.6483,74.9968,26.5975,33.7905,3.2446,2.4422,0.3311,50.0,14535.3505,0.0154
train,inline,3,1024,30,9085.8804,30.0052,30.7779,27.4076,0.0918,0.0918,0.9326,50.0,10163.8432,8082.5854
train,inline,1,384,99999,18973.429,126.9792,90.7271,48.3483,1.312,0.1267,0.0099,50.0,15738.6417,3.2139
train,inline,2,256,70,13313.7849,69.8745,48.9234,65.9333,0.4053,0.4053,0.3997,50.0,7195.3502,6.2265
train,inline,1,896,100,16638.8649,100.0255,82.3714,28.4793,1.5245,0.1435,0.0049,50.0,19817.4815,0.0
train,inline,2,384,100,16621.6127,99.9057,55.7102,48.7592,0.0416,0.0119,0.0,50.0,9375.8208,4.7056
test,inline,1,512,25,8435.1556,25.0138,61.8222,30.1145,0.0,0.0,1.0,50.0,11282.5111,0.0
train,inline,2,512,75,13908.059,74.9734,49.9589,30.7786,0.058,0.0417,0.3331,50.0,10849.0064,0.0
train,inline,1,1024,65,12839.0624,64.9307,78.8436,26.3881,0.9757,0.1199,0.4698,50.0,14165.5415,0.3808
train,inline,4,896,95,16068.5972,95.0019,30.5818,29.9944,0.1927,0.1376,0.0665,50.0,15254.5392,2.4717
train,inline,4,384,90,15521.8364,89.9452,29.1646,49.8327,0.6584,0.5013,0.1328,50.0,15044.9397,0.748
train,inline,2,384,25,8417.939,24.9604,39.2881,48.153,0.0512,0.549,0.9992,50.0,9352.6056,0.0
train,inline,1,1024,40,10133.9209,39.9068,75.1565,26.9591,0.3988,0.0847,0.8007,50.0,11809.4735,0.0
train,inline,3,512,55,11686.9761,54.9766,31.7565,35.1672,0.0584,0.0584,0.5995,50.0,10452.231,0.0
train,inline,2,768,50,11188.2362,49.9852,44.1316,30.4132,0.2214,0.196,0.6661,50.0,11865.5492,3.5496
train,inline,4,896,65,12785.7859,65.004,26.2035,30.7595,1.1799,0.892,0.4653,50.0,13321.5833,0.0581
train,inline,2,768,55,11724.9949,54.9766,45.4085,29.5385,0.1971,0.1773,0.5995,50.0,12708.7924,1.6898
train,inline,1,256,90,15530.5694,89.6666,84.1183,65.0514,0.712,0.0909,0.1332,50.0,14057.8221,0.0
train,inline,4,1024,25,8389.834,24.9764,19.5333,30.3846,0.0955,0.096,0.9983,50.0,8125.7939,0.4899
train,inline,2,384,35,9511.7039,34.9595,41.5293,48.2188,0.4775,0.4775,0.866,50.0,8620.9556,0.0
train,inline,1,896,60,12333.4853,59.972,76.616,28.1052,0.7776,0.1263,0.5352,50.0,12357.293,0.0
train,inline,3,640,85,14989.1199,84.9793,37.9882,31.7717,0.0315,0.0275,0.1998,50.0,14279.0035,2395.4994
train,inline,2,1024,100,16627.0405,99.979,64.333,27.5897,0.0831,0.0124,0.0,50.0,17608.18,1.249
train,inline,2,512,100,16629.7428,99.9767,58.7837,30.3249,0.0577,0.0124,0.0,50.0,11579.5167,0.0
train,inline,1,640,70,13453.359,70.0455,75.6323,30.4356,0.6977,0.1372,0.4007,49.0,12714.3171,3.1616
train,inline,1,256,85,15000.8157,84.67,82.7499,64.4238,0.6589,0.0913,0.1998,50.0,13842.4437,0.3544
train,inline,1,1024,60,12301.3801,59.9384,78.3834,26.9413,0.8654,0.113,0.536,50.0,15505.3141,0.0
train,inline,2,512,85,14998.9127,84.9748,53.3139,30.7716,0.0572,0.0299,0.1998,50.0,10454.0471,0.0
train,inline,4,1024,60,12228.8014,60.0062,24.9884,29.8627,0.0621,0.0565,0.5324,50.0,13222.9344,0.0
train,inline,2,256,85,14962.6739,84.8946,50.5228,66.3906,0.2081,0.2081,0.1998,50.0,10358.5964,0.0
train,inline,1,896,30,9097.7902,29.9215,71.4329,27.3614,0.2011,0.1124,0.9329,50.0,9085.3702,0.068
train,inline,3,512,80,14428.3415,79.95,35.9478,32.908,0.0321,0.0321,0.2665,50.0,13524.7495,0.0
train,inline,2,384,60,12247.6803,59.9567,45.9294,48.6108,0.2978,0.2978,0.5329,50.0,9281.2141,0.0
train,inline,2,896,25,8461.5786,25.0103,33.4837,30.2473,0.3659,0.3794,0.9992,50.0,10607.0007,0.0
train,inline,4,512,90,15542.6118,89.985,27.8633,33.5721,1.3131,0.9838,0.1324,50.0,15439.626,3.0806
train,inline,2,1024,75,13904.1807,74.9961,54.6017,28.4058,0.2151,0.1658,0.3331,50.0,16338.1456,0.0
train,inline,1,896,70,13409.437,69.9937,78.1343,28.1527,0.965,0.1307,0.4027,50.0,14345.7375,0.0
train,inline,1,768,80,14501.493,80.027,78.168,29.2699,0.9796,0.1289,0.2689,50.0,15848.5694,0.7974
train,inline,2,896,40,10094.7499,40.0089,40.3096,29.4105,0.324,0.3066,0.7994,50.0,14243.3409,2.7608
train,inline,2,640,60,12277.3222,59.9915,46.3975,30.6899,0.128,0.1094,0.5329,50.0,12266.9143,0.0
train,inline,4,512,35,9550.3377,35.023,23.8601,35.1304,8.4211,6.3329,0.8609,50.0,9207.2974,0.0
train,inline,2,1024,75,13905.8182,74.9715,54.8395,28.5166,0.2206,0.1662,0.3331,50.0,13352.1424,5.3742
train,inline,3,896,60,12300.0887,60.0035,34.6816,29.8354,0.0589,0.0564,0.5329,50.0,11699.0399,6676.9916
test,inline,2,512,100,16636.5778,99.9881,50.5778,30.6122,0.0144,0.0108,0.0,50.0,16635.7778,0.0
train,inline,4,1024,65,12773.4735,64.9962,25.8142,29.466,0.0558,0.0509,0.4659,50.0,12600.3109,0.0
train,inline,3,512,90,15529.2845,89.9573,37.6845,32.0506,0.0256,0.0218,0.1332,50.0,16020.9037,1.212
train,inline,4,768,30,8965.1945,29.9724,21.519,32.2625,4.5714,3.4544,0.9294,50.0,8667.3462,0.6899
train,inline,1,384,35,9774.6112,35.0391,69.1484,46.824,0.2545,0.161,0.866,49.0,9399.9132,1.0521
train,inline,1,256,55,11864.6161,54.866,77.5834,63.933,0.3887,0.0959,0.5995,50.0,10656.9716,4.8019
train,inline,3,256,100,16599.299,99.9531,44.4137,64.9838,0.0214,0.0114,0.0,50.0,23356.552,0.514
train,inline,4,896,95,16069.1719,95.0012,30.5404,30.0421,0.194,0.1376,0.0665,50.0,15977.0083,2.1928
train,inline,2,640,40,10104.847,39.9909,40.4234,31.1791,0.1788,0.1589,0.7994,49.0,10702.7441,6.8325
train,inline,2,640,40,10102.8453,40.0079,40.2732,31.2569,0.1712,0.1585,0.7994,49.0,11539.7533,0.0
train,inline,2,384,60,12246.6856,59.95,46.9338,48.4558,0.2984,0.2984,0.5329,50.0,9759.2666,0.0
train,inline,1,1024,55,11759.8509,54.9323,77.5371,26.7336,0.7511,0.1061,0.6022,50.0,13651.4005,1.0883
train,inline,3,896,30,9045.9732,29.9765,29.76,29.5158,0.0902,0.0902,0.9326,50.0,7747.9547,6063.2078
train,inline,3,768,85,14993.7898,84.9717,38.065,30.4179,0.0276,0.0276,0.1998,50.0,14400.9034,4796.0872
train,inline,1,896,80,14485.8746,80.0031,79.6724,28.2481,1.1529,0.135,0.2701,50.0,16380.8416,0.0
train,inline,2,1024,80,14448.8394,79.993,56.3077,27.7801,0.191,0.1352,0.2665,50.0,17048.4861,3.5855
train,inline,4,896,75,13874.8275,74.9864,27.3575,30.0864,0.8461,0.6404,0.3323,50.0,14014.7928,0.3038
train,inline,3,768,65,12824.3622,64.9796,34.8795,31.3488,0.0578,0.0502,0.4663,50.0,11329.0526,4524.6485
train,inline,3,512,25,8385.9039,24.9641,27.3508,37.2987,0.0849,0.09,0.9992,50.0,5564.3333,0.4963
train,inline,4,512,90,15541.4447,89.9927,27.1294,33.4734,1.3024,0.9834,0.1324,50.0,14999.4825,0.0
train,inline,1,512,75,14006.2139,75.0825,73.0386,31.8655,0.583,0.128,0.3331,49.0,13051.9244,0.0
train,inline,4,768,45,10611.8488,45.005,23.6096,32.4411,3.6032,2.7169,0.7303,50.0,10474.743,0.0
train,inline,3,896,40,10132.6427,39.9705,31.5769,29.7693,0.0847,0.0794,0.7994,50.0,7502.2288,6272.6507
train,inline,1,896,40,10181.5593,39.941,73.6257,28.0199,0.4038,0.1176,0.8004,50.0,8749.7059,2.1666
train,inline,1,640,45,10800.3944,45.0477,69.0049,29.8201,0.4247,0.1734,0.7332,49.0,10625.0306,0.0
train,inline,2,768,40,10097.7966,40.0114,40.8411,30.5568,0.2454,0.2325,0.7994,50.0,11514.7243,0.0
train,inline,1,896,50,11254.2549,49.9577,75.3507,27.9111,0.5836,0.1214,0.6678,50.0,11219.5793,2.5474
train,inline,2,256,40,10008.8876,39.911,45.9065,64.6335,0.7985,0.7985,0.7994,50.0,6366.1001,2.3332
train,inline,4,256,90,15516.2333,89.9426,30.8821,67.2743,0.0192,0.0192,0.1332,50.0,15020.9771,0.0
train,inline,1,512,100,16633.7895,100.0413,81.2115,31.8687,0.7714,0.0692,0.0,50.0,15402.0395,0.8518
train,inline,4,512,90,15542.2562,89.9862,27.811,33.5301,1.312,0.9838,0.1324,50.0,15258.2986,2.7107
train,inline,4,896,75,13881.7923,75.0058,26.1731,30.7094,0.836,0.6399,0.3323,50.0,12934.3567,0.0
train,inline,4,896,100,16615.5787,100.0147,29.8639,29.8422,0.0116,0.011,0.0,50.0,16685.7361,0.0
train,inline,2,768,95,16080.1445,94.9632,59.6764,28.8706,0.0801,0.0305,0.0666,50.0,14291.1301,0.0
train,inline,2,512,85,14996.3312,84.9783,54.521,30.6518,0.0624,0.03,0.1998,50.0,11367.8527,1.1043
train,inline,3,640,90,15536.1279,89.9715,38.2941,31.4593,0.0267,0.022,0.1332,50.0,17044.2407,2429.6391
train,inline,2,512,90,15533.2049,89.9445,55.3431,29.8867,0.0545,0.024,0.1332,50.0,10796.8284,0.754
train,inline,2,256,60,12210.9078,59.8982,46.7347,65.4739,0.5356,0.5356,0.5329,50.0,7914.4183,0.0
train,inline,3,768,65,12821.0865,64.9902,34.9794,31.3329,0.0496,0.0496,0.4663,50.0,11879.1072,4521.2474
train,inline,3,384,35,9515.6589,34.9801,31.4061,51.7225,0.0815,0.0815,0.866,50.0,8408.4417,0.0
train,inline,2,256,35,9462.8865,34.9031,44.5766,64.5355,0.8647,0.8647,0.866,50.0,5935.0406,2.2822
train,inline,1,640,65,12920.0339,65.0344,73.7452,30.0034,0.64,0.1444,0.4672,49.0,12766.0943,0.6728
train,inline,3,512,30,8942.0201,29.9923,28.4585,37.4077,0.0884,0.0852,0.9326,50.0,6053.3329,0.0
train,inline,1,768,50,11293.6629,49.9971,71.9237,28.9772,0.5252,0.1435,0.6672,49.0,10845.0807,0.0
train,inline,3,512,70,13333.651,69.9684,34.7814,34.0107,0.0467,0.0429,0.3997,50.0,13182.416,0.0
train,inline,1,640,70,13454.6636,70.0469,74.8631,30.3905,0.6985,0.1372,0.4007,49.0,14743.5736,0.0
train,inline,1,256,65,12911.6561,64.8203,79.3696,64.3384,0.4786,0.0943,0.4663,50.0,12130.2952,0.0
train,inline,4,1024,40,10039.1567,40.0068,21.4743,30.1588,0.0835,0.0791,0.7986,50.0,11158.4518,0.8895
train,inline,1,768,75,13964.2186,75.0127,77.3615,29.1718,0.9033,0.1313,0.3353,50.0,15312.7149,0.0
train,inline,2,256,99999,18954.6575,127.0012,64.8386,63.8802,0.0232,0.0018,0.0033,50.0,25056.0402,0.0
train,inline,4,512,35,9541.1822,34.9745,23.3064,34.4012,8.4097,6.3324,0.8609,50.0,8993.8214,1.4998
train,inline,2,256,99999,18950.8577,126.991,65.1192,63.6915,0.0183,0.0014,0.0033,50.0,24917.6237,1.5122
train,inline,4,256,95,16069.7181,94.944,30.9388,67.3125,0.0147,0.0147,0.0666,50.0,15614.769,0.0
train,inline,2,1024,65,12815.0406,65.0023,50.5794,28.4906,0.2685,0.2274,0.4663,50.0,14405.6933,0.0
train,inline,2,384,65,12793.024,64.9445,47.4665,48.4775,0.2622,0.2622,0.4663,50.0,9694.1294,0.0
train,inline,1,512,99999,18982.2693,127.0154,89.8335,30.0694,1.4033,0.1182,0.0,50.0,17042.8531,3.477
train,inline,1,768,100,16641.348,100.0418,82.4777,29.8788,1.2825,0.1193,0.0033,50.0,17088.2581,0.0
train,inline,4,256,25,8340.4512,24.9747,22.1741,68.5995,0.086,0.0742,0.9992,50.0,5564.3333,8.1048
train,inline,3,1024,90,15557.0936,90.0227,39.6529,28.9689,0.0282,0.0229,0.1332,50.0,15203.7199,9723.466
validation,inline,1,1024,25,8356.5333,24.9155,76.5778,27.9883,0.0,0.0,1.0,50.0,11002.6,0.0
train,inline,1,640,60,12393.096,60.0345,73.0994,30.2506,0.592,0.1519,0.5337,49.0,10972.7939,4.4869
train,inline,2,384,70,13339.4346,69.9398,48.9092,48.2591,0.2265,0.2265,0.3997,50.0,11387.7165,1.2306
train,inline,1,256,40,10282.7416,39.9364,74.4692,62.9156,0.2343,0.0973,0.7994,50.0,9566.2968,0.7261
train,inline,4,1024,75,13872.4127,75.0205,28.2562,29.5117,0.0551,0.0401,0.3328,50.0,13616.0507,0.0
train,inline,1,384,80,14507.8376,79.9,78.5613,48.2281,0.6229,0.1043,0.2665,50.0,13867.6141,0.0
train,inline,3,1024,100,16636.6758,100.001,40.8868,29.2363,0.0205,0.0116,0.0,50.0,15132.9406,10004.4707
train,inline,2,1024,80,14446.1797,79.9874,56.9736,28.1895,0.1838,0.1348,0.2665,50.0,15827.2109,0.8925
train,inline,3,384,55,11704.0632,54.9646,35.7169,50.9625,0.0737,0.061,0.5995,50.0,9792.4021,3.207
train,inline,2,896,90,15538.8215,89.9828,58.6349,28.669,0.109,0.061,0.1332,50.0,14540.5841,0.0
train,inline,4,768,85,14984.3496,84.9908,28.0036,31.6052,0.9975,0.7493,0.1992,50.0,12886.3653,3.0332
train,inline,3,1024,80,14478.3302,80.0106,37.7202,28.6367,0.0374,0.0342,0.2665,50.0,16176.1032,9451.4839
train,inline,1,896,60,12330.5903,59.9742,76.608,27.9744,0.7691,0.1257,0.5352,50.0,13032.638,0.4473
train,inline,3,256,40,10087.9257,39.973,36.3108,66.4871,0.0872,0.0792,0.7994,50.0,10371.1403,4.5148
train,inline,2,640,90,15543.3595,89.9719,57.1321,30.106,0.0876,0.0371,0.1332,50.0,10796.6382,1.0989
train,inline,2,768,45,10641.8035,45.0015,41.9191,29.9311,0.2327,0.2142,0.7327,50.0,13469.1308,3.0512
train,inline,1,384,99999,18972.9622,126.9897,89.4879,48.3499,1.297,0.1259,0.0099,50.0,16502.5251,0.0
train,inline,3,768,90,15542.7108,89.9835,38.5745,30.5897,0.0261,0.0222,0.1332,50.0,17459.4974,4862.0797
train,inline,1,768,30,9156.1958,29.9695,68.7093,28.7,0.2371,0.154,0.9328,49.0,7266.5528,4.6678
train,inline,1,640,40,10267.5929,40.0364,67.8757,29.5823,0.3675,0.1803,0.7997,49.0,11276.3391,0.0
train,inline,2,640,35,9554.6943,34.992,38.3802,30.9734,0.1756,0.1705,0.866,49.0,11673.0069,0.9604
train,inline,3,896,75,13921.8395,74.9833,36.5399,29.5019,0.0401,0.0394,0.3331,50.0,13298.5065,6987.4673
train,inline,1,512,35,9779.5388,35.0629,63.6418,29.8952,0.3153,0.2239,0.866,48.0,9360.2896,0.0
train,inline,1,768,35,9689.1238,34.9941,69.4632,28.3396,0.3101,0.1512,0.8664,49.0,12176.3632,1.8258
train,inline,1,256,25,8722.0012,25.0778,71.9886,63.3446,0.1041,0.0998,0.9992,50.0,8194.4221,0.0
train,inline,1,384,30,9252.8648,30.0564,67.931,46.8923,0.2225,0.1678,0.9326,49.0,8012.4137,0.0
validation,inline,3,256,99999,18955.5333,126.8556,45.4889,64.473,0.0548,0.0032,0.0,50.0,25317.6667,10025.9556
train,inline,4,256,85,14966.9783,84.9586,30.4197,67.5511,0.0278,0.0235,0.1998,50.0,15913.4142,0.0
train,inline,3,256,75,13885.4114,74.97,40.0684,65.5639,0.039,0.039,0.3331,50.0,17670.9856,0.0
train,inline,2,256,100,16608.025,99.8628,52.1101,66.7912,0.0129,0.0106,0.0,50.0,11788.4977,0.0
train,inline,4,512,40,10094.5897,40.0159,23.5804,34.9459,7.7676,5.8463,0.7946,50.0,9808.3261,0.0
train,inline,3,896,70,13383.7094,70.0004,35.1993,29.8534,0.0446,0.0446,0.3997,50.0,14121.2946,6880.9575
train,inline,1,896,35,9640.4544,34.9452,71.2935,27.8223,0.2864,0.1141,0.8666,50.0,9998.8487,0.0
train,inline,3,640,45,10616.9156,44.9654,31.3538,33.9715,0.0753,0.0708,0.7327,50.0,7594.949,2127.2531
train,inline,1,640,90,15578.4194,90.0605,80.1492,30.9664,0.9184,0.1085,0.1347,50.0,15335.8176,0.0
train,inline,3,640,100,16623.1706,99.9522,40.2044,30.5138,0.011,0.011,0.0,50.0,16281.6901,2501.8278
train,inline,2,640,85,14998.7237,84.969,54.7835,30.2123,0.0871,0.0488,0.1998,50.0,10696.5878,1.9775
train,inline,3,768,45,10647.9609,45.0081,32.1527,32.1082,0.0775,0.0722,0.7327,50.0,9235.4338,4241.6201
train,inline,1,640,95,16110.7592,95.058,80.7609,31.0781,0.9749,0.1014,0.0682,50.0,16992.5805,0.0
train,inline,3,256,45,10626.6081,44.9732,36.6848,66.0123,0.0751,0.0732,0.7327,50.0,12622.8422,1.348
train,inline,3,256,45,10624.0197,44.9698,37.1936,66.085,0.0729,0.0729,0.7327,50.0,11820.4756,1.5323
train,inline,2,512,55,11737.2934,54.9976,43.0819,31.6528,0.0654,0.0654,0.5995,49.0,10858.6468,0.0
train,inline,3,256,99999,18970.1996,126.9448,46.9091,65.4851,0.0948,0.0041,0.0,50.0,12567.4406,10006.717
train,inline,1,256,50,11339.6517,49.9142,76.7957,63.9195,0.3377,0.0963,0.6661,50.0,10538.8499,0.0
train,inline,3,512,95,16077.3077,94.9551,38.0347,31.9018,0.0159,0.0159,0.0666,50.0,15593.281,0.0
train,inline,1,256,35,9763.1343,34.9925,74.4206,63.2559,0.1897,0.0979,0.866,50.0,9124.2098,1.9502
train,inline,2,896,95,16082.8581,94.9814,61.1468,28.2587,0.0972,0.0369,0.0666,50.0,15954.9582,2.3815
train,inline,3,384,50,11154.1275,49.9813,34.7182,50.7332,0.0693,0.0657,0.6661,50.0,11984.8006,2.5727
train,inline,4,768,99999,18961.4731,126.8955,33.9136,31.1679,0.0475,0.0032,0.0,50.0,17974.0182,5000.2344
train,inline,1,1024,65,12842.6073,64.9497,79.3485,26.9364,0.9787,0.12,0.4698,50.0,14155.9566,0.0
train,inline,2,640,75,13908.8182,74.9834,51.7704,30.2167,0.1065,0.0731,0.3331,50.0,12958.7811,0.0009
train,inline,4,640,70,13352.1489,70.0012,25.916,32.8834,2.9281,2.2075,0.3978,50.0,14320.8023,0.0
train,inline,4,256,70,13306.6421,69.9612,28.4134,67.7056,0.036,0.0359,0.3997,50.0,12088.061,0.7869
train,inline,1,512,90,15587.0116,90.0758,79.0111,32.2024,0.7068,0.0931,0.1332,50.0,14863.4165,0.6965
train,inline,3,384,40,10058.4666,39.9658,32.8875,51.1236,0.0765,0.0765,0.7994,50.0,9463.0268,0.6735
train,inline,3,640,85,14990.1731,84.9763,36.7319,31.5362,0.0272,0.0272,0.1998,50.0,15410.921,2397.2164
train,inline,2,896,85,14995.6997,84.9942,57.3876,28.6121,0.1416,0.0861,0.1998,50.0,15265.2412,0.0
train,inline,4,640,60,12259.099,60.0039,25.6068,33.1484,3.8967,2.9396,0.5304,50.0,11934.6418,0.4495
train,inline,1,896,40,10179.6045,39.9569,72.4581,27.5046,0.3912,0.1168,0.8004,50.0,11982.1036,0.897
train,inline,4,896,70,13330.9767,69.9815,26.8915,30.4622,1.0172,0.7665,0.3988,50.0,11995.6259,3.6178
train,inline,3,384,99999,18961.4793,126.8916,45.0583,49.1829,0.0775,0.0035,0.0,50.0,14753.3454,10004.6187
train,inline,3,640,55,11710.0151,54.9867,33.1707,33.475,0.0615,0.0598,0.5995,50.0,10222.2312,2191.0692
train,inline,1,896,55,11793.1663,54.9689,75.0713,27.9753,0.6693,0.1233,0.6015,50.0,12336.7947,0.0
train,inline,1,512,25,8722.061,25.056,60.9785,29.4029,0.2416,0.2476,0.9992,48.0,8355.9477,1.0611
train,inline,2,768,40,10098.6571,40.0074,39.6751,30.2792,0.2406,0.2322,0.7994,50.0,12764.5451,0.3455
train,inline,2,768,65,12819.7085,64.9972,49.2408,29.9007,0.1736,0.1409,0.4663,50.0,12631.718,0.0
train,inline,3,512,30,8945.445,29.9711,28.7129,37.5457,0.0967,0.0856,0.9326,50.0,5564.3333,7.3932
train,inline,2,256,85,14962.2795,84.8682,50.6147,66.503,0.2081,0.2081,0.1998,50.0,8746.0401,3.7484
train,inline,3,256,40,10086.1286,39.9832,36.0654,66.3229,0.082,0.0788,0.7994,50.0,12042.902,0.9106
train,inline,2,256,75,13861.1583,74.889,48.9884,65.8001,0.3391,0.3391,0.3331,50.0,10052.6501,1.1848
train,inline,2,768,35,9555.1111,34.9959,38.7384,30.7292,0.2634,0.251,0.866,50.0,12037.985,2.1465
train,inline,4,768,90,15527.2534,90.0051,29.1089,31.2225,0.6725,0.5031,0.1328,50.0,17554.0878,0.0
train,inline,4,1024,80,14421.663,80.0056,28.9792,29.4398,0.0545,0.0347,0.2662,50.0,13091.503,1.1856
train,inline,3,512,95,16076.8732,94.9487,38.7119,31.7765,0.0198,0.0164,0.0666,50.0,17508.6138,0.0
train,inline,2,1024,75,13903.5696,74.9918,54.3972,28.0882,0.2148,0.1658,0.3331,50.0,16762.5119,1.3644
train,inline,4,384,45,10591.1402,44.9968,23.8414,51.5482,3.5772,2.7077,0.7306,50.0,9255.3159,0.0
train,inline,4,1024,70,13323.2394,69.9958,27.0861,29.4701,0.0583,0.0457,0.3993,50.0,12574.3875,2.0477
train,inline,1,512,30,9258.3992,30.0877,62.2772,29.8232,0.2877,0.2361,0.9326,48.0,10649.4161,2.8421
train,inline,4,512,45,10635.5954,44.9958,23.1736,34.5457,7.1087,5.3593,0.7284,50.0,10373.9294,0.0
train,inline,1,256,85,15006.7122,84.6971,82.9367,64.4666,0.6675,0.0916,0.1998,50.0,15486.689,3.7818
train,inline,2,768,65,12821.6667,64.9724,49.3671,30.1052,0.1778,0.1412,0.4663,50.0,10375.6185,5.5801
train,inline,1,256,45,10812.491,44.9374,76.3397,63.6829,0.2849,0.0965,0.7327,50.0,10655.4804,1.5755
train,inline,1,896,25,8564.6621,24.9391,70.6652,27.1105,0.1174,0.1105,0.9992,50.0,10936.1009,4.546
train,inline,4,256,65,12756.7295,64.9711,27.4784,67.89,0.0431,0.0402,0.4663,50.0,12408.5354,0.0599
train,inline,4,1024,100,16611.5165,100.004,32.2425,28.8387,0.034,0.0121,0.0,50.0,15974.911,3.4376
train,inline,2,512,30,9013.0653,29.9855,36.7676,31.7067,0.0962,0.0962,0.9326,49.0,11291.7091,0.9306
train,inline,2,1024,75,13903.3332,74.9934,54.4993,27.9859,0.215,0.1658,0.3331,50.0,16140.9974,3.0011
train,inline,1,384,30,9248.5173,30.0544,67.7322,46.5667,0.2171,0.1676,0.9326,49.0,8732.6115,0.0
train,inline,3,256,80,14421.3543,79.946,41.6936,64.9976,0.0339,0.0336,0.2665,50.0,18228.8098,1.2008
train,inline,4,896,100,16616.1953,100.025,31.5522,29.9581,0.029,0.0119,0.0,50.0,16330.0044,0.0
train,inline,2,640,95,16080.7614,94.9479,58.4882,29.4837,0.0706,0.0245,0.0666,50.0,11191.111,3.2145
train,inline,4,1024,60,12223.5578,59.9951,25.8617,29.563,0.0614,0.0565,0.5324,50.0,11869.6231,1.8307
train,inline,1,256,25,8721.0187,25.0421,72.4802,63.2947,0.1073,0.1,0.9992,50.0,6517.5917,5.9002
train,inline,1,896,90,15559.3693,89.9857,81.3067,28.1156,1.3419,0.1396,0.1375,50.0,15724.0243,3.8608
train,inline,2,896,85,14995.2337,84.9914,57.4874,28.8511,0.1395,0.086,0.1998,50.0,15601.1011,0.0
train,inline,2,640,35,9559.531,34.9984,38.7047,31.4312,0.1822,0.1708,0.866,49.0,10486.6962,1.2871
train,inline,3,384,45,10611.3914,44.9626,34.1269,51.4332,0.0813,0.0717,0.7327,50.0,8251.2697,5.655
train,inline,3,512,70,13334.2425,69.9672,33.3722,34.1321,0.0421,0.0421,0.3997,50.0,11607.9922,0.0
train,inline,2,768,75,13907.7888,74.9825,52.7096,29.5112,0.1448,0.1042,0.3331,50.0,13107.2961,2.5001
test,inline,4,1024,25,8376.7111,24.9851,21.2278,30.9964,0.0927,0.0927,0.9992,49.0,5517.4444,0.0
train,inline,3,512,100,16628.7343,99.9632,39.7466,31.5713,0.0205,0.0116,0.0,50.0,17417.0625,0.0
train,inline,2,768,30,9013.8183,29.9813,37.3283,31.0537,0.2865,0.2699,0.9326,50.0,8263.3707,8.7566
train,inline,4,640,35,9531.5961,35.0062,23.5353,33.6516,6.3322,4.7704,0.8619,50.0,9972.1319,3.1578
train,inline,1,384,80,14507.6819,79.899,78.546,48.3092,0.6215,0.1043,0.2665,50.0,13921.931,0.0
train,inline,3,384,45,10611.284,44.964,34.1198,51.4396,0.0811,0.0716,0.7327,50.0,8908.5206,5.0332
train,inline,1,640,80,14517.4794,80.0572,77.2406,30.3322,0.8122,0.1231,0.2677,50.0,15973.3384,3.2606
train,inline,4,896,25,8406.7792,24.9841,19.5333,31.6239,2.4893,1.8978,0.997,50.0,8032.9249,0.0
train,inline,3,256,55,11713.3034,54.9758,38.3923,66.063,0.0642,0.0618,0.5995,50.0,14532.9271,0.2407
train,inline,1,768,99999,18964.5413,126.9354,90.1708,28.9563,0.9697,0.0798,0.0,50.0,14480.5108,5280.7816
train,inline,3,384,40,10063.9312,39.989,32.9584,51.243,0.0825,0.0768,0.7994,50.0,10760.2139,1.6239
train,inline,4,1024,35,9492.164,34.99,21.4512,30.6757,0.0956,0.0851,0.8652,50.0,9507.9147,2.5599
train,inline,1,768,85,15037.133,85.0402,79.6887,29.6396,1.0582,0.1267,0.2025,50.0,15555.1949,0.0
train,inline,2,1024,95,16080.5763,94.9751,62.2954,27.5522,0.1079,0.043,0.0666,50.0,16952.2412,1.6262
train,inline,2,768,25,8467.023,25.0008,35.142,30.8391,0.2937,0.2878,0.9992,50.0,10595.1366,3.975
train,inline,3,896,35,9589.4526,34.9887,30.5618,29.647,0.0845,0.0845,0.866,50.0,8814.9724,6164.8177
train,inline,1,640,100,16642.106,100.0673,82.3024,31.2803,1.0311,0.0944,0.0016,50.0,16430.2278,0.0
train,inline,3,768,100,16629.4841,99.9833,40.5043,30.1537,0.014,0.0111,0.0,50.0,16793.2785,5002.1636
test,inline,4,512,100,16628.0889,99.995,26.6333,33.8978,0.0141,0.0109,0.0,50.0,16688.9556,0.0
train,inline,2,512,90,15542.4283,89.9831,55.5197,30.0945,0.0666,0.0244,0.1332,50.0,13091.7764,4.1456
train,inline,1,896,100,16639.4371,100.0228,82.7841,28.2813,1.5325,0.144,0.0049,50.0,18818.0818,2.322
train,inline,2,512,90,15539.5279,89.9789,56.3483,30.5367,0.0589,0.024,0.1332,50.0,10809.8262,1.147
train,inline,3,384,85,14975.2896,84.9607,39.1181,49.0135,0.0273,0.0273,0.1998,50.0,16990.4416,0.0
train,inline,2,384,65,12792.6625,64.9421,47.478,48.314,0.2622,0.2622,0.4663,50.0,10278.6945,0.0
train,inline,1,384,99999,18972.8342,126.9859,90.3275,48.2578,1.3092,0.1264,0.0099,50.0,17736.6347,0.0
train,inline,2,256,35,9461.8802,34.9128,44.1785,64.5126,0.8642,0.8642,0.866,50.0,8344.4758,0.0
train,inline,1,256,95,16054.513,94.6312,83.5823,65.2207,0.7436,0.0894,0.0666,50.0,14440.745,0.0
train,inline,1,768,80,14499.4244,80.0208,78.4126,29.2863,0.9798,0.129,0.2689,50.0,15003.5056,0.0
train,inline,2,384,100,16615.8802,99.9165,56.0287,48.4725,0.0308,0.0112,0.0,50.0,10793.4744,1.8437
train,inline,4,256,60,12204.1586,59.9746,26.7895,68.061,0.0468,0.0442,0.5329,50.0,12527.9136,0.0
train,inline,3,384,70,13338.9079,69.9601,37.6367,49.9308,0.0514,0.0441,0.3997,50.0,14620.6764,1.8912
train,inline,2,640,80,14447.7951,79.9708,53.8945,29.8873,0.0923,0.0607,0.2665,50.0,11837.2208,1.6738
train,inline,4,384,30,8943.5293,29.9899,22.3611,51.6151,4.5596,3.4438,0.9298,50.0,7553.0361,0.0
train,inline,1,640,75,13982.4861,75.0405,76.2441,30.3153,0.7502,0.13,0.3342,50.0,13804.6291,0.9753
train,inline,1,512,95,16117.0641,95.0672,80.3054,32.5414,0.7484,0.0815,0.0666,50.0,15543.6901,2.2403
train,inline,2,896,70,13359.5354,69.9885,51.9484,29.0365,0.1957,0.1593,0.3997,50.0,13824.8404,0.5629
train,inline,1,1024,100,16636.9333,100.005,83.2,26.9821,1.779,0.1687,0.0066,50.0,19391.7111,0.0
train,inline,2,512,40,10106.1873,39.9964,40.1035,31.941,0.0947,0.0843,0.7994,49.0,11539.2924,0.6993
train,inline,1,1024,85,15010.2113,84.9772,81.384,26.9149,1.4359,0.1478,0.2051,50.0,18312.6069,0.0
train,inline,4,512,25,8458.6079,25.0076,22.4849,35.2115,9.7048,7.305,0.9933,50.0,8360.5492,0.0
train,inline,1,640,85,15048.2157,85.0562,77.4534,30.8847,0.8503,0.1151,0.2012,50.0,14773.2393,0.0
train,inline,4,1024,85,14969.3669,84.9972,29.858,29.3353,0.0506,0.0291,0.1997,50.0,14162.7289,4.5576
train,inline,4,1024,25,8392.4599,24.9881,19.6558,30.6163,0.0973,0.096,0.9983,50.0,8190.435,0.6342
train,inline,1,1024,50,11217.0446,49.9253,77.3739,26.3678,0.6377,0.0992,0.6683,50.0,12970.6373,2.5774
train,inline,3,640,35,9522.2462,34.9818,29.4693,34.1881,0.0822,0.0813,0.866,50.0,8439.3215,2056.785
train,inline,4,896,65,12786.7526,65.0073,25.3406,30.8778,1.1721,0.8916,0.4653,50.0,13991.2466,0.0
train,inline,4,384,40,10043.1709,39.9943,23.6715,51.5783,3.9132,2.9534,0.797,50.0,9929.4412,0.0
train,inline,3,640,60,12256.4779,59.9804,33.3669,33.1541,0.0541,0.0541,0.5329,50.0,10979.0801,2225.4951
train,inline,3,256,99999,18962.9655,126.9095,46.5361,64.9235,0.0837,0.0035,0.0,50.0,12417.0654,10015.3164
train,inline,4,256,60,12196.7644,59.9478,26.5805,67.4798,0.0441,0.0441,0.5329,50.0,10780.8591,0.511
train,inline,3,640,90,15531.6982,89.9555,38.0472,30.8684,0.0241,0.022,0.1332,50.0,15927.5993,2433.7
train,inline,3,768,25,8470.4345,24.9958,28.5729,32.5521,0.0946,0.0939,0.9992,50.0,8276.8411,3971.902
train,inline,1,384,45,10828.3654,45.014,71.142,47.2518,0.3413,0.1486,0.7327,49.0,11322.0241,0.0
train,inline,2,256,75,13862.2922,74.8991,49.479,66.1233,0.3394,0.3394,0.3331,50.0,9018.1874,0.0
train,inline,2,768,25,8468.4811,25.0299,35.307,31.0744,0.2956,0.288,0.9992,50.0,10957.0275,0.0
train,inline,4,384,30,8947.0193,30.0064,22.5668,51.3647,4.5706,3.4442,0.9298,50.0,9688.1806,3.8415
train,inline,3,1024,99999,18953.2667,126.8959,44.9556,29.5686,0.0413,0.0024,0.0,50.0,19031.2444,10009.8444
train,inline,4,896,90,15521.4239,90.0111,28.5777,30.1632,0.3424,0.2626,0.1329,50.0,15311.5337,0.0
train,inline,4,896,55,11692.7852,55.0045,23.7976,31.1138,1.5009,1.1432,0.5982,50.0,11503.2797,0.0
train,inline,4,640,65,12807.2337,64.9901,26.4685,33.1238,3.4228,2.5742,0.4641,50.0,11239.9127,4.9478
train,inline,1,768,85,15033.9376,85.0322,79.7268,29.5545,1.0474,0.126,0.2025,50.0,15442.2276,0.6417
train,inline,3,1024,95,16093.3639,95.0039,39.8536,28.811,0.0186,0.0169,0.0666,50.0,16876.8679,9863.2223
train,inline,3,896,80,14469.1158,79.9853,37.1694,29.9697,0.0379,0.034,0.2665,50.0,12360.7404,7092.5251
train,inline,4,768,80,14432.8036,80.0055,28.5043,31.45,1.3202,0.9949,0.2655,50.0,14175.9559,1.9582
train,inline,2,256,35,9463.2588,34.9215,43.5117,64.6239,0.8641,0.8641,0.866,50.0,5987.7915,0.0
train,inline,1,384,60,12408.2907,59.9853,74.8206,47.934,0.4711,0.1303,0.5329,49.0,11429.3366,0.0
train,inline,4,640,30,8988.4703,30.0057,21.8883,34.007,6.8136,5.1365,0.9282,50.0,8820.7706,0.0
train,inline,3,256,50,11172.1259,49.9635,37.6785,66.2524,0.0747,0.0678,0.6661,50.0,11705.2349,3.6395
train,inline,4,768,30,8967.0084,29.9802,21.5175,32.2518,4.5743,3.4545,0.9294,50.0,9309.8841,1.6949
train,inline,4,768,80,14435.4554,80.0061,27.7404,31.3734,1.3253,0.9951,0.2655,50.0,16644.3352,0.1597
train,inline,4,640,80,14444.9718,79.9901,27.1604,32.7275,1.9623,1.4758,0.2652,50.0,13052.6949,2.4428
train,inline,1,896,95,16102.8708,95.0044,82.2803,28.4721,1.443,0.1421,0.0712,50.0,16360.393,5.547
train,inline,4,256,55,11651.7565,54.9788,25.7932,68.17,0.0482,0.0482,0.5995,50.0,11461.8752,0.0
train,inline,2,896,99999,18951.8049,126.8919,57.5283,27.9715,0.0248,0.0017,0.0,50.0,18564.5926,7508.7271
train,inline,2,640,70,13361.4503,69.9638,50.1402,30.133,0.1143,0.0854,0.3997,50.0,11097.4373,2.4151
train,inline,3,768,55,11733.5828,54.9917,33.5465,31.6187,0.0614,0.0608,0.5995,50.0,10702.4482,4384.0851
train,inline,3,384,25,8420.3611,24.9704,30.6625,51.9502,0.0892,0.0928,0.9992,50.0,6811.8826,0.4509
train,inline,4,640,25,8443.4147,25.0091,21.8963,34.1538,7.3061,5.5029,0.9945,50.0,8297.7999,0.0
train,inline,4,1024,75,13872.2533,75.0135,26.3491,29.5357,0.0391,0.0391,0.3328,50.0,13544.8633,0.0
train,inline,1,512,65,12950.788,65.0748,71.9927,31.3991,0.5329,0.1527,0.4663,49.0,12952.1323,0.61
train,inline,1,896,30,9101.2798,29.9367,71.675,27.6208,0.2064,0.1126,0.9329,50.0,9111.8647,0.0
train,inline,3,1024,80,14479.1515,80.0155,36.5609,28.7394,0.0337,0.0337,0.2665,50.0,14119.4198,9447.9844
train,inline,1,384,40,10301.9656,40.0252,69.8671,46.9051,0.2992,0.1548,0.7994,49.0,11607.63,0.4331
train,inline,3,768,90,15542.7313,89.9834,38.3459,30.5789,0.0233,0.0221,0.1332,50.0,16470.7213,4861.9311
train,inline,1,768,70,13431.6703,70.0173,76.2571,29.2741,0.8282,0.1337,0.4017,50.0,15434.916,0.0
train,inline,4,256,80,14415.9574,79.9719,29.63,67.3613,0.0372,0.028,0.2665,50.0,15416.1923,1.9967
train,inline,1,256,60,12385.7579,59.8433,78.2883,64.105,0.4242,0.0946,0.5329,50.0,11487.3279,0.0
train,inline,3,768,55,11736.6807,55.0039,32.9767,31.8078,0.0626,0.061,0.5995,50.0,10564.5419,4377.4454
train,inline,2,256,75,13862.1483,74.896,49.3456,66.1181,0.3392,0.3392,0.3331,50.0,10391.8043,0.0
train,inline,4,768,100,16618.4236,100.0059,30.6734,30.8951,0.0194,0.0112,0.0,50.0,16721.074,1.1817
train,inline,1,1024,40,10133.7065,39.905,75.2533,26.899,0.3998,0.0849,0.8007,50.0,10721.0544,0.0
train,inline,2,768,45,10643.4361,44.9886,42.2598,30.4434,0.234,0.2144,0.7327,50.0,10772.942,3.3084
train,inline,1,768,25,8619.5981,24.9708,68.1022,28.5233,0.1606,0.1563,0.9992,49.0,7208.7198,4.3726
train,inline,1,256,35,9767.4147,34.9999,72.4195,63.5028,0.1778,0.0974,0.866,50.0,9138.9518,0.0
train,inline,1,896,75,13947.0231,74.9933,78.1231,28.1818,1.0484,0.1323,0.3364,50.0,15037.4392,0.0
train,inline,4,256,95,16074.595,94.9687,31.8924,67.6523,0.0221,0.0155,0.0666,50.0,15587.6926,0.0
train,inline,2,256,50,11111.6194,49.9035,45.3744,65.0787,0.667,0.667,0.6661,50.0,7249.8718,0.0
train,inline,2,768,100,16629.312,99.9839,61.6733,29.0728,0.0723,0.0125,0.0,50.0,13848.6355,0.0
train,inline,3,384,99999,18957.1068,126.9079,45.6977,49.1733,0.0675,0.0029,0.0,50.0,15430.4504,10000.2906
train,inline,3,512,60,12231.4263,59.9598,33.3043,34.578,0.0532,0.0532,0.5329,50.0,10515.3092,0.9809
train,inline,4,896,40,10054.2381,39.9847,22.8223,31.6663,2.014,1.5215,0.7976,50.0,8110.4964,5.256
train,inline,4,896,50,11145.5692,50.005,23.0902,31.2775,1.6639,1.2688,0.6647,50.0,10868.4053,0.0
train,inline,4,768,95,16072.9176,95.0048,29.6476,31.0343,0.3435,0.2572,0.0664,50.0,15962.2981,0.1439
train,inline,3,640,90,15536.9006,89.9762,38.349,31.4802,0.0283,0.0222,0.1332,50.0,15384.0258,2428.2082
train,inline,4,512,70,13360.5315,69.9991,25.9873,33.9568,3.8853,2.9283,0.3973,50.0,13182.1531,0.0
train,inline,2,256,40,10013.0299,39.904,45.0904,64.5533,0.7991,0.7991,0.7994,50.0,6610.1591,3.6121
train,inline,3,896,35,9591.5579,35.0002,30.8435,29.7905,0.0848,0.0845,0.866,50.0,9104.8609,6165.7063
train,inline,4,256,60,12205.6116,59.9842,26.9308,68.1667,0.0502,0.0445,0.5329,50.0,11728.4421,0.0
train,inline,2,896,50,11183.0805,50.0002,43.7251,29.553,0.2736,0.2572,0.6661,50.0,12469.7129,0.0
train,inline,3,384,65,12792.2681,64.9719,35.7749,50.1765,0.0489,0.0489,0.4663,50.0,13422.7179,0.0
train,inline,4,768,25,8427.7897,25.0104,21.3965,33.0945,4.9064,3.7008,0.9958,50.0,8196.6503,0.0
train,inline,3,256,60,12258.2022,59.9827,38.2998,66.0816,0.0561,0.0561,0.5329,50.0,14608.1664,0.0
train,inline,1,256,90,15529.61,89.6603,83.9634,64.86,0.7103,0.0907,0.1332,50.0,14620.7749,1.3809
train,inline,2,640,60,12280.4195,59.9757,47.2224,30.9116,0.1424,0.1102,0.5329,50.0,9660.7059,5.1425
train,inline,2,512,65,12824.2398,64.9912,47.3253,31.0698,0.0745,0.0541,0.4663,50.0,11901.4466,0.2138
train,inline,3,256,70,13343.6007,69.9596,40.3862,65.7707,0.054,0.0454,0.3997,50.0,15616.4194,3.0008
train,inline,1,256,60,12389.359,59.8481,78.6578,64.3274,0.4362,0.0953,0.5329,50.0,10618.794,0.0
train,inline,3,896,85,15008.6246,85.0011,38.0142,29.4712,0.034,0.0283,0.1998,50.0,15897.4988,7194.19
train,inline,3,896,55,11758.2409,55.0062,34.1478,29.8796,0.0642,0.062,0.5995,50.0,11016.4741,6574.1482
train,inline,2,640,80,14452.445,79.9803,52.8688,30.1394,0.09,0.0606,0.2665,50.0,12025.4594,0.0
train,inline,3,1024,55,11782.345,55.0062,33.1441,28.009,0.0627,0.0627,0.5995,50.0,11504.0313,8764.6486
train,inline,1,384,60,12402.5154,59.9579,74.7732,47.5545,0.4598,0.1295,0.5329,49.0,11649.1691,1.0354
train,inline,4,256,25,8338.446,24.9851,21.9109,68.5995,0.0801,0.0738,0.9992,50.0,5564.3333,4.1462
train,inline,3,896,90,15544.8586,89.9801,38.7082,29.2838,0.0224,0.0224,0.1332,50.0,15407.4942,7295.6828
train,inline,4,512,55,11728.8305,54.9959,25.0352,34.2075,5.8367,4.3878,0.596,50.0,11880.6898,4.8294
train,inline,3,1024,45,10704.0495,45.0052,32.443,27.4696,0.0777,0.0748,0.7327,50.0,11530.0149,8495.1325
train,inline,1,512,90,15590.8008,90.0944,79.0201,32.4533,0.715,0.0936,0.1332,50.0,15035.9896,0.0
train,inline,3,640,70,13346.6538,69.9642,35.0137,32.3208,0.0435,0.0435,0.3997,50.0,13010.3207,2294.5384
train,inline,2,896,55,11727.2068,54.9958,45.6057,29.4194,0.2528,0.2327,0.5995,50.0,13098.5321,0.0
train,inline,4,896,30,8957.7794,29.9985,21.063,31.761,2.3366,1.7725,0.9306,50.0,10236.8359,0.0
train,inline,2,384,30,8966.4414,29.9678,40.2754,48.3148,0.5133,0.5133,0.9326,50.0,8456.7736,0.0
train,inline,1,896,65,12866.6594,64.9666,77.1018,27.7568,0.8644,0.1281,0.4689,50.0,13737.6632,0.3011
train,inline,4,512,55,11721.9284,54.9811,24.8035,33.9569,5.8255,4.3873,0.596,50.0,11566.8589,0.4394
train,inline,3,512,75,13883.952,74.9791,35.8161,33.6876,0.047,0.0381,0.3331,50.0,12556.0367,0.0
train,inline,2,896,85,14994.0928,84.9833,56.8343,28.6805,0.1309,0.0856,0.1998,50.0,14617.1254,0.0
train,inline,2,256,35,9461.9016,34.9055,44.7131,64.4907,0.8646,0.8646,0.866,50.0,5585.0907,2.3612
train,inline,2,768,45,10645.5963,44.9785,42.5518,30.6412,0.2405,0.2147,0.7327,50.0,9740.2455,7.0845
train,inline,4,256,90,15519.551,89.9621,31.5658,67.5888,0.0243,0.0195,0.1332,50.0,14957.4502,0.0
train,inline,3,512,90,15532.2539,89.9372,37.8636,32.5509,0.0292,0.0222,0.1332,50.0,12689.8583,4.9163
train,inline,2,1024,65,12815.4171,65.0049,50.679,28.6367,0.2688,0.2274,0.4663,50.0,14166.9047,0.0
train,inline,4,512,45,10637.994,44.9946,24.3026,34.6783,7.1245,5.3601,0.7284,50.0,10729.3004,1.4314
train,inline,2,384,70,13338.4995,69.9378,48.7817,48.4437,0.2262,0.2262,0.3997,50.0,9888.7985,0.0
train,inline,4,1024,55,11683.15,54.9953,24.8006,30.1147,0.0776,0.0628,0.599,50.0,10283.3604,2.6673
train,inline,1,512,55,11895.3037,55.0827,69.2516,30.8128,0.4622,0.1765,0.5995,49.0,12344.2307,1.9857
train,inline,2,512,95,16085.7601,94.9769,57.2108,30.4677,0.0602,0.0182,0.0666,50.0,12981.9284,0.0
train,inline,4,640,55,11714.5089,55.0015,25.1113,33.17,4.3892,3.3061,0.5967,50.0,11866.0786,1.2636
train,inline,1,384,40,10304.4924,40.0081,69.9827,47.2434,0.3025,0.1552,0.7994,49.0,7942.3137,4.5873
train,inline,4,768,30,8974.4137,30.0107,21.8891,32.9666,4.5817,3.4549,0.9294,50.0,9153.3076,0.0
train,inline,3,640,40,10071.0426,39.9925,29.3625,34.4487,0.0751,0.0751,0.7994,50.0,7966.5546,2085.5087
train,inline,1,768,85,15036.0578,85.0299,79.3393,29.3958,1.056,0.1265,0.2025,50.0,16732.9123,0.7295
train,inline,3,768,55,11734.4842,54.9894,33.1698,31.6204,0.0626,0.0608,0.5995,50.0,11849.3735,4383.1207
train,inline,4,512,55,11727.298,55.0021,23.9109,34.435,5.8174,4.3868,0.596,50.0,11722.6825,0.0
train,inline,1,384,100,16612.0541,99.8465,83.7128,49.0602,0.7954,0.0796,0.0,50.0,16475.6272,0.0
train,inline,1,640,60,12392.5863,60.0386,72.7808,30.1563,0.5897,0.1518,0.5337,49.0,11741.0427,2.1097
train,inline,1,512,95,16112.772,95.0663,80.1329,32.1986,0.741,0.0812,0.0666,50.0,15169.0072,0.5227
train,inline,1,512,75,14006.3691,75.0717,74.786,31.7971,0.6052,0.129,0.3331,49.0,13853.5657,1.3454
train,inline,3,768,35,9559.7836,34.9867,30.2353,32.2711,0.088,0.0832,0.866,50.0,7587.0516,4112.5258
train,inline,4,384,85,14976.2225,84.9581,28.6897,50.178,0.9859,0.7465,0.1992,50.0,14905.6048,0.2578
train,inline,3,512,85,14978.9091,84.9539,36.3709,32.632,0.0267,0.0267,0.1998,50.0,14225.94,0.0
train,inline,3,896,75,13926.1824,75.0061,36.59,29.5741,0.0465,0.0397,0.3331,50.0,14595.6699,6986.7956
train,inline,1,512,45,10840.9263,45.086,66.5787,30.7608,0.392,0.2002,0.7327,49.0,12421.2585,0.0
train,inline,3,384,70,13339.307,69.9667,37.4899,49.6283,0.0536,0.0443,0.3997,50.0,15015.7898,4.1532
train,inline,1,384,35,9778.9386,35.0214,69.1611,47.0919,0.2656,0.1616,0.866,49.0,7727.3958,5.8314
train,inline,4,384,65,12782.4633,64.9692,26.4845,50.687,2.2866,1.7274,0.4649,50.0,12194.3464,0.2722
train,inline,3,896,55,11759.1183,55.0015,32.6283,29.9118,0.0615,0.0615,0.5995,50.0,11631.4364,6572.0288
train,inline,1,896,99999,18963.1485,126.8694,90.8865,28.9951,0.7661,0.0613,0.0,50.0,10637.4486,7934.653
train,inline,1,1024,40,10134.4697,39.9101,75.2545,26.9651,0.4006,0.085,0.8007,50.0,10477.4592,0.0
train,inline,2,1024,30,9001.3127,30.0016,36.7228,29.3287,0.4504,0.442,0.9326,50.0,12468.8701,1.2042
train,inline,2,768,85,14992.8209,84.9712,56.1507,29.1762,0.11,0.0672,0.1998,50.0,13660.1169,0.0
train,inline,2,256,25,8359.28,24.9087,43.0859,63.6835,0.0,0.9958,0.9992,50.0,6113.6393,1.4887
train,inline,3,256,85,14970.6925,84.9647,41.4485,65.3449,0.0278,0.0278,0.1998,50.0,19287.6729,0.0
train,inline,2,640,80,14455.1672,79.9975,53.5242,30.3402,0.1009,0.0612,0.2665,50.0,11865.7819,0.0
train,inline,1,384,75,13977.6497,74.8984,77.7339,47.7914,0.5822,0.1107,0.3331,50.0,13022.7442,0.3719
train,inline,1,384,35,9776.1989,35.0402,68.3666,46.7811,0.253,0.1609,0.866,49.0,9826.8622,0.0
train,inline,3,1024,75,13939.4263,75.0109,36.9159,28.3629,0.044,0.0401,0.3331,50.0,14831.1746,9316.1983
train,inline,3,640,30,8980.3625,30.0052,28.2946,35.1089,0.0866,0.0866,0.9326,50.0,6628.582,2013.6684
train,inline,4,256,30,8888.9741,29.9948,22.2235,68.5786,0.0691,0.0691,0.9326,50.0,7512.178,0.0
train,inline,2,384,95,16069.6819,94.9262,55.3434,48.5686,0.047,0.047,0.0666,50.0,10548.8502,2.5979
train,inline,1,1024,60,12303.6561,59.9249,78.4936,27.0926,0.8699,0.1134,0.536,50.0,11898.1325,4.0656
train,inline,2,768,80,14451.95,79.9884,52.6611,29.668,0.1055,0.0846,0.2665,50.0,12765.3303,0.0
train,inline,3,896,30,9054.2786,30.0147,30.2093,30.1595,0.0997,0.0908,0.9326,50.0,7590.3327,6055.6088
train,inline,1,640,99999,18974.1283,126.9877,89.3786,29.5728,1.1783,0.0986,0.0,50.0,15870.9029,2638.6756
train,inline,4,896,55,11694.3997,54.9923,24.5884,31.2133,1.513,1.1438,0.5982,50.0,10258.9617,2.8202
train,inline,1,896,99999,18955.2386,126.8786,90.1988,28.1799,0.7529,0.0605,0.0,50.0,14088.0253,7928.7531
train,inline,3,896,75,13924.1526,74.979,36.7531,29.6889,0.0451,0.0397,0.3331,50.0,12312.7049,6990.1716
train,inline,3,256,75,13882.5463,74.958,40.8172,65.3563,0.0425,0.0394,0.3331,50.0,17883.0198,0.0216
train,inline,3,512,99999,18953.2561,126.8682,43.3617,33.2308,0.0588,0.0028,0.0,50.0,18590.2822,9987.5325
train,inline,2,768,35,9551.4929,34.9959,38.4588,30.4158,0.2568,0.2507,0.866,50.0,12046.8654,0.0
train,inline,3,512,35,9490.7638,34.9838,29.1345,36.9778,0.0807,0.0796,0.866,50.0,8215.4052,0.0
train,inline,4,512,75,13908.0553,74.9924,25.6167,34.0096,3.2373,2.442,0.3311,50.0,12691.8929,0.0
train,inline,3,1024,85,15016.6569,85.012,38.6833,28.657,0.0308,0.0285,0.1998,50.0,15098.2042,9590.6968
train,inline,4,256,99999,19001.9574,126.8294,35.5729,68.0438,0.0378,0.0015,0.0,50.0,12358.0473,0.9242
train,inline,1,256,90,15527.1316,89.6563,84.3677,64.8822,0.7068,0.0905,0.1332,50.0,13993.17,1.6552
train,inline,2,896,65,12816.5677,64.9945,48.7462,29.2904,0.2048,0.1832,0.4663,50.0,13886.3135,0.0
train,inline,4,1024,35,9494.8681,34.9742,21.7927,30.8712,0.1036,0.0857,0.8652,50.0,6267.7175,8.6821
train,inline,4,1024,30,8943.6383,29.9919,20.4926,30.7164,0.0977,0.0906,0.9317,50.0,8694.6282,1.4773
train,inline,2,1024,30,8998.7398,30.0036,36.5705,29.0901,0.4468,0.442,0.9326,50.0,11471.1619,0.0
train,inline,1,640,70,13455.2222,70.0446,74.9408,30.4465,0.7002,0.1373,0.4007,49.0,14658.5287,0.1477
train,inline,2,512,100,16629.8063,99.9659,58.7197,30.1482,0.0592,0.0124,0.0,50.0,11097.4025,3.046
train,inline,4,1024,99999,18990.7078,126.9827,31.9777,29.8504,0.034,0.0027,0.0,50.0,18637.2977,9989.5932
train,inline,2,896,75,13904.3647,74.9639,53.7788,28.9054,0.1809,0.1352,0.3331,50.0,12227.741,4.584
train,inline,2,512,35,9563.2291,35.0099,38.6131,32.1558,0.0991,0.0904,0.866,49.0,12619.2862,0.0
train,inline,4,1024,100,16609.6917,100.0213,32.3244,28.7344,0.0291,0.0119,0.0,50.0,16467.9296,0.0
train,inline,1,896,60,12330.2191,59.974,76.8678,27.9587,0.7706,0.1258,0.5352,50.0,13032.9972,1.2273
train,inline,1,896,99999,18959.0243,126.8923,90.2709,28.4037,0.7564,0.0606,0.0,50.0,14448.2686,7928.8205
train,inline,3,640,35,9525.3036,34.9932,29.3741,34.3908,0.0831,0.0813,0.866,50.0,8652.6135,2056.2612
train,inline,1,768,60,12362.92,60.014,74.5453,29.1051,0.6826,0.1389,0.5344,49.0,13046.1386,0.0
train,inline,1,512,60,12421.6083,60.0828,70.4007,31.2511,0.4859,0.164,0.5329,49.0,11664.7619,0.0
train,inline,4,384,80,14433.8815,79.9866,28.3509,50.6875,1.3184,0.9921,0.2657,50.0,14246.4288,0.0
train,inline,4,1024,25,8396.3794,25.0037,19.5333,30.7159,0.0907,0.0956,0.9983,50.0,9032.263,0.0
train,inline,4,256,85,14965.7238,84.9586,30.7967,67.6035,0.0255,0.0234,0.1998,50.0,15005.708,0.562
train,inline,3,768,25,8468.7202,24.9974,29.1295,32.5308,0.092,0.0938,0.9992,50.0,6816.5886,3974.0773
train,inline,3,384,99999,18959.9795,126.9107,45.0727,49.2217,0.0722,0.0032,0.0,50.0,15597.4931,9996.1805
train,inline,4,512,35,9548.0728,34.9982,23.5222,34.9491,8.416,6.3325,0.8609,50.0,10643.1322,0.368
train,inline,1,768,85,15038.7868,85.0436,79.6948,29.7433,1.062,0.127,0.2025,50.0,15245.6329,0.0
train,inline,1,1024,30,9048.6419,29.8694,74.826,26.8509,0.1815,0.0716,0.933,50.0,8120.8055,3.107
train,inline,2,512,30,9014.7588,29.9964,37.2317,31.9735,0.0961,0.0961,0.9326,49.0,11055.8871,1.2146
train,inline,4,896,100,16614.2942,100.0208,31.8372,29.8986,0.0255,0.0116,0.0,50.0,16283.2869,0.0
train,inline,1,768,85,15036.5829,85.0333,78.5262,29.465,1.0466,0.1261,0.2025,50.0,16191.5942,0.0
train,inline,3,384,80,14427.537,79.957,38.8199,48.9142,0.0376,0.0331,0.2665,50.0,16814.9149,1.7098
train,inline,3,512,55,11686.7047,54.9748,31.6124,35.3073,0.0582,0.0582,0.5995,50.0,10037.4913,0.0
train,inline,3,384,95,16063.4599,94.9484,41.2082,48.1764,0.0221,0.0169,0.0666,50.0,18227.4187,0.0
train,inline,4,512,55,11726.6354,54.9792,25.1469,34.3266,5.8339,4.3877,0.596,50.0,10173.5533,4.2876
train,inline,1,256,95,16052.9714,94.6268,84.7501,65.0318,0.7576,0.0902,0.0666,50.0,14523.2325,0.0
train,inline,4,896,60,12239.0291,60.0047,25.2111,30.512,1.3488,1.018,0.5318,50.0,13618.933,2.8722
train,inline,3,640,40,10065.3807,39.9673,30.326,33.8885,0.0758,0.0758,0.7994,50.0,8115.5834,2089.7646
train,inline,4,512,85,14996.7143,84.9921,26.8548,33.6114,1.9499,1.4697,0.1987,50.0,14364.0889,0.0597
train,inline,3,1024,95,16096.8678,95.02,39.0306,29.1225,0.0166,0.0166,0.0666,50.0,15733.9729,9858.6078
train,inline,4,384,35,9494.6576,34.9978,23.0305,51.7373,4.2373,3.1985,0.8634,50.0,10135.339,0.0
train,inline,2,1024,90,15541.0079,90.0066,60.8099,28.2683,0.1426,0.0743,0.1332,50.0,15503.9684,0.0
train,inline,1,384,55,11874.6204,54.9613,72.7748,47.181,0.4125,0.1356,0.5995,49.0,11096.4837,0.0
train,inline,3,256,75,13878.5752,74.9493,41.1123,65.1463,0.0392,0.0392,0.3331,50.0,17284.3597,1.4227
train,inline,4,256,90,15519.2426,89.9606,31.3855,67.2423,0.0254,0.0194,0.1332,50.0,16357.6517,3.3105
train,inline,1,256,25,8714.5325,25.0442,71.8967,62.7538,0.0979,0.0995,0.9992,50.0,8258.2081,0.0
train,inline,3,768,40,10099.8428,39.9721,30.9168,31.8784,0.0789,0.0776,0.7994,50.0,7930.203,4180.8318
train,inline,2,256,45,10561.4508,44.907,45.6341,64.6596,0.7331,0.7331,0.7327,50.0,7708.3074,1.5548
train,inline,4,896,80,14423.0351,79.9919,27.9036,30.0447,0.6795,0.5145,0.2659,50.0,14243.4958,0.0
train,inline,2,256,60,12211.2979,59.897,47.3527,65.2914,0.5361,0.5361,0.5329,50.0,9314.4441,0.6145
train,inline,3,768,95,16086.522,94.9818,38.5501,30.4154,0.0163,0.0163,0.0666,50.0,15786.0214,4929.4141
train,inline,1,896,100,16640.1869,100.0257,82.9595,28.5201,1.5335,0.1442,0.0049,50.0,17891.1135,0.0
train,inline,4,256,65,12751.8252,64.953,27.3638,67.5674,0.0401,0.0401,0.4663,50.0,11322.1866,0.4367
train,inline,2,256,25,8361.7111,24.9156,43.1889,64.0129,0.0,0.9958,0.9992,50.0,5604.9333,0.0
train,inline,3,512,25,8394.2513,24.9814,27.6973,37.9243,0.0945,0.0904,0.9992,50.0,5564.3333,2.4749
train,inline,2,768,55,11730.9409,54.9992,45.6825,30.1582,0.2019,0.1774,0.5995,50.0,13214.9165,0.0
train,inline,4,768,75,13888.0895,75.0006,27.1562,31.5685,1.6485,1.241,0.3319,50.0,15705.0398,0.0
train,inline,1,896,80,14476.0756,79.9657,79.3615,27.5069,1.1437,0.1347,0.2701,50.0,15482.073,0.8324
train,inline,1,768,90,15571.316,90.0375,80.4562,29.6811,1.1315,0.124,0.1361,50.0,17505.9287,0.0
train,inline,4,640,80,14443.0056,79.9997,27.3071,32.5746,1.9615,1.4755,0.2652,50.0,15904.9114,0.0
train,inline,2,384,40,10056.5996,39.9472,42.4996,48.1512,0.4414,0.4414,0.7994,50.0,10746.8329,0.0
train,inline,1,896,99999,18956.5978,126.8947,91.0889,28.6871,0.7507,0.0602,0.0,50.0,13160.9048,7929.182
train,inline,3,384,70,13338.584,69.9728,36.351,49.9543,0.0434,0.0434,0.3997,50.0,14165.5648,0.0
train,inline,3,768,99999,18953.3523,126.8804,42.9352,31.1706,0.0518,0.0028,0.0,50.0,21102.5569,9990.0533
train,inline,1,256,30,9245.4996,30.0442,73.1242,63.4341,0.1533,0.0993,0.9326,50.0,8719.3525,0.0
train,inline,4,384,25,8398.317,24.9962,21.6111,52.0221,4.8848,3.689,0.9962,50.0,6219.2047,0.0
train,inline,3,896,85,15009.9881,85.0102,38.2262,29.7198,0.0366,0.0285,0.1998,50.0,15199.0311,7188.9997
train,inline,2,512,65,12826.6597,65.0076,48.1155,31.4572,0.0846,0.0547,0.4663,50.0,11187.9758,0.0
train,inline,3,640,35,9523.2482,34.9882,29.6821,34.4952,0.0833,0.0815,0.866,50.0,7407.7662,2051.4043
validation,inline,3,256,25,8542.6667,24.9817,33.9407,64.6354,0.0905,0.0905,0.9992,50.0,5701.0667,0.0
train,inline,4,768,65,12792.114,64.9871,25.8472,31.5659,2.2964,1.7328,0.4647,50.0,13678.8305,0.0
train,inline,2,1024,35,9542.0362,35.0085,39.5579,29.1169,0.4168,0.4109,0.866,50.0,11622.027,2.6055
train,inline,2,1024,80,14448.4831,79.9747,57.2146,28.3522,0.1904,0.1353,0.2665,50.0,13414.9237,5.6233
train,inline,3,256,70,13341.0148,69.9703,40.6002,65.6761,0.0481,0.0449,0.3997,50.0,17120.7493,0.7167
train,inline,3,384,40,10062.7731,39.9842,33.0881,51.329,0.0794,0.0766,0.7994,50.0,10162.8376,1.728
train,inline,1,640,25,8674.5623,25.0329,64.0936,29.2434,0.2001,0.2017,0.9992,48.0,10546.1659,0.0
train,inline,2,256,90,15510.265,89.8763,50.9735,66.5622,0.142,0.142,0.1332,50.0,11507.4195,0.0
train,inline,1,512,80,14534.2491,80.0688,76.1874,31.9883,0.6416,0.1172,0.2665,49.0,13663.4423,2.298
train,inline,4,384,65,12780.2042,64.9626,26.3864,50.3827,2.2861,1.7274,0.4649,50.0,12462.0595,1.6914
train,inline,4,256,30,8891.5723,29.98,22.7315,68.5995,0.078,0.0697,0.9326,50.0,5564.3333,4.6913
train,inline,2,256,55,11661.3619,54.8999,46.4433,65.2641,0.6015,0.6015,0.5995,50.0,8973.9802,0.0
train,inline,2,1024,60,12268.3855,59.9966,48.3177,28.0786,0.2944,0.258,0.5329,50.0,15609.8224,3.8151
train,inline,1,896,75,13950.8009,74.987,79.2845,28.458,1.0676,0.1334,0.3364,50.0,13149.2308,1.5595
train,inline,2,640,60,12275.4388,59.9844,46.4188,30.5315,0.1273,0.1094,0.5329,50.0,11709.0203,0.0
train,inline,2,512,55,11733.4886,54.9815,44.3534,31.2673,0.078,0.066,0.5995,49.0,11052.9024,0.0
train,inline,2,896,100,16622.8795,99.9615,62.7621,27.7877,0.0736,0.0123,0.0,50.0,16074.0103,2.4536
train,inline,3,1024,65,12860.0176,65.0086,35.7608,28.1927,0.0526,0.0515,0.4663,50.0,12798.5504,9042.355
train,inline,2,384,30,8965.5712,29.9622,40.4188,48.2479,0.5132,0.5132,0.9326,50.0,9377.2281,0.0
train,inline,2,1024,40,10090.9905,40.017,40.9982,29.1622,0.3985,0.3808,0.7994,50.0,12039.9294,0.0
train,inline,3,384,60,12248.8976,59.9801,36.2967,50.5986,0.065,0.0553,0.5329,50.0,11962.9054,0.0
train,inline,2,768,95,16079.4631,94.9636,59.8891,28.8543,0.079,0.0304,0.0666,50.0,13473.8914,0.8861
train,inline,2,640,75,13906.1857,74.9864,52.6739,30.2689,0.1025,0.0728,0.3331,50.0,11759.3002,2.2907
train,inline,2,640,95,16085.0657,94.9675,58.545,29.8032,0.073,0.0245,0.0666,50.0,12172.4543,1.582
train,inline,1,384,65,12932.6566,64.9604,75.8142,47.976,0.5089,0.1238,0.4663,50.0,12023.134,0.0
train,inline,4,512,55,11725.1822,54.9952,24.7954,33.9196,5.8309,4.3875,0.596,50.0,12791.3293,2.3911
train,inline,2,640,40,10100.1514,39.9995,40.4908,31.1278,0.1665,0.1582,0.7994,49.0,11395.0052,0.9578
train,inline,1,640,40,10270.6719,40.0556,68.0122,29.6247,0.3755,0.1809,0.7997,49.0,10710.1132,0.0
train,inline,1,768,75,13967.8689,75.0306,77.4892,29.2882,0.9095,0.1317,0.3353,50.0,15048.8591,0.0
train,inline,1,768,70,13431.6262,70.0226,76.5784,29.2384,0.8333,0.1341,0.4017,50.0,13711.2627,0.0
train,inline,3,256,60,12253.6692,59.9712,39.4579,65.844,0.0564,0.0561,0.5329,50.0,14590.4355,1.7888
train,inline,3,256,99999,18967.1675,126.9244,46.1908,65.2581,0.0825,0.0034,0.0,50.0,12981.0351,10013.2831
train,inline,3,384,35,9515.9143,34.9807,32.286,51.7365,0.0828,0.0819,0.866,50.0,10635.6897,0.0
train,inline,4,384,45,10592.2353,44.995,23.6792,51.5451,3.5818,2.7079,0.7306,50.0,10604.6611,0.0
train,inline,4,512,45,10638.2278,44.9979,24.2223,34.5097,7.1257,5.3602,0.7284,50.0,10778.751,2.8113
train,inline,4,640,65,12808.7382,65.0154,25.9873,33.0166,3.4247,2.5743,0.4641,50.0,13110.9835,0.0
train,inline,1,640,90,15583.5795,90.0299,80.1126,31.2587,0.9317,0.1094,0.1347,50.0,12485.5692,8.5301
train,inline,1,768,90,15570.5849,90.0327,80.3862,29.6297,1.1298,0.1239,0.1361,50.0,17971.8403,0.0
train,inline,2,256,35,9463.9009,34.9258,44.5983,64.5353,0.8648,0.8648,0.866,50.0,6392.9274,0.0
train,inline,2,384,30,8963.873,29.9546,40.337,48.1141,0.5131,0.5131,0.9326,50.0,9235.2741,0.0
train,inline,3,512,85,14982.0708,84.9428,37.4067,32.8371,0.0369,0.0275,0.1998,50.0,12743.6644,4.6172
train,inline,2,1024,50,11180.5614,50.0112,44.8729,28.9373,0.3462,0.3194,0.6661,50.0,12797.767,0.0
train,inline,1,1024,80,14470.6413,79.9667,80.3993,27.1002,1.3192,0.1408,0.2713,50.0,15501.3289,0.6256
train,inline,1,768,35,9684.1515,34.9697,69.4531,28.2549,0.3035,0.1511,0.8664,49.0,9388.9432,1.1121
train,inline,2,896,45,10635.1543,44.9905,41.0827,29.4618,0.2828,0.2812,0.7327,50.0,11943.2023,0.0
train,inline,1,896,50,11256.297,49.9691,73.6759,28.0444,0.5709,0.1209,0.6678,50.0,11536.3993,0.0
train,inline,1,640,65,12923.8287,65.0469,73.246,30.2031,0.6391,0.1443,0.4672,49.0,13138.9241,0.0
train,inline,2,640,60,12277.758,59.9881,46.8995,30.7288,0.1348,0.1097,0.5329,50.0,13017.3379,0.2252
train,inline,4,384,65,12784.025,64.976,26.4719,50.6504,2.2892,1.7275,0.4649,50.0,12659.1652,1.4148
train,inline,3,1024,99999,18969.8889,126.8314,43.9926,30.3536,0.0803,0.005,0.0,50.0,12600.1111,10023.8222
train,inline,1,896,65,12864.4517,64.9601,77.0161,27.4832,0.8638,0.1281,0.4689,50.0,14097.6405,1.4419
train,inline,3,640,40,10072.1797,39.994,29.6165,34.4399,0.0756,0.0756,0.7994,50.0,8097.7341,2084.6042
train,inline,2,896,70,13359.0881,69.9948,52.4181,29.1017,0.1958,0.1593,0.3997,50.0,13345.3408,0.1407
train,inline,2,256,30,8915.2508,29.9372,44.1679,64.519,0.9307,0.9307,0.9326,50.0,5599.1749,0.0
train,inline,4,512,60,12269.3545,60.001,26.0861,34.1992,5.1804,3.9009,0.5298,50.0,12014.0638,1.9971
train,inline,1,512,75,14001.8254,75.0653,74.5718,31.4239,0.5997,0.1288,0.3331,49.0,13222.6725,0.0
train,inline,3,512,45,10589.1905,44.991,31.2675,36.2413,0.073,0.0693,0.7327,50.0,8201.3793,0.0
train,inline,4,256,40,9990.8874,39.9762,23.5656,68.1414,0.0608,0.0608,0.7994,50.0,7673.6851,0.0
train,inline,4,768,100,16618.3753,100.0006,28.8413,30.8598,0.0106,0.0106,0.0,50.0,16269.6037,0.0
train,inline,4,640,40,10080.5117,39.9924,23.1404,33.8088,5.8469,4.4045,0.7956,50.0,8832.6424,1.8066
train,inline,2,768,90,15541.6781,89.9818,58.2536,29.4166,0.1036,0.0494,0.1332,50.0,12684.4982,0.0
test,inline,1,1024,25,8407.4222,25.0259,75.5333,28.2166,0.4859,0.3503,0.9958,50.0,8371.7556,0.0
train,inline,1,640,80,14514.8593,80.0528,77.9102,30.6421,0.8057,0.1227,0.2677,50.0,14277.668,1.8512
train,inline,1,1024,70,13386.1539,69.9606,79.4392,27.0011,1.093,0.127,0.4036,50.0,14914.7816,0.0
train,inline,1,640,90,15580.0519,90.0286,79.8908,30.9858,0.9262,0.1091,0.1347,50.0,13288.7402,6.2971
train,inline,3,256,30,8998.5421,29.9899,35.4502,66.6428,0.0898,0.0898,0.9326,50.0,9462.7485,2.5675
train,inline,3,768,65,12824.8545,64.9757,34.7423,31.5029,0.0556,0.0501,0.4663,50.0,10474.2463,4524.2892
train,inline,3,896,100,16634.1021,100.0057,40.2098,29.7818,0.0146,0.0113,0.0,50.0,16388.0469,7496.2375
train,inline,1,896,70,13410.1505,69.9898,77.9547,27.7602,0.9687,0.1307,0.4027,50.0,15862.1503,4.6357
train,inline,3,768,25,8471.3132,24.982,28.7655,32.6024,0.0989,0.0943,0.9992,50.0,5687.4982,3976.24
train,inline,1,512,100,16646.6129,100.0799,81.8548,32.8484,0.7883,0.07,0.0,50.0,14472.5963,0.0
train,inline,4,1024,30,8943.7089,30.0029,19.5333,30.8298,0.0896,0.0896,0.9317,50.0,8846.2485,0.0
train,inline,1,896,40,10175.3923,39.9374,73.1423,27.5415,0.3921,0.1169,0.8004,50.0,10953.2434,0.0
train,inline,4,896,60,12238.8045,60.0073,25.6265,30.7439,1.3464,1.0178,0.5318,50.0,12862.5514,2.3204
train,inline,1,1024,90,15553.6289,89.9922,81.3506,26.9682,1.5442,0.1545,0.1389,50.0,18137.3514,0.0
train,inline,2,896,80,14449.9475,79.9878,55.5086,28.8707,0.1577,0.1104,0.2665,50.0,14653.402,0.0
train,inline,3,512,70,13334.1437,69.9716,34.5948,33.6034,0.0499,0.043,0.3997,50.0,13879.0424,3.2215
train,inline,1,768,75,13965.575,75.021,77.6559,29.3299,0.9041,0.1313,0.3353,50.0,15330.716,0.1683
train,inline,3,512,35,9489.6863,34.9881,29.666,36.9932,0.0796,0.0796,0.866,50.0,6809.4716,0.2598
train,inline,1,256,35,9763.1432,34.9831,73.216,63.1206,0.1854,0.0978,0.866,50.0,9193.9143,0.0
validation,inline,4,256,100,16719.7333,100.0089,29.6222,65.9658,0.0149,0.0111,0.0033,50.0,11112.5778,0.0
train,inline,4,512,60,12270.5515,59.9994,25.6745,34.2013,5.1821,3.901,0.5298,50.0,12725.9371,0.616
train,inline,4,896,60,12240.8296,59.996,25.5569,31.0521,1.3503,1.018,0.5318,50.0,12652.7977,2.0136
train,inline,4,896,99999,18973.7449,126.9376,33.1834,30.119,0.0453,0.0032,0.0,50.0,19417.8031,7495.6705
train,inline,2,896,40,10093.7274,40.0022,40.4316,29.7549,0.3196,0.3064,0.7994,50.0,13725.5516,0.0
train,inline,1,1024,75,13926.9159,74.9669,80.3691,26.786,1.2088,0.1339,0.3375,50.0,16398.9834,2.0228
train,inline,1,1024,100,16634.4535,99.9969,83.1612,26.8238,1.7773,0.1686,0.0066,50.0,20001.7379,0.0
train,inline,1,768,70,13424.482,69.991,76.2491,28.7023,0.8245,0.1337,0.4017,50.0,14053.6255,0.4638
train,inline,3,640,80,14443.5556,79.9687,36.3213,32.0491,0.0327,0.0327,0.2665,50.0,13291.1142,2363.1107
train,inline,1,384,25,8721.7977,25.06,66.3882,46.2732,0.1721,0.1736,0.9992,49.0,8682.7861,0.519
train,inline,3,896,95,16091.981,94.9911,39.7167,29.7422,0.0229,0.017,0.0666,50.0,15746.7419,7399.2283
train,inline,4,896,45,10599.3669,45.0061,23.1143,31.0694,1.8447,1.3953,0.7312,50.0,12300.8899,2.1721
train,inline,1,256,60,12387.4829,59.8402,77.67,64.2202,0.4217,0.0945,0.5329,50.0,10929.4747,0.0
train,inline,3,640,99999,18953.2895,126.8712,42.6466,32.2438,0.0491,0.0025,0.0,50.0,19970.7208,9989.0469
train,inline,1,768,30,9144.3145,29.9511,68.3097,27.7872,0.2239,0.1534,0.9328,49.0,8857.3794,0.8443
train,inline,1,384,75,13980.3731,74.9137,78.4651,48.1353,0.5842,0.1107,0.3331,50.0,12740.5263,2.1221
train,inline,4,384,40,10041.9137,39.997,24.2668,51.4736,3.914,2.9535,0.797,50.0,9173.4559,1.959
train,inline,1,384,25,8724.8836,25.0725,65.4691,46.6129,0.162,0.1731,0.9992,49.0,8411.3787,0.0
train,inline,4,640,50,11171.1579,50.0094,24.4934,33.4964,4.8791,3.6724,0.663,50.0,11998.7326,0.0
train,inline,3,384,35,9520.5024,34.9661,32.7011,51.9855,0.094,0.0827,0.866,50.0,6503.8428,7.2133
train,inline,2,768,90,15540.8394,89.9677,58.1893,29.3503,0.102,0.0492,0.1332,50.0,12529.461,3.1166
train,inline,4,384,70,13336.4983,69.9905,27.183,50.8032,1.9689,1.4825,0.3985,50.0,13416.0855,0.0
train,inline,4,896,55,11693.6196,55.0102,24.669,30.979,1.5144,1.1438,0.5982,50.0,12180.7153,0.0
train,inline,1,1024,95,16089.3218,94.9843,83.0186,26.8833,1.6596,0.1615,0.0728,50.0,18301.9884,1.7186
train,inline,4,384,45,10591.5204,44.9921,24.4601,51.4486,3.5896,2.7083,0.7306,50.0,10476.4269,0.0
train,inline,4,512,60,12273.0662,60.008,25.1633,33.7389,5.1899,3.9014,0.5298,50.0,14524.1929,4.3087
train,inline,3,256,55,11714.2468,54.9795,38.2508,66.0716,0.0672,0.0621,0.5995,50.0,13789.008,0.0
train,inline,3,512,30,8945.8707,29.9775,28.8203,37.7174,0.0968,0.0857,0.9326,50.0,5564.3333,3.1168
train,inline,4,256,65,12757.8616,64.9789,27.6339,68.0562,0.0456,0.0403,0.4663,50.0,12517.6881,0.0
train,inline,4,640,65,12807.4448,64.9931,25.9579,33.0445,3.4217,2.5741,0.4641,50.0,12450.418,1.9705
train,inline,3,512,55,11687.5774,54.9669,32.1656,35.3467,0.0601,0.0587,0.5995,50.0,9123.9401,1.2716
train,inline,2,768,100,16627.8924,99.9701,61.5678,29.0113,0.069,0.0123,0.0,50.0,14237.6903,0.3603
train,inline,1,384,25,8726.0513,25.0805,66.4356,46.2443,0.1801,0.1739,0.9992,49.0,10143.2027,1.4282
train,inline,1,1024,35,9585.3268,34.868,75.2038,26.8372,0.2895,0.0782,0.8669,50.0,9360.4124,1.6151
train,inline,2,768,65,12819.1025,64.9853,49.2221,29.8958,0.1726,0.1408,0.4663,50.0,12978.2936,0.8569
train,inline,1,896,30,9101.5367,29.9357,71.6478,27.6806,0.2056,0.1124,0.9329,50.0,11016.639,0.0
train,inline,2,1024,70,13358.6536,69.9925,52.3084,28.1956,0.2391,0.1965,0.3997,50.0,15287.0974,1.3126
train,inline,3,768,30,9016.7496,30.0103,29.5761,32.5871,0.0947,0.0888,0.9326,50.0,8386.16,4034.9691
train,inline,3,512,30,8941.6014,29.9937,28.805,37.4619,0.086,0.085,0.9326,50.0,6060.3965,0.0
train,inline,1,384,25,8719.7891,25.0552,66.4158,46.1726,0.1715,0.1736,0.9992,49.0,8348.1784,0.0
train,inline,1,896,80,14486.236,79.9957,79.6406,28.105,1.1549,0.1351,0.2701,50.0,15893.7029,2.7652
train,inline,2,512,100,16627.1523,99.9706,59.0045,30.2324,0.0511,0.012,0.0,50.0,10885.8317,0.8259
train,inline,3,896,40,10130.258,39.9857,31.2093,29.4972,0.0789,0.0789,0.7994,50.0,9642.9418,6268.0432
train,inline,1,1024,50,11218.4805,49.9277,77.1041,26.9567,0.6372,0.0993,0.6683,50.0,12015.1474,0.0
train,inline,2,896,25,8460.6284,25.0109,34.4739,30.151,0.377,0.3797,0.9992,50.0,13234.964,0.0
train,inline,3,768,75,13911.1872,74.9895,36.1503,30.7658,0.0442,0.0389,0.3331,50.0,14475.9001,4659.7661
train,inline,4,512,90,15540.763,89.9972,26.9091,33.4497,1.2978,0.9831,0.1324,50.0,15362.9402,0.0
train,inline,2,512,70,13366.0718,69.9878,49.838,31.0829,0.0728,0.0481,0.3997,50.0,10977.4676,0.337
train,inline,1,896,45,10716.1963,44.942,74.1082,27.7727,0.4909,0.1194,0.7341,50.0,10373.965,2.3134
train,inline,1,384,35,9772.9577,35.0276,68.6751,46.6152,0.254,0.161,0.866,49.0,9797.54,0.0633
train,inline,2,768,60,12274.8239,59.9947,46.9026,29.8802,0.1817,0.1588,0.5329,50.0,12932.5931,0.0
train,inline,2,384,75,13889.1462,74.9569,50.3918,48.7254,0.1912,0.1912,0.3331,50.0,9853.3297,0.0
train,inline,3,640,75,13896.5335,74.9752,35.8327,32.1499,0.0421,0.0382,0.3331,50.0,14060.4361,2329.6009
train,inline,2,384,25,8418.8708,24.9678,39.407,48.2123,0.054,0.5493,0.9992,50.0,8274.2713,0.0
train,inline,1,384,45,10828.4383,45.0143,70.9981,46.9726,0.3426,0.1487,0.7327,49.0,11427.3696,0.7597
train,inline,2,768,35,9554.0094,35.0067,38.4707,30.4293,0.2608,0.2508,0.866,50.0,13180.6596,0.985
train,inline,3,640,85,14988.3282,84.9732,37.2583,31.7371,0.027,0.027,0.1998,50.0,14282.4814,2396.5165
train,inline,2,512,40,10106.5972,40.0056,38.4582,32.0788,0.0834,0.0834,0.7994,49.0,11170.0919,0.0
train,inline,1,1024,85,15012.9107,84.9961,81.7983,27.1496,1.4411,0.1481,0.2051,50.0,16918.8622,0.0
train,inline,4,256,100,16624.2444,99.9458,32.6,67.2995,0.0147,0.0111,0.0,50.0,16660.2667,0.0
train,inline,4,1024,55,11680.0319,55.0059,24.8707,29.8656,0.0706,0.0623,0.599,50.0,11877.1897,1.6506
train,inline,1,896,65,12872.6504,64.9967,77.3836,28.0708,0.8743,0.1286,0.4689,50.0,14255.5949,0.0
train,inline,2,256,50,11112.2005,49.9076,46.0831,64.687,0.6676,0.6676,0.6661,50.0,8953.0914,2.9409
train,inline,3,384,35,9518.1871,34.9917,31.3627,51.9291,0.0816,0.0816,0.866,50.0,8362.4278,0.0
train,inline,2,640,35,9558.789,35.0092,38.2212,31.0339,0.1792,0.1706,0.866,49.0,12796.9291,2.0799
train,inline,2,640,60,12277.8475,59.9838,47.0728,30.7281,0.1355,0.1098,0.5329,50.0,10970.89,2.6229
train,inline,2,768,30,9009.6361,30.011,36.8556,30.7103,0.2756,0.2693,0.9326,50.0,11270.1612,0.0
train,inline,1,896,95,16098.5136,95.0227,82.6763,28.2305,1.4336,0.1415,0.0712,50.0,18176.7602,3.1015
train,inline,4,768,70,13344.5381,70.0003,26.7758,31.8735,1.9795,1.4874,0.3983,50.0,12391.1055,0.3225
train,inline,2,512,99999,18931.6111,126.8049,62.3914,30.1354,0.0935,0.0039,0.0,50.0,18954.858,0.0
train,inline,2,896,50,11182.7717,49.9983,44.1411,29.4232,0.2795,0.2574,0.6661,50.0,13615.0802,0.3235
train,inline,4,768,99999,18954.1099,126.8881,33.5108,30.6071,0.0371,0.0026,0.0,50.0,19315.699,4996.6091
train,inline,3,512,60,12233.7878,59.9749,33.7205,34.7073,0.0543,0.0532,0.5329,50.0,11043.6639,2.7087
train,inline,3,256,75,13886.1182,74.9747,41.0025,65.6231,0.0474,0.0397,0.3331,50.0,17495.3219,0.0
train,inline,3,896,55,11753.4708,54.973,33.5315,29.4167,0.062,0.062,0.5995,50.0,10537.7021,6577.4553
train,inline,1,512,50,11367.193,50.0798,67.7222,30.5181,0.4271,0.1884,0.6661,49.0,12076.198,2.1402
train,inline,2,896,75,13905.2866,74.9839,53.6329,28.9889,0.178,0.1349,0.3331,50.0,14962.3683,0.0776
train,inline,3,384,65,12794.1463,64.9554,37.0217,50.2702,0.0595,0.0499,0.4663,50.0,11909.7961,4.716
train,inline,4,384,65,12786.1525,64.9838,26.5104,50.7696,2.2912,1.7276,0.4649,50.0,12887.6811,1.5066
train,inline,1,512,35,9784.807,35.0856,63.9408,30.1196,0.3204,0.224,0.866,48.0,10442.1607,2.3911
train,inline,1,512,35,9776.421,35.0503,63.5271,29.662,0.312,0.2238,0.866,48.0,9306.0538,0.7918
train,inline,2,384,35,9513.0495,34.9645,41.3351,47.8904,0.4775,0.4775,0.866,50.0,11079.8812,3.095
train,inline,3,1024,85,15019.9212,84.9974,38.772,28.9467,0.0391,0.0289,0.1998,50.0,14078.4499,9593.8641
train,inline,2,512,75,13911.9493,74.99,50.7626,30.5209,0.0763,0.0424,0.3331,50.0,13109.8537,3.757
train,inline,2,1024,55,11722.3203,54.9987,47.066,28.6405,0.3145,0.2883,0.5995,50.0,13413.308,1.9293
train,inline,2,384,85,14981.9827,84.915,52.0561,48.76,0.1192,0.1192,0.1998,50.0,8568.9373,3.6296
train,inline,1,256,25,8715.8187,25.0459,71.6063,62.8533,0.0944,0.0993,0.9992,50.0,8393.6808,0.0
train,inline,4,512,99999,18927.0783,126.8376,34.6664,32.2808,0.0317,0.002,0.0,50.0,19275.6501,0.5253
train,inline,2,896,45,10637.7173,45.0007,42.4771,29.6452,0.2986,0.2818,0.7327,50.0,13812.6303,0.0
train,inline,3,896,95,16090.0488,95.0018,40.0872,29.5348,0.0202,0.0168,0.0666,50.0,16512.8853,7400.4045
train,inline,4,640,100,16625.804,100.0034,28.5523,31.9458,0.0119,0.0109,0.0,50.0,17069.925,0.0
train,inline,2,512,85,14997.6512,84.9774,53.9056,30.375,0.0664,0.0303,0.1998,50.0,12073.3106,1.9297
train,inline,3,1024,60,12322.5266,60.0118,33.909,28.2153,0.057,0.057,0.5329,50.0,12029.5707,8900.6943
train,inline,3,896,45,10671.6349,44.9876,32.2267,29.5882,0.0732,0.0732,0.7327,50.0,9907.9696,6370.836
train,inline,2,384,100,16621.4152,99.9335,55.1485,48.7745,0.0338,0.0115,0.0,50.0,10795.564,0.0
train,inline,3,384,100,16614.3102,99.9641,41.4764,48.3055,0.0136,0.0113,0.0,50.0,19144.6505,0.0
train,inline,4,512,100,16630.2169,99.9983,28.4614,33.1095,0.0173,0.0112,0.0,50.0,16406.2406,0.0
train,inline,4,1024,45,10587.7279,45.0185,23.3041,30.4326,0.0861,0.074,0.7321,50.0,10226.1292,0.0
train,inline,4,768,45,10606.2781,44.9825,23.3619,31.9459,3.5978,2.7167,0.7303,50.0,10712.8591,1.0874
train,inline,3,768,70,13365.2885,69.9879,35.8925,31.155,0.045,0.0442,0.3997,50.0,12971.9532,4590.1102
train,inline,1,512,40,10312.3799,40.0743,65.9292,30.6178,0.3566,0.2122,0.7994,48.0,8759.1936,4.6843
train,inline,2,768,50,11187.1118,49.9963,43.8306,30.0571,0.2187,0.1959,0.6661,50.0,12609.5388,2.8826
train,inline,4,1024,95,16060.0257,95.0093,31.3377,28.708,0.0308,0.0173,0.0666,50.0,15975.8959,0.7022
train,inline,4,512,85,14996.2507,84.9988,27.1889,33.4226,1.9552,1.4698,0.1987,50.0,16990.1884,0.4534
train,inline,3,768,85,14999.8045,84.9769,37.7051,30.7914,0.0316,0.0279,0.1998,50.0,13792.3991,4796.4006
train,inline,1,256,80,14484.6409,79.7363,82.1169,64.6606,0.6233,0.0925,0.2665,50.0,14005.448,0.0
train,inline,4,512,70,13361.6533,69.9996,25.3872,34.0066,3.8832,2.9282,0.3973,50.0,13901.8216,0.0
train,inline,3,768,99999,18958.766,126.8903,42.5057,31.6381,0.0507,0.0028,0.0,50.0,19953.3912,9989.2916
train,inline,3,512,45,10588.797,44.9799,30.7081,36.0474,0.0715,0.0691,0.7327,50.0,9895.1963,0.0849
train,inline,4,1024,25,8396.4856,24.9904,19.5333,30.9131,0.0987,0.0961,0.9983,50.0,7430.3711,1.0234
train,inline,3,640,70,13351.8967,69.9894,35.0639,32.2642,0.0533,0.0439,0.3997,50.0,14170.5533,2295.7675
train,inline,4,896,90,15517.2459,90.0067,30.4532,29.9814,0.3507,0.2629,0.1329,50.0,15190.5795,2.2884
train,inline,4,640,90,15530.4971,89.9869,27.7556,32.031,0.9816,0.7431,0.1326,50.0,15311.0782,0.0
train,inline,1,1024,30,9050.1224,29.8906,74.6544,26.8972,0.182,0.0714,0.933,50.0,11300.445,1.1752
train,inline,4,896,80,14424.464,79.9997,28.0285,29.8087,0.6863,0.5148,0.2659,50.0,15644.7519,2.9041
train,inline,2,384,85,14980.7197,84.9385,52.3033,48.5408,0.1192,0.1192,0.1998,50.0,10723.1995,0.0
train,inline,4,256,100,16622.9346,99.9494,33.1548,67.3559,0.0133,0.0109,0.0,50.0,17289.9717,0.8798
train,inline,1,896,95,16100.5996,95.0142,82.0399,28.3823,1.436,0.1417,0.0712,50.0,18238.9744,0.4666
train,inline,1,768,75,13965.125,75.0234,77.4174,29.3686,0.8974,0.131,0.3353,50.0,14312.4526,0.0
train,inline,3,1024,99999,18960.6349,126.9106,43.1492,28.6337,0.0605,0.0034,0.0,50.0,24120.1447,10014.7424
train,inline,1,1024,30,9050.6643,29.8812,74.7972,26.8046,0.183,0.0716,0.933,50.0,8885.6532,2.7514
train,inline,2,768,95,16083.715,94.9767,59.2062,29.1719,0.0761,0.0302,0.0666,50.0,14224.6634,0.0
train,inline,4,640,50,11171.7159,49.9906,24.6124,33.5568,4.8817,3.6725,0.663,50.0,11233.7777,2.895
train,inline,4,256,25,8336.2,24.977,20.8807,68.2242,0.0617,0.0729,0.9992,50.0,5564.3333,0.0
train,inline,3,640,55,11711.3452,54.9762,32.8683,33.5121,0.0643,0.0599,0.5995,50.0,10683.3701,2193.1185
train,inline,3,256,70,13344.1733,69.9821,39.379,65.8897,0.0448,0.0448,0.3997,50.0,16335.9725,0.0
train,inline,1,768,100,16642.8164,100.0275,82.2542,30.0344,1.2818,0.1193,0.0033,50.0,15642.1027,3.6874
train,inline,3,384,80,14429.7063,79.9597,39.01,49.3053,0.0388,0.0331,0.2665,50.0,17064.7684,0.1673
test,inline,1,512,99999,18981.2444,127.0388,90.4889,29.8439,3.0088,0.2108,0.0,50.0,23062.1333,0.0
train,inline,2,1024,70,13352.3816,69.9716,52.3861,27.9449,0.2347,0.1964,0.3997,50.0,14118.6016,0.0
train,inline,1,384,35,9777.2391,35.0312,68.66,46.9532,0.2571,0.1612,0.866,49.0,8544.5878,1.761
train,inline,2,640,70,13367.7893,69.9739,50.4155,30.471,0.1242,0.0858,0.3997,50.0,10762.1428,6.1508
train,inline,4,768,100,16621.3782,100.0137,30.2324,30.859,0.0256,0.0116,0.0,50.0,17079.2009,0.0
train,inline,2,512,30,9015.6782,29.9945,36.6267,31.966,0.0961,0.0961,0.9326,49.0,11135.8677,0.0
train,inline,4,512,90,15533.5438,89.9745,27.7821,32.9341,1.3008,0.9833,0.1324,50.0,15182.6424,1.4567
train,inline,2,256,60,12212.1323,59.9025,46.968,65.119,0.5361,0.5361,0.5329,50.0,9577.3051,1.8444
train,inline,3,640,30,8976.6839,29.9943,28.9788,34.9396,0.0863,0.0863,0.9326,50.0,6663.996,2020.6441
train,inline,1,896,85,15018.3983,84.9864,80.2343,27.7963,1.2419,0.137,0.2038,50.0,16513.3388,0.8922
train,inline,1,384,45,10828.7851,45.0166,71.0425,47.0179,0.3434,0.1488,0.7327,49.0,11326.0152,0.0
train,inline,4,768,100,16620.148,100.0056,30.1343,30.8101,0.0226,0.0114,0.0,50.0,17679.6643,0.4172
train,inline,1,512,45,10842.9117,45.0988,66.5444,30.8902,0.3938,0.2005,0.7327,49.0,10263.7172,0.0
train,inline,2,896,95,16079.9691,94.9674,61.0267,28.3004,0.0931,0.0367,0.0666,50.0,16072.4689,0.0
train,inline,3,640,40,10072.0659,39.9769,30.5577,34.3742,0.0807,0.0762,0.7994,50.0,7314.2036,2091.9231
train,inline,3,768,65,12824.5054,65.0009,34.9153,31.4877,0.0568,0.0501,0.4663,50.0,13053.8122,4515.3237
train,inline,3,768,45,10648.2114,45.0031,31.628,31.7187,0.079,0.0722,0.7327,50.0,10800.3516,4246.96
train,inline,2,512,25,8473.5855,25.009,35.8512,32.32,0.1008,0.1021,0.9992,49.0,11417.3343,1.0731
train,inline,1,896,85,15023.4841,85.0094,79.4243,28.3674,1.2306,0.1364,0.2038,50.0,16150.9077,0.0
train,inline,3,384,85,14969.4485,84.9397,39.2372,48.5635,0.0274,0.0274,0.1998,50.0,16652.2805,0.0
train,inline,2,256,55,11659.06,54.8923,46.7746,65.0378,0.6018,0.6018,0.5995,50.0,7632.2676,0.0
train,inline,4,640,40,10079.2796,40.0043,23.4368,33.7188,5.8488,4.4044,0.7956,50.0,11639.2831,0.0
train,inline,3,768,70,13367.5014,69.9876,34.4623,31.2906,0.0438,0.0438,0.3997,50.0,12241.7109,4586.5654
train,inline,4,896,35,9507.985,34.9809,22.1986,31.8704,2.1811,1.6474,0.8641,50.0,7321.8185,6.373
train,inline,1,896,50,11256.2444,49.9688,74.1559,28.0066,0.5768,0.1212,0.6678,50.0,11618.9514,0.0
train,inline,3,896,80,14466.3496,79.9998,37.4335,29.5777,0.0376,0.0338,0.2665,50.0,14813.2303,7090.9274
train,inline,4,512,25,8459.302,25.0125,22.5035,34.6585,9.7056,7.305,0.9933,50.0,10856.202,4.5637
train,inline,1,640,100,16643.8427,100.0437,82.1902,31.3519,1.0359,0.0947,0.0016,50.0,14973.7327,4.6569
train,inline,3,384,100,16609.8283,99.9441,40.856,47.9905,0.0107,0.0107,0.0,50.0,19086.5442,0.0
train,inline,3,896,85,15009.0749,85.0042,38.2156,29.8009,0.0338,0.0283,0.1998,50.0,15401.6977,7188.9795
train,inline,4,1024,90,15515.4154,90.0076,30.4873,29.0799,0.0412,0.0231,0.1331,50.0,16615.9916,0.9834
validation,inline,2,512,25,8325.5556,24.9968,39.6667,33.5351,0.0,0.0,1.0,50.0,8310.1778,0.0
test,inline,1,256,25,8521.3778,24.9947,75.3778,65.8577,0.064,1.7069,0.9967,49.0,8433.5111,0.0
train,inline,2,1024,60,12269.2335,59.9933,47.9168,28.6536,0.2838,0.2575,0.5329,50.0,13404.1568,0.0
train,inline,3,1024,100,16636.4239,100.0121,40.6795,28.928,0.0208,0.0115,0.0,50.0,17016.6425,10004.6263
train,inline,4,896,70,13334.406,70.0126,26.5349,30.7313,1.0138,0.7663,0.3988,50.0,13153.1331,0.0
train,inline,3,1024,25,8550.1095,25.0192,29.9521,27.4451,0.1037,0.0982,0.9992,50.0,8193.8998,7939.1197
train,inline,3,640,25,8432.8935,25.0002,27.8473,35.2841,0.0914,0.0921,0.9992,50.0,6112.5806,1982.5671
train,inline,3,384,70,13338.815,69.9581,37.7145,49.9131,0.0514,0.0442,0.3997,50.0,13366.7274,3.1197
train,inline,4,256,80,14413.5099,79.9617,29.9381,67.6185,0.03,0.0277,0.2665,50.0,13830.4599,1.1176
train,inline,4,1024,100,16610.067,99.9971,32.2069,28.7136,0.033,0.0122,0.0,50.0,15089.5516,4.2651
train,inline,1,640,95,16111.0422,95.0599,79.6965,31.1824,0.9619,0.1008,0.0682,50.0,16965.1687,0.0
train,inline,4,896,90,15520.0113,89.9797,29.9095,30.0131,0.3603,0.2636,0.1329,50.0,13417.699,5.7624
train,inline,2,640,80,14444.9679,79.9535,53.0498,29.568,0.0885,0.0606,0.2665,50.0,11807.9362,0.0619
train,inline,4,512,65,12817.2261,65.0028,25.4007,33.8442,4.538,3.4149,0.4635,50.0,13898.3053,1.4522
train,inline,2,384,50,11152.5209,49.9509,44.5932,48.1187,0.3699,0.3699,0.6661,50.0,10200.1603,1.665
train,inline,4,1024,85,14969.9838,84.9929,29.9304,29.3679,0.0523,0.0293,0.1997,50.0,12976.3673,6.2746
train,inline,1,768,40,10225.4925,39.9784,70.6841,28.8671,0.3865,0.1491,0.8,49.0,8603.4765,4.3964
train,inline,2,512,40,10107.2184,40.0158,40.5226,32.0824,0.0975,0.0846,0.7994,49.0,10939.3559,0.0
train,inline,3,640,40,10065.3368,39.968,30.2876,33.8739,0.0759,0.0759,0.7994,50.0,8050.1252,2088.2302
train,inline,2,896,100,16627.5787,99.9773,61.9888,28.457,0.0631,0.0117,0.0,50.0,15019.9509,0.0
train,inline,1,896,55,11793.6716,54.9566,75.7276,27.9361,0.6808,0.1239,0.6015,50.0,11669.6208,2.3908
train,inline,4,512,60,12273.4084,59.9994,25.5202,34.3297,5.1883,3.9015,0.5298,50.0,11563.3502,0.0
train,inline,1,256,55,11863.2927,54.8783,76.7452,63.8329,0.3767,0.0952,0.5995,50.0,11891.1137,0.0
train,inline,2,384,99999,18945.1449,126.9164,63.9894,47.2505,0.061,0.0029,0.0016,50.0,21756.3715,0.0
train,inline,4,768,65,12798.1214,65.0137,26.0847,31.9333,2.3041,1.7333,0.4647,50.0,12880.8925,0.0
train,inline,4,256,85,14969.8866,84.9778,30.7421,67.8378,0.0342,0.0241,0.1998,50.0,14124.6004,0.0
train,inline,1,896,70,13409.4508,69.9827,78.051,28.0118,0.9655,0.1306,0.4027,50.0,14495.9386,2.6109
train,inline,1,640,40,10264.2708,40.0252,67.6488,29.0989,0.3667,0.1804,0.7997,49.0,10920.1543,1.9373
train,inline,1,768,30,9154.1585,29.9882,67.7612,28.5706,0.2224,0.1532,0.9328,49.0,9012.1659,0.0
train,inline,1,384,30,9251.0751,30.06,66.6792,46.6181,0.2068,0.1669,0.9326,49.0,9622.7972,0.0
train,inline,2,1024,90,15540.0067,89.9707,60.7739,28.1827,0.1417,0.0742,0.1332,50.0,14133.5062,3.3846
train,inline,3,896,50,11217.609,50.0023,32.7967,29.6654,0.0719,0.0677,0.6661,50.0,12675.3094,6473.7456
train,inline,1,256,50,11330.8584,49.8761,76.3066,63.2319,0.3285,0.0959,0.6661,50.0,10700.7692,0.5678
train,inline,3,384,45,10612.8868,44.955,34.3249,51.5613,0.0858,0.072,0.7327,50.0,7205.7818,8.5058
train,inline,4,256,60,12204.2073,59.9748,26.6068,68.0625,0.0446,0.0442,0.5329,50.0,11974.7754,0.0
train,inline,2,1024,50,11174.6937,49.9827,43.8588,28.4851,0.3323,0.3188,0.6661,50.0,12751.8213,0.0
train,inline,2,640,99999,18934.6661,126.8267,61.4969,29.344,0.0652,0.0027,0.0,50.0,18547.5635,2505.1731
train,inline,4,768,95,16070.4436,94.998,29.9286,30.8774,0.3435,0.2572,0.0664,50.0,15865.793,1.2844
train,inline,2,512,90,15540.0411,89.9768,55.7446,30.538,0.0551,0.0239,0.1332,50.0,10856.8058,0.2795
train,inline,1,256,80,14483.0464,79.7258,82.0763,64.7611,0.6185,0.0922,0.2665,50.0,14264.0666,0.0
train,inline,2,384,45,10606.683,44.9598,43.5452,48.0416,0.4059,0.4059,0.7327,50.0,10470.9624,1.3762
train,inline,4,384,30,8949.0011,29.984,23.1218,52.0351,4.5744,3.4446,0.9298,50.0,5564.3333,4.783
train,inline,4,384,85,14984.603,84.9586,29.2606,50.838,0.9999,0.7473,0.1992,50.0,12975.3198,6.1291
validation,inline,3,256,100,16601.5111,99.9682,42.7852,67.0207,0.0146,0.0112,0.0,50.0,16685.0667,0.0
train,inline,4,256,65,12751.9097,64.9541,27.3856,67.5767,0.0401,0.0401,0.4663,50.0,11290.737,0.0
train,inline,3,1024,75,13940.287,75.0046,36.6514,28.5858,0.0403,0.04,0.3331,50.0,13070.0887,9315.9871
train,inline,3,768,85,14994.6928,84.9695,37.646,30.3452,0.0279,0.0277,0.1998,50.0,14709.9426,4795.4419
train,inline,3,768,55,11735.7787,54.9979,32.1791,31.4786,0.0605,0.0605,0.5995,50.0,11798.4517,4382.9146
train,inline,2,384,90,15526.0982,89.9271,52.9576,48.6005,0.0828,0.0828,0.1332,50.0,12315.4831,0.0
train,inline,3,896,100,16631.0297,99.9982,40.9078,29.6564,0.0125,0.011,0.0,50.0,16380.4049,7501.8644
train,inline,3,1024,25,8548.2824,25.0047,29.5549,27.124,0.1,0.0978,0.9992,50.0,9809.632,7945.9903
train,inline,4,384,85,14981.7282,84.9791,27.9347,50.6441,0.9795,0.7462,0.1992,50.0,14764.7221,0.0
train,inline,3,896,75,13926.8605,75.0107,36.8033,29.9015,0.0468,0.0398,0.3331,50.0,13820.1776,6981.3087
train,inline,3,512,25,8393.3896,24.9918,26.628,37.9052,0.0799,0.0897,0.9992,50.0,5564.3333,0.0
train,inline,3,896,40,10136.6786,40.0171,31.2414,30.0916,0.082,0.0792,0.7994,50.0,9171.5154,6259.4898
train,inline,1,384,30,9250.3261,30.0566,67.6207,46.5089,0.2168,0.1674,0.9326,49.0,9804.6908,1.597
train,inline,2,1024,70,13353.389,69.9788,52.8374,28.1191,0.2333,0.1962,0.3997,50.0,14176.7263,1.5134
train,inline,4,1024,100,16609.5334,100.0144,31.9829,28.6756,0.0281,0.0117,0.0,50.0,17614.6366,0.0
train,inline,1,1024,30,9051.0943,29.878,74.612,26.9529,0.1802,0.0715,0.933,50.0,8099.9372,2.1213
train,inline,1,1024,50,11216.5256,49.9222,77.4294,26.8028,0.6356,0.0991,0.6683,50.0,12313.0385,1.3596
train,inline,4,896,25,8408.5805,24.9893,20.2778,31.7165,2.4997,1.8982,0.997,50.0,8951.9025,0.0
train,inline,3,256,25,8458.0047,24.9939,34.151,66.5639,0.099,0.0957,0.9992,50.0,9710.1908,3.0178
train,inline,2,896,85,14994.6911,84.9874,57.2101,28.3889,0.14,0.086,0.1998,50.0,15948.7405,2.9017
train,inline,2,1024,85,14992.4705,84.9834,58.2688,28.0885,0.1577,0.1042,0.1998,50.0,16514.6514,0.0
train,inline,4,512,90,15540.0317,89.9826,27.675,33.3348,1.3087,0.9837,0.1324,50.0,14721.4967,2.2575
train,inline,4,768,100,16620.1257,99.9976,30.7794,31.01,0.0241,0.0115,0.0,50.0,15442.142,3.9776
train,inline,4,1024,25,8396.8597,25.0019,19.7324,30.9181,0.1041,0.0964,0.9983,50.0,7910.4201,0.0
train,inline,4,512,55,11727.1401,55.001,24.2904,34.3445,5.8224,4.3871,0.596,50.0,11784.1302,0.0
train,inline,1,896,35,9642.5373,34.9168,72.8837,27.9229,0.3101,0.1154,0.8666,50.0,7158.454,7.4902
train,inline,1,256,60,12389.9028,59.83,78.7661,64.3741,0.4386,0.0954,0.5329,50.0,9460.7437,4.2237
train,inline,1,1024,55,11759.6578,54.9315,77.3504,26.9735,0.7461,0.1058,0.6022,50.0,14497.5232,0.0
train,inline,2,768,35,9554.8133,35.0118,38.0424,30.7017,0.2541,0.2506,0.866,50.0,11404.9202,0.0
train,inline,2,768,30,9011.2685,29.9948,36.9954,30.8458,0.2789,0.2694,0.9326,50.0,10437.4974,3.6151
train,inline,4,896,99999,18967.6888,126.9153,33.0778,29.7926,0.0394,0.003,0.0,50.0,18715.3657,7495.3016
train,inline,4,384,55,11687.4337,54.9898,26.0586,51.2161,2.9375,2.2178,0.5978,50.0,10684.6666,1.5051
train,inline,4,1024,45,10586.5773,45.0065,21.2781,30.3992,0.0727,0.0727,0.7321,50.0,10191.912,0.0
train,inline,3,896,75,13925.8955,75.0061,36.8116,29.8324,0.0447,0.0396,0.3331,50.0,13471.3145,6983.3818
train,inline,3,1024,40,10165.9487,39.9956,32.4042,27.7582,0.0853,0.0807,0.7994,50.0,8694.0458,8360.7064
train,inline,4,768,25,8424.7892,25.0022,21.7185,32.9221,4.9011,3.7004,0.9958,50.0,8415.9503,2.0639
train,inline,4,1024,80,14420.3618,80.018,28.7929,29.3283,0.0503,0.0345,0.2662,50.0,14299.2475,0.0
train,inline,4,384,99999,18964.0274,126.8415,35.7019,50.2569,0.0331,0.0016,0.0,50.0,15578.1113,1.84
train,inline,3,1024,65,12862.3875,65.0175,34.0034,28.4506,0.0508,0.0508,0.4663,50.0,12378.2594,9034.7665
train,inline,4,896,40,10051.4366,40.0019,22.5831,31.3408,2.0068,1.521,0.7976,50.0,10487.1326,1.3703
train,inline,2,640,45,10645.5556,44.998,41.8315,31.059,0.1597,0.1461,0.7327,49.0,12840.0265,0.0
train,inline,1,384,35,9779.887,35.016,69.2815,47.1617,0.2684,0.1618,0.866,49.0,6639.0804,7.9441
train,inline,4,640,85,14990.2183,85.0105,27.95,32.5401,1.4795,1.1098,0.1989,50.0,14825.309,0.0
train,inline,3,896,35,9592.2897,34.9985,30.5893,29.8718,0.0855,0.0845,0.866,50.0,10051.3601,6163.8093
train,inline,4,768,100,16616.8671,100.0028,30.8174,30.8161,0.0179,0.0112,0.0,50.0,16355.1423,1.8654
train,inline,2,256,30,8912.2457,29.9172,43.756,64.0746,0.9302,0.9302,0.9326,50.0,7383.1785,1.2376
train,inline,3,768,25,8469.6593,24.995,27.1618,32.5671,0.077,0.0932,0.9992,50.0,6654.5925,3968.2844
train,inline,1,768,99999,18966.7968,126.9405,89.0518,29.2091,0.9562,0.079,0.0,50.0,15402.8749,5280.6432
test,inline,4,256,99999,18963.0222,126.8965,35.7389,67.9729,0.0228,0.0018,0.0,50.0,18997.6889,0.0
train,inline,4,1024,90,15515.0404,90.0265,30.9326,29.112,0.0406,0.0232,0.1331,50.0,15197.4071,0.0
train,inline,1,768,90,15572.8252,90.0473,80.5943,29.7758,1.1349,0.1244,0.1361,50.0,16144.8305,0.0
train,inline,1,768,90,15570.7104,90.0371,79.3192,29.7301,1.1143,0.1233,0.1361,50.0,16045.2097,0.0
train,inline,4,768,100,16623.2041,99.988,30.5493,31.0842,0.0315,0.012,0.0,50.0,14679.1802,6.6643
train,inline,2,896,60,12272.7318,59.9829,48.3234,29.4061,0.2422,0.2087,0.5329,50.0,11776.7965,3.9804
train,inline,3,256,85,14968.0781,84.9596,42.5914,65.1858,0.0317,0.0281,0.1998,50.0,19282.2756,1.0898
train,inline,2,256,95,16059.1518,94.8831,52.3879,66.8378,0.0763,0.0763,0.0666,50.0,10356.5799,0.0
train,inline,2,640,85,14993.2076,84.967,55.0394,29.7434,0.0859,0.0487,0.1998,50.0,12069.464,0.0
train,inline,4,256,80,14413.323,79.9574,29.6856,67.6295,0.0302,0.0276,0.2665,50.0,14983.6119,0.0
train,inline,4,1024,99999,18993.882,126.9588,33.503,29.9933,0.0594,0.0041,0.0,50.0,16489.0178,9999.9905
train,inline,3,256,100,16600.9866,99.9728,44.1597,65.1064,0.0199,0.0116,0.0,50.0,21894.8403,0.0
train,inline,1,384,55,11880.3361,54.9688,73.5184,47.6288,0.4257,0.1361,0.5995,49.0,11844.3652,2.0002
train,inline,2,256,85,14960.802,84.8775,50.4334,66.4078,0.2077,0.2077,0.1998,50.0,10951.704,0.0915
train,inline,3,640,55,11714.1168,54.9941,33.1443,33.7232,0.0708,0.0604,0.5995,50.0,9459.3699,2186.8946
train,inline,2,256,25,8362.2737,24.9197,43.1646,63.902,0.0024,0.9958,0.9992,50.0,6833.2543,1.0431
train,inline,4,768,45,10610.412,45.0028,23.8867,32.3409,3.6005,2.7167,0.7303,50.0,10786.8292,1.6296
train,inline,2,896,100,16626.1843,99.9753,63.2613,28.3674,0.0733,0.0122,0.0,50.0,15572.8763,0.546
train,inline,2,896,75,13905.7278,74.9916,53.4565,28.6302,0.1805,0.135,0.3331,50.0,15342.2604,2.7458
train,inline,4,256,85,14966.3137,84.9652,31.0072,67.6682,0.0271,0.0236,0.1998,50.0,14171.0418,0.0
train,inline,3,896,50,11218.4417,50.0076,32.7658,29.5154,0.0746,0.0679,0.6661,50.0,12255.3044,6474.7968
train,inline,1,640,25,8677.4682,25.0387,64.6408,29.4197,0.2105,0.2025,0.9992,48.0,7669.4721,0.0
validation,inline,4,1024,100,16593.5778,100.0215,33.1111,27.8847,0.0156,0.0113,0.0,50.0,16653.4667,0.0
train,inline,3,768,35,9559.0083,34.9972,30.1525,32.2701,0.0851,0.083,0.866,50.0,8740.9888,4107.8168
train,inline,1,768,50,11292.0788,50.0045,71.8551,28.9535,0.5181,0.1431,0.6672,49.0,11274.4042,0.0
train,inline,4,896,99999,18975.4676,126.9445,32.874,30.4412,0.0409,0.0028,0.0,50.0,20542.2749,7492.3279
train,inline,4,640,75,13897.6601,75.001,26.829,32.7159,2.4476,1.8417,0.3315,50.0,14938.4594,0.0
train,inline,4,1024,99999,18990.7333,126.9759,32.8778,29.6816,0.0493,0.0035,0.0,50.0,19032.0222,9992.8222
train,inline,3,384,85,14975.2072,84.9609,39.7247,49.0332,0.0329,0.0275,0.1998,50.0,19407.9102,0.0
train,inline,1,640,65,12925.2885,65.0341,73.9077,30.3721,0.6486,0.1448,0.4672,49.0,11601.8556,3.6611
train,inline,1,512,60,12418.9595,60.0544,70.5774,30.8959,0.4953,0.1646,0.5329,49.0,10974.9297,2.7318
train,inline,2,512,85,14998.532,84.981,53.6867,30.4595,0.0641,0.0302,0.1998,50.0,12042.3441,1.0672
train,inline,1,768,80,14502.5867,80.0346,78.2354,28.9326,0.9866,0.1292,0.2689,50.0,17543.9857,4.5524
train,inline,2,1024,70,13360.2395,70.0035,52.6903,28.5657,0.2431,0.1967,0.3997,50.0,15443.9854,0.0
train,inline,3,256,50,11174.9645,49.9567,37.9582,66.484,0.0812,0.0682,0.6661,50.0,10372.6944,7.2899
train,inline,1,640,55,11861.865,55.0459,71.2629,29.7667,0.536,0.1589,0.6002,49.0,13392.7136,1.6869
train,inline,1,384,99999,18969.3181,126.9757,90.1363,47.6954,1.309,0.1265,0.0099,50.0,17746.4413,2.6111
train,inline,1,384,60,12402.5454,59.9626,75.1186,47.634,0.4594,0.1295,0.5329,49.0,11567.6248,1.7682
train,inline,2,896,70,13364.4581,69.9656,52.2161,29.3736,0.209,0.1601,0.3997,50.0,10722.6797,8.0205
train,inline,2,768,100,16626.113,99.9719,62.3146,29.0405,0.0669,0.0121,0.0,50.0,13167.3434,3.0082
train,inline,4,256,95,16073.5267,94.9428,32.0579,67.4589,0.0243,0.0156,0.0666,50.0,15148.2699,3.6511
train,inline,4,640,60,12260.4756,59.9956,25.9487,33.1826,3.9054,2.9401,0.5304,50.0,11331.1261,3.361
train,inline,3,512,30,8942.2812,29.9895,27.769,37.4974,0.0845,0.0845,0.9326,50.0,7724.9327,0.0
train,inline,4,896,99999,18971.7121,126.9402,33.9729,30.2647,0.0415,0.0029,0.0,50.0,18689.1336,7496.6358
train,inline,2,896,90,15539.446,89.9755,58.6845,28.7254,0.1106,0.0611,0.1332,50.0,13883.2995,0.0
train,inline,4,384,50,11136.1794,49.9857,25.6581,51.1886,3.2602,2.4629,0.6642,50.0,9888.0768,2.2035
train,inline,1,512,85,15060.9114,85.0794,76.6612,32.16,0.6645,0.1046,0.1998,50.0,15684.5986,0.0
train,inline,1,768,70,13431.6758,70.0172,76.1851,29.2704,0.8273,0.1337,0.4017,50.0,15116.2741,0.0
train,inline,1,768,80,14501.2233,80.027,77.5977,29.4943,0.969,0.1284,0.2689,50.0,14965.9356,0.0
train,inline,1,384,50,11354.9914,49.9862,72.3982,47.4592,0.3853,0.1426,0.6661,49.0,9800.5238,1.588
train,inline,2,512,40,10103.4829,40.0043,40.8566,31.8521,0.0907,0.084,0.7994,49.0,11252.0932,2.729
train,inline,4,1024,50,11136.542,50.0236,24.025,30.3433,0.0837,0.0685,0.6655,50.0,10774.8774,0.0
train,inline,4,256,45,10546.5103,44.9843,24.5821,68.3078,0.0584,0.0567,0.7327,50.0,9985.9234,0.0
train,inline,4,640,100,16623.4862,100.0006,29.7918,31.9977,0.0159,0.011,0.0,50.0,16446.0052,1.41
train,inline,3,768,95,16088.1373,94.9772,39.4044,30.3367,0.0253,0.0171,0.0666,50.0,15757.7185,4935.2856
validation,inline,1,1024,99999,18953.0,126.9007,88.3778,30.3873,0.977,0.0756,0.0,50.0,23970.6,10597.8
train,inline,4,1024,70,13328.0603,69.9979,27.5334,29.8641,0.0688,0.0463,0.3993,50.0,10989.204,3.1877
train,inline,2,256,60,12208.7844,59.8912,47.4306,65.2294,0.5362,0.5362,0.5329,50.0,7881.2733,0.0
train,inline,1,640,65,12923.783,65.0465,73.013,30.2899,0.6353,0.1441,0.4672,49.0,12793.6201,0.0
train,inline,1,256,75,13958.587,74.7527,80.3344,64.6124,0.5607,0.0923,0.3331,50.0,13370.0866,0.0
train,inline,3,256,80,14429.1251,79.9749,41.7282,65.5425,0.0431,0.034,0.2665,50.0,19261.7223,0.0
train,inline,4,640,50,11169.8366,50.0004,24.339,33.3523,4.8761,3.6722,0.663,50.0,12274.6196,0.0
train,inline,1,512,75,14003.9411,75.0788,75.128,31.7073,0.6002,0.1287,0.3331,49.0,13798.0601,0.9423
train,inline,2,512,30,9018.576,30.0052,36.9471,32.201,0.0997,0.0962,0.9326,49.0,12682.8521,0.0
train,inline,4,768,75,13887.9201,75.0039,27.4637,31.6052,1.6476,1.241,0.3319,50.0,14777.8803,0.2476
train,inline,3,640,70,13348.5531,69.9782,35.2463,32.5855,0.0433,0.0433,0.3997,50.0,12239.7822,2294.7909
train,inline,2,1024,50,11178.1464,49.9988,44.836,28.7836,0.341,0.319,0.6661,50.0,13217.0045,0.7097
train,inline,1,1024,70,13384.9387,69.952,79.8959,26.957,1.0939,0.127,0.4036,50.0,14562.3098,1.7639
validation,inline,1,256,100,16572.5778,99.5814,83.8667,67.3777,1.2036,0.1464,0.0,50.0,9678.0667,0.0
train,inline,4,1024,40,10036.9645,40.0032,22.4841,30.2747,0.0849,0.0791,0.7986,50.0,10284.5098,2.1251
train,inline,2,768,35,9547.1685,34.9855,38.7239,30.1719,0.2528,0.2505,0.866,50.0,11297.5667,1.3879
train,inline,4,640,95,16078.9497,95.0077,29.4222,32.2234,0.5041,0.3773,0.0663,50.0,15790.244,0.0
train,inline,4,768,95,16073.7228,95.0041,29.5758,31.0539,0.3472,0.2573,0.0664,50.0,17509.9983,0.0
train,inline,3,1024,85,15018.3532,85.0168,38.4584,28.6662,0.0344,0.0287,0.1998,50.0,15350.4264,9588.5681
train,inline,3,384,80,14423.4525,79.9421,38.1686,48.8564,0.0326,0.0326,0.2665,50.0,15732.2733,0.0
train,inline,1,512,25,8731.687,25.0938,60.9777,29.6742,0.2545,0.2481,0.9992,48.0,10291.7408,1.533
train,inline,3,768,35,9559.0471,34.9864,30.5463,32.3353,0.0868,0.0831,0.866,50.0,7178.9949,4113.1218
train,inline,4,512,40,10093.5879,40.0093,23.6581,34.313,7.7736,5.8464,0.7946,50.0,12173.237,3.9597
train,inline,3,1024,25,8543.3275,24.9878,29.6469,26.9332,0.0941,0.0976,0.9992,50.0,8274.4721,7945.9744
train,inline,2,256,100,16610.556,99.8736,52.1091,66.7802,0.0169,0.0107,0.0,50.0,12660.5258,1.1319
train,inline,2,512,45,10650.6793,44.9964,41.6202,31.6165,0.095,0.0785,0.7327,49.0,11633.5971,3.5045
train,inline,2,384,60,12243.5834,59.9457,47.2753,48.3999,0.2978,0.2978,0.5329,50.0,9372.6751,1.0233
train,inline,2,1024,50,11180.2593,50.0051,44.5384,28.7186,0.3457,0.3194,0.6661,50.0,13554.4995,0.0
train,inline,4,384,80,14434.3976,79.9918,28.536,50.8212,1.3194,0.9922,0.2657,50.0,13852.7985,0.0
train,inline,4,256,95,16067.3533,94.9378,32.0528,67.1341,0.0151,0.0151,0.0666,50.0,15676.4768,1.0184
train,inline,4,1024,55,11682.0846,55.0108,23.9083,30.0732,0.0648,0.0621,0.599,50.0,11425.6448,0.0
train,inline,3,768,60,12281.0741,59.9818,34.2461,31.659,0.0645,0.0559,0.5329,50.0,10033.7361,4454.3326
train,inline,1,896,60,12333.2728,59.9774,76.3503,27.6549,0.7791,0.1262,0.5352,50.0,14553.8379,4.3141
train,inline,2,512,85,14998.2608,84.9791,53.8407,30.4893,0.065,0.0302,0.1998,50.0,11825.4543,1.0454
train,inline,1,512,30,9256.142,30.086,62.9269,30.0299,0.2828,0.2358,0.9326,48.0,9492.6348,2.5149
train,inline,3,1024,65,12862.047,64.9989,35.8065,28.3452,0.0577,0.0519,0.4663,50.0,11611.9505,9044.8244
train,inline,4,384,35,9495.3818,35.0023,23.3652,51.7493,4.2423,3.1989,0.8634,50.0,9023.0118,0.0
train,inline,2,1024,95,16078.5752,94.9674,61.7269,27.6372,0.0975,0.0426,0.0666,50.0,15987.1372,0.0
train,inline,4,768,90,15528.2494,90.0086,27.6077,31.3277,0.6564,0.5025,0.1328,50.0,15708.8763,0.0
train,inline,2,256,30,8912.321,29.9177,42.8027,64.3617,0.9295,0.9295,0.9326,50.0,6434.2603,0.0
train,inline,1,640,99999,18977.2466,126.9685,90.3291,29.8037,1.1943,0.0995,0.0,50.0,13600.4804,2646.7505
train,inline,4,640,25,8435.8684,24.9803,21.7782,33.588,7.3005,5.5027,0.9945,50.0,8111.5087,0.0
train,inline,3,384,99999,18956.8597,126.9079,45.76,49.1709,0.0671,0.0028,0.0,50.0,15411.8889,10000.6187
train,inline,4,896,99999,18973.4745,126.9387,33.2924,30.2257,0.0455,0.0032,0.0,50.0,18812.8924,7492.4754
train,inline,4,512,99999,18927.8222,126.8356,34.3556,32.2511,0.0325,0.0021,0.0,50.0,18975.2667,0.0
train,inline,3,384,40,10064.5741,39.9932,31.8607,51.7188,0.076,0.076,0.7994,50.0,9084.4363,0.0
train,inline,2,896,100,16627.2962,99.9668,63.7524,28.5203,0.0777,0.0124,0.0,50.0,13740.2487,4.9684
train,inline,2,896,35,9548.8346,35.0035,37.6576,29.8535,0.3305,0.3305,0.866,50.0,11594.5753,0.0
train,inline,4,640,95,16081.6237,95.0126,28.9678,32.2957,0.5088,0.3776,0.0663,50.0,15882.5035,0.0
train,inline,2,896,30,9003.2946,30.013,37.4373,30.0054,0.3586,0.3554,0.9326,50.0,11223.5687,0.3448
train,inline,1,512,95,16115.5943,95.0754,79.8375,32.4163,0.7406,0.0811,0.0666,50.0,15986.7107,0.0
train,inline,4,640,25,8443.4149,25.0093,22.0247,34.1647,7.3077,5.5029,0.9945,50.0,8980.3209,0.0
train,inline,2,1024,90,15537.8701,89.9854,60.3871,27.8199,0.1361,0.0738,0.1332,50.0,16586.1456,0.5148
train,inline,4,896,75,13882.7982,75.0233,27.6825,30.5379,0.8576,0.6409,0.3323,50.0,14267.5477,0.0
train,inline,1,384,50,11354.6005,50.0016,72.3229,47.4394,0.3835,0.1425,0.6661,49.0,11226.1266,0.0
train,inline,3,896,99999,18956.7676,126.8914,39.8595,30.6277,0.0108,0.001,0.0,50.0,18746.1662,9989.5341
train,inline,4,768,70,13344.0994,70.0123,26.3627,31.8586,1.9736,1.4871,0.3983,50.0,13137.4174,0.0
train,inline,4,768,95,16074.8844,94.9983,29.6684,31.0425,0.3507,0.2576,0.0664,50.0,15597.5508,2.6836
train,inline,1,512,95,16114.1032,95.0762,80.5454,32.3856,0.7416,0.0811,0.0666,50.0,15323.3472,1.0985
train,inline,1,1024,90,15555.599,89.9822,82.31,27.1769,1.5578,0.1552,0.1389,50.0,16503.6033,2.2254
train,inline,2,1024,95,16081.3288,94.9797,62.6207,27.8762,0.1067,0.0429,0.0666,50.0,17370.1437,0.0
train,inline,2,896,60,12272.238,59.9975,47.8298,29.0038,0.2411,0.2085,0.5329,50.0,14370.6992,2.3921
train,inline,2,640,90,15539.9577,89.9767,56.5742,29.887,0.0742,0.0363,0.1332,50.0,12181.2641,0.0
train,inline,4,256,25,8340.3024,24.9926,22.1139,68.5995,0.0848,0.0741,0.9992,50.0,5564.3333,1.5704
train,inline,3,896,35,9593.4298,35.0059,29.9521,29.9878,0.0843,0.0843,0.866,50.0,8696.5315,6160.1565
train,inline,2,896,35,9542.5278,34.9801,38.3642,29.3403,0.3343,0.3308,0.866,50.0,11957.9809,0.3927
train,inline,2,768,25,8466.3582,24.9996,35.247,30.9182,0.2917,0.2877,0.9992,50.0,10194.6635,3.167
train,inline,4,1024,95,16062.3514,95.0209,31.3126,28.848,0.0363,0.0177,0.0666,50.0,15829.5151,0.0
train,inline,3,768,60,12279.8643,59.9887,33.9465,31.2937,0.0623,0.0556,0.5329,50.0,12024.6584,4455.5826
train,inline,3,1024,30,9091.0093,29.9926,30.8254,27.6913,0.1039,0.0927,0.9326,50.0,6754.3042,8085.7293
train,inline,2,256,50,11108.0796,49.8901,46.1173,64.7594,0.6674,0.6674,0.6661,50.0,7282.5861,0.0
train,inline,3,896,45,10676.5899,44.9917,32.2421,29.9301,0.0781,0.0735,0.7327,50.0,10017.5713,6371.8481
train,inline,3,1024,99999,18964.4652,126.9342,43.7363,29.6169,0.0666,0.004,0.0,50.0,20787.3467,9994.4763
train,inline,1,896,80,14485.4468,80.0002,79.5499,28.064,1.1526,0.1349,0.2701,50.0,16966.4665,0.8164
train,inline,2,512,99999,18927.1174,126.793,62.9811,30.0338,0.0848,0.0033,0.0,50.0,18630.2564,2.0181
train,inline,1,768,45,10761.3027,45.0197,71.8612,29.0407,0.4643,0.1468,0.7336,49.0,10644.0277,0.0
train,inline,1,512,65,12951.0825,65.0604,72.1668,31.4166,0.5367,0.153,0.4663,49.0,10809.9441,4.5322
train,inline,2,384,55,11696.6513,54.9375,45.6913,48.1895,0.3339,0.3339,0.5995,50.0,10210.9304,0.0
train,inline,1,512,50,11371.4874,50.1053,68.2246,31.1378,0.4343,0.1889,0.6661,49.0,10662.7643,0.0
train,inline,2,640,35,9560.5645,34.9913,38.25,31.5605,0.1779,0.1707,0.866,49.0,9575.5794,2.9506
train,inline,4,896,55,11693.2663,55.0079,24.5249,30.7452,1.5147,1.1438,0.5982,50.0,13080.9508,2.6922
train,inline,1,384,80,14506.5475,79.8999,79.3594,48.2725,0.6256,0.1044,0.2665,50.0,13485.0314,0.5012
train,inline,2,768,80,14451.667,79.9866,53.4802,29.4911,0.1165,0.0851,0.2665,50.0,13324.1625,0.0
train,inline,4,896,90,15520.361,90.0099,29.4165,30.1007,0.3483,0.2628,0.1329,50.0,15353.3701,0.0
train,inline,1,768,40,10222.5836,39.9935,70.5764,28.6258,0.3823,0.1488,0.8,49.0,10248.6643,0.0
train,inline,3,256,80,14429.0321,79.9745,41.731,65.5566,0.043,0.034,0.2665,50.0,20042.4935,0.0
train,inline,2,512,95,16080.0392,94.954,56.9952,30.0129,0.0542,0.018,0.0666,50.0,11860.2207,0.0
train,inline,2,512,45,10650.5461,44.9929,41.1494,31.8905,0.0861,0.0781,0.7327,49.0,10388.8096,0.1858
train,inline,2,768,45,10642.1221,45.0007,41.6701,30.4003,0.2247,0.2138,0.7327,50.0,13279.5564,0.0
train,inline,1,256,60,12386.7595,59.8447,78.3712,64.1363,0.4295,0.0948,0.5329,50.0,12685.5889,0.0
train,inline,1,640,100,16642.147,100.0611,80.927,31.2235,1.0183,0.0937,0.0016,50.0,16664.1823,0.0
train,inline,1,512,70,13481.0651,70.0652,73.6905,31.7817,0.5761,0.1414,0.3997,49.0,10880.5995,4.2442
train,inline,4,640,65,12806.7305,65.002,25.7699,32.8295,3.4202,2.574,0.4641,50.0,13888.2583,0.9374
train,inline,2,512,95,16084.5242,94.9722,57.2853,30.387,0.0576,0.0181,0.0666,50.0,12266.6189,0.0
train,inline,3,384,85,14972.5316,84.9462,39.6455,48.7697,0.0309,0.0277,0.1998,50.0,16537.8371,1.0796
train,inline,2,1024,85,14993.6388,84.991,57.9712,28.1873,0.1553,0.1042,0.1998,50.0,15323.3216,0.0
train,inline,2,768,50,11186.0003,49.9901,44.4992,30.3224,0.2168,0.1958,0.6661,50.0,10941.834,4.0781
test,inline,3,512,25,8434.2889,24.9955,28.4296,30.831,5.7369,5.6392,0.9975,50.0,5608.1556,0.0
validation,inline,4,256,99999,18956.4222,126.9918,36.2944,70.0823,0.0452,0.0024,0.0,50.0,18947.8667,0.0
train,inline,4,256,45,10548.265,44.973,24.7957,68.4173,0.0635,0.0571,0.7327,50.0,7232.6586,3.66
train,inline,3,256,30,8993.7338,29.9619,34.5864,66.217,0.0898,0.0898,0.9326,50.0,9544.6024,0.3719
train,inline,4,512,80,14451.4306,79.9989,25.8448,33.7466,2.5874,1.9555,0.2649,50.0,14248.0778,0.0
train,inline,4,640,70,13353.9386,70.0044,26.5304,32.9776,2.9379,2.2082,0.3978,50.0,12719.6384,0.0
train,inline,2,768,70,13363.3105,69.9912,50.8254,29.489,0.159,0.1224,0.3997,50.0,14196.421,1.9551
train,inline,1,640,90,15581.377,90.0718,79.9773,31.1169,0.9243,0.109,0.1347,50.0,15273.8111,0.0
train,inline,4,384,75,13884.6782,74.9758,27.8143,50.8479,1.6424,1.2372,0.3321,50.0,13734.754,1.0833
train,inline,1,640,99999,18974.9146,126.9807,90.0193,29.6039,1.1874,0.0991,0.0,50.0,15251.2639,2642.1582
train,inline,1,768,99999,18967.9668,126.9436,90.2807,29.2083,0.9729,0.08,0.0,50.0,14357.8829,5281.5528
train,inline,1,512,55,11894.2664,55.0761,68.6634,30.9528,0.4536,0.1761,0.5995,49.0,11381.6554,0.0
train,inline,1,896,55,11791.4346,54.9599,75.2269,27.7831,0.6725,0.1235,0.6015,50.0,12398.829,0.0
train,inline,2,768,90,15533.8138,89.9584,57.8075,28.716,0.0938,0.0488,0.1332,50.0,13685.1062,1.2921
train,inline,2,256,85,14959.826,84.8833,50.4989,66.3203,0.208,0.208,0.1998,50.0,9696.4781,0.0
train,inline,2,640,50,11190.9423,49.9975,42.0108,31.1356,0.1341,0.1332,0.6661,50.0,10871.6228,0.0
train,inline,4,768,95,16074.6329,95.0001,29.7009,31.1418,0.3499,0.2574,0.0664,50.0,17245.7542,0.6937
train,inline,2,640,99999,18939.2083,126.8388,61.3246,29.4954,0.0786,0.0035,0.0,50.0,19050.7202,2497.9366
train,inline,3,640,75,13899.4362,74.9947,35.7428,32.5426,0.0426,0.0384,0.3331,50.0,12780.7037,2320.1837
train,inline,1,768,55,11826.7448,54.9781,73.7353,28.9204,0.6109,0.1417,0.6008,49.0,10170.27,5.5136
train,inline,1,896,85,15025.6662,85.0241,80.8977,28.4683,1.2514,0.1375,0.2038,50.0,16128.4562,0.0
train,inline,2,896,90,15539.3381,89.9863,58.3,28.7398,0.1054,0.0609,0.1332,50.0,14426.1986,0.0
train,inline,4,256,30,8888.6173,30.0063,23.1266,68.5995,0.071,0.0693,0.9326,50.0,5987.2862,0.0
train,inline,2,384,50,11149.6324,49.9246,44.7715,48.1395,0.3701,0.3701,0.6661,50.0,8018.9657,3.5328
train,inline,3,256,55,11717.4595,54.993,38.5215,66.3344,0.0736,0.0625,0.5995,50.0,13337.9111,0.0
train,inline,1,384,60,12405.1814,59.9643,73.2225,47.755,0.4477,0.129,0.5329,49.0,11543.0552,0.0
train,inline,1,256,45,10816.2046,44.9448,75.6756,63.6412,0.2922,0.0971,0.7327,50.0,10716.2686,0.0
train,inline,3,512,25,8395.5254,24.9782,27.794,37.9125,0.0986,0.0907,0.9992,50.0,5564.3333,5.401
train,inline,2,640,45,10646.9141,45.0068,41.8492,31.1472,0.1615,0.1463,0.7327,49.0,11454.6414,0.0
train,inline,1,384,100,16606.5947,99.8293,84.0133,48.7389,0.7874,0.0792,0.0,50.0,15163.6324,1.603
train,inline,2,512,55,11735.6743,54.9916,43.2264,31.5206,0.0654,0.0654,0.5995,49.0,10838.7739,0.0
train,inline,4,512,80,14447.2638,79.9788,26.7696,33.371,2.5969,1.956,0.2649,50.0,14023.2111,1.1557
train,inline,2,256,65,12762.288,64.8887,48.1505,65.687,0.4707,0.4707,0.4663,50.0,7751.131,0.812
train,inline,3,640,45,10614.8125,44.981,31.5592,33.8981,0.0704,0.0704,0.7327,50.0,8835.9809,2124.556
train,inline,4,256,85,14967.2741,84.9605,29.6218,67.7017,0.023,0.023,0.1998,50.0,15244.54,0.0
train,inline,4,384,85,14978.9543,84.9792,29.6194,50.5616,0.9868,0.7464,0.1992,50.0,14435.6102,2.0738
train,inline,3,768,35,9552.1818,34.9711,29.936,31.7582,0.0828,0.0828,0.866,50.0,8293.0223,4110.0595
train,inline,4,768,90,15529.9612,89.9967,29.1422,31.135,0.6806,0.5037,0.1328,50.0,15074.9463,5.5256
train,inline,2,1024,55,11722.5899,55.0006,46.4101,28.7676,0.3058,0.2879,0.5995,50.0,13041.5363,0.0
train,inline,3,384,30,8975.196,29.9866,32.0168,52.3799,0.0992,0.0882,0.9326,50.0,6062.2967,0.0
train,inline,1,640,55,11861.505,55.0439,71.3548,29.9778,0.5344,0.1588,0.6002,49.0,14288.8228,0.0
train,inline,2,256,30,8909.2575,29.905,43.7116,63.972,0.9301,0.9301,0.9326,50.0,6131.0828,0.7484
train,inline,1,384,95,16083.9996,94.8521,82.4536,48.7527,0.7469,0.0855,0.0666,50.0,14866.3065,0.054
train,inline,2,640,85,14994.1212,84.9699,55.063,29.8407,0.0865,0.0486,0.1998,50.0,13312.9841,0.0
train,inline,1,768,25,8618.4214,24.9577,67.7893,28.3679,0.1612,0.1565,0.9992,49.0,6867.9077,4.7658
train,inline,1,640,90,15583.6617,90.0361,80.1079,31.2657,0.9316,0.1094,0.1347,50.0,12762.0853,6.2793
train,inline,2,512,40,10102.4581,39.9989,40.7719,31.8298,0.0892,0.084,0.7994,49.0,10948.0191,2.0661
train,inline,3,768,35,9559.3093,34.9992,29.9928,31.9342,0.0876,0.0831,0.866,50.0,9682.9138,4112.2787
train,inline,1,640,50,11329.299,50.0402,70.3983,29.8335,0.4768,0.1659,0.6667,49.0,11636.8859,0.4244
train,inline,3,256,65,12800.0281,64.9745,38.3805,65.9095,0.0501,0.0501,0.4663,50.0,15536.2958,0.0
train,inline,1,640,40,10270.701,40.0558,68.1129,29.8118,0.3747,0.1809,0.7997,49.0,10287.6177,0.0
train,inline,1,1024,99999,18953.1765,126.8525,90.5357,27.9604,0.5444,0.0416,0.0,50.0,13716.0999,10569.1333
train,inline,3,640,50,11162.4893,49.9794,30.7729,33.6809,0.0645,0.0645,0.6661,50.0,9394.9906,2154.076
train,inline,2,1024,40,10091.2641,39.9954,40.7313,29.1139,0.3992,0.3808,0.7994,50.0,11299.8824,2.1723
train,inline,2,512,30,9019.9642,29.9963,37.1163,32.288,0.1037,0.0966,0.9326,49.0,10521.2948,2.7394
train,inline,2,256,45,10562.4327,44.9113,45.6123,64.7199,0.7333,0.7333,0.7327,50.0,7657.8263,0.0
train,inline,4,896,85,14974.9939,85.0048,28.9669,30.1254,0.5237,0.3891,0.1994,50.0,15048.0055,2.5501
test,inline,2,1024,100,16647.6222,100.0041,49.1333,28.5622,0.0144,0.0111,0.0,50.0,16654.1556,0.0
train,inline,4,384,95,16073.9431,94.9554,29.6679,49.9808,0.3345,0.2561,0.0664,50.0,15791.195,0.0058
train,inline,4,768,50,11154.361,49.9893,24.0105,31.949,3.2737,2.4708,0.6639,50.0,11310.5953,0.8568
train,inline,1,768,30,9153.5377,29.9843,68.3975,28.4974,0.2296,0.1535,0.9328,49.0,10123.7149,0.0
train,inline,3,1024,100,16634.1018,100.0156,40.376,29.15,0.0108,0.0108,0.0,50.0,16309.9168,9999.4924
train,inline,3,768,35,9557.915,34.9964,30.3335,32.1121,0.084,0.0829,0.866,50.0,8715.2328,4111.3381
train,inline,4,256,100,16625.1433,99.952,32.5831,67.1659,0.018,0.0112,0.0,50.0,17462.7274,0.9041
train,inline,4,384,95,16075.0376,94.9612,29.758,49.8305,0.3392,0.2563,0.0664,50.0,16743.8789,2.1334
train,inline,1,640,30,9205.9329,30.0357,64.6584,29.4014,0.2479,0.1943,0.9327,49.0,9683.7182,0.0
train,inline,3,384,25,8426.8012,24.9984,30.6449,51.8717,0.0998,0.0931,0.9992,50.0,9254.411,4.3531
train,inline,3,384,99999,18959.572,126.905,43.704,49.2315,0.0563,0.0024,0.0,50.0,15535.3479,9995.7348
train,inline,4,1024,50,11129.8443,49.9896,23.4372,29.8261,0.0711,0.0678,0.6655,50.0,10936.8317,0.0
train,inline,1,1024,99999,18954.7506,126.8631,90.9074,28.4873,0.5462,0.0418,0.0,50.0,12367.1167,10562.6308
train,inline,2,1024,100,16629.598,99.9738,64.7446,27.9829,0.0893,0.0128,0.0,50.0,15174.6195,0.7002
train,inline,2,512,45,10645.4084,44.9887,41.9034,31.5541,0.0861,0.0781,0.7327,49.0,11005.2532,1.258
train,inline,1,640,55,11860.184,55.0459,71.8629,30.0028,0.532,0.1588,0.6002,49.0,11645.0773,0.1806
train,inline,1,512,30,9258.8882,30.0908,62.3357,30.2483,0.2845,0.236,0.9326,48.0,8997.3722,0.0
train,inline,1,1024,40,10134.223,39.9102,76.0905,26.9125,0.4098,0.0854,0.8007,50.0,10575.619,0.0
train,inline,4,256,60,12206.364,59.9889,26.7615,68.2149,0.0489,0.0446,0.5329,50.0,10498.4425,0.0
train,inline,4,512,30,9001.0055,29.9992,23.0833,34.8843,9.0604,6.8189,0.9271,50.0,8814.4604,0.0
train,inline,4,640,95,16074.1215,94.975,28.6709,31.729,0.5005,0.3772,0.0663,50.0,15514.5006,1.4982
train,inline,3,640,90,15535.9644,89.9698,37.674,31.3866,0.0218,0.0218,0.1332,50.0,15305.3904,2430.2507
train,inline,3,640,85,14990.8436,84.9808,37.5208,31.6416,0.0352,0.0277,0.1998,50.0,15050.9233,2395.3467
train,inline,2,512,35,9562.1014,35.0021,38.4879,32.0463,0.0964,0.0902,0.866,49.0,12284.3636,0.0
train,inline,1,512,95,16116.7913,95.0641,80.6035,32.5507,0.7486,0.0816,0.0666,50.0,13722.0844,4.718
train,inline,4,384,85,14980.2796,84.9777,29.1531,50.5103,0.9888,0.7466,0.1992,50.0,14760.9452,1.2335
train,inline,2,512,50,11195.3314,49.9845,43.3837,31.6822,0.0946,0.0727,0.6661,49.0,10191.4323,5.3168
train,inline,1,768,35,9688.8151,34.9918,68.5498,28.6927,0.2946,0.1506,0.8664,49.0,10394.0319,0.0
train,inline,2,768,75,13907.3686,74.9807,52.7538,29.6445,0.1431,0.1041,0.3331,50.0,13233.8792,0.8465
train,inline,2,384,50,11150.1231,49.9441,44.8701,48.2137,0.3697,0.3697,0.6661,50.0,9204.1385,0.7395
train,inline,1,896,80,14486.9916,79.9984,79.6258,27.9804,1.1578,0.1352,0.2701,50.0,16492.7675,4.6256
train,inline,4,384,65,12784.2964,64.9869,27.3629,51.0033,2.2868,1.7273,0.4649,50.0,11892.2134,1.9896
train,inline,1,640,75,13980.6701,75.0307,75.8592,30.0298,0.75,0.13,0.3342,50.0,14133.8612,1.1464
train,inline,2,768,95,16083.5401,94.9761,59.7925,29.161,0.0832,0.0305,0.0666,50.0,15863.619,0.0
train,inline,3,896,99999,18965.5549,126.8579,43.5067,30.5531,0.0762,0.0044,0.0,50.0,16857.5927,10015.743
train,inline,3,896,55,11761.2769,55.0159,33.138,30.0603,0.062,0.062,0.5995,50.0,10892.0295,6567.4834
train,inline,4,1024,55,11683.7482,54.9873,24.8915,30.166,0.0796,0.0629,0.599,50.0,9615.9426,5.6037
train,inline,2,512,35,9559.9158,35.005,39.2409,32.0434,0.0932,0.09,0.866,49.0,11005.8589,1.9634
train,inline,3,512,50,11136.1483,49.9774,31.8309,35.6828,0.0637,0.0637,0.6661,50.0,9049.622,0.7204
train,inline,3,256,50,11171.5226,49.9786,36.901,66.2352,0.0672,0.0672,0.6661,50.0,13099.2419,0.0
train,inline,2,640,70,13365.9821,69.9929,50.019,30.0602,0.1198,0.0854,0.3997,50.0,14110.3487,2.9559
train,inline,4,640,50,11173.1716,49.9859,24.6981,33.4951,4.8864,3.6729,0.663,50.0,9591.2544,7.0663
train,inline,1,1024,35,9592.3351,34.9007,75.2273,26.6936,0.2974,0.0784,0.8669,50.0,11983.6591,2.2051
train,inline,1,256,75,13959.2313,74.7355,81.2897,64.6095,0.5743,0.0931,0.3331,50.0,11472.3034,4.014
validation,inline,2,512,99999,18967.8,126.9276,57.1667,30.0458,0.0201,0.0019,0.0,50.0,25303.4889,0.0
train,inline,2,384,99999,18942.3367,126.8997,63.8231,47.0464,0.0546,0.0025,0.0016,50.0,22347.9603,0.5857
train,inline,3,768,99999,18954.1197,126.8839,42.6062,30.5182,0.0563,0.003,0.0,50.0,22064.9884,9999.1975
train,inline,1,896,85,15022.5146,85.0084,80.1704,28.3138,1.2357,0.1366,0.2038,50.0,16180.8891,0.0
train,inline,4,512,95,16086.0541,94.9981,27.2833,33.2139,0.6545,0.497,0.0662,50.0,16402.2347,0.0
train,inline,2,768,25,8464.9135,24.984,35.2329,30.8052,0.2931,0.2879,0.9992,50.0,9357.1409,5.2562
train,inline,4,640,60,12264.731,59.9804,25.7958,33.3465,3.916,2.9408,0.5304,50.0,9846.9482,7.8213
train,inline,4,896,35,9504.8044,35.0002,21.8029,31.6536,2.1718,1.6466,0.8641,50.0,11625.4846,0.0
train,inline,4,1024,30,8944.1905,30.0062,20.3605,30.4517,0.1,0.0907,0.9317,50.0,10016.2742,0.756
train,inline,2,1024,50,11179.1312,49.9978,44.512,28.7935,0.3424,0.3191,0.6661,50.0,13998.2361,0.0
train,inline,3,896,100,16630.9878,99.9983,40.9236,29.6572,0.0124,0.011,0.0,50.0,16374.6389,7501.9042
train,inline,4,896,35,9502.2098,34.9901,21.7045,31.4203,2.1693,1.6467,0.8641,50.0,10053.5634,0.0
train,inline,4,512,35,9548.5939,34.9901,24.0553,35.0483,8.419,6.3328,0.8609,50.0,7873.4234,5.2242
train,inline,4,768,85,14979.8735,85.0052,28.8235,31.27,0.9961,0.7491,0.1992,50.0,14976.8192,1.5601
train,inline,3,512,25,8392.8222,24.988,27.5037,37.7926,0.0902,0.0902,0.9992,50.0,5564.3333,0.0
train,inline,2,640,60,12275.2722,59.9842,46.7051,30.3821,0.1322,0.1096,0.5329,50.0,12229.2215,1.08
train,inline,1,384,70,13455.8288,69.9325,76.5408,47.4354,0.549,0.1173,0.3997,50.0,14647.0645,3.9729
train,inline,4,896,45,10599.6302,44.9961,23.2844,31.3116,1.8446,1.3954,0.7312,50.0,10231.1002,2.5142
train,inline,1,256,65,12910.3204,64.8133,79.1382,63.9644,0.4777,0.0942,0.4663,50.0,13084.7981,2.0646
train,inline,4,896,45,10599.5631,44.996,23.3444,31.4293,1.8442,1.3953,0.7312,50.0,11283.9269,1.126
train,inline,3,384,95,16066.6757,94.9546,41.1665,48.4211,0.0221,0.0167,0.0666,50.0,19738.2135,0.0
train,inline,3,256,100,16599.1708,99.9544,43.879,64.9582,0.0146,0.0112,0.0,50.0,21752.378,0.0
train,inline,3,640,40,10071.5077,39.9896,30.4384,34.337,0.0781,0.076,0.7994,50.0,8834.7635,2087.5325
train,inline,2,1024,95,16079.0351,94.978,63.0693,27.7932,0.1038,0.0427,0.0666,50.0,15974.7408,1.861
train,inline,4,256,95,16068.7136,94.9393,31.8207,67.1952,0.0166,0.0151,0.0666,50.0,16668.0432,0.0
train,inline,3,1024,45,10705.2554,45.0104,31.3179,27.7955,0.0741,0.0741,0.7327,50.0,10703.6078,8490.0092
train,inline,3,256,65,12799.2052,64.975,39.8223,65.8293,0.055,0.0507,0.4663,50.0,15642.449,0.0
train,inline,3,640,35,9526.4801,35.0011,29.8013,34.745,0.0866,0.0816,0.866,50.0,7776.7702,2049.9035
train,inline,1,384,70,13456.29,69.931,76.7018,47.8963,0.5458,0.1171,0.3997,50.0,14287.101,0.0608
train,inline,1,768,30,9152.1839,29.9819,68.3912,28.0288,0.2335,0.1537,0.9328,49.0,10497.0142,2.8283
train,inline,3,512,60,12233.7711,59.9717,33.6235,34.8124,0.0532,0.0532,0.5329,50.0,10739.7377,1.2126
train,inline,2,256,80,14412.4791,79.8744,49.9605,66.2034,0.2738,0.2738,0.2665,50.0,8816.1369,4.254
train,inline,3,768,65,12822.5791,64.9832,35.0425,31.3596,0.0533,0.0499,0.4663,50.0,11452.3844,4522.9532
train,inline,4,896,45,10594.4084,44.9863,23.1099,31.0342,1.838,1.395,0.7312,50.0,11550.6166,0.0
train,inline,2,640,55,11736.339,54.9788,45.5339,31.0239,0.1507,0.1224,0.5995,50.0,9712.3318,4.8855
train,inline,4,896,75,13880.8887,75.0157,27.698,30.5499,0.8548,0.6409,0.3323,50.0,13571.9151,0.0
train,inline,4,384,90,15532.4135,89.9905,29.2598,50.659,0.6663,0.5016,0.1328,50.0,15054.9344,0.0
train,inline,2,1024,80,14446.9199,79.983,56.4486,28.1467,0.1855,0.1349,0.2665,50.0,17007.6716,0.0
train,inline,4,256,65,12759.0711,64.9799,27.7579,68.1271,0.0486,0.0406,0.4663,50.0,10904.9452,0.0
train,inline,4,1024,45,10582.996,44.9911,22.7992,30.0262,0.0786,0.0735,0.7321,50.0,10940.3432,0.0
train,inline,1,640,30,9207.4184,30.0456,65.6107,29.3615,0.2625,0.1951,0.9327,49.0,9374.5772,0.0
train,inline,3,768,90,15543.5288,89.9887,38.4555,30.2749,0.0296,0.0224,0.1332,50.0,17401.733,4865.5
train,inline,1,512,70,13477.3852,70.0775,73.397,31.518,0.566,0.1407,0.3997,49.0,13487.639,0.0
train,inline,3,768,30,9014.9155,29.9914,29.3942,32.4211,0.0906,0.0885,0.9326,50.0,7936.9562,4041.7729
train,inline,2,384,80,14432.326,79.9323,50.6618,48.5134,0.1545,0.1545,0.2665,50.0,10238.6993,0.0
train,inline,4,1024,50,11130.3286,49.9822,23.7192,29.8617,0.0757,0.0681,0.6655,50.0,10244.1693,2.3038
train,inline,1,768,25,8619.9927,24.9726,67.7295,28.4887,0.1604,0.1563,0.9992,49.0,8359.0978,2.1853
train,inline,2,896,65,12814.3913,64.9934,50.3666,29.1049,0.2156,0.1837,0.4663,50.0,13437.9881,2.008
train,inline,4,896,65,12787.278,64.9998,26.2139,30.8811,1.1838,0.8921,0.4653,50.0,13913.94,0.8326
train,inline,1,512,75,14008.1346,75.062,75.0137,31.935,0.6104,0.1293,0.3331,49.0,12120.7769,5.0684
train,inline,2,512,95,16077.4432,94.9442,56.9104,29.7955,0.0519,0.018,0.0666,50.0,10809.823,0.6915
train,inline,3,768,70,13367.2434,69.9909,34.558,31.1598,0.0439,0.0439,0.3997,50.0,12956.2996,4587.0749
train,inline,2,512,40,10103.5986,39.9954,40.2484,31.7893,0.0908,0.0842,0.7994,49.0,11127.2133,0.7861
train,inline,1,512,100,16641.8519,100.0603,81.5144,32.468,0.78,0.0695,0.0,50.0,14948.0528,2.2235
train,inline,1,896,100,16640.0454,100.0145,82.9762,28.5203,1.5337,0.1441,0.0049,50.0,17811.9829,2.7661
train,inline,3,768,90,15543.7403,89.9602,38.8689,30.6385,0.0326,0.0228,0.1332,50.0,13178.9889,4869.0981
train,inline,3,640,95,16084.8695,94.9595,39.202,31.0386,0.0293,0.0172,0.0666,50.0,15529.4802,2472.0228
train,inline,4,1024,75,13872.7915,75.0173,26.9696,29.1843,0.0468,0.0396,0.3328,50.0,15079.4422,0.1167
train,inline,2,1024,70,13358.382,69.9965,52.8045,28.4429,0.2392,0.1965,0.3997,50.0,14288.8412,0.0
train,inline,4,256,30,8881.3504,29.9673,22.1847,67.9906,0.069,0.069,0.9326,50.0,6526.6046,0.4402
train,inline,3,768,45,10645.5947,44.9924,31.9221,31.9207,0.072,0.0718,0.7327,50.0,9930.0517,4247.1486
train,inline,4,256,45,10547.3884,44.9959,24.8034,68.3665,0.0633,0.0572,0.7327,50.0,8200.2184,0.0
train,inline,2,896,30,9005.0649,30.008,36.0544,30.0105,0.3551,0.3551,0.9326,50.0,11893.3471,0.0
train,inline,3,1024,35,9627.6907,35.0138,30.9089,27.0159,0.0938,0.0865,0.866,50.0,11906.3992,8223.7495
train,inline,3,768,70,13362.3612,69.9711,35.35,30.8273,0.0442,0.0442,0.3997,50.0,12612.8129,4589.5812
train,inline,4,512,45,10637.5628,45.0086,24.5416,34.6892,7.1235,5.3601,0.7284,50.0,10452.6424,0.0
train,inline,1,1024,100,16639.8762,99.9916,83.6009,27.2584,1.7878,0.1692,0.0066,50.0,18239.3723,4.9619
train,inline,1,384,90,15559.43,89.8739,81.5384,48.66,0.7107,0.0921,0.1332,50.0,14370.7755,0.0
train,inline,3,512,60,12235.4728,59.9686,33.1497,34.8357,0.056,0.0534,0.5329,50.0,11481.0365,0.0
train,inline,3,384,80,14430.3068,79.9582,39.0079,49.2134,0.0408,0.0333,0.2665,50.0,15924.2671,2.5225
train,inline,3,896,75,13919.3272,74.9776,36.2774,29.3291,0.0392,0.0392,0.3331,50.0,13382.4953,6986.5306
train,inline,2,896,30,9001.4862,29.9942,36.4161,29.6995,0.3555,0.3553,0.9326,50.0,11393.9729,0.0
train,inline,3,256,65,12799.8939,64.9737,39.2707,65.6672,0.0542,0.0507,0.4663,50.0,16399.562,0.626
train,inline,1,896,55,11791.0627,54.959,75.0293,27.7713,0.67,0.1234,0.6015,50.0,12334.5873,0.0
train,inline,1,512,50,11362.9344,50.0731,68.4963,30.6431,0.4201,0.188,0.6661,49.0,10689.1829,2.1223
train,inline,1,512,95,16117.8659,95.0907,80.1705,32.2806,0.7507,0.0817,0.0666,50.0,16286.7583,0.0
train,inline,1,640,70,13456.7667,70.0607,75.062,30.5339,0.7033,0.1377,0.4007,49.0,13249.495,0.0
train,inline,4,512,100,16630.7236,99.9964,27.4933,33.1994,0.0105,0.0105,0.0,50.0,16677.5677,0.0
train,inline,2,512,35,9562.0794,35.0043,37.9631,32.0912,0.0899,0.0899,0.866,49.0,11105.4751,0.0
train,inline,2,896,50,11181.0856,50.0007,44.7314,29.4249,0.2771,0.2573,0.6661,50.0,12746.4709,2.2227
train,inline,2,512,65,12817.7461,64.9677,47.582,30.571,0.0743,0.0542,0.4663,50.0,11716.7028,2.0781
train,inline,1,640,45,10799.8148,45.028,69.6776,29.8791,0.4274,0.1735,0.7332,49.0,9132.657,5.2237
train,inline,4,1024,65,12776.6327,65.0085,25.6481,29.6254,0.0566,0.0509,0.4659,50.0,13023.1742,0.0
train,inline,3,256,85,14966.8998,84.9518,41.1856,65.0836,0.0276,0.0276,0.1998,50.0,19085.6354,0.0
train,inline,3,640,25,8434.5068,24.9763,28.4112,35.4009,0.1009,0.0926,0.9992,50.0,5564.3333,1991.9208
train,inline,2,768,85,14990.1793,84.9626,55.6219,29.0089,0.1023,0.0669,0.1998,50.0,13034.1538,0.0
train,inline,3,640,30,8982.0437,29.9855,29.298,35.2013,0.0981,0.0874,0.9326,50.0,5564.3333,2022.1999
train,inline,3,640,80,14438.7551,79.9637,37.0311,31.7676,0.0326,0.0326,0.2665,50.0,13601.9861,2364.5118
train,inline,1,768,35,9689.0422,34.993,68.0324,28.7252,0.2884,0.1503,0.8664,49.0,9480.2443,0.0
train,inline,2,1024,45,10631.6722,44.9906,42.4133,28.5955,0.3669,0.3498,0.7327,50.0,12908.9778,0.876
train,inline,3,640,65,12804.4326,64.9848,34.4352,32.9589,0.0539,0.0491,0.4663,50.0,13160.5011,2257.0341
train,inline,1,384,95,16084.9303,94.8528,82.0845,48.8079,0.7466,0.0854,0.0666,50.0,16175.9355,0.0
train,inline,4,896,90,15518.9239,90.01,30.3058,30.0614,0.3523,0.263,0.1329,50.0,15304.6617,1.734
train,inline,3,768,75,13911.2201,74.9916,36.4044,31.0594,0.0432,0.039,0.3331,50.0,13283.137,4655.4691
train,inline,4,768,55,11700.3215,54.9882,24.6354,31.8675,2.9475,2.2248,0.5975,50.0,11835.846,0.1763
train,inline,1,384,80,14508.9297,79.9003,77.5302,48.4841,0.6103,0.1038,0.2665,50.0,12872.1584,0.0
train,inline,3,1024,95,16095.7849,95.0249,40.5886,29.1071,0.0222,0.0171,0.0666,50.0,15664.2233,9860.7943
train,inline,1,256,75,13959.0576,74.7358,81.2736,64.5954,0.574,0.0931,0.3331,50.0,11546.7803,3.8097
train,inline,3,768,65,12824.2322,64.9795,34.8754,31.3594,0.0573,0.0502,0.4663,50.0,11290.5382,4524.3524
train,inline,2,896,60,12271.0292,59.9883,48.6171,29.3651,0.2389,0.2084,0.5329,50.0,12115.5835,3.6404
train,inline,2,256,25,8357.5072,24.9017,42.7413,63.7357,0.0,0.9955,0.9992,50.0,5564.3333,0.0
train,inline,4,640,99999,18943.0858,126.8697,33.9984,31.602,0.0367,0.0024,0.0,50.0,19850.3819,2497.7705
train,inline,4,384,25,8389.9523,24.9749,21.6252,51.3762,4.88,3.6888,0.9962,50.0,6694.6922,0.0
train,inline,4,896,100,16617.4565,99.9998,30.5625,30.0519,0.022,0.0116,0.0,50.0,14839.0296,1.8211
train,inline,3,896,60,12301.6065,60.0073,34.4842,29.8893,0.0617,0.0566,0.5329,50.0,11721.3955,6674.4204
train,inline,3,512,60,12237.0608,59.982,33.0514,34.4842,0.062,0.0537,0.5329,50.0,12503.0981,2.093
train,inline,4,768,40,10068.1427,40.0096,23.2469,32.788,3.9343,2.9632,0.7966,50.0,9233.1604,0.0
train,inline,3,256,75,13886.4812,74.9772,41.017,65.6096,0.0485,0.0397,0.3331,50.0,17647.4692,0.0
train,inline,3,384,50,11152.7635,49.9814,35.223,50.9655,0.066,0.0656,0.6661,50.0,10855.4973,0.8191
train,inline,1,512,60,12422.0858,60.0788,70.7477,31.1696,0.495,0.1645,0.5329,49.0,12383.2256,0.2667
train,inline,3,896,80,14466.9281,80.0003,36.7213,29.6942,0.0335,0.0335,0.2665,50.0,14475.6478,7088.1423
train,inline,1,896,40,10179.2359,39.9543,71.3728,27.9538,0.3725,0.1159,0.8004,50.0,10143.7764,0.0
train,inline,4,384,35,9496.5255,34.9835,23.537,51.8297,4.2462,3.1992,0.8634,50.0,6957.8976,4.1609
train,inline,2,512,85,14998.5426,84.981,53.7189,30.4463,0.0647,0.0302,0.1998,50.0,12096.5144,1.2721
train,inline,2,1024,90,15533.1342,89.9685,60.4916,27.6871,0.1298,0.0735,0.1332,50.0,15706.5372,0.7682
train,inline,2,1024,75,13898.7415,74.9729,54.3579,27.9494,0.2088,0.1657,0.3331,50.0,14635.3003,0.0
train,inline,4,384,80,14433.4834,79.984,26.9741,50.7361,1.3008,0.9912,0.2657,50.0,14111.2162,0.0
train,inline,1,1024,85,15015.3613,84.9573,81.9486,27.3112,1.449,0.1486,0.2051,50.0,14187.1185,8.2808
train,inline,1,384,45,10827.5087,44.9911,71.2133,47.1704,0.3426,0.1488,0.7327,49.0,9102.8808,3.6741
train,inline,4,1024,95,16057.9358,95.0079,31.7252,28.654,0.0286,0.0172,0.0666,50.0,15784.841,1.8278
train,inline,3,256,85,14970.9552,84.9668,41.2551,65.413,0.0276,0.0276,0.1998,50.0,20248.3862,0.0
train,inline,1,256,90,15527.4695,89.6502,82.9849,64.8186,0.699,0.0903,0.1332,50.0,13974.7376,0.0
train,inline,2,1024,90,15537.3681,89.9822,60.3825,27.8663,0.1346,0.0737,0.1332,50.0,16904.2982,0.5057
train,inline,4,512,85,14989.4108,84.9724,27.0412,33.0353,1.9479,1.4696,0.1987,50.0,14759.8341,0.5836
train,inline,3,896,65,12840.5932,64.9982,35.4387,29.7539,0.0512,0.0506,0.4663,50.0,12337.6838,6781.9645
train,inline,1,640,45,10799.3158,45.0404,68.6158,29.6267,0.42,0.1731,0.7332,49.0,11191.9175,0.0
train,inline,1,512,80,14536.3908,80.0998,76.3588,32.1494,0.6457,0.1175,0.2665,49.0,13522.3076,0.0
train,inline,1,768,99999,18967.1483,126.9313,90.2307,29.1708,0.9715,0.0798,0.0,50.0,15212.3733,5285.8432
train,inline,2,1024,40,10092.1067,39.9936,40.0547,29.2396,0.3918,0.3805,0.7994,50.0,10712.4379,1.5799
train,inline,1,896,65,12867.1888,64.9694,77.148,27.8349,0.8652,0.128,0.4689,50.0,15055.8259,0.0
train,inline,4,1024,55,11681.7625,54.9981,24.6343,30.0085,0.0737,0.0625,0.599,50.0,11474.9738,1.4808
train,inline,2,384,80,14424.7341,79.9047,51.0176,47.9195,0.1546,0.1546,0.2665,50.0,10062.0813,0.9264
train,inline,1,384,99999,18972.2949,126.9858,90.2139,47.9398,1.311,0.1266,0.0099,50.0,17756.9559,2.0994
test,inline,4,1024,100,16668.2222,100.0023,29.5944,29.751,0.0144,0.011,0.0033,50.0,22270.8667,0.0
train,inline,3,256,75,13877.6922,74.9433,40.8743,65.0334,0.0392,0.0392,0.3331,50.0,17300.0808,1.0414
train,inline,3,256,80,14428.1534,79.9714,41.7994,65.4741,0.0411,0.034,0.2665,50.0,18389.9245,0.0
train,inline,3,768,90,15537.4296,89.9679,38.719,30.2136,0.0221,0.0221,0.1332,50.0,15049.2668,4864.4111
train,inline,4,384,90,15528.9405,89.976,29.7496,50.465,0.6637,0.5013,0.1328,50.0,16134.0458,0.4461
train,inline,4,896,30,8958.9807,30.0062,20.7506,31.8547,2.334,1.7725,0.9306,50.0,8730.5983,0.0
train,inline,3,256,40,10085.097,39.9793,35.4477,66.4236,0.0784,0.0784,0.7994,50.0,11023.7309,0.0
train,inline,3,512,60,12234.8097,59.9661,33.7595,34.896,0.0563,0.0534,0.5329,50.0,9805.4267,3.3465
train,inline,2,1024,40,10091.1528,40.0001,39.6862,29.1742,0.3859,0.3802,0.7994,50.0,11427.8666,0.0
train,inline,3,1024,95,16096.2411,95.0157,39.1622,29.0553,0.0166,0.0166,0.0666,50.0,15829.0356,9860.437
train,inline,4,512,45,10635.9343,45.0019,24.6103,34.6262,7.1203,5.3597,0.7284,50.0,11519.5765,0.521
train,inline,3,768,100,16631.7052,99.9739,40.2161,30.3188,0.0182,0.0114,0.0,50.0,16320.5254,5002.1961
train,inline,3,512,50,11141.2395,49.9675,31.9831,35.9759,0.076,0.0646,0.6661,50.0,7185.2593,2.7252
train,inline,1,640,35,9737.2254,35.0383,66.4444,29.2451,0.3136,0.1876,0.8662,49.0,10635.1778,1.4031
train,inline,1,384,85,15034.1553,84.8888,80.2385,48.5381,0.6704,0.0983,0.1998,50.0,15697.0465,0.0
train,inline,2,640,75,13909.9088,74.9907,51.3805,29.9694,0.1069,0.0731,0.3331,50.0,13569.1977,2.0311
train,inline,2,768,75,13907.4185,74.9801,52.7577,29.6428,0.1432,0.1041,0.3331,50.0,12975.4544,1.1018
train,inline,1,256,55,11862.7392,54.8799,77.7365,64.0172,0.3829,0.0956,0.5995,50.0,11004.7752,0.0
train,inline,3,1024,80,14478.4715,80.0111,37.2279,28.6441,0.034,0.034,0.2665,50.0,14758.301,9450.6999
train,inline,1,640,65,12926.482,65.0649,73.9862,30.487,0.6504,0.1449,0.4672,49.0,13076.6885,0.0
validation,inline,4,1024,99999,18990.6889,126.9878,35.1444,30.2561,0.02,0.0016,0.0,50.0,18989.1333,9984.8889
train,inline,4,896,50,11144.0988,49.9978,22.916,31.1362,1.6631,1.2688,0.6647,50.0,10846.4025,0.0
train,inline,2,640,99999,18936.9744,126.8266,61.1607,29.3052,0.0747,0.0034,0.0,50.0,18757.1847,2501.2498
train,inline,1,384,99999,18969.375,126.9736,89.99,47.9961,1.3033,0.1263,0.0099,50.0,16581.2927,0.0
train,inline,4,896,55,11691.3487,55.0052,24.767,30.973,1.5134,1.1439,0.5982,50.0,11333.2829,0.0
train,inline,3,896,85,15008.3667,84.9995,37.4501,29.7916,0.0277,0.0277,0.1998,50.0,15500.6779,7189.4989
train,inline,1,256,50,11338.2461,49.9039,75.4309,63.8443,0.3215,0.0955,0.6661,50.0,10488.1404,0.0
train,inline,1,896,99999,18961.8873,126.9091,90.4293,28.9014,0.7581,0.0608,0.0,50.0,13177.5783,7919.705
train,inline,2,512,25,8473.9777,25.0143,36.0405,32.3782,0.102,0.1022,0.9992,49.0,11023.1742,0.0
train,inline,3,512,50,11137.7472,49.9814,31.6472,35.694,0.0681,0.0641,0.6661,50.0,9030.1219,0.0
train,inline,2,640,40,10098.7248,39.9896,40.0577,30.8965,0.1663,0.1583,0.7994,49.0,11591.3607,0.6002
train,inline,2,768,45,10641.8434,45.0065,42.2945,30.029,0.2322,0.2141,0.7327,50.0,13334.7687,3.7416
train,inline,3,1024,25,8548.7069,25.0073,29.3942,26.9954,0.1003,0.0979,0.9992,50.0,9695.1896,7947.193
train,inline,1,1024,60,12305.5518,59.9357,78.8598,27.2437,0.8766,0.1138,0.536,50.0,11630.4781,0.5119
train,inline,2,640,65,12822.6658,64.9989,48.4679,30.3387,0.1294,0.0977,0.4663,50.0,13041.7755,0.1065
train,inline,1,768,60,12362.4266,60.0109,74.4167,28.9155,0.6823,0.1388,0.5344,49.0,14280.9159,0.7821
train,inline,2,384,25,8418.6233,24.97,39.6849,48.2598,0.0528,0.5491,0.9992,50.0,8240.4058,0.0
train,inline,4,384,75,13886.5521,74.9713,27.1433,51.0451,1.6364,1.237,0.3321,50.0,11692.792,1.5046
train,inline,3,896,100,16634.6024,99.9907,40.5888,29.8053,0.0203,0.0116,0.0,50.0,15453.0605,7502.2013
train,inline,4,512,99999,18926.0555,126.8309,33.6275,32.178,0.0228,0.0017,0.0,50.0,18724.559,0.0
train,inline,2,896,55,11730.091,54.9867,46.4232,29.626,0.2667,0.2335,0.5995,50.0,11108.7212,2.7117
train,inline,2,896,90,15540.61,89.9821,59.472,28.7797,0.1217,0.0617,0.1332,50.0,13806.6214,0.0
train,inline,2,384,45,10599.5861,44.9315,43.5481,47.8745,0.4055,0.4055,0.7327,50.0,8908.9058,0.7559
train,inline,1,896,80,14486.0454,79.9901,79.907,28.2847,1.1544,0.1351,0.2701,50.0,14773.0828,3.1569
train,inline,4,512,90,15542.5761,90.0079,27.6437,33.2672,1.3131,0.9839,0.1324,50.0,16472.9657,0.0
train,inline,2,640,80,14454.304,79.9921,53.636,30.2901,0.1013,0.0611,0.2665,50.0,13247.9651,0.0
train,inline,1,256,65,12910.9723,64.8157,79.1488,63.9969,0.4784,0.0942,0.4663,50.0,13171.1111,2.1264
test,inline,3,256,25,8383.4,24.9771,30.7333,65.8934,0.1037,0.1037,0.9992,50.0,8446.4,0.0
train,inline,1,640,35,9733.2471,35.0236,65.7204,29.2367,0.2997,0.187,0.8662,49.0,9396.0238,0.0
train,inline,2,384,99999,18943.9169,126.9031,62.2735,47.1757,0.0411,0.0019,0.0016,50.0,21810.9238,0.0
train,inline,2,1024,40,10090.0176,40.0043,39.7545,29.0622,0.3853,0.3801,0.7994,50.0,12177.7395,0.0
train,inline,4,1024,80,14417.4067,80.0071,28.7093,29.1113,0.0477,0.0344,0.2662,50.0,14203.7835,0.0
train,inline,1,896,45,10715.7057,44.9548,74.304,27.812,0.4878,0.1191,0.7341,50.0,11746.9207,0.4042
train,inline,3,256,100,16599.678,99.9641,44.1615,64.5061,0.024,0.0116,0.0,50.0,24050.5323,3.5459
train,inline,4,896,40,10052.4785,40.0055,22.5671,31.5254,2.0082,1.5211,0.7976,50.0,10279.4409,0.0
train,inline,3,1024,75,13941.0314,75.0217,37.1506,28.6277,0.0471,0.0404,0.3331,50.0,13975.0589,9310.4729
train,inline,1,384,30,9252.6499,30.0707,67.7397,46.6237,0.2225,0.1678,0.9326,49.0,9888.7388,0.0
train,inline,1,640,99999,18973.7897,126.9794,89.9213,29.5652,1.1848,0.0988,0.0,50.0,17663.6823,2642.2677
train,inline,3,640,60,12256.8492,59.9849,33.7043,32.9073,0.0584,0.0544,0.5329,50.0,12121.983,2228.8872
train,inline,4,512,70,13358.341,69.9887,26.0485,33.7003,3.8901,2.9286,0.3973,50.0,13160.8468,0.0
train,inline,2,512,99999,18933.1725,126.784,62.6628,30.3334,0.0984,0.0042,0.0,50.0,16930.9304,2.0509
train,inline,2,256,35,9464.4659,34.9296,44.6949,64.6549,0.8649,0.8649,0.866,50.0,6033.1335,0.0
train,inline,3,1024,90,15556.9372,90.0139,38.9928,28.6986,0.0263,0.0228,0.1332,50.0,16147.4491,9727.4599
train,inline,2,512,50,11190.9674,49.9971,43.7941,31.6334,0.0842,0.072,0.6661,49.0,11363.6056,1.4814
train,inline,3,896,90,15548.4283,89.9845,38.9021,29.6003,0.0265,0.0226,0.1332,50.0,14713.9088,7296.7515
train,inline,1,512,50,11365.1497,50.0652,67.8153,30.6332,0.4241,0.1884,0.6661,49.0,10549.5437,1.3595
train,inline,3,512,65,12784.8691,64.9716,33.1622,34.4775,0.0477,0.0477,0.4663,50.0,11265.3189,0.0
train,inline,1,640,35,9737.2853,35.0386,66.2985,29.502,0.3091,0.1875,0.8662,49.0,9596.436,0.0
train,inline,2,384,40,10057.4045,39.9497,42.506,48.1953,0.4414,0.4414,0.7994,50.0,10313.4615,0.0
train,inline,3,1024,75,13939.5984,75.012,36.5953,28.379,0.0403,0.04,0.3331,50.0,14359.8801,9315.4868
train,inline,3,512,55,11681.3226,54.9631,32.8231,34.9984,0.0584,0.0584,0.5995,50.0,9643.3858,1.8297
train,inline,3,896,55,11760.0733,54.9884,33.7817,29.9077,0.0682,0.0623,0.5995,50.0,10150.9496,6578.619
train,inline,4,512,99999,18928.2527,126.8388,33.8986,32.3521,0.0272,0.0018,0.0,50.0,19851.6423,0.0
train,inline,2,768,70,13363.5226,69.9924,49.2914,29.8898,0.1368,0.1214,0.3997,50.0,12464.4287,0.0
train,inline,3,256,30,9001.9797,29.996,34.8675,66.7513,0.095,0.0903,0.9326,50.0,9512.2158,0.0
train,inline,4,896,70,13333.9638,70.0097,26.4433,30.4216,1.0154,0.7663,0.3988,50.0,14339.7954,1.2123
train,inline,4,640,25,8443.3336,25.011,22.1424,34.168,7.3077,5.503,0.9945,50.0,8256.7563,0.0
train,inline,1,768,65,12897.3523,65.0158,75.2692,28.934,0.7566,0.1364,0.4681,50.0,14312.0327,1.4912
train,inline,1,384,70,13458.3502,69.9313,76.978,48.1316,0.5506,0.1175,0.3997,50.0,11811.2493,0.0
train,inline,3,1024,55,11781.7232,55.0034,34.0089,27.9417,0.0644,0.0631,0.5995,50.0,13176.947,8766.5965
train,inline,1,384,100,16609.448,99.8391,83.4271,48.9676,0.7831,0.0789,0.0,50.0,15163.46,0.0
train,inline,1,768,85,15034.1893,85.0331,80.0907,29.5391,1.0528,0.1263,0.2025,50.0,15502.3514,0.822
train,inline,3,512,70,13334.1533,69.9716,34.2303,33.7158,0.0444,0.0428,0.3997,50.0,13458.5433,1.3092
train,inline,2,768,65,12818.9345,64.9782,49.2745,29.8689,0.1737,0.1409,0.4663,50.0,11672.39,2.7007
train,inline,4,768,80,14436.1224,80.01,26.8091,31.5933,1.3127,0.9947,0.2655,50.0,14165.8508,0.0
train,inline,2,640,95,16080.146,94.959,58.3471,29.4575,0.0673,0.0242,0.0666,50.0,13463.9034,0.0
train,inline,4,512,99999,18930.6073,126.8546,34.654,32.5022,0.0392,0.0025,0.0,50.0,19135.1249,0.0
train,inline,4,256,25,8338.1139,24.9874,21.7258,68.5995,0.0773,0.0737,0.9992,50.0,5564.3333,3.0671
train,inline,3,256,25,8460.5381,24.9637,34.5387,67.0762,0.1065,0.0963,0.9992,50.0,5703.7741,7.4924
train,inline,4,768,85,14981.8219,84.9837,28.6106,31.3601,1.0033,0.7496,0.1992,50.0,13239.849,4.7907
train,inline,1,256,99999,18968.427,126.9594,91.0889,66.8562,1.2285,0.1356,0.0198,50.0,15648.0744,0.0
train,inline,1,256,70,13435.0641,69.7861,79.4629,64.2863,0.517,0.0932,0.3997,50.0,13124.7311,0.0
train,inline,1,896,75,13945.4696,74.9926,79.1987,28.1182,1.0545,0.1325,0.3364,50.0,15033.9462,1.076
train,inline,3,256,65,12797.8256,64.9736,40.0902,65.7627,0.0529,0.0505,0.4663,50.0,15742.0351,1.831
train,inline,3,384,100,16611.4596,99.957,42.3588,47.9915,0.0168,0.0113,0.0,50.0,19926.4228,2.6315
train,inline,2,256,70,13307.139,69.8769,48.5841,65.5189,0.4046,0.4046,0.3997,50.0,8733.4762,0.5584
train,inline,3,1024,99999,18963.3556,126.9107,42.3037,28.4361,0.0658,0.0037,0.0,50.0,25254.3111,10014.3778
train,inline,4,896,85,14974.4596,85.0107,28.9982,30.2804,0.5216,0.3889,0.1994,50.0,16903.4491,0.0
train,inline,1,768,25,8622.0543,25.0021,67.8288,28.5169,0.1651,0.1566,0.9992,49.0,8827.817,0.0
train,inline,4,512,90,15541.3089,89.9997,27.5417,33.2137,1.3101,0.9836,0.1324,50.0,17651.673,1.2393
train,inline,2,384,90,15520.1419,89.8986,53.1813,48.1003,0.0831,0.0831,0.1332,50.0,10013.4443,1.8883
train,inline,2,896,99999,18953.7345,126.8747,59.1191,28.0316,0.0491,0.0029,0.0,50.0,18532.345,7516.7311
train,inline,3,640,90,15536.5662,89.96,38.5716,31.4908,0.0288,0.0223,0.1332,50.0,14133.6318,2434.9467
validation,inline,2,256,25,8381.9556,25.0134,45.3778,65.9366,0.0554,0.0554,0.9966,49.0,11114.4444,0.0
train,inline,1,640,30,9201.6316,30.0201,64.5937,29.0645,0.245,0.1942,0.9327,49.0,8857.669,0.0
train,inline,3,640,30,8978.5732,29.9931,27.9391,34.9673,0.0862,0.0862,0.9326,50.0,6783.7355,2017.6853
train,inline,3,1024,25,8548.648,25.0068,29.0711,27.3316,0.0925,0.0976,0.9992,50.0,8315.5635,7942.0586
train,inline,3,1024,95,16097.0945,95.0217,39.7515,28.5161,0.0267,0.0172,0.0666,50.0,18237.3727,9867.8119
train,inline,4,640,70,13345.4671,69.9789,26.3287,32.3771,2.9272,2.2076,0.3978,50.0,13069.268,0.9983
train,inline,1,256,60,12387.6212,59.8503,77.808,63.8176,0.4281,0.0947,0.5329,50.0,13086.9671,1.6621
train,inline,3,256,80,14429.103,79.9746,41.1998,65.0114,0.0427,0.034,0.2665,50.0,20557.7578,3.2553
train,inline,1,512,100,16639.2393,100.0622,80.4202,32.3381,0.7645,0.0688,0.0,50.0,15390.1061,0.0
train,inline,3,384,75,13886.3811,74.9839,38.3319,49.7733,0.0473,0.0389,0.3331,50.0,14956.5699,0.0
train,inline,2,512,45,10649.9325,45.0072,41.9764,31.8676,0.0922,0.0784,0.7327,49.0,11016.0606,0.0
train,inline,1,256,50,11339.3604,49.9093,76.6,63.8938,0.3368,0.0962,0.6661,50.0,12033.6202,0.0
train,inline,1,512,99999,18982.1151,127.025,89.7555,30.0537,1.4017,0.1181,0.0,50.0,18275.3334,0.0
train,inline,3,640,90,15530.7709,89.9502,38.0892,31.0092,0.0219,0.0219,0.1332,50.0,15059.7454,2432.0696
train,inline,2,384,100,16622.7293,99.9,55.8581,48.8548,0.0449,0.0121,0.0,50.0,8595.1268,6.8344
train,inline,4,768,50,11160.9424,49.9844,24.2246,32.5631,3.2815,2.4712,0.6639,50.0,8817.4126,5.1788
train,inline,1,768,25,8617.8636,24.9832,67.9123,28.2704,0.1563,0.156,0.9992,49.0,8991.0875,2.0078
train,inline,4,384,25,8395.1103,24.9958,21.9759,51.3707,4.8917,3.6893,0.9962,50.0,8401.234,3.0774
train,inline,3,1024,70,13402.6356,69.9935,36.5648,28.5633,0.056,0.0463,0.3997,50.0,11592.2267,9183.5371
train,inline,2,768,30,9008.921,30.0078,36.5804,30.2041,0.277,0.2693,0.9326,50.0,13191.9876,3.6094
train,inline,3,768,85,15001.0202,84.9929,38.0304,30.8806,0.0369,0.0282,0.1998,50.0,14100.152,4790.9791
train,inline,3,256,65,12796.8056,64.9672,39.902,65.6886,0.0519,0.0505,0.4663,50.0,15584.5861,1.2231
train,inline,2,768,50,11181.5432,49.9831,43.9383,29.913,0.2105,0.1956,0.6661,50.0,11921.1323,0.9124
train,inline,3,640,100,16627.6378,99.9669,39.7347,30.8433,0.0109,0.0109,0.0,50.0,16385.2102,2499.7158
train,inline,1,256,99999,18966.6547,126.9525,90.0779,66.5871,1.2121,0.1346,0.0198,50.0,16718.6141,0.0
train,inline,1,384,25,8726.807,25.0855,66.7265,46.7108,0.1798,0.174,0.9992,49.0,8572.0889,0.0
train,inline,4,256,90,15517.98,89.959,31.8169,67.543,0.0215,0.0193,0.1332,50.0,14911.1365,0.4327
train,inline,4,768,99999,18959.1882,126.9025,34.2048,31.0798,0.0426,0.0029,0.0,50.0,18082.16,4999.5984
train,inline,3,384,65,12788.176,64.9462,36.7335,49.8188,0.0519,0.0495,0.4663,50.0,12678.6187,2.5318
train,inline,4,640,40,10075.8889,39.9908,22.7119,33.4624,5.8379,4.4041,0.7956,50.0,9844.9808,0.0
train,inline,3,256,25,8458.1495,24.9908,33.2366,66.9404,0.0861,0.0951,0.9992,50.0,8947.2437,0.0
train,inline,2,640,60,12277.6351,59.9934,45.8093,30.744,0.121,0.1091,0.5329,50.0,11629.0585,0.0
train,inline,2,896,100,16627.2848,99.9776,62.1307,28.4564,0.0632,0.0117,0.0,50.0,14992.8241,0.0
train,inline,4,1024,80,14416.7067,80.0021,28.5463,28.896,0.0467,0.0343,0.2662,50.0,14944.2534,1.4312
train,inline,4,896,50,11145.8152,50.0036,23.8591,31.0388,1.6776,1.2695,0.6647,50.0,11988.7289,1.0971
train,inline,1,1024,99999,18953.2059,126.8374,91.0889,28.4074,0.5442,0.0416,0.0,50.0,10908.5513,10569.1333
train,inline,4,512,25,8456.3068,24.9983,21.6267,35.0925,9.6927,7.3044,0.9933,50.0,8196.8423,0.0
train,inline,2,1024,99999,18959.9053,126.9206,56.3911,27.255,0.0122,0.0015,0.0,50.0,18338.4533,10013.7923
train,inline,4,1024,85,14965.183,85.0133,30.0473,29.1209,0.0406,0.0284,0.1997,50.0,15613.5105,0.9387
train,inline,2,512,85,14996.3956,84.9753,54.0627,30.5356,0.0653,0.0304,0.1998,50.0,10888.9855,0.0
train,inline,3,512,55,11687.119,54.9775,31.6795,35.3352,0.0583,0.0583,0.5995,50.0,9798.2883,0.0
train,inline,1,640,40,10266.0817,40.0305,67.7831,29.4649,0.3665,0.1803,0.7997,49.0,11445.3738,0.0
train,inline,1,512,55,11898.4269,55.0661,69.5212,31.1003,0.4707,0.177,0.5995,49.0,10119.4252,6.8197
train,inline,2,256,50,11114.116,49.8889,46.5596,65.2343,0.668,0.668,0.6661,50.0,5564.3333,4.2401
train,inline,4,512,100,16629.3336,99.9953,28.6953,33.1325,0.0137,0.0108,0.0,50.0,17377.6684,0.4013
train,inline,2,896,45,10638.2284,45.0004,42.3226,29.658,0.2994,0.2818,0.7327,50.0,14402.1516,0.0
train,inline,1,896,70,13404.059,69.9706,77.4003,27.7791,0.9524,0.13,0.4027,50.0,14234.353,0.0
train,inline,1,640,99999,18974.5488,126.9647,90.0902,29.5839,1.1887,0.0992,0.0,50.0,14338.3997,2646.991
train,inline,4,256,95,16068.589,94.9391,31.825,67.1946,0.0166,0.0151,0.0666,50.0,16936.0709,0.0
train,inline,1,768,55,11823.7819,54.9979,73.8705,28.7824,0.6019,0.1411,0.6008,49.0,11955.6029,1.3851
train,inline,4,640,95,16081.6011,94.9808,29.1038,32.3032,0.5116,0.3778,0.0663,50.0,14064.1644,5.5504
train,inline,2,256,60,12212.3339,59.8902,47.0122,65.5246,0.536,0.536,0.5329,50.0,7249.722,0.5208
train,inline,4,896,50,11144.4382,50.0046,24.3197,31.0896,1.6753,1.2693,0.6647,50.0,11402.2435,1.9714
train,inline,1,640,75,13988.7853,75.0315,76.4135,30.7422,0.7624,0.1307,0.3342,50.0,11829.2366,5.9526
train,inline,2,1024,55,11722.0427,54.9888,46.4447,28.5411,0.3147,0.2884,0.5995,50.0,13786.4509,0.0
train,inline,1,384,95,16085.1593,94.8545,82.4654,48.8203,0.7516,0.0856,0.0666,50.0,16787.2106,0.0
train,inline,2,768,50,11186.4942,49.9993,42.8663,30.3024,0.2032,0.1952,0.6661,50.0,12156.3139,0.0
train,inline,1,896,50,11254.081,49.9615,74.8828,27.8715,0.5794,0.1212,0.6678,50.0,11722.3418,0.0661
train,inline,1,1024,35,9589.6308,34.8975,75.7934,26.8472,0.2888,0.078,0.8669,50.0,9716.5608,1.1495
train,inline,2,768,100,16628.5785,99.9824,61.8126,29.093,0.0708,0.0124,0.0,50.0,13650.3161,0.0
train,inline,4,512,70,13361.8249,70.0006,25.6464,33.8201,3.8885,2.9285,0.3973,50.0,13930.5739,0.0033
train,inline,2,896,95,16082.7421,94.9776,61.1104,28.5245,0.0955,0.0367,0.0666,50.0,16928.7137,0.0
train,inline,3,512,25,8388.5525,24.9731,27.4048,37.4825,0.0869,0.0901,0.9992,50.0,5564.3333,0.3997
train,inline,1,1024,60,12302.8069,59.9285,78.5511,27.0172,0.8695,0.1133,0.536,50.0,12775.8313,2.9154
train,inline,3,640,85,14981.6095,84.9426,37.2436,31.1048,0.0273,0.0273,0.1998,50.0,14258.9669,2398.0665
train,inline,3,896,60,12302.0214,60.0101,34.0285,29.959,0.0565,0.0564,0.5329,50.0,11599.855,6672.6016
train,inline,1,256,99999,18964.6405,126.9466,91.0889,66.5628,1.223,0.1353,0.0198,50.0,15950.0327,0.0
train,inline,4,384,35,9492.7137,34.9898,23.2269,51.5496,4.2387,3.1987,0.8634,50.0,9295.0695,0.0
train,inline,1,896,60,12333.9815,59.9886,76.6543,28.1773,0.7784,0.1262,0.5352,50.0,13996.4111,0.0
train,inline,4,896,55,11691.7569,54.9999,24.6183,31.003,1.5104,1.1436,0.5982,50.0,12638.32,0.0
train,inline,1,768,65,12897.3013,65.0185,75.5624,29.1693,0.758,0.1366,0.4681,50.0,13203.948,0.0
train,inline,2,384,25,8419.0898,24.9664,38.0188,48.311,0.0364,0.5483,0.9992,50.0,8166.9936,0.0
train,inline,2,384,70,13339.5905,69.9407,48.775,48.2113,0.2265,0.2265,0.3997,50.0,11021.0674,1.5885
train,inline,4,256,65,12751.6341,64.9527,27.1623,67.5693,0.0399,0.0399,0.4663,50.0,11263.3159,0.0
train,inline,1,512,45,10838.5701,45.0829,67.0173,30.6076,0.388,0.2001,0.7327,49.0,10605.1311,1.8946
train,inline,2,256,75,13861.9285,74.8941,48.5416,66.1144,0.3388,0.3388,0.3331,50.0,9003.5203,0.0
train,inline,2,768,65,12818.9945,64.9928,48.3692,29.9592,0.1616,0.1402,0.4663,50.0,13809.437,0.0
train,inline,3,896,35,9595.32,34.9958,30.9418,30.0992,0.0937,0.0851,0.866,50.0,7464.5948,6165.1769
train,inline,1,384,90,15561.611,89.8844,81.5318,48.8038,0.7154,0.0924,0.1332,50.0,14551.9153,0.0
train,inline,2,512,75,13909.6883,74.9828,51.2273,30.8819,0.0695,0.0421,0.3331,50.0,11173.9521,1.1619
train,inline,2,1024,65,12811.2907,64.994,51.1943,28.4792,0.2611,0.2269,0.4663,50.0,13862.4515,1.8706
train,inline,1,512,40,10305.473,40.0562,64.8903,29.836,0.3497,0.212,0.7994,48.0,10274.4333,1.5504
train,inline,3,512,90,15530.0208,89.9624,37.7676,31.8117,0.0309,0.022,0.1332,50.0,17207.1762,3.9406
train,inline,1,384,40,10302.3068,40.0273,68.6904,47.1428,0.2833,0.1541,0.7994,49.0,10366.346,0.0
train,inline,1,1024,80,14469.0063,79.9735,80.675,26.8021,1.3247,0.141,0.2713,50.0,17655.7339,2.3966
train,inline,3,1024,60,12320.1444,60.0121,35.4029,28.0036,0.0581,0.0572,0.5329,50.0,12556.6523,8907.2044
train,inline,3,1024,95,16097.1015,95.003,40.0937,29.0809,0.0248,0.0172,0.0666,50.0,15139.2593,9866.4234
train,inline,1,512,100,16643.7744,100.0791,80.1232,32.7103,0.7632,0.0686,0.0,50.0,15793.5149,0.0
train,inline,3,384,40,10061.9205,39.9788,33.024,51.4628,0.0777,0.0765,0.7994,50.0,11222.1302,0.0
train,inline,4,256,50,11102.0634,49.9661,25.6464,68.3578,0.0636,0.0532,0.6661,50.0,7566.7822,6.2456
train,inline,3,1024,90,15557.4249,90.01,38.5263,28.9552,0.0225,0.0225,0.1332,50.0,14908.9402,9725.345
train,inline,4,512,40,10091.3218,40.0014,24.0988,34.6955,7.7666,5.8461,0.7946,50.0,10128.856,1.0549
train,inline,3,1024,45,10702.7314,44.9989,32.5011,27.6205,0.0747,0.0746,0.7327,50.0,11381.425,8492.9903
train,inline,4,256,40,9992.5287,39.9849,23.8631,68.2599,0.0623,0.061,0.7994,50.0,7639.6402,0.0
train,inline,3,512,45,10589.9787,44.9875,30.8596,36.2041,0.0737,0.0694,0.7327,50.0,8364.5272,0.0
validation,inline,1,256,25,8463.4444,25.0106,76.7333,63.2321,0.3293,0.2314,0.9974,50.0,5646.1556,0.0
train,inline,3,384,40,10061.7735,39.9846,32.9002,51.55,0.0761,0.0761,0.7994,50.0,9204.312,0.0
train,inline,1,896,50,11249.2824,49.9408,74.6261,27.3249,0.5799,0.1214,0.6678,50.0,12077.2959,1.3704
train,inline,1,256,35,9767.2817,34.999,73.3889,63.235,0.192,0.0981,0.866,50.0,10098.6772,0.3859
train,inline,2,256,25,8363.1795,24.9257,43.0721,63.6255,0.0062,0.996,0.9992,50.0,7634.0034,3.9372
train,inline,2,384,55,11699.3213,54.9489,45.6958,48.1886,0.334,0.334,0.5995,50.0,11242.2596,1.0825
train,inline,3,256,35,9545.3617,34.9985,35.5035,66.4602,0.0926,0.0847,0.866,50.0,11285.8874,0.0
train,inline,2,896,55,11726.1548,54.9967,46.0745,29.4067,0.253,0.2326,0.5995,50.0,12675.9899,0.0
train,inline,2,384,95,16073.3145,94.927,53.8849,48.6333,0.0471,0.0471,0.0666,50.0,10752.2936,0.0
train,inline,3,640,65,12803.3443,64.9835,34.4946,32.597,0.0535,0.049,0.4663,50.0,12905.5614,2263.369
train,inline,2,256,40,10007.8389,39.8955,45.0062,64.3608,0.7987,0.7987,0.7994,50.0,6533.1099,0.5623
train,inline,4,768,100,16620.1452,100.006,30.017,30.9638,0.0199,0.0112,0.0,50.0,18657.0221,0.0
train,inline,2,512,75,13905.0977,74.9684,51.2726,30.6124,0.0655,0.042,0.3331,50.0,10822.3264,1.6298
train,inline,1,384,85,15031.338,84.8771,79.0581,48.3513,0.6541,0.0976,0.1998,50.0,13763.9755,0.0
train,inline,3,768,75,13912.2866,75.0036,36.7854,31.2082,0.0463,0.0392,0.3331,50.0,13040.9487,4652.098
validation,inline,3,512,99999,18977.1778,126.9589,41.0,32.2242,0.0295,0.0015,0.0,50.0,18999.9778,9999.3778
train,inline,4,640,65,12808.8504,65.0162,25.9291,32.8936,3.4257,2.5743,0.4641,50.0,13662.7289,0.0
train,inline,2,896,70,13354.126,69.9654,51.517,28.5685,0.1918,0.1592,0.3997,50.0,13410.8801,0.5734
train,inline,4,384,95,16075.2531,94.9638,29.9303,50.0814,0.3391,0.2563,0.0664,50.0,15702.8669,0.0
train,inline,4,512,50,11176.8627,49.9809,24.4193,34.0752,6.4714,4.8735,0.6622,50.0,11014.6329,0.4608
train,inline,2,384,75,13882.4982,74.9224,49.9635,48.2195,0.1905,0.1905,0.3331,50.0,10881.2989,0.0
train,inline,1,384,45,10825.6953,45.0009,70.981,47.0288,0.3373,0.1485,0.7327,49.0,10860.4473,0.0
train,inline,3,896,100,16636.218,100.0105,40.7368,29.9436,0.0237,0.0118,0.0,50.0,15736.8269,7495.094
train,inline,1,896,80,14486.7948,80.0091,78.7454,28.3784,1.1423,0.1346,0.2701,50.0,15502.7667,0.0
train,inline,2,896,70,13363.2689,69.9768,51.966,29.1191,0.2061,0.1599,0.3997,50.0,12463.3315,6.0919
train,inline,4,896,95,16069.7898,95.0216,29.987,30.1092,0.1875,0.1374,0.0665,50.0,15803.3836,0.0
train,inline,2,512,35,9563.639,35.0124,38.3278,31.5713,0.1029,0.0905,0.866,49.0,13575.9137,4.4344
train,inline,2,640,65,12818.5752,64.9795,47.9733,30.3551,0.1167,0.0972,0.4663,50.0,11733.7069,0.0
train,inline,2,640,25,8470.1933,25.0088,35.2113,31.6137,0.1958,0.1948,0.9992,49.0,13344.2951,0.0
train,inline,4,640,40,10081.3585,40.018,23.4529,33.5186,5.8553,4.4049,0.7956,50.0,11227.6155,0.0
train,inline,1,768,85,15037.303,85.0266,78.4267,29.6937,1.0446,0.126,0.2025,50.0,14864.909,0.0
train,inline,2,640,50,11189.6472,49.9998,42.4602,31.0331,0.1364,0.1333,0.6661,50.0,11383.7653,0.0
train,inline,1,768,70,13431.8623,70.0212,76.2698,28.7645,0.8348,0.1341,0.4017,50.0,15871.2036,3.7777
train,inline,4,256,75,13863.0615,74.9732,29.1165,67.9011,0.0381,0.032,0.3331,50.0,14228.9792,0.0
train,inline,3,896,99999,18950.2081,126.8786,43.0653,29.7386,0.0404,0.0024,0.0,50.0,20517.9092,10003.6339
train,inline,4,768,99999,18960.1233,126.9115,33.0092,30.9139,0.0362,0.0025,0.0,50.0,19527.8173,4995.7999
train,inline,2,384,30,8968.0484,29.944,40.7599,48.4594,0.5137,0.5137,0.9326,50.0,7332.4458,5.2171
train,inline,3,512,99999,18952.5144,126.8914,43.316,33.1575,0.0558,0.0028,0.0,50.0,18764.2596,9979.5905
train,inline,4,896,25,8410.1716,24.9988,20.5606,31.8171,2.5009,1.8983,0.997,50.0,8523.9447,1.1257
train,inline,4,1024,40,10034.3313,39.9876,21.0697,30.1469,0.0786,0.0786,0.7986,50.0,9633.9277,0.0
train,inline,2,1024,75,13897.4399,74.968,53.9958,27.8756,0.2036,0.1654,0.3331,50.0,14545.8771,0.0
train,inline,3,512,85,14975.453,84.9412,37.0185,32.3597,0.0269,0.0269,0.1998,50.0,15400.3159,0.0
train,inline,3,896,99999,18947.0175,126.8766,44.6213,30.0741,0.04,0.0023,0.0,50.0,18661.2623,10003.2926
train,inline,3,1024,50,11246.6272,50.0263,33.2613,28.1307,0.0736,0.0692,0.6661,50.0,10807.0291,8621.9599
train,inline,2,640,100,16630.08,99.9774,60.3076,29.7581,0.0665,0.0126,0.0,50.0,11933.4249,0.0
train,inline,2,896,70,13355.2154,69.9699,51.5222,28.5818,0.1933,0.1593,0.3997,50.0,13717.8791,1.0137
train,inline,3,384,70,13338.5631,69.9728,37.2148,49.5357,0.0496,0.044,0.3997,50.0,15799.2615,2.1812
train,inline,2,1024,40,10085.4452,39.9885,40.5414,28.6972,0.3909,0.3804,0.7994,50.0,12156.1563,0.6536
train,inline,1,1024,60,12305.0811,59.9455,78.78,27.2034,0.8748,0.1137,0.536,50.0,12334.1689,0.0
train,inline,4,256,35,9435.0953,34.968,22.9382,67.9834,0.0649,0.0649,0.866,50.0,7038.8068,0.4754
train,inline,1,768,99999,18968.8299,126.9247,89.8915,29.3191,0.9695,0.0798,0.0,50.0,12931.4772,5287.6266
train,inline,2,768,65,12818.2433,64.9893,49.2143,29.8482,0.1704,0.1406,0.4663,50.0,13595.5703,0.0
train,inline,1,384,55,11879.8561,54.968,73.5439,47.5659,0.4245,0.1362,0.5995,49.0,10362.0947,2.8704
train,inline,3,640,40,10072.7597,39.9768,30.6156,34.4375,0.0821,0.0762,0.7994,50.0,7396.1313,2092.3311
test,inline,3,1024,100,16625.4,99.785,39.5556,28.2262,0.0179,0.0115,0.0,50.0,22216.0667,10014.0444
train,inline,2,896,100,16620.3921,99.9534,63.0121,27.91,0.0688,0.0121,0.0,50.0,14915.2903,1.1084
train,inline,2,896,90,15540.2896,89.9928,59.4081,28.7522,0.1203,0.0617,0.1332,50.0,14489.8476,0.0
train,inline,2,1024,100,16626.9734,99.979,63.9797,27.84,0.0764,0.012,0.0,50.0,18243.6842,0.0
train,inline,2,896,80,14447.8765,79.9786,55.4177,28.7298,0.1552,0.1102,0.2665,50.0,15293.2125,0.0
train,inline,3,512,40,10041.4192,39.9929,30.1139,36.6934,0.0798,0.0746,0.7994,50.0,8628.8818,0.0
train,inline,2,1024,75,13905.9377,74.9718,54.5739,28.5279,0.2174,0.1661,0.3331,50.0,12674.8898,4.9205
train,inline,2,768,50,11185.0537,49.9929,43.8062,30.1435,0.2139,0.1956,0.6661,50.0,13073.578,0.0
train,inline,2,384,70,13339.963,69.9311,49.1067,48.5178,0.2266,0.2266,0.3997,50.0,10330.2388,1.4341
train,inline,3,768,25,8470.8506,24.9984,28.5036,32.376,0.0964,0.0941,0.9992,50.0,8055.166,3973.8403
train,inline,3,512,75,13884.5388,74.948,35.8542,33.7393,0.0479,0.038,0.3331,50.0,11763.3819,4.643
train,inline,2,1024,70,13353.7643,69.974,51.9564,28.0635,0.2296,0.1961,0.3997,50.0,14214.8371,0.0
train,inline,3,384,40,10063.5106,39.9861,32.4607,51.3685,0.0764,0.0764,0.7994,50.0,10185.6344,0.0
train,inline,4,512,40,10092.9463,40.0048,23.5075,34.7984,7.7649,5.8461,0.7946,50.0,9991.1524,0.0
train,inline,2,256,70,13309.9094,69.8855,48.5551,65.7143,0.4047,0.4047,0.3997,50.0,9484.0801,0.0
train,inline,4,896,80,14426.2567,80.01,27.9119,30.4161,0.6754,0.5142,0.2659,50.0,14143.2861,0.0
train,inline,1,512,90,15588.4384,90.0784,78.4928,32.0666,0.708,0.0932,0.1332,50.0,15517.5689,0.8504
train,inline,4,512,95,16085.59,94.9957,28.0101,33.3085,0.6616,0.4971,0.0662,50.0,18422.7825,0.0
train,inline,2,896,35,9543.5107,34.9837,38.1226,29.4196,0.3318,0.3307,0.866,50.0,11526.5924,0.0
train,inline,1,384,75,13978.5621,74.9038,76.7176,47.941,0.5703,0.1101,0.3331,50.0,12792.2137,0.0
train,inline,4,768,55,11704.3841,55.0147,25.3539,32.2863,2.9529,2.225,0.5975,50.0,11361.7779,0.0
train,inline,3,896,35,9586.1526,34.9763,30.4183,29.3923,0.0845,0.0845,0.866,50.0,8694.6581,6164.9835
train,inline,1,896,75,13947.4741,74.9963,77.427,28.2713,1.0401,0.1319,0.3364,50.0,14873.3947,0.0
train,inline,2,768,70,13366.481,69.9659,51.412,30.0355,0.1674,0.123,0.3997,50.0,10363.1951,7.3785
train,inline,3,768,55,11735.0967,54.9935,33.2347,31.6742,0.0641,0.0609,0.5995,50.0,11835.6936,4381.6374
train,inline,4,640,85,14985.6686,84.9916,27.769,32.1976,1.4744,1.1096,0.1989,50.0,14770.1553,0.0
train,inline,3,1024,50,11243.12,50.0082,32.8932,27.9187,0.0685,0.0685,0.6661,50.0,10958.3665,8628.9176
train,inline,2,896,35,9551.6575,35.02,38.2248,30.0619,0.3385,0.331,0.866,50.0,11473.3533,0.0
train,inline,3,512,50,11136.1239,49.9781,32.0022,35.6217,0.0639,0.0638,0.6661,50.0,9299.7327,1.7452
train,inline,1,256,85,15006.0827,84.689,82.7844,64.8317,0.662,0.0913,0.1998,50.0,14597.3232,0.0
train,inline,4,640,100,16620.9271,99.9864,29.2062,31.6893,0.016,0.0112,0.0,50.0,16361.4037,0.0
train,inline,4,512,99999,18929.7718,126.8261,34.616,32.4229,0.0383,0.0024,0.0,50.0,17791.3867,3.5885
train,inline,2,1024,30,9000.6921,30.0104,36.6304,29.2808,0.4484,0.4419,0.9326,50.0,13366.6742,0.0
train,inline,4,384,45,10592.5885,45.0005,24.387,51.0676,3.5947,2.7085,0.7306,50.0,11402.1183,3.9128
train,inline,3,256,50,11171.9959,49.9817,36.1319,66.3262,0.0668,0.0668,0.6661,50.0,12735.097,0.0
train,inline,3,512,95,16078.4892,94.9565,38.2281,31.8964,0.0164,0.0164,0.0666,50.0,15720.8831,0.0
train,inline,2,256,99999,18956.8708,127.0072,64.2613,64.0744,0.0167,0.0014,0.0033,50.0,25127.4195,0.0
train,inline,1,768,55,11826.4193,55.0035,73.8024,28.9428,0.6046,0.1412,0.6008,49.0,11960.3752,1.1972
train,inline,2,640,90,15536.3823,89.9629,56.5985,29.3679,0.0779,0.0366,0.1332,50.0,12925.9056,1.9261
train,inline,2,896,40,10093.9994,40.0035,39.6685,29.783,0.3104,0.3061,0.7994,50.0,11916.9027,0.0
train,inline,1,256,95,16055.0059,94.6345,83.1827,65.2045,0.7402,0.0893,0.0666,50.0,14692.1014,0.0
train,inline,4,1024,50,11132.7642,50.0039,23.5434,30.1168,0.0702,0.0677,0.6655,50.0,10933.7153,0.0
train,inline,2,512,80,14456.6411,79.9966,52.7918,30.9886,0.0734,0.0366,0.2665,50.0,10851.862,0.0
train,inline,1,640,65,12925.5067,65.0395,73.0119,30.453,0.6375,0.1443,0.4672,49.0,11634.3822,0.2018
train,inline,2,512,40,10105.855,40.001,40.043,31.891,0.0939,0.0842,0.7994,49.0,12915.1446,0.0
train,inline,4,640,90,15536.1623,90.0076,28.4973,32.4386,0.995,0.7438,0.1326,50.0,15046.7768,0.0
train,inline,1,896,30,9100.1054,29.9307,71.5306,27.398,0.2052,0.1125,0.9329,50.0,9699.8978,1.1447
train,inline,2,1024,25,8454.0655,25.0044,34.5593,29.2391,0.4723,0.4725,0.9992,50.0,12889.4765,0.0
train,inline,4,768,90,15529.964,90.0201,29.175,31.3016,0.6786,0.5037,0.1328,50.0,15551.0185,0.0
train,inline,1,256,100,16580.9872,99.6178,85.8457,65.3233,0.8123,0.0899,0.0,50.0,15569.634,0.0
train,inline,4,896,70,13334.6343,69.9945,27.0931,30.7525,1.0202,0.7666,0.3988,50.0,12023.1064,3.7614
train,inline,1,640,100,16640.3884,100.0589,82.2992,31.1886,1.0275,0.0941,0.0016,50.0,17223.9274,0.6543
train,inline,2,512,45,10647.4768,44.9924,41.5809,31.6175,0.0894,0.0783,0.7327,49.0,11094.5567,0.0
train,inline,4,768,99999,18962.0329,126.9244,33.9047,31.2022,0.0475,0.0032,0.0,50.0,18723.5079,4989.7982
train,inline,2,640,50,11188.1023,49.9816,43.5375,30.8082,0.1515,0.1341,0.6661,50.0,10926.1322,2.0737
train,inline,3,896,55,11758.7268,54.9989,33.5675,29.738,0.0645,0.062,0.5995,50.0,12267.2215,6575.6903
train,inline,3,512,35,9492.4371,34.9947,28.358,37.1509,0.0794,0.0794,0.866,50.0,6710.8189,0.0
train,inline,1,640,90,15581.5601,90.0419,79.8585,31.115,0.9258,0.109,0.1347,50.0,14991.5674,3.8964
train,inline,3,256,90,15513.9609,89.9585,42.9613,65.0712,0.0323,0.0228,0.1332,50.0,20452.3154,2.2955
train,inline,4,384,30,8944.6409,29.9983,23.038,51.7591,4.5633,3.4439,0.9298,50.0,7578.2897,0.8974
train,inline,2,1024,80,14445.0827,79.9769,56.4787,27.9842,0.1832,0.135,0.2665,50.0,15071.6663,0.4838
train,inline,1,640,90,15580.7589,90.0637,79.6929,31.0171,0.9224,0.1088,0.1347,50.0,15445.704,0.0
train,inline,2,384,55,11694.8774,54.9365,46.0589,48.1332,0.3338,0.3338,0.5995,50.0,9260.1373,1.266
train,inline,3,384,55,11701.4917,54.9826,34.8477,50.3176,0.0646,0.0603,0.5995,50.0,13675.9375,2.5282
train,inline,3,896,45,10678.5118,45.0187,32.3971,30.0732,0.0819,0.0738,0.7327,50.0,9792.7142,6362.2445
train,inline,2,640,75,13906.043,74.9741,51.0622,30.0929,0.0959,0.0727,0.3331,50.0,11820.1274,0.0
train,inline,2,1024,25,8456.331,25.0148,34.6635,29.3844,0.4752,0.4727,0.9992,50.0,11805.0802,0.0
train,inline,2,640,55,11736.6538,54.9767,45.185,31.0777,0.1467,0.1222,0.5995,50.0,9404.2765,5.0249
train,inline,1,1024,80,14468.6171,79.9735,80.6617,26.9812,1.3168,0.1406,0.2713,50.0,16328.5785,0.0
train,inline,4,256,90,15519.6016,89.9554,30.4715,67.5581,0.019,0.019,0.1332,50.0,15033.872,0.0
train,inline,1,1024,90,15547.8074,89.9704,81.8857,26.3884,1.5467,0.1546,0.1389,50.0,18628.4793,0.0
train,inline,3,896,100,16633.2687,99.9896,40.7713,29.7608,0.0177,0.0114,0.0,50.0,15525.1784,7503.7096
train,inline,2,640,35,9559.8772,35.0164,38.3509,31.4849,0.1779,0.1706,0.866,49.0,11188.8091,0.0
train,inline,4,512,35,9543.2842,34.986,23.3136,34.5587,8.4105,6.3323,0.8609,50.0,9780.1609,0.1804
train,inline,2,768,30,9012.4701,29.9894,37.16,30.9605,0.2825,0.2696,0.9326,50.0,10039.302,5.5893
train,inline,3,384,85,14973.5277,84.9546,39.0023,48.8862,0.0273,0.0273,0.1998,50.0,16735.735,0.0
train,inline,4,768,30,8976.0342,30.0216,22.0112,33.0166,4.5859,3.4551,0.9294,50.0,8951.259,0.0
train,inline,2,640,25,8466.6147,24.9953,34.869,31.3085,0.1898,0.1947,0.9992,49.0,11120.5382,0.0
train,inline,2,512,99999,18930.2651,126.7959,62.1773,29.8809,0.091,0.0037,0.0,50.0,19683.1781,0.5098
train,inline,1,256,95,16056.4488,94.6445,84.9762,65.326,0.7631,0.0904,0.0666,50.0,15141.7453,0.0
train,inline,2,256,40,10012.2705,39.9126,44.4991,64.4752,0.7986,0.7986,0.7994,50.0,7497.8392,0.3183
train,inline,3,384,55,11701.4544,54.9647,35.5401,50.7674,0.067,0.0606,0.5995,50.0,10770.0333,3.4628
train,inline,1,896,95,16097.3486,95.0064,81.9031,28.1267,1.4323,0.1415,0.0712,50.0,17997.8391,0.1008
train,inline,4,384,50,11138.8935,49.9941,25.5952,51.3559,3.263,2.463,0.6642,50.0,9992.6281,0.9215
train,inline,4,768,30,8967.0963,29.9795,21.5788,32.4191,4.5731,3.4544,0.9294,50.0,9349.1384,0.1839
train,inline,3,640,100,16627.2326,99.9657,40.2409,30.8049,0.0131,0.0111,0.0,50.0,16830.4979,2501.106
train,inline,3,1024,99999,18939.0889,126.8128,42.1407,27.9811,0.0335,0.0026,0.0,50.0,19042.2222,10005.8667
train,inline,2,896,100,16625.8193,99.9766,63.4313,28.3918,0.073,0.0121,0.0,50.0,15955.8783,0.6982
train,inline,1,512,55,11895.2488,55.0815,69.2305,30.8483,0.4618,0.1765,0.5995,49.0,12162.1065,1.5284
train,inline,2,768,75,13904.7287,74.9868,53.3764,29.597,0.1384,0.1038,0.3331,50.0,12744.7132,1.8247
train,inline,3,384,75,13882.3895,74.9665,38.6089,49.5655,0.0412,0.0383,0.3331,50.0,16416.6938,0.3023
train,inline,4,1024,85,14969.8787,85.017,29.8548,29.3487,0.0508,0.0292,0.1997,50.0,13896.0285,0.0
train,inline,3,1024,60,12322.1981,60.0101,34.7274,28.0139,0.0613,0.0574,0.5329,50.0,14120.451,8904.7865
train,inline,4,640,45,10625.7065,44.9931,23.7011,33.6354,5.3616,4.0384,0.7293,50.0,9592.5098,1.6399
train,inline,2,768,99999,18948.1484,126.8511,60.4236,28.8841,0.0685,0.0036,0.0,50.0,16970.5949,5009.6214
train,inline,3,384,85,14973.2963,84.9613,40.2674,48.9657,0.0297,0.0275,0.1998,50.0,16730.086,1.5406
train,inline,1,640,40,10265.4665,40.0281,67.7166,29.3173,0.3663,0.1804,0.7997,49.0,10445.5293,0.7405
train,inline,3,768,80,14455.8625,79.993,36.3819,30.5902,0.0343,0.0332,0.2665,50.0,15453.0559,4727.4795
train,inline,1,256,80,14483.8352,79.7251,81.9078,64.3283,0.623,0.0924,0.2665,50.0,14909.1189,4.5685
train,inline,1,512,75,14006.9931,75.0602,74.9346,31.8267,0.6086,0.1293,0.3331,49.0,11613.3815,4.9212
train,inline,2,384,25,8415.2267,24.9511,38.8119,47.9596,0.0441,0.5487,0.9992,50.0,8235.495,0.0
train,inline,3,1024,50,11243.5617,50.0061,33.2971,27.8911,0.0707,0.0688,0.6661,50.0,12761.3796,8629.4363
train,inline,1,512,35,9787.5872,35.0893,64.0271,30.5081,0.3255,0.2245,0.866,48.0,8931.7995,0.0
train,inline,4,640,30,8987.7358,30.0014,22.4116,33.9635,6.8193,5.1366,0.9282,50.0,11021.4158,0.0
train,inline,4,256,55,11650.6303,54.9746,25.9462,67.884,0.0507,0.0485,0.5995,50.0,10563.4874,1.2145
train,inline,4,640,85,14984.7364,84.9855,27.6782,32.1244,1.4723,1.1094,0.1989,50.0,15071.6189,0.2268
train,inline,1,896,35,9640.6601,34.9467,72.3173,27.4111,0.3035,0.1149,0.8666,50.0,11247.5583,2.5903
train,inline,4,896,99999,18970.5512,126.9253,33.1441,30.0005,0.0416,0.003,0.0,50.0,18833.6962,7495.0336
train,inline,1,896,25,8564.5168,24.9197,71.0066,27.6933,0.1149,0.1105,0.9992,50.0,7613.1735,2.8809
train,inline,3,1024,45,10705.0129,45.0093,32.5097,27.6064,0.0787,0.0747,0.7327,50.0,12901.7777,8494.0757
train,inline,3,640,80,14445.0666,79.9873,36.8284,32.0286,0.0418,0.0332,0.2665,50.0,14136.2742,2358.9206
train,inline,2,768,45,10642.8577,44.992,42.1871,30.4023,0.2323,0.2142,0.7327,50.0,11491.9423,1.9803
train,inline,3,512,60,12237.2046,59.959,33.2685,34.9645,0.0598,0.0537,0.5329,50.0,9314.7079,3.5273
train,inline,3,512,50,11137.8887,49.978,30.6391,35.7516,0.0634,0.0634,0.6661,50.0,9059.2524,0.0
train,inline,1,640,75,13987.2452,75.058,76.1422,30.5662,0.7571,0.1304,0.3342,50.0,14038.3572,0.0
train,inline,3,256,45,10629.0181,44.9825,36.0852,66.4235,0.0727,0.0727,0.7327,50.0,13101.1818,0.0
train,inline,1,384,65,12932.3186,64.9457,75.8084,47.9471,0.5087,0.1237,0.4663,50.0,11426.4942,0.0
train,inline,1,512,55,11897.131,55.072,69.3601,31.0067,0.4668,0.1768,0.5995,49.0,10921.7306,4.3103
train,inline,3,384,25,8425.5355,24.9901,30.5497,52.3956,0.0904,0.0927,0.9992,50.0,8513.5057,0.0
train,inline,4,1024,85,14965.2263,85.0121,29.9715,29.0867,0.0404,0.0285,0.1997,50.0,14817.6263,1.257
train,inline,3,384,25,8421.5771,24.9767,30.8447,52.073,0.0899,0.0928,0.9992,50.0,6825.169,0.6657
train,inline,1,512,25,8729.7157,25.0836,60.6936,29.9936,0.242,0.2475,0.9992,48.0,8556.6896,0.0
train,inline,3,1024,65,12854.9236,64.9869,34.9287,27.8077,0.0512,0.0512,0.4663,50.0,12460.0139,9040.6515
train,inline,2,768,85,14993.3421,84.9735,56.1805,29.2348,0.1107,0.0672,0.1998,50.0,14358.1433,0.0
train,inline,1,640,70,13453.5402,70.0478,75.2157,30.3697,0.6968,0.1372,0.4007,49.0,13623.2844,0.8003
train,inline,1,768,100,16638.7809,100.0427,82.8183,29.8205,1.2776,0.1188,0.0033,50.0,18512.53,0.5869
train,inline,1,768,99999,18968.9234,126.9252,90.4394,29.2903,0.9764,0.0802,0.0,50.0,13002.1857,5288.3274
train,inline,3,1024,80,14478.668,80.0122,36.8306,28.6761,0.0338,0.0338,0.2665,50.0,14219.5127,9449.673
train,inline,4,512,85,14996.6337,85.0011,27.3015,33.5946,1.9552,1.4699,0.1987,50.0,15684.7667,0.0
train,inline,3,384,30,8972.6965,29.9837,31.7222,52.1659,0.0925,0.0878,0.9326,50.0,7029.0259,0.4944
train,inline,2,256,85,14959.0576,84.8778,50.2027,65.8646,0.2078,0.2078,0.1998,50.0,11442.6973,3.1945
train,inline,4,640,90,15533.7032,90.0019,28.446,32.1481,0.9903,0.7434,0.1326,50.0,16039.1396,1.6733
train,inline,2,256,95,16054.7557,94.854,51.4287,66.3446,0.0762,0.0762,0.0666,50.0,11031.6871,0.2131
train,inline,1,1024,90,15546.7558,89.9624,81.885,26.6922,1.5465,0.1547,0.1389,50.0,17369.1179,1.4472
train,inline,2,1024,90,15538.4108,89.979,59.6249,28.1101,0.1252,0.0733,0.1332,50.0,15113.2082,0.0
train,inline,1,256,99999,18963.0337,126.939,91.0889,66.4384,1.2208,0.1352,0.0198,50.0,15969.4571,0.0
train,inline,4,1024,50,11134.4302,49.9968,23.8555,30.1986,0.0795,0.0681,0.6655,50.0,11592.0562,1.4089
train,inline,4,640,80,14438.2075,79.9834,26.4662,32.238,1.9488,1.4751,0.2652,50.0,14096.9288,0.0
train,inline,3,384,50,11155.8837,49.9768,33.267,51.1359,0.0651,0.0651,0.6661,50.0,10287.6789,0.0
train,inline,4,640,85,14987.4297,85.0009,28.1716,32.4315,1.4741,1.1093,0.1989,50.0,15680.996,0.5358
train,inline,2,896,85,14994.1761,84.9841,56.6226,28.8022,0.1275,0.0854,0.1998,50.0,15252.4703,0.0
train,inline,3,256,25,8451.7922,24.9664,33.9114,66.3904,0.0911,0.0955,0.9992,50.0,8220.3336,0.5375
train,inline,2,768,40,10092.4,39.9899,40.7373,30.177,0.2387,0.2321,0.7994,50.0,11459.9537,1.7538
train,inline,3,384,90,15521.3917,89.9565,39.8987,48.7531,0.022,0.022,0.1332,50.0,17437.3492,0.0
train,inline,3,384,60,12246.2572,59.9734,35.9736,50.3276,0.0589,0.0548,0.5329,50.0,14482.8126,0.0
train,inline,1,1024,99999,18952.7601,126.8509,90.6127,28.0339,0.5431,0.0415,0.0,50.0,13323.8892,10569.1333
train,inline,4,640,75,13898.0831,75.0036,26.3719,32.5572,2.4446,1.8416,0.3315,50.0,14592.4115,0.2751
train,inline,4,896,30,8959.021,29.9907,21.2156,31.8416,2.3402,1.7728,0.9306,50.0,8406.1818,2.3377
train,inline,4,512,75,13904.5995,74.9828,26.4947,33.6701,3.2458,2.4424,0.3311,50.0,13206.8124,1.9339
train,inline,2,512,90,15542.1139,89.9783,54.2106,30.6412,0.0452,0.0235,0.1332,50.0,10818.9397,0.0
train,inline,3,512,80,14429.9311,79.9323,36.5587,33.0353,0.04,0.0327,0.2665,50.0,11697.5621,5.3873
train,inline,3,768,70,13362.4617,69.9735,35.5026,30.8683,0.0442,0.0442,0.3997,50.0,12580.8837,4589.8924
train,inline,4,1024,75,13871.4909,75.0089,27.8609,29.4096,0.0524,0.0398,0.3328,50.0,15489.9089,0.0
train,inline,4,384,25,8398.5837,25.0007,22.1575,51.6837,4.8956,3.6895,0.9962,50.0,7762.1875,3.9061
train,inline,1,384,25,8723.6067,25.0682,66.3711,46.2115,0.1755,0.1737,0.9992,49.0,9526.7355,1.9419
train,inline,1,384,80,14502.6714,79.8891,79.5056,48.0449,0.6219,0.1043,0.2665,50.0,13291.0809,1.8283
train,inline,3,896,35,9590.8637,34.9998,31.047,29.851,0.0845,0.0845,0.866,50.0,8764.6331,6165.6511
train,inline,3,1024,95,16095.4695,95.0155,39.9986,28.9546,0.0223,0.0172,0.0666,50.0,15817.4706,9860.1101
train,inline,2,640,100,16629.3056,99.9585,60.8772,29.8185,0.0672,0.0126,0.0,50.0,10485.0207,6.1486
train,inline,1,640,85,15044.753,85.0408,78.2366,30.3918,0.862,0.1157,0.2012,50.0,15415.1673,1.2681
train,inline,2,1024,45,10632.4518,44.9932,42.4334,28.6587,0.3674,0.3498,0.7327,50.0,12915.1017,0.749
train,inline,2,640,40,10098.9174,39.9749,40.2671,30.9741,0.1699,0.1586,0.7994,49.0,10132.8139,3.7691
train,inline,2,768,60,12276.9596,60.0092,47.6365,30.1772,0.1916,0.1594,0.5329,50.0,12551.4585,0.0
train,inline,1,768,75,13968.925,75.0039,77.8935,29.5537,0.9133,0.1319,0.3353,50.0,12421.9125,6.0981
train,inline,4,896,100,16612.626,100.005,31.2837,29.6693,0.0225,0.0115,0.0,50.0,16510.1156,0.7875
train,inline,1,256,80,14483.6792,79.7103,82.1777,64.7961,0.6209,0.0924,0.2665,50.0,12537.281,2.9865
train,inline,1,256,95,16055.5956,94.6387,84.8841,65.2478,0.7611,0.0903,0.0666,50.0,15048.3077,0.0
train,inline,2,256,50,11112.6352,49.9172,46.7093,65.1883,0.6677,0.6677,0.6661,50.0,7093.7596,0.0
train,inline,3,256,65,12800.2737,64.9762,38.4313,65.8226,0.0501,0.0501,0.4663,50.0,15959.4038,0.0
train,inline,4,384,100,16625.7962,99.9647,30.4451,50.1087,0.0137,0.011,0.0,50.0,17227.4212,0.0
train,inline,4,640,80,14442.3645,79.9978,26.6302,32.5344,1.9529,1.4752,0.2652,50.0,14286.2939,0.0
train,inline,2,768,55,11726.0678,54.9807,45.6163,29.7952,0.1963,0.1772,0.5995,50.0,12130.9038,0.6637
train,inline,3,256,99999,18968.9114,126.9387,46.9151,65.3971,0.092,0.0039,0.0,50.0,12315.1281,10009.4535
train,inline,2,896,40,10087.0993,39.9829,40.6019,29.3058,0.3134,0.3062,0.7994,50.0,11731.5471,1.3845
train,inline,3,896,40,10137.9466,40.0019,31.8064,30.1744,0.0909,0.0797,0.7994,50.0,7898.1992,6265.7464
train,inline,4,1024,100,16609.5605,100.0212,32.1794,28.408,0.0306,0.0118,0.0,50.0,17835.1657,3.2291
train,inline,4,640,65,12806.4838,65.0004,25.6037,32.9922,3.416,2.5738,0.4641,50.0,13703.5778,0.0
train,inline,1,384,100,16610.8886,99.8387,83.5948,48.9671,0.7927,0.0794,0.0,50.0,16828.205,0.0
train,inline,1,512,40,10313.704,40.0688,65.3071,30.5659,0.3588,0.2124,0.7994,48.0,8872.9377,3.4094
train,inline,3,768,85,14999.6844,84.9905,37.0049,30.8258,0.0274,0.0274,0.1998,50.0,14432.0353,4790.3395
train,inline,2,1024,99999,18962.4239,126.9082,58.1236,27.3749,0.0372,0.0029,0.0,50.0,16813.4084,10020.8054
train,inline,2,256,45,10560.7915,44.9066,45.3895,64.8556,0.7328,0.7328,0.7327,50.0,6861.4722,0.0
train,inline,1,640,50,11328.6005,50.0388,70.2264,29.7303,0.4789,0.1662,0.6667,49.0,11070.6628,0.0
train,inline,1,896,45,10719.4692,44.9734,74.3162,28.0515,0.4959,0.1196,0.7341,50.0,11497.1877,0.0
train,inline,4,640,100,16625.9797,100.0045,27.6756,32.1719,0.0103,0.0103,0.0,50.0,16284.0325,0.0
train,inline,1,768,95,16105.7499,95.034,81.4202,29.7467,1.2058,0.1215,0.0697,50.0,17837.2382,0.2271
train,inline,2,896,95,16077.3128,94.9525,60.995,28.0781,0.0918,0.0367,0.0666,50.0,14349.6226,1.6074
train,inline,1,768,100,16642.9127,100.0594,82.6312,30.0239,1.286,0.1195,0.0033,50.0,17667.776,0.0
train,inline,2,640,25,8470.8353,25.0176,35.5309,31.6709,0.1976,0.195,0.9992,49.0,11080.6058,0.0
train,inline,3,256,95,16053.2976,94.9498,43.1088,64.8494,0.0167,0.0167,0.0666,50.0,21099.6371,0.0
train,inline,2,1024,30,8999.1806,30.0044,36.4505,28.9074,0.4479,0.442,0.9326,50.0,12421.273,1.7618
train,inline,2,640,80,14453.1627,79.9846,53.4282,30.0236,0.0996,0.0609,0.2665,50.0,14471.9853,0.4909
train,inline,2,640,90,15540.8736,89.9796,56.7592,29.7811,0.0817,0.0365,0.1332,50.0,14774.2455,0.2659
train,inline,1,256,65,12911.1415,64.8167,77.9502,64.3264,0.4609,0.0934,0.4663,50.0,11991.8842,0.0
train,inline,4,384,85,14981.7715,84.9794,28.749,50.367,0.9923,0.7468,0.1992,50.0,15726.856,1.5717
train,inline,1,256,80,14475.6617,79.6921,81.8553,64.1892,0.612,0.092,0.2665,50.0,12773.1576,1.5471
train,inline,4,1024,35,9493.0698,35.0158,20.8797,30.758,0.0891,0.0849,0.8652,50.0,9076.4536,0.0
train,inline,3,1024,40,10167.416,40.0188,32.0363,27.811,0.0868,0.0807,0.7994,50.0,10979.3939,8350.4698
train,inline,4,640,35,9531.5685,34.986,22.9124,33.6541,6.3335,4.7707,0.8619,50.0,8807.1053,1.9944
train,inline,4,512,65,12816.9576,64.9951,25.7734,34.119,4.5391,3.4149,0.4635,50.0,13673.3387,0.337
train,inline,2,640,50,11185.4692,49.9808,43.3692,30.6042,0.1473,0.1339,0.6661,50.0,11544.3063,0.3565
train,inline,4,640,60,12261.7808,60.006,25.0481,32.8335,3.9058,2.9401,0.5304,50.0,13574.8622,2.0008
train,inline,2,384,99999,18943.2959,126.901,63.4219,46.7614,0.0585,0.0027,0.0016,50.0,23179.8446,2.2043
train,inline,3,384,60,12248.5816,59.9678,36.2878,50.5716,0.0648,0.0553,0.5329,50.0,11478.5674,1.0778
train,inline,3,512,99999,18945.3322,126.8596,42.5453,32.6188,0.043,0.0022,0.0,50.0,18667.5592,9983.2648
train,inline,2,384,50,11151.213,49.9488,44.7886,48.3154,0.3697,0.3697,0.6661,50.0,9198.7909,0.2462
train,inline,3,1024,40,10162.7884,39.9961,31.6837,27.2783,0.0807,0.0805,0.7994,50.0,10557.2716,8357.59
train,inline,3,512,90,15533.0429,89.9361,38.464,32.5841,0.0377,0.0226,0.1332,50.0,12364.4872,6.1947
train,inline,3,384,40,10063.6628,39.9872,32.9176,51.1952,0.0821,0.0767,0.7994,50.0,11100.1634,2.6559
train,inline,2,640,50,11191.3653,50.0102,43.7824,31.0823,0.1555,0.1343,0.6661,50.0,11436.5515,0.0
train,inline,3,1024,50,11244.4226,50.0115,32.83,27.6612,0.0692,0.0689,0.6661,50.0,12229.8386,8631.3007
train,inline,2,512,60,12280.4195,59.9921,45.3911,31.4304,0.0702,0.0598,0.5329,49.0,11362.4059,0.0
train,inline,4,896,80,14428.1154,80.0133,27.3743,30.2136,0.6791,0.5144,0.2659,50.0,15285.6578,0.0
train,inline,1,384,100,16610.6269,99.8391,83.409,48.5413,0.795,0.0795,0.0,50.0,16899.8872,2.9271
train,inline,3,384,85,14976.5153,84.9691,39.2977,48.5892,0.035,0.0277,0.1998,50.0,18884.2264,3.0545
train,inline,3,256,30,9001.7572,29.9945,33.2883,66.9149,0.0892,0.0892,0.9326,50.0,8969.0294,0.0
train,inline,3,896,100,16631.7643,99.9939,40.3632,29.6311,0.0145,0.0111,0.0,50.0,18470.5244,7499.4508
train,inline,2,768,25,8464.7235,25.01,35.214,30.8636,0.2876,0.2873,0.9992,50.0,13069.2822,0.0
train,inline,3,896,85,15009.8973,84.9935,38.328,29.8513,0.0364,0.0285,0.1998,50.0,13804.0386,7193.0555
train,inline,4,512,85,14996.1211,84.9976,26.5848,33.5927,1.9457,1.4694,0.1987,50.0,15515.4042,0.0
train,inline,4,384,70,13336.3585,69.977,27.3157,51.0087,1.9685,1.4824,0.3985,50.0,13533.7264,1.2854
train,inline,1,256,55,11864.5471,54.8742,77.6503,64.107,0.3871,0.0958,0.5995,50.0,10341.0879,0.0
train,inline,4,1024,55,11681.3289,55.0062,24.5824,30.004,0.0724,0.0623,0.599,50.0,13200.0338,0.0
train,inline,2,896,25,8461.4753,25.0187,35.0363,30.1736,0.3835,0.3802,0.9992,50.0,11088.3429,0.0
train,inline,3,384,45,10609.5093,44.9779,33.0516,51.3276,0.0708,0.0708,0.7327,50.0,9732.4996,0.0
train,inline,3,512,65,12785.3952,64.965,33.2476,34.5221,0.0478,0.0478,0.4663,50.0,10696.7733,0.0
train,inline,1,896,65,12873.0847,64.9997,77.5202,28.2799,0.8746,0.1286,0.4689,50.0,14062.2573,0.0
train,inline,1,640,85,15051.7619,85.0602,78.7828,31.0676,0.8732,0.1164,0.2012,50.0,13870.7202,0.0
train,inline,1,512,65,12951.4414,65.0774,71.9353,31.2117,0.5356,0.1529,0.4663,49.0,12852.2911,3.0141
train,inline,3,256,30,8998.0086,29.9816,35.0537,66.5992,0.0898,0.0898,0.9326,50.0,9191.304,1.0206
train,inline,1,512,25,8730.3081,25.0797,61.0777,29.9958,0.2494,0.2478,0.9992,48.0,9209.9175,0.3587
train,inline,4,896,40,10053.1122,39.993,22.6936,31.6143,2.0108,1.5212,0.7976,50.0,10554.9857,1.9222
train,inline,3,896,65,12836.9624,64.988,35.5344,29.5305,0.0505,0.0505,0.4663,50.0,12144.4304,6782.6878
train,inline,1,512,70,13478.1184,70.0798,72.8675,31.6068,0.5618,0.1404,0.3997,49.0,14436.0909,0.0
train,inline,2,896,85,14991.9238,84.9841,57.9777,28.729,0.1334,0.0856,0.1998,50.0,14830.0563,1.326
train,inline,2,768,100,16624.6247,99.9639,61.3594,28.5031,0.068,0.0123,0.0,50.0,14727.9863,2.2982
train,inline,1,384,60,12406.0145,59.9704,74.6076,47.7828,0.4659,0.1298,0.5329,49.0,13184.2163,0.0
train,inline,3,1024,35,9627.582,35.0073,31.0206,27.2144,0.0928,0.0865,0.866,50.0,10744.5298,8223.0814
train,inline,2,640,85,14997.0381,84.9752,55.193,30.0594,0.09,0.0488,0.1998,50.0,12985.9988,0.4677
train,inline,4,1024,80,14417.2309,80.0163,29.5436,29.2904,0.0453,0.0341,0.2662,50.0,14082.739,0.8277
train,inline,1,1024,50,11217.6154,49.9223,77.1738,26.9096,0.6371,0.0991,0.6683,50.0,13398.2809,0.0
train,inline,1,1024,75,13929.3643,74.9645,80.4259,27.1066,1.2136,0.1343,0.3375,50.0,14884.2829,0.0
train,inline,1,768,35,9689.9491,34.9967,69.7041,28.6953,0.3104,0.1515,0.8664,49.0,9511.3547,0.0
train,inline,4,768,25,8426.8815,25.0016,21.0487,32.8028,4.9049,3.7006,0.9958,50.0,9316.535,1.3293
train,inline,3,640,70,13341.7041,69.9464,34.8824,31.9419,0.0434,0.0434,0.3997,50.0,12169.9426,2295.3474
train,inline,3,768,75,13910.8309,74.9873,35.7627,31.0624,0.0385,0.0385,0.3331,50.0,14177.9412,4655.6643
train,inline,4,256,75,13863.7112,74.9531,29.232,67.9396,0.0407,0.0322,0.3331,50.0,12335.0916,3.4851
train,inline,2,640,95,16083.5686,94.9744,58.6778,29.7617,0.0697,0.0243,0.0666,50.0,13513.588,0.0
train,inline,4,512,45,10637.0686,45.0021,24.2355,34.461,7.1227,5.36,0.7284,50.0,11219.8301,1.4259
train,inline,4,896,65,12788.2974,64.9923,26.2188,30.924,1.1853,0.8924,0.4653,50.0,11293.4532,3.712
train,inline,4,896,75,13877.0526,74.9958,26.532,30.3078,0.8372,0.6399,0.3323,50.0,13555.5111,0.0
train,inline,3,896,70,13380.8903,69.9885,35.775,29.5661,0.0454,0.045,0.3997,50.0,13227.4516,6883.873
train,inline,3,896,50,11218.1505,50.0006,32.8007,29.5922,0.0737,0.0679,0.6661,50.0,11599.5542,6475.8416
train,inline,1,768,80,14502.9029,80.0426,78.9215,29.6256,0.985,0.1293,0.2689,50.0,14824.1115,0.0
train,inline,3,384,50,11152.2289,49.979,35.2325,50.9337,0.0655,0.0655,0.6661,50.0,10877.4028,1.9054
test,inline,2,256,100,16612.9556,99.8716,62.0889,63.3145,0.0177,0.0114,0.0,50.0,11104.8667,0.0
train,inline,1,768,45,10757.1944,44.9943,71.8224,28.7701,0.4556,0.1462,0.7336,49.0,10644.7055,1.4768
train,inline,4,512,85,14993.1272,84.9866,26.5293,33.3532,1.9435,1.4694,0.1987,50.0,14758.872,0.0
train,inline,4,1024,35,9490.6818,34.9999,20.7945,30.5671,0.0854,0.0846,0.8652,50.0,10176.2681,0.0
train,inline,2,256,45,10564.6112,44.8861,46.0225,65.0737,0.7337,0.7337,0.7327,50.0,5564.3333,6.4553
train,inline,2,256,100,16610.3093,99.8806,52.6717,67.0447,0.0162,0.0108,0.0,50.0,10814.4335,0.0
train,inline,4,640,85,14990.0367,85.0095,27.6245,31.9425,1.4821,1.1098,0.1989,50.0,17314.6717,4.4659
train,inline,2,256,25,8365.4349,24.9408,43.5782,64.3317,0.0089,0.9964,0.9992,50.0,5564.3333,0.0
train,inline,1,768,30,9154.5568,29.9909,68.4657,28.5593,0.2316,0.1537,0.9328,49.0,9077.0651,0.0
train,inline,1,768,80,14500.8029,80.0275,77.8095,29.4918,0.9693,0.1284,0.2689,50.0,14930.8789,0.0
train,inline,1,256,35,9764.4942,34.9889,73.629,62.9888,0.1938,0.0982,0.866,50.0,10139.0152,1.7983
train,inline,2,768,75,13906.0586,74.9881,52.8107,29.5485,0.1439,0.1042,0.3331,50.0,12678.2699,0.0
train,inline,4,1024,80,14419.3634,80.0115,28.1136,29.3028,0.0407,0.0339,0.2662,50.0,15000.9994,0.0
train,inline,3,768,99999,18958.6976,126.8744,43.1685,31.3434,0.062,0.0033,0.0,50.0,20281.1078,9999.8127
train,inline,1,640,100,16643.8115,100.0724,81.9976,31.1191,1.0356,0.0946,0.0016,50.0,17412.7259,0.0
train,inline,3,256,85,14974.0374,84.974,42.6557,65.5748,0.0437,0.0289,0.1998,50.0,18407.4084,0.0
train,inline,2,256,95,16059.4275,94.8727,50.1761,66.7764,0.0756,0.0756,0.0666,50.0,10363.527,0.0
train,inline,3,1024,50,11239.2565,49.9903,33.168,27.5441,0.0688,0.0688,0.6661,50.0,11459.9834,8630.4501
train,inline,1,512,40,10312.7577,40.0818,64.6935,30.527,0.3494,0.2118,0.7994,48.0,10669.1827,0.0
train,inline,2,768,40,10097.7097,40.0066,40.4392,30.2133,0.2461,0.2325,0.7994,50.0,12850.4865,2.7928
train,inline,3,256,55,11709.1367,54.9575,38.0301,65.6905,0.0618,0.0618,0.5995,50.0,14007.1883,0.3126
train,inline,3,640,70,13351.2141,69.9847,35.2279,32.6525,0.0493,0.0438,0.3997,50.0,12343.0437,2290.9084
train,inline,2,640,30,9014.416,30.0081,35.8938,31.5221,0.1822,0.1822,0.9326,49.0,11173.1628,0.0
train,inline,4,512,25,8458.7717,25.0087,22.572,35.2208,9.7056,7.305,0.9933,50.0,8355.0124,0.0
train,inline,3,384,55,11702.499,54.9923,35.5463,50.8406,0.0697,0.0608,0.5995,50.0,11599.4555,0.0
train,inline,1,512,25,8733.2745,25.1044,61.3154,30.1361,0.2566,0.2483,0.9992,48.0,8746.2164,0.0
train,inline,1,512,65,12944.2263,65.0571,71.2882,30.9261,0.5206,0.1522,0.4663,49.0,12117.2305,0.0
train,inline,3,1024,99999,18968.4889,126.9449,43.5556,30.2333,0.0709,0.0045,0.0,50.0,18967.7111,9982.3111
train,inline,2,768,70,13363.9084,69.9785,51.0685,29.8092,0.1598,0.1226,0.3997,50.0,11940.8338,2.6324
train,inline,2,512,50,11191.8375,49.9965,43.4931,31.559,0.0858,0.0722,0.6661,49.0,11353.452,1.471
train,inline,4,768,90,15528.1195,89.9955,29.4782,31.2944,0.6758,0.5035,0.1328,50.0,14279.9951,3.98
train,inline,3,512,100,16626.4337,99.9498,39.0312,31.4154,0.0109,0.0109,0.0,50.0,16484.8895,0.0
train,inline,1,1024,65,12843.5388,64.9481,78.5616,26.982,0.9746,0.1197,0.4698,50.0,15450.9893,0.0
train,inline,3,256,90,15513.3165,89.9634,42.0766,65.2332,0.0221,0.0221,0.1332,50.0,20153.1682,0.0
train,inline,2,512,70,13367.9141,69.9944,49.7031,31.1707,0.0764,0.0484,0.3997,50.0,10952.6277,0.0
train,inline,3,1024,85,15020.755,85.033,38.7725,28.9914,0.0395,0.0291,0.1998,50.0,14598.6139,9581.0646
train,inline,4,640,40,10078.8954,40.0015,23.0174,33.6909,5.8432,4.4042,0.7956,50.0,10912.9058,0.0
train,inline,3,1024,40,10158.8576,39.9813,31.6436,27.1395,0.0803,0.0803,0.7994,50.0,10220.7387,8356.6416
train,inline,4,768,35,9519.9088,35.006,20.5726,32.8806,4.2314,3.2077,0.863,50.0,9115.3102,0.0
train,inline,2,896,70,13356.8746,69.9723,51.6148,28.7721,0.1946,0.1593,0.3997,50.0,13293.4037,0.9403
train,inline,2,1024,35,9547.8783,34.9934,38.0966,29.3906,0.419,0.4113,0.866,50.0,10002.1593,2.4065
train,inline,1,640,50,11330.4563,50.0421,69.6496,29.8063,0.473,0.1658,0.6667,49.0,11549.3805,0.0
train,inline,1,384,90,15559.2434,89.8686,80.8201,48.6549,0.7039,0.0917,0.1332,50.0,15459.6683,0.0
train,inline,4,1024,50,11134.9212,50.013,23.8744,30.2375,0.08,0.0682,0.6655,50.0,12092.0262,0.0
train,inline,3,512,45,10588.2372,44.9801,30.9154,36.1561,0.0704,0.069,0.7327,50.0,10441.9001,0.0
train,inline,1,1024,30,9048.3756,29.8897,74.8587,26.3125,0.182,0.0717,0.933,50.0,8875.9057,0.0
train,inline,3,384,50,11156.1388,49.988,34.4512,51.0769,0.0692,0.0659,0.6661,50.0,10925.0844,0.0
train,inline,4,384,25,8394.438,24.9844,22.1377,51.683,4.889,3.6892,0.9962,50.0,6495.5326,1.5059
train,inline,3,640,100,16628.6696,99.9677,38.9707,30.8947,0.0107,0.0107,0.0,50.0,16366.2087,2497.3983
train,inline,4,640,80,14442.5063,80.0061,27.6386,32.3195,1.9628,1.4756,0.2652,50.0,15455.7742,3.3309
train,inline,4,384,55,11688.2315,54.9926,25.1737,51.3103,2.9288,2.2173,0.5978,50.0,10543.4877,0.0
train,inline,3,640,95,16080.8116,94.9688,39.5095,31.133,0.0186,0.0164,0.0666,50.0,17029.5225,2466.419
train,inline,2,640,50,11189.9328,49.9986,42.5056,31.0153,0.139,0.1334,0.6661,50.0,11758.2019,0.0
train,inline,2,384,70,13338.9843,69.9172,49.1828,48.4307,0.2268,0.2268,0.3997,50.0,8429.8954,4.368
train,inline,2,896,60,12270.5172,59.9908,46.7375,29.2709,0.2228,0.2077,0.5329,50.0,12807.8536,0.0
train,inline,2,768,35,9553.493,35.0063,38.5974,30.4137,0.2597,0.2508,0.866,50.0,12280.7117,1.7064
train,inline,4,768,85,14983.0272,85.0169,28.6377,31.464,1.0023,0.7495,0.1992,50.0,14759.1294,0.0
train,inline,4,768,70,13344.024,69.9932,26.6557,31.8346,1.9775,1.4873,0.3983,50.0,12246.833,2.7636
train,inline,4,384,100,16628.307,99.9649,30.6182,50.309,0.018,0.0112,0.0,50.0,16734.2994,1.4978
train,inline,1,1024,60,12298.0617,59.9318,78.7264,26.3849,0.8615,0.1129,0.536,50.0,13370.4413,1.291
train,inline,4,640,90,15533.2886,90.0034,27.9045,32.3626,0.9789,0.7428,0.1326,50.0,15226.2545,0.0
train,inline,2,256,55,11662.3148,54.906,46.024,65.0185,0.6015,0.6015,0.5995,50.0,8886.2806,0.1814
train,inline,1,896,60,12329.8129,59.9672,75.5952,27.8727,0.7619,0.1255,0.5352,50.0,12948.1444,0.0
train,inline,2,1024,60,12268.0048,59.9922,48.8427,28.5959,0.2897,0.2578,0.5329,50.0,13398.8779,1.5388
train,inline,2,768,55,11730.0638,54.997,44.948,30.1622,0.1894,0.1769,0.5995,50.0,12073.5773,0.0
train,inline,4,1024,45,10585.5685,44.9841,23.0453,30.2219,0.0844,0.0739,0.7321,50.0,9211.4626,3.6462
train,inline,1,512,99999,18980.5823,127.025,89.3333,29.7114,1.397,0.1179,0.0,50.0,18070.1874,0.9984
train,inline,2,768,30,9010.1448,30.0017,36.8565,30.771,0.2756,0.2692,0.9326,50.0,12026.0444,0.8976
train,inline,4,640,35,9535.4483,34.9875,23.1695,33.9657,6.3398,4.771,0.8619,50.0,8259.6845,4.3215
train,inline,2,512,99999,18929.6818,126.7941,62.2797,30.0434,0.0897,0.0037,0.0,50.0,18779.6886,0.0
train,inline,4,1024,25,8395.0667,24.9947,19.5333,30.7646,0.0996,0.0961,0.9983,50.0,8342.1111,0.0
train,inline,1,384,90,15558.2829,89.8681,81.4952,48.5267,0.7085,0.0919,0.1332,50.0,14680.2263,1.1265
train,inline,2,1024,45,10632.8455,45.0027,43.0937,28.9177,0.3665,0.3496,0.7327,50.0,13276.7356,1.0151
train,inline,3,896,90,15550.4096,90.0024,38.9358,29.7531,0.0277,0.0226,0.1332,50.0,15578.8196,7292.4272
train,inline,4,256,50,11097.9558,49.9584,25.4792,68.126,0.0577,0.0529,0.6661,50.0,7736.2132,4.2339
train,inline,1,896,30,9099.9022,29.9411,72.3954,27.6918,0.2036,0.1123,0.9329,50.0,8927.9915,0.5758
train,inline,4,768,75,13889.8775,74.9988,26.7321,31.6961,1.645,1.241,0.3319,50.0,13154.637,0.0451
train,inline,4,768,25,8425.8125,24.9992,21.3071,32.9587,4.902,3.7005,0.9958,50.0,8678.1015,0.3479
train,inline,2,1024,65,12807.719,64.9734,50.3833,28.0524,0.2606,0.2271,0.4663,50.0,13795.4912,0.0
train,inline,2,256,25,8363.7202,24.9112,43.4415,64.185,0.0057,0.9962,0.9992,50.0,5564.3333,1.7563
train,inline,1,384,85,15032.2432,84.8787,80.1015,48.3615,0.6672,0.0982,0.1998,50.0,14874.2269,0.0
train,inline,1,384,95,16079.6225,94.8335,81.859,48.39,0.7412,0.0853,0.0666,50.0,14696.02,0.0
train,inline,1,1024,70,13379.6909,69.9374,79.6309,26.4422,1.0887,0.1268,0.4036,50.0,14782.2721,0.9536
train,inline,1,640,50,11334.3542,50.0227,70.7044,30.1861,0.4904,0.1668,0.6667,49.0,8577.164,6.0614
train,inline,1,768,50,11290.7095,49.9749,72.6523,28.7255,0.5337,0.144,0.6672,49.0,9982.6733,4.3853
train,inline,4,384,40,10045.4464,39.9887,24.1012,51.734,3.9215,2.954,0.797,50.0,7683.1201,1.6025
train,inline,4,256,60,12204.6167,59.9816,27.0566,68.1025,0.0482,0.0444,0.5329,50.0,10589.5382,0.0
train,inline,4,384,85,14981.2905,84.9778,28.3298,50.5965,0.983,0.7463,0.1992,50.0,14581.9318,0.0
train,inline,2,512,80,14453.4004,79.9758,52.4299,30.7228,0.0669,0.0362,0.2665,50.0,11916.8962,0.0
train,inline,1,384,70,13454.6608,69.9316,77.2228,47.982,0.5428,0.1169,0.3997,50.0,13532.4516,0.7271
train,inline,2,768,99999,18946.0921,126.8629,60.1478,28.708,0.0623,0.0032,0.0,50.0,18481.6832,5005.1721
train,inline,2,768,25,8466.8259,25.014,34.8986,30.4639,0.2944,0.2877,0.9992,50.0,12866.4634,4.3937
train,inline,3,896,65,12838.0488,64.9863,34.9178,29.2545,0.0521,0.0507,0.4663,50.0,13229.2472,6783.2325
train,inline,4,256,75,13861.3078,74.9681,29.2048,67.5956,0.0356,0.0319,0.3331,50.0,13665.2581,2.3288
train,inline,3,768,100,16630.7202,99.9877,40.4601,30.3022,0.0159,0.0113,0.0,50.0,16396.043,4998.5556
train,inline,3,512,99999,18951.4382,126.8821,42.3777,33.0328,0.0447,0.0022,0.0,50.0,19055.0576,9982.1904
validation,inline,3,1024,25,8453.3778,25.0133,31.2444,28.7679,0.4698,0.4698,0.9992,50.0,8474.9556,7903.1556
train,inline,2,768,60,12270.2412,59.9771,47.2324,29.5895,0.1824,0.1589,0.5329,50.0,12550.1499,0.8135
test,inline,4,256,100,16626.8222,99.9718,35.2444,65.9802,0.0146,0.0112,0.0,50.0,11081.8667,0.0
train,inline,2,640,45,10644.6323,44.9998,41.8635,31.0673,0.1543,0.1459,0.7327,49.0,11418.2756,0.0
train,inline,1,1024,35,9592.7017,34.9031,75.1842,26.5390,0.299,0.0785,0.8669,50.0,12182.9075,3.5055
train,inline,3,768,75,13911.0358,74.9885,35.3879,31.0987,0.0383,0.0383,0.3331,50.0,13811.9303,4654.6024
train,inline,2,1024,99999,18960.2286,126.928,56.4266,27.2817,0.0129,0.0016,0.0,50.0,18566.9921,10011.1703
train,inline,4,640,75,13897.783,74.9981,26.8558,32.7351,2.4481,1.8417,0.3315,50.0,15036.6591,0.0
train,inline,1,640,55,11860.5237,55.0422,71.5643,29.9781,0.5321,0.1587,0.6002,49.0,12476.5188,0.2188
train,inline,1,512,65,12952.2254,65.091,71.8442,31.5153,0.5325,0.1528,0.4663,49.0,12224.1011,0.0
train,inline,3,896,99999,18949.8687,126.8633,40.644,29.6516,0.0252,0.0018,0.0,50.0,20066.4256,9996.2808
train,inline,2,512,45,10650.1869,44.9978,40.6731,31.8886,0.0797,0.0778,0.7327,49.0,10725.7838,0.0
train,inline,4,384,65,12786.8098,64.99,26.8585,51.0547,2.2911,1.7276,0.4649,50.0,12017.2876,0.0
train,inline,2,896,45,10636.9026,45.0011,42.5518,29.6193,0.295,0.2817,0.7327,50.0,12146.9998,0.5948
train,inline,1,512,60,12419.3762,60.067,70.4264,30.8126,0.494,0.1645,0.5329,49.0,12268.7024,1.1077
train,inline,4,768,90,15527.1347,90.004,28.8522,30.8772,0.6744,0.5034,0.1328,50.0,16530.7825,2.0494
train,inline,1,1024,95,16095.7369,95.0016,81.3942,27.1217,1.6506,0.1611,0.0728,50.0,18387.0758,0.0
train,inline,3,1024,40,10167.5005,40.019,31.996,27.7276,0.0871,0.0808,0.7994,50.0,10124.4706,8351.4223
train,inline,2,896,85,14990.1381,84.9718,57.508,28.488,0.1323,0.0857,0.1998,50.0,14239.6592,0.9485
train,inline,1,256,95,16055.5664,94.6385,84.6731,64.8519,0.7629,0.0903,0.0666,50.0,16127.1683,1.2537
train,inline,1,896,25,8557.7987,24.9125,70.916,27.2353,0.1059,0.1101,0.9992,50.0,8323.0693,0.9865
train,inline,4,384,30,8946.3577,30.0017,21.8249,51.7901,4.5556,3.4435,0.9298,50.0,7826.5486,0.0
train,inline,2,896,95,16086.4135,94.9558,61.5707,28.7825,0.1062,0.0375,0.0666,50.0,12253.1496,7.434
train,inline,4,512,35,9546.632,35.0039,23.7408,34.7647,8.4136,6.3324,0.8609,50.0,9925.4045,1.8461
train,inline,1,640,60,12394.5317,60.0292,72.9751,30.3101,0.5952,0.1521,0.5337,49.0,10484.7985,5.4639
train,inline,2,1024,80,14448.8216,79.9928,56.0558,27.8648,0.187,0.1351,0.2665,50.0,16721.6782,2.1879
train,inline,3,768,75,13913.1247,75.0025,35.5859,31.2611,0.0387,0.0387,0.3331,50.0,12999.6486,4649.7316
train,inline,4,896,50,11146.088,50.0056,23.8538,30.997,1.6787,1.2695,0.6647,50.0,12727.4048,1.4551
train,inline,2,896,90,15539.1758,89.9728,59.3281,28.6686,0.1183,0.0615,0.1332,50.0,14373.0753,1.8122
train,inline,3,1024,100,16635.834,100.0213,40.8382,29.1848,0.0175,0.0114,0.0,50.0,16397.5565,9997.356
train,inline,3,384,65,12786.447,64.9496,36.5731,49.6789,0.0493,0.0493,0.4663,50.0,13423.3109,0.4892
train,inline,2,512,100,16628.4,99.9674,58.6333,30.1923,0.0544,0.0122,0.0,50.0,11100.5556,0.0
train,inline,1,512,85,15060.5231,85.0815,76.2542,32.1881,0.6561,0.1043,0.1998,50.0,13974.9353,0.0
train,inline,4,512,30,9002.8486,30.0032,22.4977,35.0629,9.0534,6.8184,0.9271,50.0,9470.3951,0.0
train,inline,2,384,55,11699.8318,54.9522,45.637,48.0205,0.3342,0.3342,0.5995,50.0,11546.4131,2.8658
train,inline,3,640,99999,18958.2022,126.8946,43.28,32.5694,0.0615,0.0033,0.0,50.0,17630.673,9983.4073
train,inline,3,640,55,11711.2721,54.9865,32.7447,33.3375,0.0642,0.0599,0.5995,50.0,10936.9683,2191.5703
train,inline,2,512,80,14452.2825,79.9722,51.9891,30.6492,0.061,0.036,0.2665,50.0,10981.1787,0.0
train,inline,2,256,65,12762.5596,64.9033,48.1682,65.7428,0.4706,0.4706,0.4663,50.0,9490.0071,0.0
train,inline,1,768,50,11292.3896,50.008,72.7625,28.5556,0.5335,0.1438,0.6672,49.0,12941.0086,3.8161
train,inline,1,1024,50,11217.6614,49.9225,76.6443,26.9442,0.6305,0.0988,0.6683,50.0,13110.8481,0.0
train,inline,4,256,50,11097.8939,49.9817,25.6712,68.1968,0.0527,0.0525,0.6661,50.0,9500.0711,0.7909
train,inline,2,1024,30,8996.6641,29.9981,36.5676,28.9466,0.4461,0.442,0.9326,50.0,11305.9591,0.0
train,inline,1,384,90,15560.3823,89.8702,81.2195,48.3239,0.7147,0.0922,0.1332,50.0,15651.3545,3.7616
train,inline,2,640,85,14995.8824,84.9845,55.4834,29.7824,0.0895,0.0487,0.1998,50.0,13149.6534,3.2352
train,inline,3,384,60,12246.9228,59.9774,35.6885,50.4552,0.0551,0.0548,0.5329,50.0,12642.9213,0.0
train,inline,1,1024,65,12844.6436,64.9553,78.217,27.0139,0.9761,0.1198,0.4698,50.0,15708.6735,0.8582
train,inline,1,256,25,8719.2785,25.0594,71.0011,63.1596,0.0888,0.099,0.9992,50.0,8359.5043,0.0
train,inline,2,640,25,8467.3724,25.0115,36.1284,31.5792,0.1915,0.1946,0.9992,49.0,10956.5933,2.4509
train,inline,1,384,75,13982.2894,74.92,78.0709,48.1744,0.5872,0.1109,0.3331,50.0,13032.1671,0.0
train,inline,2,512,70,13367.4123,69.9911,49.4992,31.0883,0.0772,0.0485,0.3997,50.0,10912.8816,0.0
train,inline,3,384,60,12246.2303,59.9729,35.4424,50.4163,0.0545,0.0545,0.5329,50.0,12968.7592,0.0
train,inline,1,896,85,15022.8909,85.0058,80.6325,28.2716,1.245,0.137,0.2038,50.0,17821.8462,0.0
train,inline,2,896,80,14448.8368,79.9851,55.5078,28.7798,0.1575,0.1105,0.2665,50.0,14004.4972,0.0
train,inline,4,1024,95,16064.1427,95.0122,31.4097,28.9811,0.0389,0.0178,0.0666,50.0,15075.6103,0.1078
train,inline,1,1024,70,13384.5983,69.9564,79.8023,26.8509,1.0932,0.1269,0.4036,50.0,15259.2211,1.2725
train,inline,2,256,45,10565.3872,44.8844,46.0858,65.0749,0.7339,0.7339,0.7327,50.0,5564.3333,8.0793
train,inline,2,1024,45,10637.9229,45.0236,42.822,29.0666,0.3774,0.3504,0.7327,50.0,12793.8678,0.0
train,inline,2,896,65,12817.76,64.9861,49.0591,29.3602,0.2104,0.1836,0.4663,50.0,12225.8395,0.0
train,inline,3,512,35,9487.9378,34.9753,27.9747,36.8223,0.079,0.079,0.866,50.0,6656.8994,0.0
train,inline,3,896,55,11753.6075,54.9798,33.453,29.4168,0.0619,0.0619,0.5995,50.0,11096.4417,6575.9487
train,inline,4,896,70,13327.4547,69.9892,27.0162,30.2724,1.0102,0.7661,0.3988,50.0,13023.3927,1.3626
train,inline,2,896,35,9548.5414,35.0058,38.8234,29.877,0.339,0.3308,0.866,50.0,13277.9939,0.0
train,inline,2,896,80,14451.9385,79.9693,55.6284,29.0363,0.162,0.1107,0.2665,50.0,12276.4494,4.6458
train,inline,3,896,40,10135.7594,39.9986,31.3705,29.6447,0.0869,0.0793,0.7994,50.0,10151.1148,6271.8204
train,inline,2,1024,25,8447.7428,24.983,34.5069,28.7602,0.4666,0.4724,0.9992,50.0,10943.6736,0.9992
train,inline,2,256,40,10011.2476,39.907,44.431,64.6275,0.7985,0.7985,0.7994,50.0,6559.5569,0.0
train,inline,4,896,40,10050.1329,40.0033,23.0388,31.3937,2.0047,1.5208,0.7976,50.0,10154.7554,2.1608
train,inline,2,256,90,15511.9034,89.8687,51.1297,66.5944,0.1424,0.1424,0.1332,50.0,9578.422,3.5439
train,inline,1,384,55,11881.2045,54.9918,73.1168,47.6884,0.4213,0.1361,0.5995,49.0,11044.4146,0.0
train,inline,2,512,50,11189.1053,49.9841,43.1142,31.3411,0.0852,0.0723,0.6661,49.0,10953.2843,0.0
train,inline,1,384,65,12930.339,64.9398,76.0191,47.8668,0.505,0.1235,0.4663,50.0,11419.2704,2.8392
train,inline,2,768,90,15540.028,89.9823,57.898,28.9783,0.1007,0.0491,0.1332,50.0,14977.1824,2.196
train,inline,4,512,50,11179.1366,49.9911,24.4022,34.0116,6.4755,4.8737,0.6622,50.0,12019.9704,2.1345
train,inline,4,768,55,11705.9299,55.0033,24.9659,32.2956,2.9559,2.2253,0.5975,50.0,10908.3256,0.0
train,inline,4,512,70,13365.5401,69.9736,26.6325,34.2703,3.904,2.9294,0.3973,50.0,10308.1833,8.4012
train,inline,1,896,60,12334.0588,59.9889,76.6543,28.1698,0.7785,0.1263,0.5352,50.0,13494.3149,0.0
train,inline,4,1024,85,14962.8577,84.9974,29.4105,28.8247,0.0396,0.0285,0.1997,50.0,15799.4619,0.0
train,inline,2,896,60,12267.0982,59.9767,47.68,28.9405,0.2325,0.2082,0.5329,50.0,12930.7006,0.0053
train,inline,4,768,75,13890.7422,74.9931,27.3554,31.6592,1.6548,1.2415,0.3319,50.0,12878.1402,4.1768
train,inline,1,640,95,16110.0477,95.058,80.8854,30.9178,0.9744,0.1014,0.0682,50.0,16598.0541,1.5906
train,inline,1,1024,80,14470.1048,79.9678,80.9241,27.0577,1.3251,0.141,0.2713,50.0,17338.7546,0.8885
train,inline,2,768,50,11186.4373,50.0012,42.5965,30.3453,0.1984,0.1949,0.6661,50.0,11812.6247,0.0
train,inline,3,640,85,14990.8463,84.9658,37.6392,31.799,0.0351,0.0278,0.1998,50.0,13626.0328,2398.5175
train,inline,2,512,70,13370.7073,70.0081,49.7121,31.3494,0.0825,0.0488,0.3997,50.0,10809.0462,0.0
train,inline,1,256,70,13434.9737,69.7854,79.0582,64.4402,0.5103,0.0929,0.3997,50.0,12508.685,0.0
train,inline,4,768,65,12797.7232,64.9978,25.397,32.0104,2.2946,1.7328,0.4647,50.0,11876.5311,0.0
train,inline,3,640,25,8431.7176,24.9928,28.0602,35.2021,0.0927,0.092,0.9992,50.0,7683.5814,1985.5298
train,inline,3,1024,50,11245.7317,50.0203,33.4394,27.9203,0.0762,0.0693,0.6661,50.0,11422.1433,8626.2691
train,inline,2,640,95,16080.6428,94.9632,58.5743,29.5117,0.067,0.0243,0.0666,50.0,12202.6437,0.848
train,inline,4,1024,70,13327.7066,70.0154,27.4494,29.8338,0.067,0.0462,0.3993,50.0,12032.2298,0.0
train,inline,3,1024,95,16095.4886,95.012,39.9523,28.977,0.0202,0.0169,0.0666,50.0,16978.6388,9863.1137
train,inline,4,768,25,8421.1246,24.9809,20.9243,32.4227,4.8999,3.7005,0.9958,50.0,8745.9302,1.6014
train,inline,3,640,30,8979.3485,29.9875,28.8931,34.827,0.0914,0.0869,0.9326,50.0,6908.6098,2023.4144
train,inline,3,384,100,16611.8655,99.9524,42.0908,48.1232,0.016,0.0113,0.0,50.0,19797.7691,0.2741
train,inline,4,768,45,10611.4672,45.0009,23.5235,32.4003,3.6017,2.7167,0.7303,50.0,11796.2208,0.0
train,inline,3,256,70,13342.6167,69.9656,40.2639,65.7039,0.0511,0.0451,0.3997,50.0,16956.7638,0.6575
train,inline,3,512,65,12783.6848,64.9667,33.8256,34.1346,0.0516,0.0482,0.4663,50.0,12222.6497,1.6022
train,inline,3,768,100,16631.558,99.9755,40.2039,30.3222,0.0178,0.0114,0.0,50.0,17020.9977,5001.4873
train,inline,2,768,55,11732.9614,54.9766,46.145,30.3406,0.2089,0.1779,0.5995,50.0,9965.4293,6.6484
train,inline,1,768,30,9154.3526,29.99,68.4791,28.2496,0.2352,0.1537,0.9328,49.0,11554.9336,1.7867
train,inline,3,1024,60,12316.5169,59.9882,34.4832,27.7148,0.0572,0.0572,0.5329,50.0,12022.6829,8904.4382
train,inline,2,1024,45,10634.9751,45.0037,42.4468,28.6865,0.3711,0.3499,0.7327,50.0,13796.3092,1.7535
train,inline,3,256,55,11711.2392,54.9649,37.9742,65.8438,0.0618,0.0618,0.5995,50.0,13829.9864,0.0
train,inline,4,896,30,8958.447,30.0029,20.9915,31.5511,2.3394,1.7726,0.9306,50.0,10753.7797,1.4899
train,inline,3,896,60,12299.9838,60.0015,34.601,29.8116,0.0585,0.0564,0.5329,50.0,11744.2557,6677.4529
train,inline,2,1024,35,9543.1988,35.0091,38.7359,29.1676,0.4119,0.4107,0.866,50.0,11617.3614,0.1333
train,inline,4,384,85,14980.4185,84.9771,29.1028,50.5567,0.9888,0.7466,0.1992,50.0,15127.9342,0.4646
train,inline,4,256,80,14414.8109,79.9643,29.6307,67.4908,0.0334,0.0278,0.2665,50.0,15092.8082,1.5065
train,inline,1,384,35,9776.9936,35.0327,68.5959,46.9342,0.2559,0.1611,0.866,49.0,8722.562,1.1607
train,inline,3,512,35,9493.3426,35.0009,29.3847,37.1646,0.0866,0.0801,0.866,50.0,6766.9543,0.0
train,inline,1,1024,85,15013.0256,84.9884,81.5936,27.111,1.4411,0.1482,0.2051,50.0,16798.2096,0.0
train,inline,3,640,60,12257.3604,59.9825,33.587,33.1964,0.0576,0.0544,0.5329,50.0,12472.4035,2224.2691
train,inline,3,1024,25,8547.0569,25.0022,29.6501,27.1792,0.0992,0.0979,0.9992,50.0,8303.1994,7942.5265
train,inline,4,256,60,12204.4931,59.979,25.5364,68.1684,0.0435,0.0435,0.5329,50.0,10424.4315,0.0
train,inline,1,512,85,15061.5172,85.0596,77.6143,32.1295,0.6783,0.1055,0.1998,50.0,12738.204,4.4172
train,inline,4,512,55,11729.6835,54.9914,25.1519,34.2866,5.8393,4.3879,0.596,50.0,11248.1216,6.4421
train,inline,4,384,99999,18967.1167,126.829,35.6104,50.4204,0.0406,0.0021,0.0,50.0,14239.3494,4.9275
train,inline,3,768,30,9014.5011,29.9995,28.3622,32.507,0.0878,0.0878,0.9326,50.0,7325.5033,4037.8118
train,inline,1,512,100,16641.7373,100.0761,81.906,32.5769,0.7772,0.0692,0.0,50.0,16277.9268,0.7977
test,inline,2,1024,25,8470.0889,24.997,42.5889,29.2887,0.0642,0.0642,0.9992,50.0,8536.7111,0.0
train,inline,4,896,60,12239.6675,60.0051,24.6616,30.9709,1.3376,1.0174,0.5318,50.0,12465.6657,0.0
train,inline,4,768,75,13883.873,74.9851,27.0302,31.2291,1.6448,1.241,0.3319,50.0,14447.5672,0.0473
train,inline,2,896,90,15539.5791,89.9726,59.3958,28.7342,0.1196,0.0615,0.1332,50.0,15250.4177,1.7505
train,inline,1,512,45,10840.4365,45.0871,66.6211,30.6838,0.393,0.2005,0.7327,49.0,10329.1452,0.0
train,inline,1,256,100,16577.7333,99.5957,85.6,65.2241,0.8036,0.0894,0.0,50.0,15138.8444,0.0
train,inline,3,640,100,16629.8063,99.9724,38.8305,30.6644,0.0109,0.0109,0.0,50.0,17563.2269,2499.4588
train,inline,3,256,40,10086.4614,39.9779,36.2024,66.5093,0.0825,0.0788,0.7994,50.0,11686.0133,0.7328
train,inline,2,640,40,10103.144,40.01,40.0928,30.881,0.174,0.1586,0.7994,49.0,13072.7032,1.9567
train,inline,4,256,50,11099.4996,49.9802,24.7931,68.257,0.0524,0.0524,0.6661,50.0,8990.3939,0.0
train,inline,2,640,70,13366.7956,69.9829,49.0782,30.6215,0.1043,0.0848,0.3997,50.0,10832.5681,0.0
train,inline,3,896,60,12300.136,60.0011,33.6122,29.8711,0.0558,0.0558,0.5329,50.0,11620.8132,6675.7994
train,inline,3,640,65,12804.1535,64.9825,32.8399,32.9984,0.0482,0.0482,0.4663,50.0,11470.1174,2255.5562
train,inline,1,512,80,14532.9097,80.0768,76.02,31.8954,0.6377,0.1169,0.2665,49.0,15414.1682,0.0
train,inline,3,384,65,12786.3742,64.9504,36.0675,49.714,0.049,0.049,0.4663,50.0,13290.0118,0.0
train,inline,3,256,40,10082.0741,39.9681,36.0275,66.18,0.0786,0.0786,0.7994,50.0,11921.3886,0.0
train,inline,3,640,55,11711.0224,54.9854,32.8262,33.5157,0.0631,0.0597,0.5995,50.0,12366.234,2189.5659
train,inline,3,384,65,12792.9451,64.9667,36.7681,50.0114,0.0565,0.0496,0.4663,50.0,13677.9822,2.7717
train,inline,1,1024,80,14468.091,79.972,80.8588,26.874,1.3233,0.141,0.2713,50.0,16257.2801,0.0
train,inline,2,512,80,14454.9427,79.9835,52.5202,30.8356,0.0692,0.0363,0.2665,50.0,11571.2837,0.0
train,inline,4,512,40,10093.647,40.0097,23.6534,34.2974,7.7739,5.8464,0.7946,50.0,12254.9781,4.1183
train,inline,4,896,100,16616.4999,100.0077,29.9926,29.9998,0.0135,0.0111,0.0,50.0,15596.6096,0.0
train,inline,2,384,95,16071.5999,94.9266,54.8457,48.5838,0.0472,0.0472,0.0666,50.0,10700.2617,0.0958
train,inline,3,256,100,16596.8204,99.9612,44.9567,64.7905,0.0175,0.0112,0.0,50.0,22471.639,2.7981
train,inline,1,512,30,9261.2427,30.0607,62.8784,30.4372,0.2948,0.2366,0.9326,48.0,6455.5511,7.4418
train,inline,3,896,70,13385.902,69.9844,35.8864,29.9782,0.0515,0.0454,0.3997,50.0,11191.2342,6887.8095
train,inline,1,1024,99999,18955.9846,126.8379,91.0889,28.5809,0.5508,0.0421,0.0,50.0,10126.3097,10569.1333
train,inline,1,256,35,9765.6652,34.9924,73.0133,63.3248,0.1842,0.0977,0.866,50.0,9230.6572,0.0
train,inline,2,384,35,9512.6433,34.9614,40.0055,48.3848,0.4766,0.4766,0.866,50.0,8480.8363,0.0
train,inline,2,256,90,15507.3684,89.851,51.061,66.3391,0.1422,0.1422,0.1332,50.0,9006.7911,3.6308
test,inline,3,512,99999,18948.8,126.9006,40.9259,31.6149,0.0593,0.0029,0.0,50.0,12694.1111,9972.1333
train,inline,1,384,65,12925.8895,64.9289,75.4652,47.466,0.4998,0.1232,0.4663,50.0,12560.0662,0.1497
train,inline,4,384,60,12237.8906,59.9894,25.2758,51.1986,2.6036,1.9722,0.5313,50.0,11279.0432,0.0
train,inline,4,1024,60,12230.3231,59.9939,25.5808,29.9344,0.0717,0.0571,0.5324,50.0,10904.0312,3.6042
train,inline,4,640,35,9534.5904,35.0096,22.7993,33.896,6.3337,4.7707,0.8619,50.0,9363.9283,0.0
train,inline,4,896,99999,18977.2128,126.9558,33.4253,30.4129,0.0509,0.0035,0.0,50.0,19218.1719,7490.7737
train,inline,2,768,60,12275.8628,59.9909,46.2604,30.1614,0.1734,0.1585,0.5329,50.0,11579.4503,0.0
train,inline,2,768,85,14994.219,84.9806,56.4982,29.3124,0.1108,0.0672,0.1998,50.0,13351.2004,1.0151
train,inline,2,384,50,11153.6454,49.9301,44.9728,48.4438,0.3703,0.3703,0.6661,50.0,7450.8206,5.1397
train,inline,1,512,99999,18980.452,127.025,88.7449,29.9348,1.3873,0.1175,0.0,50.0,17176.2994,0.0
train,inline,4,896,30,8954.3036,29.9921,21.4432,31.5799,2.3328,1.7723,0.9306,50.0,8678.3067,1.3663
train,inline,2,768,40,10099.2066,39.9979,40.4649,30.5592,0.2481,0.2327,0.7994,50.0,10985.2228,0.7716
train,inline,4,384,100,16628.5856,99.9677,29.8517,50.3633,0.0108,0.0108,0.0,50.0,15843.0226,0.0
train,inline,4,1024,90,15514.3788,90.0124,30.1241,28.9731,0.0353,0.0229,0.1331,50.0,16176.3992,0.0
train,inline,1,256,50,11336.7541,49.9053,77.0845,63.7977,0.3321,0.0959,0.6661,50.0,10539.869,1.5335
train,inline,3,896,95,16087.1957,94.9843,39.6505,29.4056,0.0167,0.0167,0.0666,50.0,15807.2665,7398.3413
train,inline,2,896,35,9543.2756,34.983,38.3934,29.4085,0.3351,0.3308,0.866,50.0,12442.0831,0.0763
train,inline,4,1024,100,16609.5838,100.0147,31.8878,28.6843,0.027,0.0117,0.0,50.0,17510.2518,0.0
train,inline,1,1024,50,11219.4591,49.9344,77.2326,26.8162,0.6424,0.0995,0.6683,50.0,12849.5597,0.0
train,inline,2,384,30,8965.7925,29.9484,40.5239,48.2528,0.5135,0.5135,0.9326,50.0,7591.4563,2.8418
train,inline,4,768,60,12249.8844,60.0069,25.4831,31.9909,2.628,1.9792,0.5311,50.0,11956.7671,0.0
train,inline,3,512,75,13882.9828,74.9682,33.732,33.716,0.0366,0.0366,0.3331,50.0,12544.1568,0.0
train,inline,1,256,90,15528.3175,89.6607,84.2632,64.9774,0.7061,0.0905,0.1332,50.0,14010.5767,1.1265
train,inline,4,1024,25,8391.3953,24.991,20.1196,30.6486,0.0959,0.0959,0.9983,50.0,8029.1282,1.776
train,inline,4,384,35,9494.81,34.9986,22.6916,51.7597,4.2332,3.1984,0.8634,50.0,9563.3051,0.0
train,inline,2,768,30,9010.5323,30.0133,36.4806,30.7979,0.2712,0.2691,0.9326,50.0,11282.0147,0.0
train,inline,4,256,85,14967.4648,84.9541,30.5311,67.6721,0.0291,0.0236,0.1998,50.0,15429.5129,0.4675
train,inline,2,896,65,12816.3675,64.993,49.6385,29.0064,0.2179,0.1839,0.4663,50.0,14072.7727,1.014
train,inline,4,768,25,8427.5175,24.9922,21.2459,33.0438,4.9061,3.7007,0.9958,50.0,7833.3848,2.087
train,inline,2,1024,50,11175.8499,49.9948,45.0878,28.6785,0.3387,0.3189,0.6661,50.0,12773.3143,1.7393
train,inline,1,512,90,15584.3893,90.0504,78.7696,31.9522,0.7081,0.0933,0.1332,50.0,13681.3238,3.0578
train,inline,1,384,55,11881.2813,54.9923,73.5506,47.6658,0.4269,0.1364,0.5995,49.0,11104.3263,0.0
train,inline,1,768,100,16638.6174,100.0428,82.8693,29.8173,1.2774,0.1188,0.0033,50.0,18345.0563,0.807
train,inline,1,896,70,13409.7392,69.9789,78.1314,28.1061,0.9661,0.1307,0.4027,50.0,13879.9811,3.0064
train,inline,2,512,65,12820.99,64.9902,48.6834,31.2116,0.0736,0.054,0.4663,50.0,10870.2692,2.2936
train,inline,3,256,70,13340.7805,69.9636,40.1629,65.5617,0.0485,0.045,0.3997,50.0,17197.4783,0.0
train,inline,1,384,95,16085.8739,94.8444,82.5538,48.8451,0.7538,0.0859,0.0666,50.0,14705.1568,2.0423
train,inline,1,896,50,11256.4953,49.9707,74.6492,27.377,0.5904,0.1217,0.6678,50.0,14254.8065,4.5855
train,inline,4,512,35,9548.3187,34.9899,23.5924,34.9339,8.4177,6.3327,0.8609,50.0,8470.3305,3.0425
train,inline,3,256,99999,18968.398,126.9329,46.7308,65.3484,0.0906,0.0038,0.0,50.0,13362.0861,10010.8774
train,inline,2,896,95,16080.2425,94.9798,61.9122,28.4879,0.0917,0.0365,0.0666,50.0,14666.9252,2.1553
train,inline,3,384,30,8971.7613,29.9905,31.6217,52.133,0.0899,0.0875,0.9326,50.0,9409.5645,0.0
train,inline,3,768,100,16629.8931,99.9824,40.3906,30.2759,0.0142,0.0111,0.0,50.0,18113.116,5000.1335
train,inline,2,896,30,9002.1903,30.0033,37.0775,29.8535,0.3571,0.3553,0.9326,50.0,11336.677,1.3117
train,inline,2,512,60,12280.7055,59.9941,44.9403,31.4864,0.0649,0.0595,0.5329,49.0,11211.7165,0.0
train,inline,4,640,70,13348.017,69.9951,26.9244,32.6827,2.9285,2.2076,0.3978,50.0,13045.8202,1.9045
train,inline,2,640,75,13911.3185,74.9754,51.9902,30.2426,0.1145,0.0736,0.3331,50.0,11485.2139,5.6648
train,inline,4,512,45,10632.9367,44.9885,24.3539,34.3419,7.1178,5.3598,0.7284,50.0,10439.3298,0.9992
train,inline,2,640,65,12815.4698,64.9689,48.3935,30.1139,0.1192,0.0973,0.4663,50.0,11693.4782,0.6729
train,inline,4,384,80,14430.6501,79.9821,28.6971,50.7069,1.3085,0.9915,0.2657,50.0,13753.8176,0.9167
train,inline,2,384,45,10603.8396,44.9557,44.196,48.1776,0.4056,0.4056,0.7327,50.0,9494.9891,2.7633
train,inline,1,640,25,8674.3049,25.0308,64.2952,29.1776,0.2024,0.2019,0.9992,48.0,9665.2162,0.0
train,inline,2,384,75,13884.5108,74.9345,50.4025,48.4369,0.1905,0.1905,0.3331,50.0,10184.9243,0.9138
train,inline,2,512,95,16080.3101,94.956,56.9238,29.8302,0.0559,0.0182,0.0666,50.0,11619.9522,1.8548
train,inline,3,512,80,14431.962,79.9662,36.4239,33.1805,0.0378,0.0325,0.2665,50.0,14153.4604,0.0
train,inline,1,1024,70,13385.741,69.9581,78.7201,27.0349,1.0835,0.1265,0.4036,50.0,15617.782,0.0
train,inline,3,512,70,13334.3491,69.9729,34.8434,34.0513,0.0483,0.043,0.3997,50.0,12440.8739,0.0
train,inline,3,640,95,16083.2803,94.9738,37.9054,31.0209,0.0162,0.0162,0.0666,50.0,16603.9667,2464.2333
train,inline,4,1024,99999,18990.9419,126.9779,32.9291,29.7511,0.0501,0.0034,0.0,50.0,20814.7114,9991.8381
train,inline,1,896,45,10717.1921,44.9583,73.9732,27.6558,0.4918,0.1192,0.7341,50.0,13316.9783,1.0128
train,inline,3,1024,55,11781.9146,55.0071,34.2604,27.9913,0.0639,0.063,0.5995,50.0,12324.8969,8767.5826
train,inline,2,256,85,14961.585,84.8873,50.2385,65.9738,0.2079,0.2079,0.1998,50.0,11843.2186,3.5708
train,inline,2,640,60,12277.2454,59.9864,47.0662,30.6913,0.134,0.1097,0.5329,50.0,11271.9396,1.8842
train,inline,2,256,70,13313.075,69.8693,48.956,65.9665,0.4053,0.4053,0.3997,50.0,6677.3656,6.057
train,inline,2,1024,30,9003.0494,29.9941,36.8607,29.3144,0.4559,0.4424,0.9326,50.0,10234.1773,6.0053
train,inline,2,512,99999,18931.8158,126.7888,62.4879,30.2172,0.0945,0.0039,0.0,50.0,17776.6558,0.2057
train,inline,1,1024,40,10136.6096,39.9245,76.2424,27.096,0.4153,0.0858,0.8007,50.0,10381.399,0.0
train,inline,3,640,35,9525.6675,34.9955,28.0036,34.7183,0.0805,0.0805,0.866,50.0,7555.9049,2050.0902
train,inline,2,768,99999,18942.8269,126.8529,59.7715,28.0693,0.0599,0.003,0.0,50.0,20379.4424,5011.8402
train,inline,1,768,90,15571.4564,90.0381,79.0704,29.664,1.1153,0.1233,0.1361,50.0,16436.592,0.0
train,inline,1,1024,45,10675.5485,44.913,76.5508,26.8798,0.5225,0.0922,0.7345,50.0,12431.5408,0.0
validation,inline,1,256,99999,18951.4889,126.8855,90.8222,65.4304,0.6999,0.0743,0.4944,50.0,16499.3111,0.0
train,inline,4,768,80,14433.3615,80.0044,28.2936,31.4403,1.3209,0.995,0.2655,50.0,14252.722,1.4288
train,inline,2,512,60,12280.056,59.9899,46.2334,31.3109,0.0808,0.0602,0.5329,49.0,12230.8354,0.0
train,inline,3,512,75,13882.8206,74.9673,35.4113,33.2326,0.0439,0.0377,0.3331,50.0,14307.0746,2.6174
train,inline,3,384,60,12239.7484,59.9556,36.3051,50.0052,0.0546,0.0546,0.5329,50.0,12439.8318,1.6231
train,inline,1,1024,45,10675.316,44.9076,76.9363,26.9164,0.5232,0.0923,0.7345,50.0,10696.2333,2.5146
train,inline,4,256,30,8888.1083,29.9931,22.7208,68.5519,0.0692,0.0692,0.9326,50.0,6053.9452,1.3788
train,inline,2,256,25,8363.0285,24.9248,43.3417,64.152,0.0033,0.9959,0.9992,50.0,6391.7827,0.0
train,inline,4,1024,45,10585.0961,45.0002,21.8164,30.2457,0.073,0.073,0.7321,50.0,10278.7381,0.0
train,inline,2,512,90,15542.9839,89.9706,55.639,30.4231,0.0666,0.0245,0.1332,50.0,11092.5139,3.7232
train,inline,3,512,75,13886.4613,74.9373,36.1003,33.8856,0.0535,0.0384,0.3331,50.0,9730.2984,8.8017
train,inline,2,1024,35,9544.9781,35.0048,38.3947,29.1214,0.419,0.4111,0.866,50.0,12806.7177,0.0
train,inline,4,384,60,12238.9579,59.9933,26.1488,51.1898,2.6176,1.9729,0.5313,50.0,11584.0398,0.0
train,inline,4,768,45,10611.9906,45.0041,22.3646,32.5287,3.5875,2.7161,0.7303,50.0,10350.7514,0.0
train,inline,1,384,90,15556.1113,89.859,81.0841,48.0659,0.7096,0.092,0.1332,50.0,15609.8026,2.6822
train,inline,3,768,40,10103.6135,39.9864,30.7968,32.1671,0.0792,0.0775,0.7994,50.0,8092.7365,4179.6847
train,inline,4,768,40,10058.5346,39.9761,22.7464,32.0497,3.9213,2.9626,0.7966,50.0,9801.2855,0.6076
train,inline,1,768,100,16642.711,100.0275,82.6351,29.9184,1.2874,0.1196,0.0033,50.0,16087.3282,5.5092
train,inline,3,512,40,10041.2776,39.9948,30.2614,36.6898,0.0797,0.0747,0.7994,50.0,7515.715,0.0
train,inline,4,384,60,12238.2077,59.9889,26.0541,51.0901,2.6166,1.9727,0.5313,50.0,13968.6397,0.0
train,inline,3,640,40,10074.4783,39.9912,30.7838,34.5763,0.086,0.0765,0.7994,50.0,7074.0072,2087.251
train,inline,3,256,40,10088.7936,40.0011,36.4125,66.6819,0.0876,0.0792,0.7994,50.0,10895.9765,0.0
train,inline,3,768,60,12281.3364,60.0073,34.18,31.6096,0.0643,0.0558,0.5329,50.0,11506.9216,4446.1292
train,inline,2,1024,25,8455.2889,25.0075,34.5444,29.2774,0.4726,0.4726,0.9992,50.0,11288.5778,0.0
train,inline,1,256,50,11337.9905,49.9024,75.6969,63.8039,0.3246,0.0957,0.6661,50.0,10547.88,0.0
train,inline,3,768,40,10098.862,39.9811,30.7026,31.6063,0.0774,0.0774,0.7994,50.0,9540.9943,4179.9748
train,inline,4,384,70,13333.8658,69.9806,28.0191,50.9648,1.9644,1.4822,0.3985,50.0,11940.9082,3.5805
train,inline,1,896,95,16101.4975,95.0256,81.6552,27.9949,1.4375,0.1417,0.0712,50.0,19591.9909,2.8525
train,inline,4,896,95,16063.0675,94.9927,29.522,29.6113,0.1774,0.1369,0.0665,50.0,15735.6282,0.0
train,inline,3,640,65,12805.5958,64.9773,34.5679,33.0164,0.0572,0.0494,0.4663,50.0,10813.6666,2260.0792
train,inline,2,256,75,13861.4341,74.8907,48.9506,66.0405,0.339,0.339,0.3331,50.0,9127.0526,0.0
train,inline,4,256,65,12757.7007,64.9637,27.6366,68.0194,0.0457,0.0404,0.4663,50.0,11027.927,2.0502
train,inline,3,384,85,14970.4933,84.9431,39.5672,48.6343,0.0286,0.0275,0.1998,50.0,17366.9217,0.0901
train,inline,3,512,90,15523.6904,89.9365,37.7364,31.73,0.0221,0.0217,0.1332,50.0,15439.2287,1.4152
train,inline,1,256,40,10291.9318,39.9732,74.1427,63.6466,0.2355,0.0973,0.7994,50.0,9636.7901,0.0
train,inline,4,768,40,10061.9782,39.9889,22.8523,32.3304,3.9243,2.9626,0.7966,50.0,10942.5015,0.0
train,inline,3,768,75,13912.9351,74.9754,36.5348,31.1828,0.0483,0.0393,0.3331,50.0,11856.4353,4661.103
train,inline,1,896,75,13947.7463,74.9983,78.0193,28.0056,1.0507,0.1324,0.3364,50.0,15981.709,0.0
train,inline,4,256,25,8336.2,24.991,21.6237,68.4492,0.073,0.0734,0.9992,50.0,5564.3333,0.0
train,inline,2,1024,99999,18959.2954,126.922,56.8133,27.1985,0.0167,0.0017,0.0,50.0,19740.7611,10013.9126
train,inline,1,512,70,13478.1936,70.0803,73.2538,31.4267,0.5685,0.1408,0.3997,49.0,14656.4994,0.4599
train,inline,4,384,60,12240.2475,60.002,25.9366,51.3189,2.6163,1.9729,0.5313,50.0,11228.7578,0.0
train,inline,4,512,75,13908.0902,74.9846,26.7085,33.9395,3.2512,2.4427,0.3311,50.0,12449.8797,4.0413
train,inline,3,768,35,9559.4842,35.0029,30.0624,31.8191,0.0892,0.0832,0.866,50.0,10272.8419,4113.7636
train,inline,2,640,100,16628.064,99.9707,60.1015,29.6206,0.0615,0.0122,0.0,50.0,13692.5914,0.0
train,inline,2,256,100,16609.8889,99.8688,52.1333,66.9032,0.0141,0.0107,0.0,50.0,11102.5111,0.0
train,inline,3,384,95,16068.0286,94.9634,39.7153,48.612,0.016,0.016,0.0666,50.0,18209.3219,0.0
train,inline,4,1024,65,12778.6213,65.022,26.3168,29.6417,0.0685,0.0515,0.4659,50.0,13405.5887,0.0
train,inline,3,384,95,16066.8079,94.9554,40.8944,48.4422,0.0189,0.0166,0.0666,50.0,19351.0159,0.0
train,inline,2,640,60,12278.957,60.0024,46.7253,30.804,0.1338,0.1098,0.5329,50.0,11618.331,0.0
train,inline,2,384,95,16073.7096,94.9094,54.5442,48.6393,0.0476,0.0476,0.0666,50.0,9588.8204,3.6338
train,inline,4,512,75,13907.0464,75.0025,26.1141,33.8792,3.2421,2.4422,0.3311,50.0,13754.8179,0.0
train,inline,4,256,99999,19004.1111,126.829,36.3776,68.4418,0.045,0.0018,0.0,50.0,10708.058,6.147
train,inline,3,1024,100,16634.2066,100.0108,41.0006,29.1138,0.0146,0.0112,0.0,50.0,16136.2601,10002.2306
train,inline,2,896,60,12271.1737,59.9944,47.5915,29.3114,0.2308,0.2081,0.5329,50.0,12953.2719,0.0
train,inline,4,640,100,16624.4424,99.9977,29.592,32.0137,0.0176,0.0112,0.0,50.0,16312.9469,1.4057
train,inline,3,256,35,9542.0201,34.9815,35.3049,66.2145,0.0873,0.0844,0.866,50.0,11301.5798,2.259
train,inline,2,896,40,10095.1631,39.9806,40.7485,29.848,0.3267,0.307,0.7994,50.0,9941.371,5.8209
train,inline,4,512,65,12816.0663,64.9985,24.2535,34.1244,4.5197,3.414,0.4635,50.0,12472.0634,0.0
train,inline,3,1024,30,9087.9192,30.0089,30.2456,27.103,0.0966,0.0921,0.9326,50.0,10947.7668,8084.5004
train,inline,3,896,45,10675.75,45.002,32.0913,29.624,0.0768,0.0734,0.7327,50.0,11020.5962,6371.9772
train,inline,3,768,65,12821.6764,64.9855,34.6065,31.0486,0.0528,0.0499,0.4663,50.0,12805.2591,4522.1925
train,inline,2,384,45,10606.6535,44.9597,43.451,47.8661,0.4059,0.4059,0.7327,50.0,11208.4649,3.9629
train,inline,1,768,45,10757.8499,44.999,71.5414,28.5857,0.4574,0.1463,0.7336,49.0,11729.6972,1.7316
train,inline,4,896,90,15520.1281,90.0096,29.6044,30.0862,0.3497,0.2629,0.1329,50.0,15364.295,0.0
train,inline,3,896,65,12842.3128,65.0014,35.0097,29.5418,0.0556,0.0509,0.4663,50.0,13494.4291,6783.0173
train,inline,3,1024,45,10705.274,45.0037,31.9024,27.8446,0.0744,0.0744,0.7327,50.0,10088.2548,8492.0879
train,inline,3,768,80,14455.85,79.9928,37.1293,30.9403,0.0391,0.0335,0.2665,50.0,14093.5133,4722.7843
train,inline,1,640,100,16641.2028,100.0589,81.7551,30.7779,1.0321,0.0944,0.0016,50.0,18069.8192,2.9091
train,inline,1,896,35,9641.1607,34.9501,72.2775,27.279,0.3056,0.115,0.8666,50.0,11939.1973,3.9323
train,inline,4,768,99999,18959.6689,126.9101,32.7818,31.0868,0.0299,0.0023,0.0,50.0,18761.9205,4993.5825
train,inline,3,896,99999,18953.2734,126.8889,43.7494,30.0042,0.0491,0.0027,0.0,50.0,21549.1221,10004.2239
train,inline,3,896,50,11219.614,49.9902,33.0482,29.8059,0.0777,0.0682,0.6661,50.0,10050.1719,6478.4358
train,inline,1,256,99999,18961.1257,126.9381,91.0889,66.4332,1.217,0.1348,0.0198,50.0,15866.7459,1.7905
train,inline,4,256,80,14414.6578,79.9632,28.9264,67.7659,0.0272,0.0272,0.2665,50.0,14108.6913,0.0
train,inline,2,768,99999,18944.6286,126.8594,59.9101,28.2948,0.0604,0.003,0.0,50.0,20124.1972,5011.1809
train,inline,2,896,55,11725.3557,54.9892,45.9549,29.1383,0.2576,0.2329,0.5995,50.0,13218.3327,0.9866
train,inline,4,256,75,13862.9686,74.9721,29.0875,67.8594,0.0377,0.0321,0.3331,50.0,13058.3296,0.0
train,inline,4,1024,60,12230.0983,60.0152,25.53,29.9596,0.0703,0.0569,0.5324,50.0,13613.1813,0.0
train,inline,4,384,25,8399.1113,25.0135,22.2458,51.8333,4.8959,3.6895,0.9962,50.0,7733.9818,0.0
train,inline,1,512,35,9788.0519,35.1015,64.0628,30.5619,0.3262,0.2245,0.866,48.0,9824.7683,0.0
train,inline,2,256,70,13307.0937,69.877,47.6419,65.558,0.4042,0.4042,0.3997,50.0,8542.6531,0.0
train,inline,3,512,75,13882.1306,74.9692,35.8932,33.5945,0.0413,0.0377,0.3331,50.0,12743.3292,0.0
train,inline,4,256,45,10544.627,44.9818,24.8811,68.2132,0.0567,0.0567,0.7327,50.0,8412.7847,0.9702
train,inline,4,768,45,10611.8561,45.0033,23.4524,32.224,3.6034,2.7169,0.7303,50.0,11449.2217,1.6122
train,inline,1,512,85,15058.9185,85.0717,77.3517,31.9185,0.6722,0.1051,0.1998,50.0,14229.8826,0.0
train,inline,2,1024,90,15538.9868,89.9852,60.6167,28.0953,0.1382,0.074,0.1332,50.0,15321.2447,0.0
train,inline,1,384,85,15032.9057,84.8855,79.6355,48.5014,0.6583,0.0978,0.1998,50.0,13838.1986,0.0
train,inline,4,384,100,16624.2543,99.9605,30.3436,49.8158,0.014,0.011,0.0,50.0,17175.0326,1.6084
train,inline,3,512,45,10585.7552,44.9822,31.7085,36.1179,0.0689,0.0689,0.7327,50.0,8153.6936,2.539
train,inline,1,512,65,12951.3079,65.0785,71.9108,31.189,0.5352,0.1528,0.4663,49.0,13013.0549,2.7846
train,inline,1,384,40,10303.7837,40.0372,69.9926,46.9408,0.3039,0.1552,0.7994,49.0,10714.8507,0.0
train,inline,1,896,60,12328.8966,59.9675,76.6941,27.8306,0.7698,0.1258,0.5352,50.0,13012.695,1.0458
train,inline,1,512,45,10840.8545,45.085,66.5481,30.7142,0.3916,0.2003,0.7327,49.0,11015.8898,0.0
train,inline,4,1024,30,8938.5446,29.9815,20.2654,30.3218,0.0916,0.0904,0.9317,50.0,8725.5414,0.3881
train,inline,4,768,70,13345.6367,70.0183,26.8658,31.9675,1.9816,1.4876,0.3983,50.0,12812.1866,0.0
train,inline,3,640,55,11708.4471,54.9835,33.4188,33.4287,0.0596,0.0596,0.5995,50.0,10177.1964,2193.5924
train,inline,1,896,65,12874.242,64.9558,77.7545,28.3643,0.8798,0.129,0.4689,50.0,10818.294,8.323
train,inline,3,640,80,14442.8618,79.9527,36.8797,31.9853,0.0403,0.0332,0.2665,50.0,12259.2691,2367.4894
train,inline,2,640,80,14452.9129,79.9826,53.4213,30.0405,0.0986,0.0609,0.2665,50.0,13538.3857,0.4289
train,inline,2,768,90,15540.4106,89.9848,57.858,28.8597,0.1024,0.0491,0.1332,50.0,15294.0908,3.4408
train,inline,4,640,55,11715.9589,54.9753,25.1623,33.2991,4.3969,3.3066,0.5967,50.0,9505.6208,6.045
train,inline,1,1024,40,10134.8545,39.9127,75.3187,26.9964,0.4019,0.085,0.8007,50.0,10442.1554,0.0
train,inline,1,512,25,8730.4554,25.0856,60.9683,29.794,0.2506,0.2479,0.9992,48.0,10068.3411,1.2939
train,inline,4,512,55,11723.013,54.9849,24.8286,34.0356,5.8264,4.3873,0.596,50.0,11611.6927,0.3379
train,inline,4,768,40,10060.0825,39.9857,23.0899,32.2311,3.9221,2.9625,0.7966,50.0,9791.4017,1.119
train,inline,4,1024,99999,18989.2694,126.9818,33.0125,29.7843,0.0404,0.003,0.0,50.0,18650.747,9992.7156
train,inline,2,768,85,14996.9094,84.9691,56.4507,29.4943,0.1174,0.0676,0.1998,50.0,12293.0213,3.485
train,inline,2,768,85,14995.2267,84.9809,56.2534,29.4059,0.1126,0.0672,0.1998,50.0,15553.6901,0.0
train,inline,1,896,35,9640.6892,34.9468,71.8038,27.5648,0.2958,0.1145,0.8666,50.0,10678.2054,0.0
train,inline,1,1024,70,13386.2948,69.9628,79.743,27.0135,1.0962,0.1272,0.4036,50.0,14899.4722,0.0
train,inline,3,768,50,11190.3719,49.9943,31.6908,31.8607,0.0658,0.0658,0.6661,50.0,9936.6337,4312.7148
train,inline,2,256,65,12762.6393,64.9035,48.1323,65.6684,0.4707,0.4707,0.4663,50.0,8550.1553,0.0
train,inline,3,896,99999,18951.6066,126.8857,43.8947,30.3395,0.0395,0.0022,0.0,50.0,19532.246,10001.5605
train,inline,4,1024,45,10587.0856,44.9929,22.9234,30.3366,0.0834,0.0738,0.7321,50.0,9520.6527,2.3845
train,inline,3,384,50,11154.699,49.9787,34.5437,50.9758,0.0688,0.0657,0.6661,50.0,12410.0991,0.0
train,inline,1,640,65,12922.0394,65.0439,74.547,30.3097,0.6424,0.1444,0.4672,49.0,12119.0149,3.4538
train,inline,2,768,99999,18942.8049,126.852,58.4973,28.5526,0.0392,0.002,0.0,50.0,18531.352,5004.3111
train,inline,3,256,50,11172.3044,49.9801,37.4274,65.9619,0.0744,0.0677,0.6661,50.0,13985.0791,2.871
train,inline,2,1024,80,14449.4308,79.9776,56.1676,28.3318,0.1847,0.1351,0.2665,50.0,13952.7452,1.5729
train,inline,1,896,100,16638.8805,100.0208,82.8247,28.4266,1.5303,0.1439,0.0049,50.0,18854.3046,0.382
train,inline,1,768,99999,18965.1676,126.9337,89.9955,28.8115,0.9691,0.0797,0.0,50.0,15420.0125,5286.0343
train,inline,1,256,75,13955.6563,74.7536,81.9418,64.5384,0.5658,0.0925,0.3331,50.0,12620.9425,2.2729
train,inline,4,256,45,10547.0706,44.9877,23.4738,68.4007,0.0562,0.0562,0.7327,50.0,8570.2504,0.0
train,inline,3,1024,25,8547.2103,25.0067,30.0443,27.2812,0.0977,0.0978,0.9992,50.0,8292.5372,7944.8886
train,inline,3,1024,85,15017.4471,85.0112,38.4547,28.7573,0.0318,0.0284,0.1998,50.0,16649.3504,9588.5448
train,inline,4,384,75,13885.3118,74.9897,27.5718,50.3603,1.6461,1.2373,0.3321,50.0,15864.5234,3.8634
train,inline,1,384,25,8723.7868,25.0661,67.117,46.5926,0.1747,0.1737,0.9992,49.0,7779.4832,3.1689
train,inline,2,256,55,11657.6408,54.8891,46.9771,64.9909,0.6016,0.6016,0.5995,50.0,7596.7182,0.9269
train,inline,2,640,55,11733.6576,54.9951,44.3229,30.8523,0.1319,0.1214,0.5995,50.0,11592.235,0.0
train,inline,4,256,40,9993.9184,39.9929,24.0067,68.1399,0.0642,0.061,0.7994,50.0,8853.0354,2.808
train,inline,2,512,90,15541.5403,89.9793,55.8247,30.5523,0.0621,0.0243,0.1332,50.0,10969.3937,0.0
train,inline,3,768,35,9560.8432,34.9796,30.4066,32.4129,0.0909,0.0834,0.866,50.0,6542.4718,4114.4329
train,inline,2,256,30,8912.5096,29.9188,43.712,63.9629,0.9303,0.9303,0.9326,50.0,7242.6919,2.4667
train,inline,2,1024,50,11176.0251,49.9974,45.2379,28.724,0.3386,0.3189,0.6661,50.0,12745.4684,2.0347
train,inline,4,384,100,16630.2959,99.9648,30.8446,50.4564,0.0233,0.0116,0.0,50.0,15055.7701,1.8133
train,inline,1,768,70,13433.1059,70.0265,75.1266,29.4403,0.8156,0.1332,0.4017,50.0,13597.4319,0.0
train,inline,4,640,45,10623.2399,45.006,24.4546,33.5545,5.3607,4.0383,0.7293,50.0,10378.5112,0.0
train,inline,3,512,65,12787.3844,64.9763,34.2707,34.637,0.0585,0.0487,0.4663,50.0,10513.8001,0.0
train,inline,3,768,50,11191.0161,49.9938,32.1905,31.6027,0.0683,0.0664,0.6661,50.0,10982.1597,4316.225
train,inline,3,1024,25,8545.3807,24.9936,29.5537,27.0869,0.0965,0.0977,0.9992,50.0,9863.4916,7944.6057
train,inline,1,384,75,13983.0937,74.9042,78.1375,48.2295,0.59,0.1111,0.3331,50.0,11966.7813,3.4583
train,inline,2,1024,45,10629.6351,44.9827,42.3895,28.5242,0.3645,0.3497,0.7327,50.0,12519.318,0.4344
train,inline,1,1024,75,13924.5075,74.955,79.1872,26.7971,1.1945,0.1333,0.3375,50.0,15437.7436,0.0
train,inline,2,384,25,8418.7494,24.9648,39.3118,48.1668,0.0531,0.549,0.9992,50.0,10810.7112,0.0
train,inline,1,768,75,13967.4328,75.0277,77.4375,29.2394,0.9085,0.1316,0.3353,50.0,15142.0546,0.0
train,inline,4,384,95,16081.8964,94.9941,30.2642,50.6007,0.3477,0.2568,0.0664,50.0,15983.2733,0.0
train,inline,2,768,75,13906.0088,74.9878,52.4366,29.6593,0.1324,0.1035,0.3331,50.0,12724.627,0.0
train,inline,2,896,60,12270.4495,59.9917,47.967,29.188,0.2383,0.2085,0.5329,50.0,12947.8621,0.0
train,inline,4,896,50,11148.1604,50.023,24.3908,31.4361,1.6828,1.2699,0.6647,50.0,10751.9383,0.0
train,inline,4,256,75,13865.2551,74.944,29.426,68.0491,0.0452,0.0325,0.3331,50.0,10403.6873,7.0389
train,inline,2,768,60,12273.8662,59.9955,47.6159,29.8034,0.186,0.159,0.5329,50.0,13117.6995,2.2273
train,inline,2,384,65,12792.1814,64.9391,47.8914,48.3981,0.2623,0.2623,0.4663,50.0,10794.0904,0.0
train,inline,1,640,55,11864.2628,55.062,71.6482,30.2277,0.5403,0.1593,0.6002,49.0,12050.5263,0.0
train,inline,1,896,50,11256.6585,49.9482,75.244,28.0311,0.5894,0.1218,0.6678,50.0,10236.2496,4.7508
train,inline,2,512,60,12280.1791,59.9917,45.5162,31.4096,0.0708,0.0598,0.5329,49.0,11018.087,0.0
train,inline,2,640,95,16085.509,94.9816,58.1613,29.8555,0.0684,0.0244,0.0666,50.0,12192.7245,0.0
train,inline,4,768,85,14979.1137,84.98,28.4742,31.1547,0.9997,0.7495,0.1992,50.0,13627.0743,3.696
train,inline,1,384,80,14503.4698,79.8893,79.3298,48.0593,0.6228,0.1043,0.2665,50.0,13370.7328,1.3391
train,inline,3,1024,25,8547.4035,25.0033,29.8038,27.2771,0.0978,0.0977,0.9992,50.0,9806.1245,7944.905
train,inline,1,512,45,10842.7202,45.0658,66.8192,30.8755,0.3976,0.2007,0.7327,49.0,9263.2857,4.8397
train,inline,4,256,95,16073.5072,94.9537,31.8632,67.1406,0.0254,0.0155,0.0666,50.0,17047.5144,4.3161
train,inline,2,512,30,9015.6443,30.009,37.9538,32.1952,0.096,0.096,0.9326,49.0,10924.0107,2.6286
train,inline,1,1024,90,15555.1673,89.9976,82.2217,27.1399,1.5558,0.1551,0.1389,50.0,17472.1301,0.0
train,inline,2,256,100,16614.5359,99.8454,52.7487,67.3012,0.0279,0.0115,0.0,50.0,7853.4723,8.8593
train,inline,2,896,99999,18943.5129,126.858,58.5979,27.2223,0.0357,0.0023,0.0,50.0,18622.7528,7513.7102
train,inline,1,512,99999,18981.3655,127.025,88.5583,29.7298,1.3894,0.1175,0.0,50.0,18302.6786,0.0
train,inline,2,896,70,13362.0954,69.986,50.6891,29.2529,0.1867,0.1589,0.3997,50.0,12617.6429,0.0
train,inline,4,640,25,8442.836,25.0051,21.3646,34.1365,7.2988,5.5025,0.9945,50.0,8281.7236,0.0
train,inline,3,640,55,11711.6264,54.9768,32.8295,33.4044,0.0654,0.06,0.5995,50.0,10135.6417,2194.5909
train,inline,2,256,40,10009.5915,39.9043,45.244,64.5323,0.7987,0.7987,0.7994,50.0,6558.2004,0.819
train,inline,4,512,55,11719.0561,54.9734,24.9088,33.7868,5.8231,4.3872,0.596,50.0,11406.8752,1.0748
train,inline,1,384,85,15030.3679,84.8721,80.0555,48.2223,0.6657,0.0981,0.1998,50.0,14699.2995,0.0
train,inline,1,256,75,13956.4559,74.7357,81.0977,64.3927,0.5696,0.0929,0.3331,50.0,12223.0059,1.9363
train,inline,2,512,25,8466.9692,24.9787,35.1732,31.715,0.0962,0.1021,0.9992,49.0,10994.2669,0.7372
train,inline,2,1024,99999,18959.7582,126.9248,56.4116,27.1104,0.0137,0.0016,0.0,50.0,19158.1221,10014.2705
train,inline,2,512,70,13367.5537,69.9875,49.351,31.015,0.0759,0.0482,0.3997,50.0,13625.9364,0.0
train,inline,1,1024,100,16635.0365,100.0035,83.2829,26.8646,1.78,0.1689,0.0066,50.0,19090.3736,0.0
train,inline,4,512,40,10093.2888,40.0075,23.7087,34.4412,7.7723,5.8463,0.7946,50.0,12350.9608,2.5476
train,inline,2,640,70,13363.5789,69.9875,50.5924,30.4085,0.1133,0.0851,0.3997,50.0,12588.1555,0.7685
train,inline,4,896,35,9508.4151,35.0239,22.145,31.9008,2.1801,1.6474,0.8641,50.0,9093.6775,0.0
train,inline,2,768,70,13359.948,69.9781,50.9307,29.5253,0.1534,0.1222,0.3997,50.0,12707.2582,0.4722
train,inline,1,1024,55,11759.5673,54.912,77.9477,26.9069,0.7549,0.1064,0.6022,50.0,11421.1423,3.9703
train,inline,4,896,99999,18970.3054,126.9334,33.8052,30.1322,0.0406,0.0029,0.0,50.0,18663.4313,7496.4792
train,inline,3,768,30,9015.867,29.9935,29.3698,32.2501,0.0942,0.0887,0.9326,50.0,7970.1837,4044.6035
train,inline,3,896,45,10674.7516,45.0007,32.3581,29.7325,0.0744,0.0733,0.7327,50.0,10422.5984,6371.5807
train,inline,1,896,80,14485.9661,80.004,79.6947,28.2783,1.1532,0.135,0.2701,50.0,17150.7218,0.0
train,inline,1,512,80,14536.4576,80.0774,76.4199,32.1552,0.647,0.1176,0.2665,49.0,12356.9027,0.0
train,inline,3,896,30,9051.6967,30.0049,28.0993,30.0632,0.0893,0.0893,0.9326,50.0,7952.6304,6055.9947
train,inline,3,384,45,10608.8254,44.9822,32.8558,51.3068,0.0706,0.0706,0.7327,50.0,10067.5556,0.0
train,inline,1,512,99999,18978.4109,127.025,90.0945,29.863,1.3943,0.1177,0.0,50.0,17144.3215,1.4657
train,inline,1,256,30,9242.8941,30.027,72.6664,63.2608,0.1447,0.0986,0.9326,50.0,10197.5253,0.0
train,inline,2,512,25,8475.9637,25.0018,35.5136,32.404,0.1057,0.1024,0.9992,49.0,11330.1394,1.5659
train,inline,3,512,40,10037.2587,39.9779,29.9965,36.3609,0.0763,0.0746,0.7994,50.0,7425.3584,0.0
train,inline,4,384,75,13887.8561,74.9908,28.1473,51.0955,1.6501,1.2378,0.3321,50.0,12243.1905,0.0
train,inline,3,1024,85,15017.377,85.0105,38.4374,28.7339,0.0316,0.0285,0.1998,50.0,16049.8381,9588.8757
train,inline,3,896,25,8508.7725,25.0002,28.9437,29.4993,0.0992,0.096,0.9992,50.0,9117.5163,5961.7248
train,inline,1,384,70,13455.4225,69.9316,76.4845,47.9986,0.5372,0.1167,0.3997,50.0,12506.1717,0.0
train,inline,2,768,100,16628.9596,99.9832,61.6998,29.0908,0.072,0.0125,0.0,50.0,13635.0774,0.0
train,inline,3,512,99999,18951.422,126.8823,43.023,32.9145,0.0539,0.0025,0.0,50.0,20583.3575,9984.5234
train,inline,4,640,25,8432.8334,24.9674,21.651,33.3585,7.297,5.5025,0.9945,50.0,8086.1645,0.855
train,inline,1,1024,75,13928.3821,74.9586,80.2734,26.9312,1.2117,0.1342,0.3375,50.0,15407.7924,2.6961
validation,inline,3,512,25,8546.7333,25.0141,27.837,30.7327,0.0,0.0,1.0,50.0,11249.4,0.0
train,inline,4,512,55,11725.9288,54.9994,24.764,33.8144,5.8331,4.3875,0.596,50.0,13457.5441,3.6364
train,inline,3,512,40,10037.2055,39.9745,29.7609,36.0561,0.0761,0.0745,0.7994,50.0,8790.3561,2.5027
train,inline,3,1024,40,10161.8132,39.9805,31.842,27.3596,0.0814,0.0806,0.7994,50.0,9031.808,8359.117
train,inline,2,384,40,10060.3094,39.9649,42.5182,48.4002,0.4417,0.4417,0.7994,50.0,8774.1438,0.0
train,inline,2,768,50,11187.9607,50.0092,44.0197,30.3528,0.2192,0.196,0.6661,50.0,11943.095,0.0
train,inline,3,768,80,14455.8117,79.9767,37.1646,30.9403,0.0398,0.0335,0.2665,50.0,13408.5336,4728.6265
train,inline,4,640,25,8442.7714,25.0073,22.0874,34.1207,7.3063,5.5029,0.9945,50.0,8312.0667,0.0
train,inline,3,640,60,12259.3336,59.9954,33.7702,33.325,0.0621,0.0548,0.5329,50.0,10859.7746,2219.9113
train,inline,2,384,55,11699.6423,54.937,46.1253,48.4515,0.3342,0.3342,0.5995,50.0,8357.2304,3.4731
train,inline,2,768,100,16623.4988,99.9577,61.4169,28.6776,0.0647,0.0121,0.0,50.0,14013.4878,0.1983
train,inline,2,512,50,11190.4866,49.9933,43.6379,31.5571,0.0839,0.0721,0.6661,49.0,11017.4978,1.432
train,inline,4,640,60,12260.0134,59.9982,25.8346,33.1323,3.9038,2.94,0.5304,50.0,11741.0736,2.1837
train,inline,4,640,50,11172.3422,50.0172,24.609,33.5833,4.8819,3.6726,0.663,50.0,11374.577,0.0
train,inline,2,256,99999,18957.928,127.003,64.9545,64.139,0.0264,0.0018,0.0033,50.0,25365.5556,1.2197
train,inline,4,384,50,11138.9334,49.9914,25.4325,51.3237,3.2627,2.463,0.6642,50.0,10071.4058,1.3283
train,inline,1,512,65,12951.9722,65.0896,72.1025,31.504,0.5355,0.1529,0.4663,49.0,13298.6592,0.0
train,inline,2,256,60,12212.4777,59.9047,46.1819,65.5926,0.5355,0.5355,0.5329,50.0,7791.3706,0.0
train,inline,3,1024,45,10707.003,44.9959,32.8651,27.9423,0.0834,0.0752,0.7327,50.0,9042.2354,8496.2671
train,inline,1,768,65,12896.2075,65.011,75.3539,28.9007,0.7563,0.1364,0.4681,50.0,14060.4478,1.4258
train,inline,3,896,25,8509.9455,25.0038,27.6288,30.0423,0.0791,0.0951,0.9992,50.0,7430.6844,5954.1588
train,inline,2,896,99999,18953.586,126.8741,59.0889,27.9958,0.0486,0.0029,0.0,50.0,17774.2528,7517.0655
train,inline,4,768,70,13343.3461,70.0122,26.7401,31.7912,1.9784,1.4874,0.3983,50.0,13048.6543,0.0
train,inline,3,640,65,12804.0333,64.9817,33.8921,32.7009,0.0492,0.0489,0.4663,50.0,12547.3382,2260.7887
train,inline,2,256,100,16610.1851,99.875,52.3967,66.9782,0.0153,0.0108,0.0,50.0,10957.0458,0.0
train,inline,2,896,65,12814.5381,64.9925,50.309,29.1779,0.2155,0.1837,0.4663,50.0,13943.8369,0.8749
train,inline,1,640,80,14517.0633,80.0511,77.1925,30.6137,0.8092,0.1229,0.2677,50.0,15760.6592,0.0
train,inline,4,896,95,16067.1613,95.0095,30.5899,29.9342,0.1891,0.1373,0.0665,50.0,16887.8469,0.1093
train,inline,3,768,99999,18955.0183,126.8886,41.4802,31.388,0.035,0.002,0.0,50.0,20089.4886,9985.6167
train,inline,2,1024,45,10630.4526,44.9872,42.3568,28.4144,0.3669,0.3498,0.7327,50.0,13227.3773,1.7537
train,inline,3,768,70,13364.6631,69.9891,36.1329,31.1682,0.0442,0.0441,0.3997,50.0,12941.9213,4590.6785
train,inline,4,512,95,16088.3209,94.9811,28.3335,33.4752,0.6693,0.4978,0.0662,50.0,14164.2112,4.5687
train,inline,3,640,80,14443.5451,79.977,36.6653,31.8907,0.0382,0.033,0.2665,50.0,14323.7556,2362.6848
train,inline,2,384,75,13885.8686,74.935,49.6349,48.4956,0.1904,0.1904,0.3331,50.0,10875.4172,0.0
train,inline,2,768,100,16627.7472,99.9738,61.5283,28.9708,0.0688,0.0122,0.0,50.0,15434.0602,0.0
train,inline,2,896,40,10092.2533,40.0041,40.9374,29.7517,0.3175,0.3063,0.7994,50.0,12835.3771,0.8015
train,inline,2,768,55,11727.9299,54.9864,45.5622,29.9469,0.1985,0.1772,0.5995,50.0,13791.3469,0.0
train,inline,4,1024,35,9485.7923,34.982,20.8182,30.1742,0.0846,0.0846,0.8652,50.0,9195.8555,0.0
train,inline,4,512,45,10637.2475,45.0012,24.0382,34.6531,7.1201,5.3597,0.7284,50.0,12288.5374,0.0
train,inline,4,1024,75,13873.4838,75.022,27.7974,29.0682,0.0593,0.0402,0.3328,50.0,15645.8114,1.5399
train,inline,4,256,25,8337.2131,24.9828,21.8497,68.5995,0.0785,0.0737,0.9992,50.0,5564.3333,3.8419
train,inline,1,384,50,11346.8563,49.9705,71.954,46.6908,0.3763,0.1421,0.6661,49.0,11265.1397,1.8129
train,inline,3,256,99999,18969.1583,126.8972,47.0318,65.4078,0.0971,0.0043,0.0,50.0,9823.1846,10022.3289
train,inline,4,384,50,11141.8117,49.9793,25.4223,51.4912,3.27,2.4635,0.6642,50.0,8700.9484,4.6251
train,inline,4,640,60,12262.237,60.0089,25.4613,33.1966,3.9075,2.9403,0.5304,50.0,12128.1964,0.0
train,inline,2,640,30,9013.5599,30.0051,35.8671,31.4604,0.1821,0.1821,0.9326,49.0,11135.9983,0.0
train,inline,1,384,75,13978.5273,74.9038,77.9273,47.894,0.5826,0.1107,0.3331,50.0,13017.4575,0.6591
train,inline,1,768,60,12362.9353,60.0043,74.5941,29.1468,0.6834,0.1389,0.5344,49.0,13934.3128,0.6971
train,inline,3,256,30,9001.819,29.9805,34.3527,66.8502,0.0899,0.0899,0.9326,50.0,8397.9045,0.5497
train,inline,1,384,35,9774.133,35.0331,67.9129,46.7522,0.2453,0.1606,0.866,49.0,9285.2073,0.0
train,inline,1,256,70,13430.9904,69.7711,79.979,63.885,0.522,0.0935,0.3997,50.0,13338.0891,2.2682
train,inline,3,1024,80,14478.2829,80.0101,37.7086,28.621,0.0373,0.0342,0.2665,50.0,15771.3374,9451.7074
train,inline,3,256,75,13885.6783,74.9719,39.4892,65.6953,0.0387,0.0387,0.3331,50.0,17622.7312,0.0
train,inline,2,1024,95,16085.0486,94.9996,62.7242,28.1038,0.1148,0.0435,0.0666,50.0,15931.3959,0.0
train,inline,2,1024,35,9542.4169,34.9977,38.5351,28.9086,0.4199,0.4113,0.866,50.0,11780.458,0.0
train,inline,3,512,40,10040.587,39.987,28.7506,36.5589,0.0738,0.0738,0.7994,50.0,7975.2475,0.0
train,inline,4,1024,25,8394.2024,24.9926,19.5333,30.7365,0.0937,0.0958,0.9983,50.0,8194.8068,0.0
train,inline,3,384,35,9517.0525,34.9843,31.9949,51.799,0.0818,0.0818,0.866,50.0,9215.8699,0.0
train,inline,4,384,85,14982.2239,84.9733,28.8711,50.5072,0.9932,0.7469,0.1992,50.0,14629.8197,2.309
train,inline,1,256,90,15524.5164,89.6295,83.7649,64.5587,0.7079,0.0908,0.1332,50.0,13271.0511,2.5842
train,inline,4,512,30,9003.7106,29.9966,23.2076,35.1278,9.0635,6.8188,0.9271,50.0,9882.4309,1.1916
train,inline,2,1024,60,12265.0682,59.9806,48.3916,28.3104,0.2872,0.2577,0.5329,50.0,14015.5922,0.1161
train,inline,1,768,100,16640.5007,100.043,81.4011,29.8728,1.268,0.1185,0.0033,50.0,17370.5059,0.0
train,inline,2,256,65,12761.4344,64.8953,47.3592,65.66,0.4701,0.4701,0.4663,50.0,8359.3172,0.0
train,inline,1,1024,55,11761.9778,54.9294,78.0523,27.0922,0.7578,0.1066,0.6022,50.0,11736.6087,0.0
train,inline,3,256,30,9001.6344,29.994,34.6323,66.3427,0.0963,0.0902,0.9326,50.0,11636.0867,3.3333
train,inline,4,384,45,10593.3034,45.0019,24.4302,51.3794,3.5944,2.7086,0.7306,50.0,10189.7652,0.0
train,inline,1,640,45,10797.2886,45.0325,68.4525,29.603,0.4155,0.1729,0.7332,49.0,10625.165,0.0
train,inline,3,256,45,10629.5696,44.9859,36.3583,66.0844,0.075,0.0731,0.7327,50.0,13335.857,1.3768
train,inline,1,512,40,10313.4851,40.0865,63.4371,30.6613,0.3345,0.2112,0.7994,48.0,9738.4339,0.0
train,inline,4,1024,40,10039.1028,40.0063,20.4788,30.4887,0.0784,0.0784,0.7986,50.0,9891.8783,0.0
train,inline,1,768,30,9155.3195,29.9717,68.9269,28.6416,0.2373,0.154,0.9328,49.0,7603.1559,4.6
train,inline,3,896,35,9595.671,34.9848,30.93,29.9769,0.096,0.0852,0.866,50.0,7395.4019,6171.4524
train,inline,1,768,25,8617.8932,24.9802,67.8122,28.3716,0.1553,0.156,0.9992,49.0,8812.1618,0.5273
train,inline,2,256,100,16606.8824,99.8596,51.4354,66.7353,0.0103,0.0103,0.0,50.0,10815.784,0.0
train,inline,3,896,80,14467.349,80.0043,37.5003,29.7964,0.0389,0.034,0.2665,50.0,14096.6366,7086.5814
train,inline,1,384,40,10302.7586,40.0368,70.3705,47.1541,0.3011,0.155,0.7994,49.0,9691.9992,0.0
train,inline,4,896,80,14427.311,80.0097,28.217,30.1462,0.6873,0.5148,0.2659,50.0,15299.3124,1.9121
train,inline,4,1024,60,12228.643,60.0054,25.3821,29.8426,0.0669,0.0567,0.5324,50.0,14024.1902,0.0
train,inline,1,512,95,16118.4918,95.0843,80.414,32.6252,0.7512,0.0818,0.0666,50.0,14456.1745,0.0
train,inline,2,896,45,10640.7419,45.0168,42.5546,29.8193,0.3051,0.2824,0.7327,50.0,12264.3508,0.0
train,inline,1,1024,25,8506.5753,24.8829,74.537,26.6051,0.0651,0.0643,0.9992,50.0,9178.3716,2.8777
train,inline,2,384,60,12245.9097,59.945,46.7689,48.2293,0.2982,0.2982,0.5329,50.0,10969.2508,0.9871
train,inline,4,512,55,11727.0813,55.001,24.9223,34.262,5.8311,4.3874,0.596,50.0,13420.3142,0.1725
train,inline,1,1024,75,13930.8559,74.9814,80.5657,27.2342,1.2168,0.1345,0.3375,50.0,15077.4616,0.0
train,inline,1,384,30,9250.7769,30.0464,68.0576,46.7861,0.2184,0.1676,0.9326,49.0,7952.4079,3.5288
train,inline,2,512,40,10105.8228,40.0006,39.8034,31.9364,0.0904,0.0841,0.7994,49.0,12198.8755,0.0
train,inline,3,896,50,11218.4935,50.0078,32.9616,29.8813,0.0729,0.0679,0.6661,50.0,10715.2315,6469.4153
train,inline,4,1024,50,11133.3583,50.0039,23.1555,30.1368,0.0683,0.0676,0.6655,50.0,10945.1161,0.0
train,inline,1,512,50,11370.5223,50.0988,67.9894,30.8002,0.4333,0.1888,0.6661,49.0,11843.4778,0.0
train,inline,1,896,100,16635.8198,100.014,82.7336,28.2247,1.5274,0.1437,0.0049,50.0,19843.2461,0.0
train,inline,2,896,75,13905.1361,74.981,53.8156,28.9818,0.1782,0.135,0.3331,50.0,13263.3563,2.0579
train,inline,3,1024,70,13400.0878,70.0092,36.2492,28.3928,0.0486,0.0457,0.3997,50.0,15155.247,9177.4033
train,inline,3,384,80,14430.4721,79.9699,38.1774,49.0563,0.033,0.0329,0.2665,50.0,17260.5781,0.3102
train,inline,3,896,65,12842.323,65.0014,34.3033,29.762,0.0504,0.0504,0.4663,50.0,12667.0611,6779.2854
train,inline,2,256,30,8904.3064,29.8877,43.303,63.7018,0.9298,0.9298,0.9326,50.0,5589.2893,0.0
train,inline,1,512,60,12426.4309,60.0851,70.9765,31.473,0.5056,0.1652,0.5329,49.0,10697.4341,0.0
train,inline,1,640,65,12923.5854,65.0455,73.6687,30.2102,0.6437,0.1445,0.4672,49.0,13964.402,0.0
train,inline,3,512,25,8390.2853,24.9817,27.6313,37.6502,0.088,0.0901,0.9992,50.0,5564.3333,0.6351
train,inline,1,768,80,14499.9059,80.0225,78.2543,29.0035,0.9818,0.129,0.2689,50.0,16374.7043,2.6122
train,inline,1,640,35,9736.6707,35.0291,67.1535,29.5261,0.3144,0.1877,0.8662,49.0,8765.1502,3.2414
train,inline,2,512,75,13913.2234,74.9987,51.165,31.1392,0.0769,0.0426,0.3331,50.0,11587.5919,0.0
train,inline,1,256,60,12384.8587,59.8179,78.4993,63.9878,0.4317,0.0951,0.5329,50.0,10007.5404,4.3777
train,inline,3,640,70,13352.0128,69.9776,35.1076,32.2775,0.0541,0.044,0.3997,50.0,13506.1161,2300.0403
train,inline,2,256,45,10563.2639,44.8937,45.851,64.9733,0.7334,0.7334,0.7327,50.0,6208.6461,3.4832
validation,inline,4,512,99999,18921.7556,126.8589,31.8111,33.0873,0.041,0.0024,0.0,50.0,25303.5778,0.0
train,inline,2,256,70,13309.4067,69.8953,49.3136,65.8322,0.4046,0.4046,0.3997,50.0,8587.6618,0.2441
train,inline,1,256,65,12909.1481,64.7917,79.3795,64.154,0.4781,0.0944,0.4663,50.0,10734.5694,3.6025
train,inline,1,768,65,12898.0991,65.0208,75.5692,29.2254,0.7584,0.1366,0.4681,50.0,13257.4178,0.0
train,inline,1,256,40,10290.0235,39.9687,74.9737,63.3666,0.2411,0.0974,0.7994,50.0,10429.9016,2.2245
train,inline,2,384,75,13878.3886,74.9091,49.9657,47.9235,0.1904,0.1904,0.3331,50.0,9898.5851,0.9195
train,inline,2,512,100,16625.6835,99.9469,58.7121,30.0119,0.0551,0.0123,0.0,50.0,10027.7583,2.8486
train,inline,1,256,65,12907.4625,64.8155,80.2379,64.2531,0.4715,0.0938,0.4663,50.0,11701.428,2.5777
train,inline,2,512,100,16620.944,99.9414,58.4606,29.6508,0.0486,0.012,0.0,50.0,10792.3301,0.698
train,inline,1,256,70,13429.12,69.7688,80.4996,64.0989,0.5175,0.0932,0.3997,50.0,12188.5046,1.5149
train,inline,1,768,100,16638.0963,100.035,81.1589,29.7132,1.2639,0.1184,0.0033,50.0,17222.8848,0.0
train,inline,3,1024,75,13936.5112,75.0046,37.0093,28.2857,0.0429,0.0402,0.3331,50.0,13541.6505,9311.8756
train,inline,4,896,55,11691.4221,55.0081,25.1068,30.8719,1.5112,1.1436,0.5982,50.0,12348.7303,3.0461
train,inline,1,256,90,15525.8849,89.6431,83.6827,64.6445,0.7066,0.0906,0.1332,50.0,14099.1683,0.3722
train,inline,4,640,90,15535.0742,89.9929,28.4098,32.3602,0.9928,0.7436,0.1326,50.0,15294.1856,1.8332
train,inline,2,512,100,16629.5604,99.9647,58.3409,30.3217,0.0522,0.0121,0.0,50.0,10378.5021,0.3427
train,inline,1,1024,70,13385.9782,69.9594,79.3005,26.9943,1.091,0.1269,0.4036,50.0,14913.5058,0.0
train,inline,2,640,55,11734.0405,54.9978,45.1112,30.6352,0.1445,0.122,0.5995,50.0,12502.4981,0.6325
train,inline,4,640,55,11719.8322,54.9751,25.4273,33.6013,4.4034,3.307,0.5967,50.0,8478.0024,8.8904
train,inline,3,1024,50,11247.5401,49.9863,33.7514,28.1011,0.0827,0.0697,0.6661,50.0,8787.7742,8638.4282
train,inline,4,640,25,8436.4786,24.9804,21.744,33.6333,7.3,5.5026,0.9945,50.0,8565.9458,0.3348
train,inline,4,512,60,12271.5599,59.9979,25.3158,34.1963,5.1835,3.9011,0.5298,50.0,13163.6331,0.0
train,inline,4,896,95,16064.2515,94.9958,30.0274,29.6589,0.1841,0.1372,0.0665,50.0,15908.174,0.0
train,inline,3,512,30,8942.8894,29.982,28.4768,37.5064,0.0888,0.085,0.9326,50.0,7144.7907,1.0348
train,inline,3,512,60,12238.3292,59.9559,33.0542,35.0853,0.0586,0.0537,0.5329,50.0,8601.1508,4.1486
train,inline,2,896,55,11725.8076,54.9944,46.648,29.4146,0.257,0.2328,0.5995,50.0,12370.7384,2.2406
train,inline,1,640,100,16642.8568,100.066,81.4683,30.8476,1.0305,0.0942,0.0016,50.0,18357.7303,2.4009
train,inline,2,640,45,10646.6072,44.9964,41.1284,31.1694,0.1523,0.1459,0.7327,49.0,10954.4393,0.0
train,inline,4,384,25,8395.4726,25.0012,22.6641,51.8782,4.8877,3.689,0.9962,50.0,6873.1229,1.3543
train,inline,3,896,45,10675.0967,45.0028,31.4123,29.9356,0.0727,0.0727,0.7327,50.0,9780.1504,6367.5578
train,inline,4,512,65,12816.842,65.0001,24.8278,34.1361,4.5271,3.4144,0.4635,50.0,12647.9655,0.0
train,inline,1,256,45,10810.052,44.919,75.4168,63.1647,0.2853,0.0967,0.7327,50.0,10706.7204,1.5763
train,inline,4,256,35,9438.9476,34.9944,23.9795,68.4805,0.0648,0.0648,0.866,50.0,7122.6569,2.0546
train,inline,1,1024,45,10676.0025,44.916,75.5474,26.9916,0.5105,0.0916,0.7345,50.0,12249.8073,0.0
train,inline,1,1024,25,8507.3556,24.8762,74.0667,26.8746,0.0644,0.0644,0.9992,50.0,8553.1333,0.0
train,inline,3,1024,45,10705.2392,45.0104,32.4372,27.4467,0.0797,0.0749,0.7327,50.0,12014.3635,8495.922
train,inline,4,896,45,10600.6793,44.9923,22.853,31.5265,1.8396,1.3952,0.7312,50.0,9126.2047,1.7279
train,inline,4,896,95,16071.1642,95.0309,30.3469,30.212,0.1935,0.1377,0.0665,50.0,15698.0319,0.0
train,inline,4,768,30,8971.9411,29.9984,22.0719,32.8382,4.5768,3.4546,0.9294,50.0,8645.0858,1.4139
train,inline,3,640,99999,18956.8183,126.8838,43.4468,32.4498,0.0614,0.0033,0.0,50.0,17634.9963,9987.9075
train,inline,2,384,75,13887.7884,74.9481,50.2677,48.6404,0.1909,0.1909,0.3331,50.0,11084.5712,0.0
train,inline,3,896,25,8504.2694,24.9832,28.9988,29.5227,0.0933,0.0959,0.9992,50.0,7473.0289,5957.7643
train,inline,4,256,75,13862.9146,74.9718,27.9977,67.6389,0.0315,0.0315,0.3331,50.0,13860.9923,0.0
train,inline,4,768,65,12796.3995,65.0026,25.9691,31.9036,2.3,1.7329,0.4647,50.0,14720.8663,0.0
train,inline,1,384,90,15561.3264,89.8539,81.5739,48.7866,0.7162,0.0924,0.1332,50.0,13378.8541,4.3399
train,inline,3,640,45,10613.2192,44.9741,31.1788,33.6974,0.0706,0.0706,0.7327,50.0,8665.8683,2120.2216
train,inline,3,256,85,14970.6586,84.9647,42.286,65.3116,0.0351,0.0282,0.1998,50.0,20336.3852,0.0
train,inline,3,384,25,8426.5678,24.9987,31.0346,52.4435,0.0965,0.0931,0.9992,50.0,6812.4812,0.0
train,inline,1,640,85,15049.5587,85.0616,78.1521,30.9037,0.8626,0.1158,0.2012,50.0,14859.6605,0.0
train,inline,2,512,70,13367.202,69.9893,49.6177,31.1074,0.0747,0.0483,0.3997,50.0,11030.5058,0.0
train,inline,1,256,70,13430.7801,69.7759,80.6325,64.2406,0.5186,0.0932,0.3997,50.0,12234.4483,1.5611
train,inline,1,512,40,10313.1096,40.0842,64.1311,30.5954,0.3427,0.2115,0.7994,48.0,10444.5314,0.0
train,inline,2,896,25,8455.8584,24.9809,34.7904,29.7332,0.3796,0.3801,0.9992,50.0,10146.9177,3.0267
train,inline,1,640,100,16643.9933,100.0735,81.384,31.4163,1.0254,0.0941,0.0016,50.0,16298.0379,0.0
train,inline,2,256,100,16602.4663,99.8438,51.9345,66.276,0.0105,0.0105,0.0,50.0,11146.9923,1.4221
train,inline,4,768,90,15527.4296,90.0032,28.9568,31.1713,0.6724,0.5032,0.1328,50.0,16424.259,0.0
train,inline,4,640,70,13354.1637,69.9888,26.5544,32.9212,2.9397,2.2083,0.3978,50.0,12152.8026,4.7312
train,inline,2,896,30,9005.5533,30.0144,36.904,30.0345,0.3623,0.3557,0.9326,50.0,11375.6949,0.0
train,inline,2,512,30,9017.6984,30.0077,37.2704,32.0833,0.0991,0.0962,0.9326,49.0,11592.2334,1.8047
train,inline,2,1024,55,11723.6395,54.9981,46.3501,28.2498,0.3198,0.2886,0.5995,50.0,14986.7433,3.2614
train,inline,1,384,30,9247.4498,30.046,67.4652,46.2363,0.2152,0.1674,0.9326,49.0,9891.0191,2.095
train,inline,2,512,25,8474.2719,25.0086,35.6389,32.3345,0.1018,0.1022,0.9992,49.0,12146.0319,0.1376
train,inline,1,256,25,8722.3445,25.0387,72.146,63.3725,0.1072,0.1,0.9992,50.0,6067.9669,5.9247
train,inline,4,640,35,9533.8182,35.0044,21.6346,33.9041,6.3183,4.7699,0.8619,50.0,9270.0794,0.0
train,inline,2,640,30,9014.5542,30.009,36.4188,31.4989,0.1825,0.1825,0.9326,49.0,11240.2967,0.0
test,inline,3,1024,99999,18989.4222,126.9821,43.0444,30.5073,0.0851,0.0047,0.0,50.0,18953.3556,10007.7778
train,inline,2,512,55,11737.5202,54.9993,44.372,31.1799,0.0855,0.0663,0.5995,49.0,12731.8591,2.3225
train,inline,2,768,100,16626.5981,99.9768,61.9507,28.8608,0.0678,0.0122,0.0,50.0,14292.157,2.3981
train,inline,4,384,55,11688.1023,54.985,24.7516,51.1771,2.9305,2.2175,0.5978,50.0,10687.4825,0.0
train,inline,2,384,75,13884.9435,74.9174,50.165,48.3928,0.1909,0.1909,0.3331,50.0,9076.7614,3.0823
train,inline,4,256,85,14969.5795,84.9759,30.5808,67.5663,0.0348,0.024,0.1998,50.0,15197.1648,0.0
train,inline,2,768,85,14997.1464,84.9931,56.4176,29.5064,0.1168,0.0676,0.1998,50.0,13128.9491,0.0
train,inline,1,896,65,12871.4362,64.9682,77.6814,28.1843,0.8725,0.1285,0.4689,50.0,12290.4085,4.6446
train,inline,1,640,75,13988.6261,75.0355,75.9339,30.7594,0.7561,0.1304,0.3342,50.0,12032.2806,3.7272
train,inline,1,1024,80,14469.4546,79.9734,80.1336,27.0059,1.3143,0.1405,0.2713,50.0,16352.7652,0.0
train,inline,4,768,60,12248.7137,59.9982,24.1757,31.967,2.6102,1.9783,0.5311,50.0,11927.6995,0.0
train,inline,4,640,35,9533.6289,35.0036,22.2262,33.889,6.3255,4.7701,0.8619,50.0,10829.7085,0.0
train,inline,1,640,75,13988.5033,75.0667,76.3089,30.7389,0.76,0.1305,0.3342,50.0,14458.6538,0.0
train,inline,2,384,70,13341.6537,69.9545,48.4276,48.6885,0.2264,0.2264,0.3997,50.0,9626.7025,0.0
train,inline,4,896,95,16065.7027,95.0037,30.1878,29.4258,0.1913,0.1375,0.0665,50.0,17303.2581,2.8285
train,inline,3,1024,95,16094.667,95.0132,40.2409,28.9791,0.0191,0.0168,0.0666,50.0,16572.5529,9864.0246
train,inline,1,768,70,13432.4781,70.0223,76.3969,29.0628,0.8335,0.134,0.4017,50.0,14844.4037,0.6197
train,inline,4,768,75,13889.6383,75.008,27.1759,31.5432,1.6512,1.2413,0.3319,50.0,14213.0368,0.0
train,inline,3,640,70,13351.0104,69.9834,34.1531,32.4237,0.0432,0.0432,0.3997,50.0,13380.753,2293.8767
train,inline,1,1024,30,9041.7877,29.8585,74.501,27.0194,0.1729,0.0712,0.933,50.0,8964.0168,0.7058
train,inline,3,896,45,10675.8572,45.0009,31.2819,29.9154,0.0728,0.0728,0.7327,50.0,10335.2344,6367.1149
train,inline,2,384,70,13338.9725,69.9411,49.2163,48.4589,0.2265,0.2265,0.3997,50.0,9899.5295,0.0
train,inline,3,768,35,9561.1784,35.0118,30.3746,32.4476,0.0903,0.0834,0.866,50.0,8231.2137,4102.6858
train,inline,3,896,80,14467.7565,80.0059,36.5774,29.8792,0.0335,0.0335,0.2665,50.0,13943.9138,7084.3115
train,inline,2,896,85,14993.7591,84.9749,58.0279,28.831,0.1382,0.0859,0.1998,50.0,13180.5732,4.271
train,inline,4,384,55,11691.6681,55.0046,25.0659,51.4612,2.9375,2.2179,0.5978,50.0,10527.0791,0.0
train,inline,2,384,70,13339.0654,69.9378,49.0047,48.4778,0.2264,0.2264,0.3997,50.0,12333.2261,0.0
train,inline,2,1024,99999,18960.2015,126.9278,57.5177,27.2045,0.0265,0.0023,0.0,50.0,18743.7091,10013.0393
train,inline,1,640,85,15048.1953,85.053,78.4051,30.821,0.8642,0.1157,0.2012,50.0,17110.242,0.0
train,inline,3,256,80,14429.0484,79.9663,40.2058,65.6147,0.0332,0.0332,0.2665,50.0,17757.5575,0.0
train,inline,3,1024,95,16097.2035,95.0188,40.0649,29.0834,0.0242,0.0172,0.0666,50.0,15684.9535,9860.6797
train,inline,3,384,75,13883.8404,74.9696,38.3936,49.5792,0.0436,0.0386,0.3331,50.0,15160.3815,0.0
train,inline,3,896,35,9592.2382,34.9851,30.7191,29.8533,0.0883,0.0848,0.866,50.0,7862.9026,6167.3398
train,inline,4,896,25,8411.3669,25.001,20.2804,31.718,2.5039,1.8984,0.997,50.0,9827.8127,1.2475
train,inline,1,384,70,13449.823,69.9087,76.5969,47.488,0.5403,0.117,0.3997,50.0,12397.0028,0.0
train,inline,3,768,40,10106.3662,40.0186,31.2613,32.3884,0.0878,0.0781,0.7994,50.0,8537.8326,4168.4364
train,inline,2,768,90,15534.5591,89.9615,57.9605,28.8903,0.0932,0.0488,0.1332,50.0,13306.4863,0.6545
train,inline,3,384,75,13884.0735,74.9683,37.5222,49.6147,0.0382,0.0382,0.3331,50.0,15100.8246,0.0
train,inline,3,384,99999,18960.2051,126.904,44.782,48.8964,0.0743,0.0033,0.0,50.0,16700.4159,10002.5829
train,inline,4,512,95,16082.9194,94.986,27.9203,33.049,0.6594,0.4973,0.0662,50.0,15946.6274,0.0
train,inline,3,512,50,11138.6947,49.9889,31.9385,35.8219,0.0689,0.0641,0.6661,50.0,8974.0692,0.0
train,inline,1,896,25,8563.273,24.9297,70.8451,27.6069,0.1111,0.1102,0.9992,50.0,9363.2122,0.0
train,inline,2,640,95,16085.2667,94.9687,58.1418,29.8362,0.0682,0.0244,0.0666,50.0,11642.9221,0.5274
train,inline,3,896,85,15007.5863,85.0,37.6629,29.7752,0.0277,0.0277,0.1998,50.0,14569.1741,7190.5274
train,inline,4,512,30,9004.8242,30.0182,23.3698,35.1988,9.0655,6.8191,0.9271,50.0,8753.5046,0.0
train,inline,1,640,70,13457.3934,70.0329,75.1744,30.5326,0.7067,0.1378,0.4007,49.0,11794.1487,5.6086
train,inline,3,1024,90,15559.2294,90.0293,39.1095,29.0815,0.0282,0.023,0.1332,50.0,15149.9133,9719.1038
train,inline,3,512,40,10041.4122,39.9925,30.0775,36.6278,0.0798,0.0747,0.7994,50.0,7740.9898,0.0
train,inline,4,1024,100,16604.0302,99.995,31.5796,28.2672,0.0205,0.0115,0.0,50.0,16376.5172,0.0
train,inline,2,896,80,14442.8096,79.9601,55.2701,28.3265,0.1508,0.1102,0.2665,50.0,13927.8748,0.5942
validation,inline,2,1024,99999,18953.2,126.8708,62.6444,26.821,0.1388,0.0057,0.0,50.0,25290.8667,10024.9556
train,inline,4,256,99999,19000.8185,126.8117,35.723,67.9821,0.0405,0.0017,0.0,50.0,11115.395,4.26
train,inline,3,512,55,11686.9196,54.9716,32.4127,35.3292,0.0622,0.0586,0.5995,50.0,11743.9005,0.0
train,inline,3,640,30,8973.0642,29.9658,28.7682,34.5062,0.0867,0.0867,0.9326,50.0,6244.0428,2022.4692
train,inline,3,256,25,8457.5333,24.9864,34.0444,66.8073,0.0956,0.0956,0.9992,50.0,8457.6667,0.0
train,inline,4,640,45,10622.7234,44.9988,24.1447,33.4535,5.3596,4.0382,0.7293,50.0,10506.0093,0.8743
train,inline,1,512,25,8730.2602,25.0843,60.4946,30.0362,0.2419,0.2474,0.9992,48.0,9566.6377,0.0
train,inline,4,896,85,14971.6001,84.999,28.8174,29.9074,0.5191,0.3889,0.1994,50.0,15314.5792,1.0409
train,inline,2,640,45,10645.6232,45.0001,41.8483,30.8995,0.1607,0.1462,0.7327,49.0,12199.923,1.3974
train,inline,4,640,95,16080.8774,95.0077,28.8982,32.2466,0.5071,0.3775,0.0663,50.0,16475.5583,0.0
train,inline,2,384,70,13332.6504,69.9141,48.8069,47.9543,0.2263,0.2263,0.3997,50.0,10188.5162,0.3598
train,inline,2,640,55,11734.3008,54.9995,45.167,30.7117,0.1448,0.122,0.5995,50.0,12246.0325,0.0
train,inline,1,768,75,13967.9963,75.0118,77.5912,29.379,0.9103,0.1317,0.3353,50.0,13698.7833,3.7007
train,inline,1,640,50,11333.022,50.0595,70.4004,29.9644,0.4855,0.1665,0.6667,49.0,11484.6049,0.0
train,inline,3,256,45,10627.8767,44.9815,37.1052,66.3691,0.0749,0.073,0.7327,50.0,13805.6623,0.0
train,inline,2,896,45,10638.8129,45.005,42.3835,29.654,0.3011,0.2821,0.7327,50.0,12205.4333,0.0
train,inline,2,1024,100,16628.0534,99.9759,63.3367,27.934,0.0698,0.0118,0.0,50.0,15777.0459,0.0
train,inline,4,896,50,11145.7534,50.0034,23.495,31.2521,1.671,1.2691,0.6647,50.0,12242.7835,0.0
train,inline,4,896,35,9504.4052,35.0024,21.2222,31.6793,2.1611,1.6463,0.8641,50.0,9218.356,0.0
train,inline,4,512,80,14452.225,79.9994,26.9665,33.7443,2.6024,1.9563,0.2649,50.0,14080.1715,0.0
train,inline,1,256,30,9240.1117,30.0223,72.9235,63.0307,0.1476,0.099,0.9326,50.0,8629.9538,0.0
train,inline,4,384,90,15531.5873,89.9689,29.4988,50.4253,0.6703,0.5018,0.1328,50.0,14968.535,3.6634
train,inline,3,256,90,15513.1371,89.9638,42.9902,64.9698,0.0307,0.0227,0.1332,50.0,21133.4167,1.8725
train,inline,2,512,99999,18930.9248,126.8022,62.4616,30.1639,0.0918,0.0038,0.0,50.0,18698.3978,0.0
train,inline,4,1024,55,11681.4026,54.9978,24.7943,30.0081,0.0733,0.0625,0.599,50.0,10905.7034,2.3269
train,inline,4,768,25,8424.6183,25.0025,21.7825,32.9255,4.9009,3.7004,0.9958,50.0,8390.2808,2.2198
train,inline,4,896,55,11695.8913,54.9827,25.0854,31.3209,1.5212,1.1443,0.5982,50.0,9156.1333,6.9187
train,inline,3,640,35,9523.4606,34.9894,29.9679,34.5818,0.0812,0.0812,0.866,50.0,7537.3704,2055.7658
train,inline,3,256,35,9540.8483,34.9877,36.0242,66.6184,0.084,0.084,0.866,50.0,9919.8833,1.3507
train,inline,2,512,60,12280.9792,59.9962,46.1591,31.0657,0.0848,0.0604,0.5329,49.0,13487.3052,2.3487
train,inline,2,1024,75,13903.4733,74.9908,54.4086,28.1231,0.214,0.1658,0.3331,50.0,15516.2341,0.8265
train,inline,3,512,99999,18948.1802,126.8713,42.8935,32.5549,0.052,0.0025,0.0,50.0,19841.9927,9986.1372
train,inline,2,512,80,14453.0422,79.9678,52.4805,30.6822,0.0679,0.0363,0.2665,50.0,10576.044,1.5552
train,inline,1,256,40,10290.6099,39.9645,74.6765,63.5163,0.2408,0.0974,0.7994,50.0,10845.4933,0.0
train,inline,4,384,50,11142.5644,50.0038,24.3588,51.5437,3.2601,2.463,0.6642,50.0,9913.4427,0.0
train,inline,3,896,60,12300.6461,60.0009,33.3811,29.8836,0.0558,0.0558,0.5329,50.0,11923.3172,6674.9944
train,inline,1,512,80,14531.425,80.0813,76.5934,31.7566,0.6365,0.1168,0.2665,49.0,14230.1767,2.7444
train,inline,3,512,55,11687.0533,54.9774,31.2347,35.3886,0.058,0.058,0.5995,50.0,10709.4956,0.0
train,inline,2,640,65,12820.4769,64.9912,48.5774,30.4833,0.1261,0.0977,0.4663,50.0,11662.123,0.0
train,inline,2,768,40,10098.1589,40.0042,40.2368,30.3014,0.2461,0.2325,0.7994,50.0,13238.0955,1.0649
train,inline,3,256,25,8460.6704,24.9689,34.7382,67.1322,0.1058,0.0962,0.9992,50.0,5807.7339,7.5387
test,inline,2,256,25,8544.0,25.0071,37.8111,64.4356,0.0701,0.0701,0.9992,50.0,5692.0667,0.0
train,inline,3,768,95,16087.6608,94.9766,39.457,30.4969,0.0235,0.0169,0.0666,50.0,16718.4999,4932.8972
train,inline,4,896,30,8958.1194,30.0006,21.0033,31.6115,2.3381,1.7726,0.9306,50.0,9987.8001,0.9348
train,inline,2,896,65,12813.0757,64.9839,49.8239,28.9456,0.2169,0.184,0.4663,50.0,13100.0836,0.0
train,inline,4,256,60,12204.2201,59.9752,26.8047,68.0815,0.047,0.0442,0.5329,50.0,13053.9334,0.0
train,inline,3,640,35,9526.2217,34.98,29.7929,34.6725,0.0871,0.0816,0.866,50.0,6700.741,2058.2369
train,inline,4,768,80,14433.4626,80.0032,28.4273,31.4733,1.3216,0.995,0.2655,50.0,13984.6154,2.2952
validation,inline,4,256,25,8429.8222,24.993,26.0889,67.4654,2.0357,2.0357,0.9992,50.0,11198.3111,0.0
train,inline,1,1024,85,15010.097,84.9541,81.633,26.9058,1.441,0.1482,0.2051,50.0,15281.9548,5.2288
train,inline,4,768,45,10607.4889,44.986,23.413,32.1092,3.5979,2.7167,0.7303,50.0,10462.6851,0.3525
train,inline,3,1024,60,12324.4215,59.9976,34.2486,28.3723,0.0574,0.0574,0.5329,50.0,10481.0147,8906.1363
train,inline,3,1024,55,11784.0838,55.0017,33.5458,28.1323,0.063,0.063,0.5995,50.0,10752.5004,8767.6121
train,inline,4,896,75,13882.3627,75.0204,27.5444,30.3248,0.8574,0.6409,0.3323,50.0,15058.1153,0.0
train,inline,1,256,85,15000.6007,84.6697,82.4271,64.4262,0.6549,0.0911,0.1998,50.0,13525.153,0.0
train,inline,3,896,45,10676.4997,44.9922,32.2306,29.9234,0.0778,0.0735,0.7327,50.0,10116.3626,6371.6505
train,inline,1,640,75,13986.9324,75.0559,76.1364,30.5899,0.7561,0.1303,0.3342,50.0,14109.1561,0.0
train,inline,3,384,50,11157.5425,49.9975,34.6278,51.1951,0.0729,0.0661,0.6661,50.0,10787.1021,0.0
train,inline,4,384,65,12786.7172,64.9783,27.0891,51.0907,2.2921,1.7276,0.4649,50.0,11174.7519,3.2775
train,inline,2,256,50,11111.1682,49.9133,46.8891,65.1338,0.6675,0.6675,0.6661,50.0,7077.6286,0.0
train,inline,3,896,25,8510.9804,24.9895,29.3267,30.0566,0.1018,0.0962,0.9992,50.0,7510.3823,5961.8191
train,inline,1,384,85,15033.7474,84.886,79.4042,48.5506,0.6595,0.0977,0.1998,50.0,15387.4252,0.0
train,inline,4,256,85,14967.1976,84.9599,29.7165,67.6847,0.0231,0.0231,0.1998,50.0,15156.1643,0.0
train,inline,2,640,50,11190.6371,50.0036,43.6119,31.0188,0.1536,0.1341,0.6661,50.0,12320.2411,0.0
train,inline,1,896,95,16101.5983,95.02,80.4471,28.5622,1.4172,0.1408,0.0712,50.0,17095.4568,0.0
train,inline,2,896,90,15537.9779,89.9648,59.3343,28.5746,0.1182,0.0615,0.1332,50.0,13621.69,2.9553
train,inline,2,256,45,10564.1099,44.8916,45.5291,65.0595,0.7334,0.7334,0.7327,50.0,5564.3333,3.71
train,inline,1,384,95,16084.9008,94.8525,82.0955,48.7995,0.7467,0.0854,0.0666,50.0,16014.4901,0.0
train,inline,4,1024,40,10035.3331,39.9895,21.963,30.1567,0.0833,0.0792,0.7986,50.0,10109.7062,0.1292
train,inline,1,512,30,9252.3266,30.0638,62.2177,29.648,0.2802,0.2358,0.9326,48.0,9339.1606,1.2179
train,inline,3,1024,90,15557.7931,90.0196,39.2468,28.8525,0.0294,0.023,0.1332,50.0,15702.3912,9724.3092
train,inline,2,768,35,9556.246,35.0215,38.7892,30.7835,0.265,0.2512,0.866,50.0,11354.1847,0.0
train,inline,4,768,25,8423.8826,25.0025,22.0117,32.9785,4.8994,3.7003,0.9958,50.0,8085.9854,2.3253
train,inline,4,640,75,13892.3073,74.9832,26.7183,32.3019,2.4439,1.8417,0.3315,50.0,13610.4865,0.0
train,inline,2,384,30,8962.5521,29.9497,40.2952,48.0051,0.5131,0.5131,0.9326,50.0,8752.0193,0.1125
train,inline,2,512,95,16086.2139,94.9735,55.7756,30.5507,0.0429,0.0175,0.0666,50.0,10445.429,0.0
train,inline,2,384,35,9510.2873,34.9517,41.3399,47.9438,0.4774,0.4774,0.866,50.0,9370.8908,1.4102
train,inline,2,768,25,8460.7444,24.9918,34.8499,30.4683,0.2841,0.2873,0.9992,50.0,11125.5212,0.4046
train,inline,4,768,35,9513.5861,34.9824,22.2268,32.2898,4.2488,3.2086,0.863,50.0,9210.0183,0.0
train,inline,2,896,99999,18950.6931,126.8822,59.6497,27.9278,0.0431,0.0025,0.0,50.0,17795.3036,7517.1824
train,inline,1,640,65,12924.0614,65.0348,73.8144,30.2752,0.6463,0.1447,0.4672,49.0,11990.439,2.5894
train,inline,4,512,50,11177.6225,49.9837,24.4442,34.139,6.4721,4.8735,0.6622,50.0,11325.4868,0.2378
train,inline,1,640,80,14518.5464,80.0609,77.1565,30.3804,0.8143,0.1232,0.2677,50.0,15968.3291,1.3093
train,inline,4,384,60,12239.6158,59.9978,26.0433,50.9157,2.6208,1.973,0.5313,50.0,12729.746,0.1515
train,inline,2,256,35,9459.6521,34.9129,45.0674,64.4297,0.8642,0.8642,0.866,50.0,6088.0746,1.7231
train,inline,2,640,75,13903.481,74.9639,51.6435,29.8554,0.1017,0.073,0.3331,50.0,11879.8694,0.4792
train,inline,1,768,95,16105.2626,95.0187,81.5417,29.6952,1.2083,0.1218,0.0697,50.0,15547.2646,3.8938
train,inline,1,640,40,10271.6763,40.0526,68.2327,29.886,0.3774,0.181,0.7997,49.0,9368.7575,0.0
train,inline,4,896,25,8413.7396,25.0168,20.6275,32.1105,2.5084,1.8988,0.997,50.0,8073.588,0.0
train,inline,3,1024,30,9088.7221,30.0005,30.4036,27.253,0.0986,0.0923,0.9326,50.0,9194.0597,8086.2524
train,inline,2,384,65,12790.9297,64.935,47.8723,48.3188,0.2622,0.2622,0.4663,50.0,11121.8222,0.0
train,inline,2,896,45,10640.0215,44.9864,42.7666,29.7993,0.3053,0.2824,0.7327,50.0,10543.5149,5.1853
train,inline,4,256,70,13309.4539,69.9692,28.2157,67.7898,0.0399,0.036,0.3997,50.0,13836.3521,0.1171
train,inline,1,640,95,16110.6194,95.058,79.9516,31.1143,0.9639,0.1009,0.0682,50.0,15938.8103,0.0
train,inline,4,512,50,11178.7794,49.9876,24.4671,34.2183,6.4729,4.8736,0.6622,50.0,11221.3183,0.2121
train,inline,3,640,30,8980.4114,29.9839,28.1783,35.125,0.0865,0.0865,0.9326,50.0,5564.3333,2021.1716
train,inline,4,512,80,14446.0669,79.9838,27.112,33.3718,2.5946,1.9559,0.2649,50.0,14179.1035,1.3295
train,inline,1,768,65,12897.3921,64.9963,75.6525,29.1811,0.7599,0.1367,0.4681,50.0,11949.6574,3.9517
train,inline,1,1024,55,11753.1822,54.9085,77.6236,26.3631,0.7464,0.106,0.6022,50.0,12565.3859,0.0
train,inline,1,896,55,11793.3984,54.9676,75.6436,27.9653,0.6787,0.1236,0.6015,50.0,14683.4985,0.0
train,inline,2,896,80,14450.5485,79.9918,55.395,28.5884,0.1608,0.1106,0.2665,50.0,15399.4854,1.2854
train,inline,2,384,90,15525.8836,89.9253,53.0871,48.5427,0.083,0.083,0.1332,50.0,11389.2669,0.0
train,inline,2,640,25,8471.8253,24.9971,35.4004,31.6947,0.2004,0.1952,0.9992,49.0,10004.7016,3.5647
train,inline,2,1024,50,11175.3719,49.9871,44.4793,28.5046,0.3407,0.3192,0.6661,50.0,12777.6042,0.0
train,inline,1,896,30,9100.8128,29.9197,71.7414,27.5929,0.2076,0.1127,0.9329,50.0,8172.422,2.9091
train,inline,4,1024,45,10585.8475,45.0021,22.6939,30.2762,0.0788,0.0734,0.7321,50.0,11898.8605,0.0
train,inline,1,512,99999,18979.1258,127.025,89.8837,29.8017,1.3958,0.1178,0.0,50.0,17489.7,1.508
train,inline,1,640,55,11856.1082,55.0244,70.4786,29.6371,0.5201,0.1583,0.6002,49.0,11487.1695,0.0
train,inline,2,768,70,13364.3861,69.977,51.1387,29.8652,0.1612,0.1226,0.3997,50.0,12168.5348,3.1406
train,inline,2,896,95,16083.8334,94.9844,60.6336,28.5997,0.0908,0.0366,0.0666,50.0,14756.494,0.0
train,inline,4,1024,70,13324.7424,70.0131,27.029,29.4494,0.0597,0.0457,0.3993,50.0,13781.6478,0.0
train,inline,4,896,60,12240.1871,60.019,26.009,31.0801,1.349,1.0181,0.5318,50.0,11854.0204,0.0
train,inline,2,384,30,8965.14,29.9594,40.3802,48.2223,0.5131,0.5131,0.9326,50.0,9816.0804,0.0
train,inline,4,256,95,16069.8045,94.9433,31.8525,67.2821,0.0175,0.0151,0.0666,50.0,16960.8742,0.0
train,inline,3,768,85,14998.4493,84.9876,37.016,30.7955,0.0272,0.0272,0.1998,50.0,14382.2886,4792.1301
train,inline,1,512,70,13480.23,70.0765,73.563,31.7101,0.5732,0.1412,0.3997,49.0,11827.6385,0.0345
train,inline,3,256,50,11174.2523,49.9836,37.8088,66.423,0.078,0.068,0.6661,50.0,12051.9563,0.0
train,inline,2,896,60,12272.806,60.0014,47.7846,28.854,0.2435,0.2086,0.5329,50.0,15155.5674,3.915
train,inline,2,384,100,16617.0512,99.9115,55.3621,48.4276,0.033,0.0113,0.0,50.0,12055.8701,0.0
train,inline,2,896,75,13902.3401,74.9891,54.4307,28.9412,0.1731,0.1346,0.3331,50.0,13601.9511,2.2426
train,inline,3,640,50,11164.1451,49.976,32.6708,33.8547,0.0694,0.0653,0.6661,50.0,8391.9522,2162.0435
train,inline,2,512,35,9562.9262,35.0074,37.3969,32.0712,0.0897,0.0897,0.866,49.0,11413.3581,0.0
train,inline,3,640,75,13898.4364,74.9629,36.1177,32.3646,0.0475,0.0386,0.3331,50.0,11945.0039,2333.3847
train,inline,4,384,99999,18965.0577,126.8408,35.1444,50.2702,0.0316,0.0016,0.0,50.0,15647.4732,0.2604
train,inline,2,768,25,8467.3368,25.0184,35.1964,30.9765,0.2931,0.2878,0.9992,50.0,10879.9775,0.0
train,inline,2,1024,60,12269.5905,59.9998,48.0176,28.3786,0.2888,0.2577,0.5329,50.0,14836.1973,0.9732
train,inline,2,768,60,12275.4901,59.9899,46.626,30.1015,0.1775,0.1587,0.5329,50.0,11756.9397,0.0
train,inline,3,1024,80,14480.3397,80.0148,37.922,28.7579,0.0424,0.0347,0.2665,50.0,13747.2971,9450.343
train,inline,2,512,50,11196.9573,49.9718,43.6792,31.9537,0.099,0.073,0.6661,49.0,8267.5464,8.1235
train,inline,2,256,95,16060.282,94.8745,51.6038,66.801,0.0762,0.0762,0.0666,50.0,13057.6295,0.0
train,inline,4,512,35,9550.4162,35.0071,23.7579,35.1066,8.4217,6.333,0.8609,50.0,8568.3078,0.0
train,inline,4,896,55,11688.4943,54.9903,24.443,30.4924,1.51,1.1436,0.5982,50.0,12510.2576,2.366
train,inline,2,896,99999,18951.5444,126.8876,58.8433,27.875,0.0427,0.0024,0.0,50.0,21222.6817,7511.7253
train,inline,3,640,100,16627.0479,99.9585,39.7447,30.6832,0.0136,0.0112,0.0,50.0,17023.7104,2500.0245
train,inline,2,512,25,8468.5527,24.9869,35.4088,31.8746,0.0972,0.1021,0.9992,49.0,11011.9694,1.0133
train,inline,4,896,99999,18972.3621,126.9321,33.1724,30.0873,0.0435,0.0031,0.0,50.0,19086.6381,7495.2328
train,inline,2,384,95,16073.1313,94.9148,54.828,48.6678,0.0475,0.0475,0.0666,50.0,9731.8487,3.7325
train,inline,4,896,25,8411.0254,25.0007,20.3593,31.7021,2.5032,1.8984,0.997,50.0,9147.1904,1.7912
train,inline,4,768,25,8427.473,25.0056,20.9955,32.6354,4.9074,3.7007,0.9958,50.0,9998.084,3.0559
train,inline,2,256,50,11114.5633,49.9082,46.5679,65.2726,0.668,0.668,0.6661,50.0,6318.0399,0.0
train,inline,3,256,30,8998.77,29.9879,35.3278,66.726,0.0898,0.0898,0.9326,50.0,9726.0281,1.1601
train,inline,4,640,65,12799.8937,64.977,25.6257,32.4039,3.4138,2.5738,0.4641,50.0,12823.0877,1.1222
train,inline,4,384,90,15530.694,89.9726,28.9107,50.5245,0.6602,0.5013,0.1328,50.0,14879.711,0.0
train,inline,4,512,65,12817.1903,65.0026,24.4008,34.2135,4.5221,3.4141,0.4635,50.0,13071.8999,0.0
train,inline,1,256,80,14480.751,79.7236,82.5777,64.6981,0.6146,0.092,0.2665,50.0,13138.1777,0.6897
train,inline,2,640,30,9013.5749,30.005,36.7539,31.2087,0.1876,0.1828,0.9326,49.0,12086.4122,1.4856
train,inline,4,384,80,14429.1692,79.9668,28.2546,50.4168,1.3119,0.9918,0.2657,50.0,13939.4694,0.5048
train,inline,3,384,80,14428.9279,79.9619,39.0345,49.2503,0.0369,0.033,0.2665,50.0,16806.1306,0.0
train,inline,2,640,30,9012.8207,30.0076,36.9724,31.4616,0.1824,0.1824,0.9326,49.0,11158.3815,0.1658
train,inline,4,256,90,15515.722,89.9533,32.0032,67.4351,0.0191,0.0191,0.1332,50.0,14819.8885,2.346
train,inline,4,640,75,13896.7795,75.0007,26.782,32.6996,2.4427,1.8415,0.3315,50.0,13767.4842,0.0
train,inline,3,512,90,15527.8582,89.95,38.7394,32.3311,0.0257,0.0218,0.1332,50.0,14108.0317,3.9776
train,inline,1,768,40,10225.0992,40.0059,70.3678,28.8473,0.3816,0.1488,0.8,49.0,10137.7512,0.0
train,inline,4,896,85,14974.2789,85.0117,28.9588,29.9712,0.5226,0.389,0.1994,50.0,16029.7613,2.3781
train,inline,1,512,60,12424.367,60.0893,70.7177,31.2963,0.4997,0.1648,0.5329,49.0,11828.2725,0.0
train,inline,4,512,30,9001.9347,29.998,23.7421,35.0891,9.0606,6.8187,0.9271,50.0,8100.9584,3.4691
train,inline,1,896,35,9640.8233,34.9476,71.8228,27.8098,0.2935,0.1145,0.8666,50.0,9688.1884,0.0
train,inline,1,768,90,15573.6752,90.0144,80.7745,29.8487,1.1388,0.1246,0.1361,50.0,14101.499,6.2441
train,inline,4,512,25,8459.1419,25.0114,22.8087,35.2546,9.7056,7.305,0.9933,50.0,8873.923,0.0
train,inline,2,384,40,10059.4512,39.9496,42.6449,48.3544,0.4416,0.4416,0.7994,50.0,9759.5651,0.8544
train,inline,4,384,70,13335.9118,69.9866,27.0605,50.6367,1.9681,1.4824,0.3985,50.0,13969.0888,2.2304
train,inline,3,384,55,11698.4538,54.9794,36.0167,50.6891,0.0607,0.0601,0.5995,50.0,11663.4602,0.911
train,inline,2,768,95,16082.4869,94.9722,59.6696,28.881,0.0831,0.0306,0.0666,50.0,14205.5778,1.2076
train,inline,3,768,45,10640.1013,44.9723,31.743,31.499,0.0717,0.0717,0.7327,50.0,9261.5436,4247.8226
train,inline,4,896,35,9506.6376,35.0122,21.9721,31.7711,2.176,1.647,0.8641,50.0,10061.539,0.0
train,inline,4,640,45,10625.5953,45.009,23.4324,33.6408,5.3578,4.0382,0.7293,50.0,10407.3461,0.0
train,inline,2,896,99999,18952.0794,126.8819,58.8911,27.8706,0.0441,0.0026,0.0,50.0,18968.4332,7514.0925
train,inline,4,768,35,9520.248,35.0083,21.9873,32.8152,4.2495,3.2086,0.863,50.0,9300.1399,0.0
train,inline,3,256,25,8458.5759,24.9934,33.3968,66.9484,0.0886,0.0953,0.9992,50.0,8231.3488,0.0
train,inline,2,256,25,8362.2469,24.9197,42.6633,64.1419,0.0,0.9954,0.9992,50.0,6910.8576,0.0
train,inline,1,384,75,13985.398,74.8953,78.0299,48.4232,0.5927,0.1113,0.3331,50.0,10606.2942,5.9575
train,inline,1,384,65,12931.2258,64.9507,73.8862,47.9753,0.4833,0.1224,0.4663,50.0,11885.8176,0.0
train,inline,2,1024,80,14448.447,79.9901,54.9559,28.3204,0.1681,0.1342,0.2665,50.0,14857.0096,0.0
train,inline,4,768,25,8425.7289,25.0009,21.4233,33.0077,4.9023,3.7004,0.9958,50.0,9808.8649,0.0
train,inline,2,384,90,15527.0227,89.9329,53.2141,48.3049,0.0833,0.0833,0.1332,50.0,11902.9832,1.2274
train,inline,1,384,80,14504.2144,79.8897,79.1845,48.0769,0.6236,0.1044,0.2665,50.0,13440.5445,0.9226
train,inline,4,1024,80,14417.1991,80.0121,29.3211,29.2497,0.0447,0.0341,0.2662,50.0,14548.8393,1.4868
train,inline,2,256,50,11113.351,49.8946,45.6219,65.2258,0.6673,0.6673,0.6661,50.0,6035.5403,0.7384
train,inline,1,896,55,11791.1935,54.969,76.3208,27.9161,0.6752,0.1235,0.6015,50.0,12282.2638,1.8553
train,inline,2,384,80,14431.7977,79.929,51.4903,48.4966,0.1548,0.1548,0.2665,50.0,9952.609,1.7342
train,inline,3,256,50,11173.6144,49.9927,37.648,66.2499,0.0764,0.0679,0.6661,50.0,13297.4649,0.0
train,inline,3,512,90,15523.6471,89.9379,37.8384,31.854,0.0222,0.0218,0.1332,50.0,14855.063,0.0
train,inline,1,384,95,16087.225,94.8366,82.7253,48.9445,0.7578,0.0862,0.0666,50.0,13150.228,5.0554
train,inline,3,1024,30,9089.9972,30.0228,30.6424,27.6218,0.0998,0.0925,0.9326,50.0,9325.4835,8074.5593
train,inline,3,256,65,12802.8835,64.9529,39.7843,66.0851,0.0627,0.0512,0.4663,50.0,13334.5815,6.0428
train,inline,1,640,45,10799.3587,45.0407,68.7926,29.5585,0.423,0.1732,0.7332,49.0,11466.1956,0.9097
train,inline,1,1024,35,9592.598,34.9051,75.5851,26.9422,0.2965,0.0785,0.8669,50.0,9784.413,0.0
train,inline,3,896,99999,18960.7215,126.9195,42.479,30.8952,0.0426,0.0027,0.0,50.0,18710.5127,9986.171
train,inline,3,384,40,10062.9331,39.9824,32.6558,51.5345,0.0763,0.0763,0.7994,50.0,10153.4615,0.0
train,inline,2,512,55,11735.8154,54.9934,44.5946,31.5018,0.0785,0.066,0.5995,49.0,11065.724,0.0
train,inline,3,384,95,16065.1377,94.9565,41.6894,48.4151,0.0199,0.0166,0.0666,50.0,18744.1582,1.1875
train,inline,2,384,99999,18942.3019,126.9047,64.1117,47.0966,0.0552,0.0025,0.0016,50.0,21837.3248,0.0
train,inline,4,640,45,10627.4145,44.9851,24.2142,33.6735,5.3712,4.0389,0.7293,50.0,8839.4833,6.5057
train,inline,4,256,60,12204.4458,59.98,25.4345,68.1914,0.0434,0.0434,0.5329,50.0,10366.4308,0.0
train,inline,1,384,80,14509.2876,79.8894,78.8678,48.428,0.6277,0.1047,0.2665,50.0,12363.7162,2.2059
train,inline,2,384,55,11701.1115,54.932,46.0518,48.5346,0.3344,0.3344,0.5995,50.0,8247.4848,4.4059
train,inline,4,1024,60,12225.976,60.0025,25.8431,29.7219,0.0634,0.0566,0.5324,50.0,11987.486,1.4453
train,inline,3,512,80,14425.4835,79.9408,35.5125,32.7301,0.0318,0.0318,0.2665,50.0,13311.1694,0.0
train,inline,1,512,30,9254.1959,30.0696,62.2957,29.8828,0.2808,0.2358,0.9326,48.0,9324.2156,0.1478
train,inline,4,384,95,16075.8215,94.9619,29.8364,50.0849,0.3377,0.2562,0.0664,50.0,15989.5387,0.4314
train,inline,3,640,45,10616.4221,44.9829,31.9501,34.0846,0.0716,0.0705,0.7327,50.0,8210.5361,2126.6616
train,inline,3,768,80,14454.9502,79.9869,36.3202,30.9264,0.0329,0.0329,0.2665,50.0,14547.2209,4723.6241
train,inline,3,1024,99999,18954.6154,126.8835,42.9232,29.2162,0.0537,0.0035,0.0,50.0,20526.473,9992.7287
train,inline,2,640,80,14447.1933,79.9561,53.3619,29.7208,0.0938,0.0609,0.2665,50.0,11537.7122,1.6112
train,inline,3,768,60,12281.7531,59.9845,34.3217,31.7171,0.0662,0.056,0.5329,50.0,9865.9443,4453.4146
train,inline,4,896,65,12786.7095,65.0067,25.9974,30.5885,1.1827,0.8921,0.4653,50.0,13797.1175,1.4045
train,inline,4,768,55,11704.4686,55.005,24.6779,31.9654,2.9529,2.225,0.5975,50.0,12509.9255,1.1743
train,inline,2,640,70,13367.8959,69.9796,50.4929,30.6285,0.1234,0.0858,0.3997,50.0,10376.5322,1.8977
train,inline,3,256,85,14972.2906,84.951,42.5024,65.4299,0.0401,0.0286,0.1998,50.0,18176.2838,3.8778
train,inline,4,512,99999,18928.4151,126.8399,33.5971,32.3805,0.0236,0.0016,0.0,50.0,19539.1827,0.0
train,inline,1,384,80,14508.0199,79.9012,78.4879,48.1986,0.6227,0.1043,0.2665,50.0,14049.2386,0.0
train,inline,1,896,75,13949.0584,74.984,78.9905,28.1358,1.0639,0.1331,0.3364,50.0,14503.9204,5.0633
train,inline,3,896,100,16628.4034,99.9846,40.5178,29.3919,0.0111,0.0111,0.0,50.0,16350.8633,7501.4081
train,inline,2,384,80,14433.5968,79.9212,51.5146,48.6075,0.1551,0.1551,0.2665,50.0,9045.7828,3.9662
train,inline,3,768,50,11190.7728,49.9922,31.7689,31.8213,0.0661,0.0661,0.6661,50.0,10267.1156,4313.0253
train,inline,3,896,95,16091.1003,94.9965,39.6076,29.6831,0.0203,0.0168,0.0666,50.0,16972.9989,7397.1119
train,inline,4,256,55,11644.7575,54.9529,25.8596,67.6042,0.0483,0.0483,0.5995,50.0,10044.7035,0.474
train,inline,3,640,90,15537.0286,89.9655,38.2855,31.294,0.0301,0.0223,0.1332,50.0,15319.8012,2434.948
train,inline,4,768,60,12250.9438,60.0,25.3567,31.911,2.6281,1.9791,0.5311,50.0,12413.2519,2.2175
train,inline,2,640,45,10645.1786,44.9987,41.8633,31.006,0.1604,0.1463,0.7327,49.0,11487.1553,0.0
train,inline,3,256,60,12250.7092,59.9523,38.7044,65.4737,0.0562,0.0562,0.5329,50.0,14593.717,0.0
train,inline,1,512,35,9783.7191,35.0796,64.5686,30.3785,0.3184,0.2239,0.866,48.0,8827.3048,3.3824
train,inline,3,768,75,13913.1309,75.0025,36.4943,31.1995,0.0475,0.0392,0.3331,50.0,13143.3583,4651.2134
train,inline,4,384,80,14431.3598,79.9796,28.5818,50.6663,1.312,0.9917,0.2657,50.0,13917.1655,0.7896
train,inline,3,256,70,13343.2757,69.9621,40.3493,65.7563,0.053,0.0453,0.3997,50.0,16342.9898,2.0235
train,inline,4,384,30,8941.5787,29.9893,23.0918,51.5647,4.5607,3.4438,0.9298,50.0,7421.7478,1.4502
train,inline,3,896,40,10134.8642,39.994,31.0956,29.935,0.0789,0.0789,0.7994,50.0,8810.3481,6267.8287
train,inline,1,768,40,10219.9219,39.9814,70.4573,28.4597,0.3789,0.1485,0.8,49.0,11679.1334,0.0
train,inline,1,1024,35,9593.3802,34.9138,75.8537,27.049,0.2988,0.0787,0.8669,50.0,9612.2049,0.0
train,inline,3,384,99999,18955.4414,126.8889,44.738,48.8716,0.0669,0.0029,0.0,50.0,16592.73,9999.1527
train,inline,4,896,85,14971.9139,84.9996,28.5968,30.0519,0.5151,0.3887,0.1994,50.0,14858.4382,0.0
train,inline,4,640,95,16079.278,95.0048,29.0263,31.9243,0.5056,0.3773,0.0663,50.0,17027.2042,2.9083
train,inline,1,256,50,11340.1834,49.9144,76.1311,63.9614,0.3319,0.0961,0.6661,50.0,10493.2324,0.0
train,inline,4,384,95,16082.2725,94.9762,30.3464,50.624,0.3496,0.2569,0.0664,50.0,14603.6854,0.0
train,inline,4,768,40,10067.2314,40.0137,22.7794,32.7338,3.9272,2.9628,0.7966,50.0,9789.8349,0.0
train,inline,1,1024,85,15014.2816,85.0013,81.3456,27.2438,1.4393,0.1481,0.2051,50.0,16833.4645,0.0
train,inline,4,384,99999,18968.0031,126.8285,35.1075,50.4066,0.04,0.0021,0.0,50.0,14447.49,3.3306
train,inline,3,896,25,8511.9959,25.0098,29.3833,30.1137,0.1034,0.0964,0.9992,50.0,7064.4566,5954.6269
train,inline,3,896,70,13382.4905,69.9994,35.8089,29.7806,0.0448,0.0448,0.3997,50.0,12860.3388,6883.5004
train,inline,1,896,45,10711.9701,44.945,74.4693,27.5819,0.4843,0.119,0.7341,50.0,10907.6533,1.6632
train,inline,4,256,80,14417.982,79.9855,30.0755,67.9786,0.0396,0.0283,0.2665,50.0,13325.3409,0.0
train,inline,3,640,95,16083.0213,94.9747,38.9867,30.709,0.0251,0.0168,0.0666,50.0,17775.6166,2469.7979
train,inline,4,640,70,13353.2549,70.0084,26.4386,32.919,2.9359,2.2081,0.3978,50.0,13224.7902,0.0
train,inline,2,1024,75,13905.7052,75.0058,54.7343,28.4894,0.2185,0.1662,0.3331,50.0,14545.0926,0.0
train,inline,4,896,65,12786.9107,65.0084,26.0163,30.5995,1.1835,0.8921,0.4653,50.0,14843.8729,1.1501
train,inline,4,512,50,11178.623,49.9794,24.5571,34.2146,6.4747,4.8737,0.6622,50.0,10430.3396,2.0707
train,inline,1,768,90,15574.9963,90.0078,80.9495,29.9618,1.1427,0.1248,0.1361,50.0,13177.862,8.7626
train,inline,2,1024,60,12266.182,59.9859,47.6287,28.4421,0.2785,0.2573,0.5329,50.0,13480.2568,0.0
train,inline,1,768,70,13432.0103,70.0192,75.4694,29.3218,0.8187,0.1333,0.4017,50.0,14001.5724,0.0
train,inline,2,1024,55,11723.9625,54.9908,46.9482,28.7604,0.3179,0.2886,0.5995,50.0,12550.2542,2.8834
train,inline,2,256,55,11663.0592,54.9111,46.992,65.3613,0.602,0.602,0.5995,50.0,8097.4114,0.0
train,inline,1,640,95,16110.0315,95.0582,80.8963,30.9141,0.9744,0.1014,0.0682,50.0,16616.0637,1.6649
train,inline,3,512,90,15528.8063,89.9587,36.8554,32.3676,0.0211,0.0211,0.1332,50.0,14810.3484,0.0
train,inline,3,640,100,16631.8549,99.9456,40.2194,31.0633,0.0248,0.0119,0.0,50.0,14233.5451,2506.6831
train,inline,2,896,50,11184.0453,49.9878,44.3551,29.6025,0.2829,0.2577,0.6661,50.0,11489.9333,3.059
train,inline,4,256,25,8339.2038,24.9846,21.4857,68.5995,0.0757,0.0736,0.9992,50.0,5564.3333,3.5335
train,inline,1,640,90,15580.772,90.0638,79.5102,31.0308,0.9201,0.1087,0.1347,50.0,15415.1056,0.0
train,inline,1,896,70,13408.267,69.9799,78.66,28.1847,0.9638,0.1305,0.4027,50.0,13390.9564,3.8749
train,inline,2,256,60,12211.7628,59.8999,46.8175,65.4827,0.5358,0.5358,0.5329,50.0,7977.0099,0.0
train,inline,3,256,45,10628.6592,44.9803,36.8293,66.3666,0.0759,0.073,0.7327,50.0,14179.0362,0.0
train,inline,3,640,35,9526.1747,34.9912,29.7828,34.7101,0.0862,0.0816,0.866,50.0,7109.1597,2053.5583
train,inline,3,256,95,16056.8873,94.9658,43.4952,64.6723,0.0289,0.0172,0.0666,50.0,23250.01,3.1404
train,inline,1,640,25,8672.1695,25.0234,64.2446,29.0211,0.2007,0.2018,0.9992,48.0,9532.163,0.0
train,inline,3,512,30,8941.5888,29.9881,28.006,37.429,0.0846,0.0846,0.9326,50.0,6135.6517,0.0
train,inline,4,384,55,11681.5079,54.9605,25.2855,50.6431,2.9337,2.2178,0.5978,50.0,10592.3905,0.7032
train,inline,1,896,35,9638.4801,34.9368,72.4027,27.6207,0.299,0.1146,0.8666,50.0,11263.0655,0.0
train,inline,2,896,99999,18947.4332,126.8717,58.6918,27.5107,0.0387,0.0024,0.0,50.0,18903.1848,7513.2789
train,inline,1,512,25,8730.8251,25.0879,59.8481,29.997,0.2357,0.2472,0.9992,48.0,8854.0212,0.0
train,inline,4,512,50,11183.636,50.0107,24.7353,34.6061,6.4798,4.8739,0.6622,50.0,11550.9994,0.0
train,inline,4,256,65,12757.112,64.9641,27.8968,68.0286,0.0451,0.0403,0.4663,50.0,10518.4898,3.1026
train,inline,1,256,30,9243.2935,30.0203,73.0946,63.2821,0.149,0.099,0.9326,50.0,8245.1253,2.2952
train,inline,3,384,40,10065.2362,39.9978,33.2743,51.6945,0.084,0.077,0.7994,50.0,9600.9945,0.0
train,inline,1,256,25,8714.4422,25.0412,71.509,62.7586,0.0925,0.0992,0.9992,50.0,8319.8574,0.0
train,inline,2,768,45,10641.1056,45.0,42.0519,30.3426,0.2247,0.2138,0.7327,50.0,11817.1248,0.0
train,inline,4,640,25,8440.8486,25.0031,22.059,34.0829,7.2989,5.5025,0.9945,50.0,8212.778,0.2533
train,inline,4,1024,65,12778.2506,64.9919,26.7158,29.8725,0.0687,0.0516,0.4659,50.0,10809.0317,5.676
train,inline,4,512,70,13359.9119,69.9955,26.9523,34.0032,3.8908,2.9285,0.3973,50.0,12496.0476,3.6332
train,inline,2,896,30,9003.6783,30.0067,36.9859,29.9333,0.3584,0.3554,0.9326,50.0,11428.4624,0.9034
train,inline,2,768,55,11732.4131,54.9842,45.8786,30.2562,0.2065,0.1778,0.5995,50.0,10836.5018,3.2406
train,inline,4,768,35,9516.2793,34.9923,22.428,32.5201,4.2495,3.2086,0.863,50.0,9370.446,0.6474
train,inline,3,896,80,14467.1035,80.0019,37.3007,29.5512,0.0396,0.0338,0.2665,50.0,16302.8913,7090.5911
train,inline,4,1024,85,14966.9572,85.0175,29.611,28.8143,0.0455,0.0287,0.1997,50.0,16279.5538,3.1851
train,inline,4,640,30,8989.7412,30.0145,22.4086,33.7365,6.8255,5.137,0.9282,50.0,10227.1534,0.0
train,inline,1,512,55,11893.8301,55.0768,69.0434,30.5623,0.4624,0.1765,0.5995,49.0,12763.3746,2.7494
train,inline,4,256,50,11100.4234,49.9854,25.2321,67.8923,0.0599,0.0529,0.6661,50.0,10649.1478,3.8398
train,inline,2,1024,45,10637.0483,44.9858,42.8712,29.1139,0.3764,0.3503,0.7327,50.0,11341.867,4.8783
train,inline,2,1024,70,13358.0092,69.9905,52.1104,28.4015,0.232,0.1961,0.3997,50.0,14348.6628,0.0
train,inline,1,512,60,12418.1678,60.064,70.5898,30.859,0.4918,0.1644,0.5329,49.0,11789.5331,0.7571
train,inline,1,1024,75,13929.1596,74.9568,79.6811,27.1396,1.2042,0.1338,0.3375,50.0,14470.9821,0.8298
train,inline,3,384,100,16612.8742,99.9546,41.1987,48.2093,0.0109,0.0109,0.0,50.0,19873.2437,0.0
train,inline,2,1024,30,8994.3037,29.9853,36.3998,28.7571,0.442,0.4418,0.9326,50.0,11407.2714,0.5366
train,inline,2,640,30,9014.5382,30.0092,35.877,31.5592,0.1821,0.1821,0.9326,49.0,11984.1064,0.0
train,inline,3,256,100,16602.1473,99.9398,44.7596,65.1797,0.0295,0.0121,0.0,50.0,19771.4466,5.7918
train,inline,1,640,50,11331.5546,50.0346,69.7313,29.9879,0.4745,0.1659,0.6667,49.0,10327.8717,0.516
train,inline,1,896,65,12870.615,64.9829,76.8344,27.8849,0.8656,0.1281,0.4689,50.0,14553.7669,0.4723
train,inline,3,512,90,15530.7403,89.9413,38.1744,32.3869,0.0312,0.0222,0.1332,50.0,13645.8023,4.1735
train,inline,3,768,40,10104.1894,39.9915,29.728,32.2935,0.0769,0.0769,0.7994,50.0,7919.2903,4175.9832
train,inline,2,768,80,14452.8469,79.9733,54.6404,29.535,0.1326,0.086,0.2665,50.0,12240.0852,4.0628
train,inline,4,1024,65,12777.5617,65.0149,25.4572,29.4172,0.0587,0.051,0.4659,50.0,14167.4095,0.938
train,inline,1,640,99999,18968.844,126.9657,89.6973,29.1433,1.179,0.0987,0.0,50.0,16069.887,2642.5788
train,inline,3,512,80,14430.3348,79.9693,37.0355,33.1935,0.0356,0.0323,0.2665,50.0,13346.9313,0.0
train,inline,4,512,85,14989.487,84.9727,27.0429,33.0408,1.9479,1.4696,0.1987,50.0,14762.9844,0.5764
train,inline,2,896,25,8453.1166,24.9825,34.5837,29.517,0.3745,0.3798,0.9992,50.0,11004.4833,0.661
train,inline,3,640,45,10617.7534,44.9864,31.2038,34.035,0.0724,0.0705,0.7327,50.0,9827.2121,2122.2223
train,inline,2,896,35,9549.1899,35.0037,38.5316,29.8395,0.3397,0.3309,0.866,50.0,12736.1798,0.0
train,inline,1,256,45,10816.9557,44.9204,75.8978,63.8455,0.2948,0.0972,0.7327,50.0,8753.4189,4.67
train,inline,2,512,55,11735.8525,54.9967,44.1265,31.5851,0.0709,0.0656,0.5995,49.0,10875.5655,0.0
train,inline,3,896,70,13380.1682,69.9862,35.741,29.4713,0.0451,0.045,0.3997,50.0,13074.7958,6884.3652
train,inline,2,896,60,12271.3625,59.9959,48.0514,29.1091,0.2389,0.2084,0.5329,50.0,13795.2006,1.8953
train,inline,2,896,45,10639.6043,44.9961,41.6109,29.7747,0.2923,0.2817,0.7327,50.0,11392.1917,0.0
train,inline,3,768,90,15539.3378,89.9713,38.4806,30.3263,0.0232,0.0221,0.1332,50.0,16717.9523,4862.7228
train,inline,4,256,100,16626.554,99.9437,32.8834,67.4973,0.0211,0.0115,0.0,50.0,15526.9277,0.933
train,inline,3,512,30,8942.846,29.9802,28.455,37.4677,0.0885,0.0851,0.9326,50.0,5865.7584,1.8902
train,inline,3,640,60,12257.2082,59.9843,32.366,33.2756,0.0536,0.0536,0.5329,50.0,10767.7672,2222.2093
train,inline,4,256,99999,19001.7693,126.8325,35.5518,68.052,0.0372,0.0014,0.0,50.0,13485.576,0.0
train,inline,1,1024,50,11219.0467,49.932,77.3239,27.0328,0.6405,0.0994,0.6683,50.0,13278.9261,0.0
train,inline,1,1024,65,12844.8386,64.9567,78.8019,26.8631,0.9861,0.1203,0.4698,50.0,16694.2501,4.5804
train,inline,1,768,99999,18966.3108,126.9408,90.3079,29.1116,0.9692,0.0797,0.0,50.0,14650.9158,5283.2386
train,inline,4,640,30,8988.9182,29.9882,23.1635,34.1321,6.8246,5.137,0.9282,50.0,6997.9512,6.1845
train,inline,3,384,90,15522.5462,89.9681,40.5254,48.7018,0.0316,0.0225,0.1332,50.0,18068.1871,0.0
train,inline,3,768,90,15537.2545,89.9652,38.4473,30.1374,0.0222,0.0222,0.1332,50.0,15023.4607,4862.1929
train,inline,1,896,90,15562.7595,90.0064,81.3212,28.3928,1.343,0.1395,0.1375,50.0,17949.6863,0.9372
train,inline,1,896,70,13408.9674,69.9894,77.9378,27.8934,0.9645,0.1305,0.4027,50.0,16026.005,1.4439
train,inline,4,896,25,8404.8249,24.9773,20.1267,31.27,2.4981,1.8982,0.997,50.0,8752.026,1.8174
train,inline,3,768,50,11191.1456,49.9946,31.5472,31.8655,0.066,0.066,0.6661,50.0,10000.6536,4311.7559
train,inline,4,256,30,8888.8277,29.9884,22.9926,68.5995,0.0719,0.0693,0.9326,50.0,5564.3333,3.7386
train,inline,1,384,60,12405.1925,59.9643,73.7175,47.7222,0.4539,0.1293,0.5329,49.0,11620.4518,0.0
train,inline,1,896,95,16102.5135,95.0112,81.1684,28.6002,1.4275,0.1414,0.0712,50.0,16335.4473,0.0061
train,inline,4,256,90,15521.4792,89.9717,31.5745,67.7127,0.0285,0.0198,0.1332,50.0,14857.1159,0.0
train,inline,3,384,100,16613.2745,99.9571,40.7854,48.1752,0.0108,0.0108,0.0,50.0,19497.7684,0.0
train,inline,3,640,25,8433.7186,24.9848,27.6705,35.3762,0.0905,0.0921,0.9992,50.0,5564.3333,1987.7513
train,inline,3,896,100,16630.1999,99.9887,40.3175,29.4654,0.0134,0.0112,0.0,50.0,16421.5687,7499.4857
train,inline,1,1024,95,16093.5855,94.9939,82.4905,26.3900,1.6659,0.1618,0.0728,50.0,19510.3592,1.9879
train,inline,1,896,70,13407.9258,69.9916,78.3244,27.8577,0.9633,0.1304,0.4027,50.0,15457.138,3.1282
train,inline,1,896,85,15026.021,85.0213,80.622,28.392,1.2518,0.1376,0.2038,50.0,16426.8537,0.0
train,inline,4,512,80,14452.1772,79.9972,26.8215,33.4656,2.6039,1.9563,0.2649,50.0,15152.7948,3.2205
train,inline,1,512,70,13479.8386,70.0676,73.4986,31.6038,0.573,0.1411,0.3997,49.0,11858.2807,4.3276
train,inline,1,512,75,14003.1198,75.0796,75.3977,31.6987,0.5989,0.1286,0.3331,49.0,13138.1775,1.9667
train,inline,4,768,65,12796.4816,65.0031,25.7813,31.9153,2.2977,1.7328,0.4647,50.0,14387.0701,0.0
train,inline,1,768,50,11287.028,49.9807,72.3185,28.3737,0.5268,0.1436,0.6672,49.0,11623.5863,0.9677
train,inline,4,768,65,12796.9639,65.0059,25.8516,31.6215,2.3025,1.7331,0.4647,50.0,13901.8967,2.1118
train,inline,2,384,85,14974.9783,84.9219,52.7434,48.3296,0.1187,0.1187,0.1998,50.0,10246.6024,1.8135
train,inline,2,512,100,16623.5327,99.9529,58.5813,29.8485,0.0518,0.0122,0.0,50.0,10792.6647,0.0
train,inline,1,512,75,14005.4521,75.0665,74.7498,31.6971,0.6044,0.1291,0.3331,49.0,12560.0382,2.3365
train,inline,1,384,50,11355.0936,49.9807,72.2387,47.4807,0.3835,0.1425,0.6661,49.0,9442.6949,3.3298
train,inline,2,768,95,16083.2529,94.9828,60.0501,28.8226,0.0853,0.0306,0.0666,50.0,14970.3516,3.7761
train,inline,2,256,95,16063.1705,94.8624,51.8408,66.7921,0.0769,0.0769,0.0666,50.0,9652.6584,6.4439
train,inline,3,768,60,12281.276,59.9727,34.2921,31.6763,0.0655,0.0559,0.5329,50.0,9479.6784,4457.6938
train,inline,1,896,65,12867.6601,64.971,77.1585,27.8687,0.8656,0.128,0.4689,50.0,15060.6323,0.0
train,inline,4,1024,95,16060.2174,95.0073,31.1177,28.6969,0.0316,0.0173,0.0666,50.0,17070.3985,0.0
train,inline,4,512,65,12818.4106,65.0024,25.6536,33.7203,4.5451,3.4152,0.4635,50.0,14277.9791,5.1143
train,inline,3,384,60,12246.7997,59.9767,35.8794,50.0909,0.0612,0.055,0.5329,50.0,14108.2322,2.5176
train,inline,1,512,45,10837.0821,45.064,66.4407,30.4214,0.3883,0.2002,0.7327,49.0,10063.1034,1.3918
train,inline,1,896,70,13403.6233,69.9686,77.8849,27.7308,0.9581,0.1303,0.4027,50.0,15045.2037,0.0485
train,inline,2,256,35,9461.9283,34.9128,44.446,64.4665,0.8644,0.8644,0.866,50.0,7297.6746,0.0
train,inline,3,512,95,16081.2016,94.9749,39.0748,32.09,0.0286,0.0171,0.0666,50.0,15534.6363,0.0
train,inline,4,512,30,9001.0897,30.0009,23.8471,35.0605,9.0588,6.8186,0.9271,50.0,8336.1226,3.0717
train,inline,2,896,45,10635.4002,44.9893,42.2112,29.399,0.2966,0.2819,0.7327,50.0,12532.9159,0.084
train,inline,1,768,95,16100.1454,95.0139,81.2563,29.3037,1.201,0.1215,0.0697,50.0,16466.4624,1.3188
train,inline,4,512,70,13360.1264,69.9933,26.0619,33.8622,3.8907,2.9285,0.3973,50.0,14734.5483,0.0
train,inline,3,384,30,8971.2411,29.9872,31.5759,52.1035,0.0888,0.0873,0.9326,50.0,9988.8701,0.0
train,inline,3,640,85,14989.2256,84.9703,37.4594,31.7039,0.0307,0.0274,0.1998,50.0,16076.5085,2396.5365
train,inline,2,768,30,9009.811,30.0089,36.8051,30.7522,0.2744,0.2691,0.9326,50.0,12872.651,0.0
validation,inline,1,512,99999,18930.8667,126.8778,88.5778,29.8644,1.0342,0.0906,0.0,50.0,16960.4444,0.0
train,inline,2,640,40,10101.0925,39.9795,40.3553,31.1366,0.1724,0.1587,0.7994,49.0,9966.6896,4.257
train,inline,2,768,80,14452.0461,79.9817,54.4556,29.3367,0.1307,0.0858,0.2665,50.0,13572.7249,2.824
train,inline,1,640,45,10801.9803,45.0584,69.0031,29.9673,0.4264,0.1735,0.7332,49.0,10437.1338,0.0
train,inline,2,640,65,12814.3369,64.9639,48.2889,30.0141,0.1184,0.0973,0.4663,50.0,11665.4695,0.6117
train,inline,3,256,35,9541.3795,34.9819,35.5001,66.4517,0.0866,0.0845,0.866,50.0,9999.1945,0.0
train,inline,4,896,30,8960.623,30.0173,21.3387,31.9668,2.3432,1.773,0.9306,50.0,8629.8271,0.0
train,inline,2,768,99999,18945.7236,126.8651,58.7177,28.7709,0.044,0.0023,0.0,50.0,18535.2284,5002.0819
train,inline,3,768,65,12821.2209,64.99,34.9236,31.3315,0.0496,0.0496,0.4663,50.0,11895.4171,4521.1018
train,inline,1,256,85,15006.1076,84.6894,82.9073,64.8488,0.6635,0.0913,0.1998,50.0,15391.5755,0.0
train,inline,4,1024,55,11677.9623,54.9849,24.53,29.7187,0.0705,0.0624,0.599,50.0,10918.1169,1.9822
train,inline,2,768,70,13363.5184,69.9965,51.2129,29.8215,0.1585,0.1225,0.3997,50.0,12622.5865,0.0
train,inline,2,768,30,9009.772,30.0083,35.9525,30.7746,0.2686,0.2686,0.9326,50.0,11656.8098,0.0
train,inline,2,512,75,13909.6627,74.9787,50.9076,30.8894,0.0704,0.0421,0.3331,50.0,13202.038,0.0
train,inline,3,768,60,12282.3223,60.0139,34.3208,31.7657,0.0663,0.056,0.5329,50.0,11102.2468,4442.72
train,inline,3,640,95,16084.0157,94.9787,39.1963,31.2368,0.0246,0.017,0.0666,50.0,15735.9656,2460.9593
train,inline,2,256,40,10007.1411,39.88,45.0285,64.3032,0.7989,0.7989,0.7994,50.0,5564.3333,3.1053
train,inline,2,256,55,11661.2031,54.899,46.821,65.2426,0.6017,0.6017,0.5995,50.0,9691.6296,0.0
train,inline,4,1024,100,16609.8407,100.0165,32.0171,28.7055,0.0289,0.0118,0.0,50.0,17706.7785,0.0
train,inline,2,384,99999,18943.2671,126.8991,63.5356,47.0663,0.0561,0.0025,0.0016,50.0,23338.4103,0.0
train,inline,4,256,90,15519.8271,89.9571,31.0909,67.3149,0.0253,0.0195,0.1332,50.0,16275.3707,1.5716
train,inline,3,768,30,9010.0367,29.9896,30.0235,32.2237,0.0882,0.0882,0.9326,50.0,7298.3448,4043.2457
train,inline,2,384,50,11149.4866,49.9446,45.0602,48.2135,0.3697,0.3697,0.6661,50.0,9128.6456,1.236
train,inline,4,384,100,16628.7811,99.9567,30.7273,50.3335,0.0204,0.0114,0.0,50.0,15162.6584,4.054
train,inline,2,512,60,12275.2496,59.9728,46.1388,31.0073,0.0768,0.0601,0.5329,49.0,12039.9144,0.0
train,inline,4,768,50,11156.2629,50.0021,24.5799,32.2737,3.2739,2.4707,0.6639,50.0,11195.6004,1.0716
train,inline,1,768,55,11822.2533,54.9812,73.3905,28.5655,0.6026,0.1412,0.6008,49.0,11616.6172,1.526
train,inline,3,256,75,13885.2915,74.9696,40.9407,65.5954,0.0457,0.0394,0.3331,50.0,19087.7898,0.0
train,inline,1,384,55,11879.0297,54.9773,73.2736,47.3924,0.4221,0.136,0.5995,49.0,12401.2652,0.4078
train,inline,3,512,35,9490.6428,34.9879,29.3948,36.9959,0.0808,0.0797,0.866,50.0,6896.3852,0.0
train,inline,4,256,55,11651.5834,54.9801,25.9044,67.744,0.0536,0.0486,0.5995,50.0,11436.6145,2.8511
train,inline,3,512,70,13333.8032,69.9692,33.421,34.0957,0.0421,0.0421,0.3997,50.0,12201.5092,0.0
train,inline,3,256,25,8455.9974,24.9827,34.0494,66.7022,0.0952,0.0956,0.9992,50.0,8322.9064,0.0
train,inline,3,640,45,10620.1162,44.9831,31.2787,33.8267,0.0809,0.071,0.7327,50.0,9453.3318,2129.3826
train,inline,1,640,95,16111.0618,95.0662,81.1359,31.1548,0.9763,0.1016,0.0682,50.0,15887.7998,0.0
train,inline,2,512,90,15542.3611,89.98,53.8289,30.6902,0.0407,0.0232,0.1332,50.0,10728.9997,0.0
train,inline,3,896,65,12842.316,65.0015,35.0095,29.541,0.0556,0.0509,0.4663,50.0,13498.7999,6783.0258
train,inline,3,1024,65,12860.6609,65.0095,35.1156,28.2708,0.0513,0.0513,0.4663,50.0,12628.0919,9040.1089
train,inline,3,768,99999,18959.1788,126.8726,43.2513,31.421,0.0634,0.0033,0.0,50.0,20600.2961,10000.155
train,inline,4,640,50,11172.0034,49.9946,23.5223,33.616,4.8683,3.672,0.663,50.0,9758.9881,0.0
train,inline,2,640,65,12817.2934,64.9749,48.3827,30.2585,0.1211,0.0973,0.4663,50.0,12758.2308,0.0
train,inline,2,1024,50,11178.7267,49.9983,44.6547,28.7948,0.3419,0.3191,0.6661,50.0,13807.2118,0.0
train,inline,4,640,80,14445.5827,79.9874,27.6218,32.7537,1.9688,1.4761,0.2652,50.0,12708.1918,4.0786
train,inline,2,384,75,13887.0145,74.9277,49.8025,48.5704,0.1907,0.1907,0.3331,50.0,9260.1621,1.1346
train,inline,2,256,45,10562.0943,44.909,44.2327,64.9561,0.7323,0.7323,0.7327,50.0,6754.8397,0.0
train,inline,3,512,55,11688.4025,54.9864,32.5316,35.4145,0.0653,0.0589,0.5995,50.0,10406.0033,0.0
train,inline,3,768,99999,18960.9789,126.9205,43.3246,31.5257,0.0655,0.0037,0.0,50.0,20102.0586,9982.9171
train,inline,3,512,90,15528.4003,89.9579,38.2378,32.2653,0.0252,0.0218,0.1332,50.0,15008.5541,0.0
train,inline,2,512,90,15542.7413,89.9827,55.6918,30.6111,0.0644,0.0244,0.1332,50.0,11420.2879,0.0
train,inline,3,640,60,12258.4272,59.9893,33.6754,33.2474,0.0599,0.0546,0.5329,50.0,10951.9409,2222.087
train,inline,4,256,75,13863.7117,74.9532,29.2329,67.9414,0.0407,0.0322,0.3331,50.0,12399.5109,3.4397
train,inline,2,640,85,14997.0256,84.9713,55.4928,30.0892,0.0909,0.0489,0.1998,50.0,11240.9127,3.1004
train,inline,3,1024,40,10165.9304,39.9871,32.0369,27.6705,0.0865,0.0808,0.7994,50.0,8527.6342,8360.553
train,inline,4,512,60,12273.8685,59.995,25.5859,34.3691,5.1897,3.9015,0.5298,50.0,11138.6326,0.8492
train,inline,3,768,60,12282.1154,60.0125,34.1042,31.7614,0.0634,0.0558,0.5329,50.0,11092.2837,4442.8952
train,inline,2,640,70,13364.1901,69.9844,50.0262,30.1141,0.1162,0.0853,0.3997,50.0,12804.3975,1.7349
train,inline,2,768,60,12270.4005,59.9772,47.2569,29.6601,0.182,0.1589,0.5329,50.0,12506.1731,0.264
train,inline,3,640,90,15536.2812,89.9762,38.513,31.4692,0.0273,0.0222,0.1332,50.0,15061.1133,2429.0658
train,inline,3,1024,70,13400.4591,70.0113,36.16,28.1853,0.0502,0.0459,0.3997,50.0,14353.6611,9179.7564
train,inline,4,512,75,13903.9897,74.9991,27.1759,33.7922,3.2423,2.4421,0.3311,50.0,13659.4496,1.8794
train,inline,1,768,95,16105.55,95.0379,81.3251,29.614,1.2055,0.1215,0.0697,50.0,18206.1462,0.3628
train,inline,3,1024,50,11244.4634,50.012,33.1902,27.5886,0.0746,0.069,0.6661,50.0,13232.2903,8632.6548
train,inline,4,768,100,16622.4473,100.0209,29.7792,31.1321,0.0195,0.0114,0.0,50.0,16283.4066,0.0
train,inline,1,768,45,10755.5174,44.9882,71.0564,28.6021,0.4494,0.146,0.7336,49.0,10838.9003,0.0
train,inline,3,896,75,13926.7201,75.0096,36.6782,29.8855,0.0451,0.0397,0.3331,50.0,13428.243,6981.5787
train,inline,4,256,55,11648.5265,54.9688,26.1579,67.9185,0.0484,0.0484,0.5995,50.0,9873.0598,0.7362
train,inline,3,640,80,14443.2531,79.975,35.9046,31.9757,0.0325,0.0325,0.2665,50.0,13986.5998,2361.2891
train,inline,3,256,60,12257.4217,59.9774,37.5214,66.0625,0.0556,0.0556,0.5329,50.0,14576.73,0.0
train,inline,1,640,40,10269.0172,40.0533,68.4274,29.7641,0.3717,0.1807,0.7997,49.0,9888.2628,0.0
train,inline,2,384,30,8962.0627,29.9482,40.2913,47.9782,0.5131,0.5131,0.9326,50.0,9014.1375,0.0048
train,inline,3,512,99999,18950.8667,126.8782,43.0296,32.9921,0.0516,0.0025,0.0,50.0,18988.4444,9983.8889
train,inline,2,1024,40,10087.2003,39.9934,40.2072,28.816,0.3894,0.3803,0.7994,50.0,12195.1781,0.0
train,inline,4,896,25,8411.9336,24.9972,20.3461,31.7467,2.5055,1.8985,0.997,50.0,8766.4105,2.8158
train,inline,3,640,95,16078.8792,94.9448,39.029,30.8513,0.0197,0.0168,0.0666,50.0,15013.1462,2468.3426
train,inline,3,1024,70,13400.6316,70.0128,36.1898,28.2196,0.0509,0.0458,0.3997,50.0,15550.2311,9179.2297
train,inline,3,1024,45,10697.0851,44.9809,32.5215,27.2248,0.0745,0.0745,0.7327,50.0,10314.4446,8494.3164
train,inline,1,640,40,10266.6615,40.0384,67.9477,29.5944,0.3626,0.1801,0.7997,49.0,10053.526,0.1861
train,inline,3,1024,99999,18949.1513,126.8525,42.6338,28.6302,0.0486,0.0034,0.0,50.0,19067.7424,10000.9349
train,inline,4,768,50,11156.3747,50.0031,24.6006,32.3071,3.2743,2.4706,0.6639,50.0,12059.4163,0.5853
train,inline,3,384,90,15522.8464,89.9701,40.5544,48.7231,0.0324,0.0225,0.1332,50.0,18056.5347,0.0
train,inline,4,512,75,13902.9958,74.9867,25.4956,33.6112,3.2321,2.4418,0.3311,50.0,13585.813,0.0
train,inline,4,1024,95,16064.321,95.0015,31.4231,28.933,0.0402,0.0179,0.0666,50.0,14723.0834,4.9495
train,inline,3,384,25,8425.6749,24.9922,30.7893,52.1235,0.0956,0.093,0.9992,50.0,7926.674,2.0002
train,inline,3,640,99999,18953.3812,126.8706,42.9432,31.9508,0.0557,0.0029,0.0,50.0,18950.7782,9993.2942
train,inline,3,640,75,13898.2461,74.9641,36.1242,32.4098,0.0466,0.0386,0.3331,50.0,11831.5708,2332.0186
train,inline,2,384,95,16064.3327,94.8943,54.2346,47.9592,0.0471,0.0471,0.0666,50.0,10564.2177,0.9974
train,inline,3,640,65,12805.1289,64.9703,33.9949,33.0129,0.0496,0.049,0.4663,50.0,10582.7858,2261.7156
train,inline,3,256,90,15514.4842,89.9513,43.1119,65.2499,0.0334,0.0229,0.1332,50.0,19288.9009,2.9962
train,inline,4,1024,55,11681.9724,55.0102,24.4097,29.6073,0.0758,0.0626,0.599,50.0,13278.8034,3.1198
train,inline,4,256,45,10547.4352,44.9784,24.6951,68.3665,0.0611,0.0569,0.7327,50.0,8571.2975,1.5346
train,inline,3,384,75,13882.7479,74.9684,37.7932,49.6163,0.038,0.038,0.3331,50.0,14968.0709,0.0
train,inline,3,896,40,10134.7409,39.9987,30.4884,29.9642,0.0785,0.0785,0.7994,50.0,9014.8201,6265.1171
train,inline,4,512,60,12270.4545,59.9949,25.3218,34.1529,5.1831,3.901,0.5298,50.0,14322.5315,0.0
train,inline,2,896,99999,18952.7049,126.883,58.2316,27.9579,0.0366,0.0023,0.0,50.0,18093.0841,7512.6229
train,inline,2,384,25,8417.4175,24.969,39.8132,47.9862,0.0522,0.549,0.9992,50.0,9245.4821,3.4462
train,inline,2,896,80,14446.9527,79.9777,55.5982,28.6795,0.1537,0.1102,0.2665,50.0,14043.3898,0.7017
train,inline,4,896,70,13334.1857,70.0043,25.9507,30.7519,1.0064,0.7659,0.3988,50.0,12740.9105,0.0
train,inline,3,512,100,16626.0286,99.9534,38.8048,31.4927,0.0106,0.0106,0.0,50.0,16266.0106,0.0
train,inline,1,256,45,10815.029,44.9369,75.2575,63.5484,0.2858,0.0967,0.7327,50.0,10840.6609,0.2279
train,inline,1,384,65,12930.7929,64.9483,75.643,47.8577,0.5047,0.1234,0.4663,50.0,13655.5951,0.0
train,inline,4,256,65,12756.7763,64.972,27.5422,68.0014,0.0432,0.04,0.4663,50.0,13959.4223,0.0
train,inline,4,1024,85,14961.0406,84.9964,29.7915,28.7641,0.0372,0.0284,0.1997,50.0,14664.5278,1.4717
train,inline,1,640,60,12392.4166,60.0439,72.5281,30.1392,0.5885,0.1516,0.5337,49.0,14084.2525,0.0
train,inline,4,1024,65,12778.1888,65.0079,26.4077,29.8133,0.0669,0.0515,0.4659,50.0,12002.2412,0.0
train,inline,1,384,95,16083.4501,94.8373,82.4595,48.6491,0.7513,0.0858,0.0666,50.0,14202.6777,2.1446
train,inline,2,384,50,11149.3238,49.9378,44.5872,48.1004,0.3698,0.3698,0.6661,50.0,9396.5355,0.1537
train,inline,3,1024,70,13400.1582,70.0099,36.2665,28.4162,0.0489,0.0457,0.3997,50.0,15757.2458,9177.071
train,inline,2,384,45,10604.9801,44.9504,43.5152,48.0821,0.4057,0.4057,0.7327,50.0,9794.5603,1.3359
train,inline,4,384,70,13330.9748,69.9692,27.229,50.6024,1.9611,1.4822,0.3985,50.0,12602.5251,0.8056
train,inline,2,896,55,11719.2879,54.9706,46.109,28.8589,0.2515,0.2327,0.5995,50.0,12497.1786,1.2742
train,inline,3,896,30,9047.0856,29.9857,29.7099,29.5419,0.0902,0.0902,0.9326,50.0,8398.3547,6062.3707
train,inline,2,384,45,10603.8246,44.9465,42.7168,48.2238,0.4052,0.4052,0.7327,50.0,8898.1713,0.0
train,inline,1,1024,45,10677.342,44.9247,75.6213,27.0795,0.5129,0.0918,0.7345,50.0,11055.0203,0.0
train,inline,4,1024,85,14967.5393,85.0164,28.9648,28.9382,0.0397,0.0285,0.1997,50.0,15855.4335,0.3711
train,inline,2,512,25,8471.6285,24.9956,35.0039,32.0756,0.0964,0.1021,0.9992,49.0,11115.2107,0.0
train,inline,3,512,99999,18948.8511,126.8734,41.9087,32.932,0.037,0.0018,0.0,50.0,18627.3606,9980.6326
train,inline,1,768,90,15571.6638,90.04,80.4973,29.7192,1.1323,0.1241,0.1361,50.0,17760.9855,0.0
train,inline,4,896,70,13334.6993,69.9964,26.9823,30.7552,1.0201,0.7665,0.3988,50.0,13064.82,2.531
train,inline,1,640,55,11862.0752,55.0414,71.3284,29.8433,0.5363,0.159,0.6002,49.0,12265.5108,2.3155
train,inline,1,640,30,9203.7256,30.0358,65.8806,29.3314,0.2522,0.1944,0.9327,49.0,8913.7083,0.9285
train,inline,1,640,65,12925.4628,65.0581,73.6395,29.945,0.6502,0.1448,0.4672,49.0,14607.9257,1.3996
train,inline,3,1024,90,15557.2915,90.0101,38.5943,28.938,0.0225,0.0225,0.1332,50.0,14985.0369,9725.4495
train,inline,3,768,80,14456.0458,79.9751,37.1918,30.952,0.0405,0.0336,0.2665,50.0,12931.5551,4729.2974
train,inline,1,256,70,13435.7807,69.7773,79.4792,64.5524,0.516,0.0932,0.3997,50.0,11521.9584,0.0
train,inline,2,1024,90,15540.5656,89.9699,60.8431,28.2305,0.1432,0.0743,0.1332,50.0,13846.2967,3.7039
train,inline,3,896,65,12840.8371,64.9981,35.365,29.76,0.0516,0.0506,0.4663,50.0,12619.5988,6781.6217
train,inline,3,768,25,8470.155,24.996,28.6612,32.5473,0.0941,0.0939,0.9992,50.0,8006.1483,3972.2712
train,inline,3,640,90,15534.1159,89.9623,38.1834,31.2717,0.024,0.022,0.1332,50.0,15836.8369,2431.4092
train,inline,3,896,35,9592.7813,35.0022,30.6566,29.9417,0.0869,0.0845,0.866,50.0,10973.5222,6162.3689
train,inline,3,512,90,15529.2218,89.9568,36.8493,32.3325,0.0212,0.0212,0.1332,50.0,14932.4092,0.0
train,inline,4,1024,95,16062.0147,95.0085,31.5581,28.88,0.0345,0.0175,0.0666,50.0,15298.9669,2.6623
train,inline,1,384,35,9775.5811,35.0434,67.9519,46.9609,0.2419,0.1604,0.866,49.0,9176.3213,0.0
train,inline,1,640,45,10796.1622,45.0337,69.3524,29.5849,0.4198,0.1731,0.7332,49.0,10592.1406,1.2113
train,inline,3,768,55,11731.5932,54.9869,33.6885,31.5176,0.0607,0.0607,0.5995,50.0,10602.711,4385.2285
train,inline,3,512,40,10042.099,39.9683,30.2514,36.7476,0.0828,0.0748,0.7994,50.0,6941.9008,4.2146
train,inline,4,1024,35,9491.1318,34.9829,21.428,30.5667,0.0951,0.0852,0.8652,50.0,7998.4436,3.9401
train,inline,1,512,90,15587.9927,90.0758,78.7441,32.2436,0.7084,0.0931,0.1332,50.0,16394.3885,0.0
train,inline,3,896,60,12301.5098,60.007,34.2107,29.3803,0.0643,0.0566,0.5329,50.0,14266.693,6681.9897
train,inline,2,1024,50,11180.3131,50.0055,44.6244,28.8752,0.3451,0.3193,0.6661,50.0,13196.939,0.0
train,inline,4,384,35,9491.0301,34.9915,23.7732,51.5336,4.2362,3.1986,0.8634,50.0,8066.3506,1.6088
train,inline,2,896,55,11722.1328,54.978,45.8807,28.9057,0.255,0.2328,0.5995,50.0,13079.1025,1.2759
train,inline,2,512,45,10648.9584,45.0041,41.7782,31.7511,0.0938,0.0786,0.7327,49.0,10869.3403,0.0
train,inline,2,512,25,8475.3397,25.0098,34.7717,32.3988,0.0955,0.1019,0.9992,49.0,12038.81,0.0
train,inline,1,1024,99999,18956.3964,126.8362,91.0889,28.6162,0.552,0.0421,0.0,50.0,9852.6872,10569.1333
train,inline,4,512,60,12272.8167,60.0062,25.44,34.2913,5.1864,3.9013,0.5298,50.0,12595.8533,0.0
train,inline,1,256,65,12906.7817,64.7909,79.2287,63.9707,0.4743,0.0942,0.4663,50.0,11287.2726,2.0669
train,inline,3,640,35,9521.4961,34.9701,29.6067,34.3589,0.0814,0.0814,0.866,50.0,6948.2711,2056.72
train,inline,4,768,85,14984.5702,85.0253,28.6914,31.5732,1.0057,0.7498,0.1992,50.0,14655.6495,0.0
train,inline,3,1024,30,9089.0221,30.016,29.981,27.5587,0.092,0.092,0.9326,50.0,8733.2233,8076.1554
train,inline,1,512,65,12952.952,65.0659,71.7727,31.5926,0.533,0.1529,0.4663,49.0,10596.3324,3.3357
train,inline,2,512,60,12282.3152,59.9777,46.5627,31.5566,0.0874,0.0606,0.5329,49.0,10788.5616,3.7904
train,inline,3,768,45,10646.901,44.9945,31.5995,31.8102,0.0751,0.0719,0.7327,50.0,11180.5591,4247.2892
train,inline,2,512,55,11735.4147,54.996,44.495,31.5551,0.0738,0.0657,0.5995,49.0,10902.6906,0.0
train,inline,4,512,75,13907.1408,75.0032,25.421,33.7376,3.2358,2.4419,0.3311,50.0,14459.9052,0.0
train,inline,4,768,60,12246.5038,59.9911,25.3056,31.7296,2.6234,1.979,0.5311,50.0,11991.3674,0.0
train,inline,4,896,70,13333.6678,70.0077,25.8448,30.7181,1.0044,0.7658,0.3988,50.0,13403.0868,0.0
train,inline,1,512,50,11365.3732,50.0824,68.6093,30.8329,0.422,0.1881,0.6661,49.0,10776.443,2.0145
train,inline,3,768,35,9554.4685,34.9814,29.9073,31.6696,0.083,0.083,0.866,50.0,9136.3841,4112.0147
train,inline,2,640,50,11192.6118,49.9984,43.8491,31.1663,0.1591,0.1345,0.6661,50.0,10439.4697,0.0
train,inline,3,256,50,11174.3478,49.9735,37.844,66.4312,0.0787,0.0681,0.6661,50.0,11501.4055,1.0863
train,inline,3,384,30,8973.7201,30.0034,31.808,52.2683,0.0944,0.0878,0.9326,50.0,8078.5766,0.0
train,inline,4,768,80,14430.8975,79.9906,27.705,31.1374,1.3212,0.9952,0.2655,50.0,14169.0957,0.0
train,inline,3,256,99999,18967.6393,126.9212,46.6803,65.3059,0.0893,0.0036,0.0,50.0,13878.4042,10014.9667
train,inline,1,1024,35,9592.1703,34.8995,74.0904,26.98,0.279,0.0776,0.8669,50.0,10429.9038,0.0
train,inline,2,768,25,8465.3844,25.0118,34.0895,30.9137,0.2755,0.2869,0.9992,50.0,11029.4464,0.0
train,inline,4,640,99999,18939.8089,126.8612,33.9884,31.3512,0.0356,0.0025,0.0,50.0,18678.6689,2496.0376
train,inline,1,768,85,15036.3719,85.0319,78.311,29.6245,1.0419,0.1258,0.2025,50.0,15919.1914,0.0
train,inline,4,896,75,13883.1625,74.9924,27.2703,30.7651,0.8516,0.6407,0.3323,50.0,11793.1071,3.4846
train,inline,1,1024,60,12299.0706,59.9295,78.2967,26.9337,0.8632,0.113,0.536,50.0,14140.201,0.0
train,inline,3,896,40,10134.1931,40.0004,31.28,29.7049,0.0816,0.079,0.7994,50.0,10342.0386,6268.26
train,inline,4,256,70,13304.9606,69.9526,27.6954,67.5575,0.0357,0.0357,0.3997,50.0,11974.6982,0.0
train,inline,4,1024,75,13871.8096,75.0107,27.7924,29.2465,0.0538,0.0399,0.3328,50.0,14981.3208,0.9517
train,inline,1,640,80,14517.4441,80.0533,76.1952,30.7341,0.7966,0.1224,0.2677,50.0,14315.5996,0.0
train,inline,4,256,30,8884.5267,29.9664,22.3957,68.225,0.0694,0.0694,0.9326,50.0,5564.3333,3.1302
train,inline,2,1024,70,13358.613,69.9925,51.7564,28.4798,0.2296,0.1959,0.3997,50.0,15519.7533,0.0
train,inline,2,640,85,14997.2461,84.9778,54.3952,30.0987,0.0803,0.0484,0.1998,50.0,11768.2251,0.0
train,inline,1,384,40,10300.8008,40.0249,70.2341,47.0426,0.2968,0.1546,0.7994,49.0,11525.475,0.0
train,inline,1,384,100,16612.4088,99.8485,82.7574,49.123,0.7839,0.0791,0.0,50.0,15090.5138,0.0
train,inline,1,768,45,10757.0043,44.9997,71.6381,28.7088,0.4585,0.1465,0.7336,49.0,10683.4656,0.0
train,inline,3,512,75,13885.7021,74.9612,35.9522,33.8205,0.0503,0.0383,0.3331,50.0,11281.6361,0.0
train,inline,1,1024,25,8503.8343,24.8762,73.9996,27.1262,0.0619,0.0643,0.9992,50.0,8961.0438,0.0287
validation,inline,3,512,100,16633.8667,100.0346,36.0148,30.6267,0.0144,0.0108,0.0,50.0,16618.7778,0.0
train,inline,3,1024,60,12314.5693,59.9811,34.561,27.5635,0.0572,0.0572,0.5329,50.0,11973.9581,8905.0148
train,inline,1,640,70,13456.6197,70.0597,74.2981,30.5725,0.6936,0.1372,0.4007,49.0,13145.4204,0.0
train,inline,1,768,65,12892.5677,65.0002,75.5814,28.863,0.7514,0.1362,0.4681,50.0,13177.4374,0.9352
train,inline,3,384,45,10604.4938,44.965,33.7352,50.9143,0.071,0.071,0.7327,50.0,10140.5138,0.5647
train,inline,2,384,80,14435.9825,79.9227,51.5533,48.7616,0.1555,0.1555,0.2665,50.0,8395.6567,2.7264
train,inline,2,256,45,10561.7434,44.907,45.5671,64.7097,0.7331,0.7331,0.7327,50.0,8540.0701,0.6119
train,inline,1,640,85,15048.1025,85.0521,78.3822,30.7901,0.8639,0.1157,0.2012,50.0,16316.6361,0.0
train,inline,2,384,100,16618.4864,99.9174,55.32,48.3426,0.0354,0.0115,0.0,50.0,11701.241,1.3594
train,inline,4,384,90,15531.9114,89.9872,29.5406,50.5402,0.6698,0.5018,0.1328,50.0,15380.4827,0.0
train,inline,3,1024,55,11783.6624,55.0129,34.0762,27.989,0.0676,0.0633,0.5995,50.0,11878.2499,8765.4635
train,inline,3,512,85,14980.3829,84.9542,37.2052,32.7406,0.0321,0.0271,0.1998,50.0,15719.1005,0.113
test,inline,4,256,25,8357.7111,24.9936,24.2222,69.8584,0.0,0.0,1.0,50.0,5604.5333,0.0
train,inline,3,256,40,10086.2651,39.984,35.2131,66.5294,0.0783,0.0783,0.7994,50.0,11004.3797,0.0
train,inline,4,896,60,12235.725,59.99,25.0913,30.6304,1.3408,1.0177,0.5318,50.0,12063.5349,0.0
train,inline,2,1024,85,14992.9025,84.9867,58.4206,27.9854,0.1619,0.1043,0.1998,50.0,18007.4298,0.1541
train,inline,3,256,100,16599.2825,99.9614,42.9312,65.0461,0.0106,0.0106,0.0,50.0,22359.7862,0.0
train,inline,2,768,80,14454.0994,79.9696,54.0848,29.7755,0.1263,0.0857,0.2665,50.0,11034.5697,3.0396
train,inline,1,512,80,14531.3466,80.0786,76.3905,31.8803,0.6334,0.1167,0.2665,49.0,13656.9057,0.9248
train,inline,2,512,55,11738.3922,55.005,43.7814,31.7069,0.0744,0.0659,0.5995,49.0,10839.8785,0.0
train,inline,4,768,80,14437.5322,80.0066,28.034,31.6424,1.3298,0.9956,0.2655,50.0,13533.411,0.0
train,inline,1,640,80,14518.3691,80.0595,76.9118,30.7708,0.8066,0.1229,0.2677,50.0,14320.137,0.0
train,inline,3,384,85,14973.7692,84.9643,40.2212,48.848,0.0316,0.0275,0.1998,50.0,17347.7886,2.7042
train,inline,4,256,70,13310.9248,69.9789,28.1679,67.536,0.0451,0.0363,0.3997,50.0,13950.7516,1.9304
train,inline,3,1024,60,12312.9566,59.9755,34.5237,27.4463,0.0572,0.0572,0.5329,50.0,11907.2877,8905.1658
train,inline,4,384,25,8395.4462,25.0041,22.8341,51.9128,4.888,3.689,0.9962,50.0,6790.1071,0.8979
train,inline,3,1024,60,12320.6565,60.0076,35.0909,28.0928,0.0576,0.0573,0.5329,50.0,12132.2158,8905.2746
train,inline,3,512,80,14427.7153,79.9473,36.221,32.8442,0.0325,0.0323,0.2665,50.0,13717.0146,0.2051
train,inline,3,384,75,13881.6752,74.9595,38.0717,49.1678,0.0429,0.0386,0.3331,50.0,16075.8099,1.9039
validation,inline,3,1024,99999,18960.8444,126.9428,43.637,29.0973,0.073,0.0048,0.0,50.0,18967.3556,10016.6
train,inline,4,1024,55,11682.5854,54.9997,23.8186,30.1282,0.0645,0.0621,0.599,50.0,10612.8986,0.0
train,inline,4,768,95,16074.5669,95.0095,28.9157,30.9035,0.3425,0.2571,0.0664,50.0,16856.3507,0.0
train,inline,4,768,75,13891.8828,74.9854,27.5556,31.8403,1.658,1.2417,0.3319,50.0,12004.832,5.9278
train,inline,4,256,35,9442.5411,34.9986,23.2377,68.5852,0.0689,0.0652,0.866,50.0,8738.7696,0.0
train,inline,2,384,85,14975.6934,84.9157,52.0721,48.1874,0.1189,0.1189,0.1998,50.0,10608.587,0.6595
train,inline,3,768,70,13367.0884,69.9901,34.5547,31.2681,0.0438,0.0438,0.3997,50.0,13328.8634,4585.7604
train,inline,2,768,70,13362.0442,69.9862,50.8012,29.4288,0.1575,0.1224,0.3997,50.0,13713.4806,1.8911
train,inline,2,768,45,10643.4712,44.9894,42.1277,30.4556,0.2324,0.2143,0.7327,50.0,10775.7541,2.8019
train,inline,1,384,70,13456.1485,69.9387,77.2169,48.0499,0.5459,0.1172,0.3997,50.0,12457.5313,0.0
train,inline,2,640,99999,18937.9164,126.8299,60.5536,29.4168,0.0675,0.003,0.0,50.0,18694.7536,2500.1032
train,inline,1,512,25,8729.8,25.0809,61.0,29.9295,0.2478,0.2478,0.9992,48.0,8713.7556,0.0
train,inline,2,768,45,10642.8394,45.0051,41.2977,30.197,0.2238,0.2138,0.7327,50.0,12794.5284,0.0
train,inline,2,768,30,9003.9486,29.987,36.1485,30.3132,0.2687,0.2687,0.9326,50.0,11140.406,0.0
train,inline,1,896,85,15025.0344,85.0147,80.546,28.3587,1.2493,0.1374,0.2038,50.0,16550.7816,0.0
train,inline,2,256,90,15507.0529,89.8654,50.8366,66.1868,0.142,0.142,0.1332,50.0,10670.0926,1.174
train,inline,4,512,55,11727.4638,55.0032,24.5146,34.403,5.8251,4.3872,0.596,50.0,11598.1049,0.0
train,inline,2,768,50,11184.116,50.0018,44.5753,30.1065,0.2131,0.1955,0.6661,50.0,12404.6714,3.077
train,inline,1,384,70,13458.2483,69.9439,76.5967,48.1461,0.5455,0.1172,0.3997,50.0,12438.3429,0.0
train,inline,3,896,90,15546.4253,89.9898,38.8756,29.4619,0.0253,0.0226,0.1332,50.0,15084.2366,7291.8384
train,inline,2,896,95,16082.4004,94.982,61.3129,28.2722,0.0966,0.0368,0.0666,50.0,15863.8722,2.7337
train,inline,2,512,80,14450.0043,79.9634,52.3306,30.4521,0.064,0.0361,0.2665,50.0,10988.9493,0.3852
validation,inline,4,512,25,8358.6222,25.0022,17.7778,32.9646,1.0455,0.694,0.9975,50.0,5528.3333,0.0
train,inline,3,384,60,12245.2007,59.9715,36.0261,50.3046,0.0585,0.055,0.5329,50.0,12629.9819,0.0
train,inline,3,640,60,12254.6381,59.9719,33.4968,33.003,0.0549,0.0542,0.5329,50.0,12745.6003,2225.3565
train,inline,4,384,90,15533.5134,89.998,29.735,50.7285,0.6734,0.502,0.1328,50.0,15000.3897,0.0
train,inline,4,640,85,14992.1163,85.0233,28.1485,32.7025,1.484,1.1101,0.1989,50.0,14632.3241,0.0
train,inline,2,256,100,16608.5366,99.8714,52.644,66.9266,0.0124,0.0105,0.0,50.0,10916.4487,1.2831
train,inline,3,640,99999,18952.9614,126.8894,42.9141,31.9527,0.0487,0.0024,0.0,50.0,20145.785,9991.0374
train,inline,3,1024,99999,18962.0889,126.9016,38.5704,29.9809,0.0016,0.0008,0.0,50.0,18932.1333,9990.5556
train,inline,3,768,45,10650.0222,44.9784,32.0783,32.2044,0.0834,0.0726,0.7327,50.0,7351.5214,4251.2226
train,inline,2,384,95,16074.7007,94.9166,53.5923,48.7851,0.0471,0.0471,0.0666,50.0,9534.9888,0.0772
train,inline,4,512,95,16089.3956,94.9745,28.4476,33.5084,0.6729,0.498,0.0662,50.0,13603.2544,7.9034
train,inline,1,512,45,10838.0769,45.0824,67.1561,30.6554,0.3869,0.2,0.7327,49.0,10338.9067,1.784
train,inline,2,512,65,12825.4411,64.9729,48.4294,31.4226,0.0841,0.0547,0.4663,50.0,9141.817,6.0582
train,inline,4,896,95,16071.6583,95.0268,30.765,30.2305,0.1994,0.138,0.0665,50.0,15327.3652,0.0
train,inline,1,640,90,15578.244,90.052,80.2028,30.9626,0.9185,0.1085,0.1347,50.0,14908.9077,2.8183
train,inline,1,640,45,10794.491,45.0257,68.9585,29.3775,0.421,0.1733,0.7332,49.0,10459.997,0.0
train,inline,4,384,90,15525.9239,89.9626,29.3371,50.1419,0.6631,0.5015,0.1328,50.0,15077.0787,0.0
train,inline,1,896,99999,18959.017,126.8868,90.8907,28.7525,0.7556,0.0606,0.0,50.0,12621.6808,7929.8624
train,inline,1,512,70,13472.6246,70.0601,72.429,31.1812,0.5537,0.1402,0.3997,49.0,12561.518,0.0
train,inline,3,896,50,11217.5266,50.0015,31.9182,29.923,0.0671,0.0671,0.6661,50.0,11083.9181,6469.3785
train,inline,1,1024,90,15554.0856,89.9786,82.7389,27.1707,1.5557,0.1551,0.1389,50.0,16177.233,5.5122
train,inline,4,512,99999,18925.5228,126.8323,34.6498,32.1621,0.0303,0.002,0.0,50.0,18796.7738,0.9566
train,inline,1,896,95,16102.5384,95.0325,82.2178,28.5272,1.4402,0.142,0.0712,50.0,17576.5118,0.0
train,inline,2,768,65,12815.9698,64.9806,49.09,29.6763,0.1688,0.1405,0.4663,50.0,13897.1957,0.0
train,inline,2,1024,35,9545.4761,35.0082,37.6354,29.221,0.4107,0.4107,0.866,50.0,12671.997,0.0
train,inline,3,768,80,14454.4141,79.9856,37.1171,30.8877,0.0362,0.0332,0.2665,50.0,15813.003,4725.4596
train,inline,1,256,75,13961.4822,74.7325,81.498,64.8053,0.5792,0.0933,0.3331,50.0,11094.5342,6.1513
train,inline,4,384,100,16625.3457,99.9536,30.5349,50.0706,0.0155,0.0112,0.0,50.0,15785.5405,2.3097
train,inline,3,512,70,13335.0684,69.9692,34.9326,34.1024,0.0503,0.0432,0.3997,50.0,11575.3268,0.0
train,inline,3,256,55,11714.192,54.9764,38.1447,66.0083,0.0661,0.0619,0.5995,50.0,15246.6287,0.03
train,inline,1,640,100,16642.4486,100.0631,81.0635,31.2949,1.0197,0.0938,0.0016,50.0,16429.8048,0.0
train,inline,2,384,35,9512.3384,34.9597,41.4102,48.112,0.4774,0.4774,0.866,50.0,10505.5251,0.767
train,inline,1,768,100,16640.7079,100.0444,81.0812,29.9139,1.2642,0.1183,0.0033,50.0,17295.1203,0.0
train,inline,3,512,30,8942.228,29.9893,28.3351,37.3632,0.0872,0.0849,0.9326,50.0,8604.1515,0.0
train,inline,3,256,55,11715.3593,54.9783,36.6297,66.2691,0.0611,0.0611,0.5995,50.0,13257.755,0.0
train,inline,1,768,50,11293.6251,50.0074,71.4432,28.7716,0.5217,0.1433,0.6672,49.0,12280.3369,0.0
train,inline,2,768,85,14996.4599,84.9745,55.8681,29.4827,0.1094,0.0672,0.1998,50.0,12411.8689,0.6656
train,inline,4,512,50,11184.2132,49.9931,24.8376,34.6406,6.4821,4.8741,0.6622,50.0,9890.983,1.9589
train,inline,2,896,65,12818.24,65.0098,50.2727,29.3859,0.2233,0.1843,0.4663,50.0,13034.8385,0.0
train,inline,4,640,99999,18941.5744,126.8684,34.2828,31.5421,0.0347,0.0023,0.0,50.0,18825.5591,2499.1211
train,inline,4,896,99999,18972.5208,126.9333,33.2309,30.1917,0.0437,0.003,0.0,50.0,20488.6382,7493.9938
train,inline,2,384,70,13339.9838,69.9432,48.5824,48.523,0.2264,0.2264,0.3997,50.0,9848.8868,0.0
train,inline,2,256,35,9458.9846,34.9142,45.3195,64.4413,0.8642,0.8642,0.866,50.0,5996.2263,2.3564
train,inline,3,768,55,11733.6407,54.9945,33.6846,31.6518,0.0619,0.0608,0.5995,50.0,10631.0322,4383.5485
train,inline,1,256,30,9240.184,30.0169,72.7845,63.0135,0.1449,0.0988,0.9326,50.0,8880.153,0.0
train,inline,2,384,55,11699.5233,54.9502,45.6658,48.1097,0.3341,0.3341,0.5995,50.0,11213.4515,1.9422
train,inline,3,256,80,14426.758,79.9686,41.7165,65.3546,0.0423,0.0341,0.2665,50.0,18185.068,0.0
train,inline,3,640,85,14989.0872,84.978,37.9261,31.7564,0.0313,0.0275,0.1998,50.0,14311.448,2395.7546
train,inline,2,384,60,12246.8521,59.9511,46.9479,48.4642,0.2984,0.2984,0.5329,50.0,9541.1423,0.0
train,inline,1,640,90,15579.8928,90.0581,78.5104,31.0473,0.9066,0.1079,0.1347,50.0,16353.4144,0.0
train,inline,4,768,70,13344.3172,70.0139,26.466,31.3771,1.9808,1.4873,0.3983,50.0,15195.0353,2.3573
train,inline,4,384,55,11689.7419,54.9918,25.4122,51.0169,2.9426,2.218,0.5978,50.0,12124.8896,1.7038
train,inline,4,256,55,11649.1621,54.9714,25.8565,67.5949,0.0515,0.0485,0.5995,50.0,11230.0418,2.8574
train,inline,4,1024,40,10039.1772,39.99,22.5406,30.518,0.0901,0.0795,0.7986,50.0,8551.5877,4.3708
train,inline,1,768,80,14494.6895,80.002,77.8538,28.9602,0.97,0.1286,0.2689,50.0,14845.1737,0.0
train,inline,2,896,25,8460.7535,25.0057,34.8344,30.103,0.3818,0.3801,0.9992,50.0,11786.2509,0.4583
train,inline,4,1024,90,15513.4967,90.0092,30.3096,28.9032,0.0371,0.023,0.1331,50.0,16518.6762,0.0
train,inline,3,768,80,14456.2225,79.9745,37.2176,30.9724,0.041,0.0336,0.2665,50.0,13004.8866,4729.4932
train,inline,3,896,100,16633.0965,99.999,40.0176,29.5728,0.0126,0.0111,0.0,50.0,17014.8627,7500.4242
train,inline,2,1024,60,12270.3322,59.9857,48.3432,28.7288,0.2906,0.2579,0.5329,50.0,12579.7758,1.9591
train,inline,4,640,45,10624.8667,45.0044,23.7956,33.3268,5.3643,4.0384,0.7293,50.0,12345.9422,1.3891
train,inline,2,768,70,13361.7254,69.9852,50.7889,29.3895,0.1574,0.1224,0.3997,50.0,13764.6162,2.0541
train,inline,2,896,45,10636.2463,45.0024,42.793,29.6319,0.2941,0.2816,0.7327,50.0,12053.7956,1.1934
train,inline,1,640,30,9199.4855,30.0111,65.3045,28.8476,0.2525,0.1946,0.9327,49.0,8965.5955,0.5477
train,inline,1,896,90,15559.8656,90.0044,81.1537,28.1335,1.339,0.1394,0.1375,50.0,17032.5453,0.0
train,inline,4,384,80,14434.1963,79.9863,28.4261,50.7838,1.3189,0.9922,0.2657,50.0,13797.3884,0.0
train,inline,1,640,35,9732.6555,35.0257,66.9569,29.2251,0.3086,0.1874,0.8662,49.0,9479.2802,1.2806
train,inline,4,1024,90,15514.8597,90.0154,29.2422,29.058,0.0248,0.0224,0.1331,50.0,15305.5968,0.0
train,inline,4,896,40,10050.8659,40.0043,22.0886,31.5521,1.9949,1.5204,0.7976,50.0,9694.9784,0.0
train,inline,3,896,30,9051.0612,30.0007,29.1356,29.9413,0.0899,0.0899,0.9326,50.0,8460.1736,6059.2591
train,inline,1,384,45,10830.0335,45.025,71.3004,47.3665,0.3451,0.149,0.7327,49.0,10172.539,0.0
train,inline,2,384,100,16621.8392,99.9363,55.5159,48.7886,0.0388,0.0118,0.0,50.0,10803.8307,0.0
train,inline,3,640,50,11162.1878,49.9768,31.5037,33.5998,0.0649,0.0649,0.6661,50.0,9573.2929,2156.4702
train,inline,1,384,45,10828.9834,45.0183,71.209,47.3088,0.3428,0.1487,0.7327,49.0,11403.6068,0.0
train,inline,4,512,95,16087.1685,94.9825,28.3955,33.4183,0.6668,0.4976,0.0662,50.0,14469.8128,4.6865
train,inline,2,1024,45,10638.5901,44.9771,43.0684,29.2308,0.381,0.3506,0.7327,50.0,9694.5972,8.2254
train,inline,1,896,40,10178.3963,39.9491,73.2149,27.7237,0.3954,0.1169,0.8004,50.0,12156.0705,0.0
train,inline,1,1024,40,10131.3538,39.9075,76.6779,26.7935,0.4054,0.085,0.8007,50.0,10708.775,2.5537
train,inline,2,384,60,12248.7864,59.933,47.2238,48.63,0.2988,0.2988,0.5329,50.0,7766.4944,3.123
train,inline,2,640,99999,18937.8369,126.8176,60.7893,29.3953,0.0706,0.0031,0.0,50.0,18141.4277,2504.9448
train,inline,3,256,95,16057.8358,94.972,43.2419,65.2129,0.0216,0.017,0.0666,50.0,20990.3568,0.0
train,inline,2,896,100,16629.4861,99.9669,63.1536,28.3644,0.0824,0.0127,0.0,50.0,14594.3529,5.2177
train,inline,2,640,95,16085.1648,94.9749,58.3977,29.5441,0.0741,0.0246,0.0666,50.0,13147.1527,2.6758
train,inline,4,512,100,16632.8426,99.9841,27.9467,33.3625,0.0132,0.011,0.0,50.0,14913.5552,2.0575
train,inline,2,512,65,12823.2571,64.9888,47.863,31.1742,0.0785,0.0544,0.4663,50.0,11027.7672,0.0
train,inline,3,896,60,12298.8537,59.9952,32.9719,29.7745,0.0556,0.0556,0.5329,50.0,11495.8875,6674.1461
train,inline,3,512,70,13332.4521,69.9648,34.907,33.9466,0.0443,0.0428,0.3997,50.0,12576.4731,0.2746
train,inline,2,640,40,10104.0787,39.9917,39.7109,31.4101,0.166,0.1583,0.7994,49.0,9929.1531,1.6389
train,inline,2,1024,65,12813.6443,64.993,49.9794,28.5299,0.2582,0.2268,0.4663,50.0,14590.3071,0.0
train,inline,3,896,30,9052.5042,29.9898,30.0237,29.9496,0.0964,0.0906,0.9326,50.0,7362.9726,6065.4281
train,inline,3,640,75,13898.1369,74.986,35.9493,32.1913,0.0463,0.0385,0.3331,50.0,13872.4324,2327.089
train,inline,2,384,35,9512.5088,34.9606,40.2719,48.3626,0.4767,0.4767,0.866,50.0,8821.985,0.0
train,inline,3,640,30,8978.5132,29.9934,28.8393,34.8631,0.089,0.0866,0.9326,50.0,9344.9127,2020.17
train,inline,1,640,40,10270.0609,40.0311,67.9591,29.5016,0.3754,0.1808,0.7997,49.0,10042.4625,5.1782
train,inline,3,512,95,16078.7486,94.9583,38.7851,31.8168,0.0231,0.0168,0.0666,50.0,16052.6749,0.0
train,inline,4,256,80,14413.289,79.9624,30.0648,67.7103,0.0297,0.0275,0.2665,50.0,14810.7958,0.2299
train,inline,1,384,90,15557.8749,89.8691,81.3871,48.5158,0.7114,0.0922,0.1332,50.0,14207.3984,0.0
train,inline,1,1024,80,14468.3626,79.974,81.1313,26.9977,1.3213,0.1407,0.2713,50.0,17873.9419,0.0
train,inline,1,640,25,8675.0984,25.0359,62.8629,29.3194,0.1854,0.2011,0.9992,48.0,8342.7883,0.0
train,inline,3,640,99999,18948.7905,126.877,43.5395,31.9562,0.0488,0.0026,0.0,50.0,18727.5115,9988.0231
train,inline,4,640,90,15535.6879,89.9904,28.4954,32.4223,0.9947,0.7437,0.1326,50.0,15221.3938,2.748
train,inline,4,896,70,13333.9877,70.0098,26.0758,30.5307,1.0099,0.766,0.3988,50.0,13936.8444,0.0
train,inline,1,896,40,10178.6329,39.9502,72.3035,27.8341,0.3835,0.1165,0.8004,50.0,10363.112,0.0
train,inline,1,640,25,8672.6105,25.0328,64.8628,29.1663,0.1999,0.2018,0.9992,48.0,8456.4283,1.4976
train,inline,1,640,99999,18971.9663,126.9792,89.8335,29.3757,1.1827,0.0989,0.0,50.0,15908.6118,2640.4429
train,inline,1,768,35,9687.8534,34.9883,69.6599,28.5779,0.3058,0.1511,0.8664,49.0,10701.6439,0.0
train,inline,4,384,75,13886.4752,74.9653,28.0411,50.9774,1.6476,1.2376,0.3321,50.0,11564.8618,5.1636
train,inline,3,512,45,10589.7549,44.986,30.6805,36.1956,0.0713,0.0693,0.7327,50.0,8362.5268,0.0
train,inline,2,768,80,14453.0001,79.9955,54.3806,29.6477,0.1281,0.0858,0.2665,50.0,12914.5211,0.0
train,inline,3,896,40,10136.242,39.9845,31.6421,30.0285,0.0871,0.0794,0.7994,50.0,7774.1856,6271.9811
train,inline,4,384,80,14428.2643,79.9655,28.3768,50.3832,1.311,0.9917,0.2657,50.0,13867.6929,0.8949
train,inline,2,384,45,10606.6058,44.9592,43.6135,48.18,0.4059,0.4059,0.7327,50.0,9863.1945,0.0
train,inline,1,512,75,14008.0586,75.0952,74.9243,31.9255,0.6086,0.1293,0.3331,49.0,13736.1767,0.0
train,inline,3,768,25,8472.3574,24.9846,28.8158,32.6913,0.1002,0.0943,0.9992,50.0,5979.1881,3976.2508
train,inline,3,256,95,16054.8082,94.9601,43.9709,65.0409,0.0228,0.0168,0.0666,50.0,22185.9371,0.338
train,inline,4,768,80,14437.1542,80.017,27.2139,31.6614,1.3189,0.9951,0.2655,50.0,14108.1366,0.0
train,inline,4,512,25,8458.1538,25.0052,22.6633,35.0869,9.7056,7.3049,0.9933,50.0,10776.4503,0.0
train,inline,2,256,99999,18959.8263,127.0111,65.1519,64.281,0.0311,0.0022,0.0033,50.0,24256.9734,0.0
train,inline,1,896,45,10718.4407,44.9663,74.1993,27.9469,0.4934,0.1195,0.7341,50.0,11026.662,0.0
train,inline,1,640,70,13450.5313,70.0325,74.7562,30.0553,0.6953,0.1372,0.4007,49.0,13275.3874,0.0
train,inline,3,256,35,9545.0093,34.9744,35.6958,66.7629,0.0915,0.0846,0.866,50.0,10433.4232,2.757
train,inline,4,256,50,11098.5171,49.9779,25.7672,68.2442,0.0545,0.0526,0.6661,50.0,8676.6559,2.3356
train,inline,3,768,80,14457.8562,79.9926,37.3686,31.1069,0.0446,0.0339,0.2665,50.0,13013.3484,4723.0359
train,inline,1,896,55,11792.1631,54.9691,75.7423,27.8398,0.6806,0.124,0.6015,50.0,12189.2112,0.0
train,inline,3,896,35,9595.4885,35.0022,30.9469,30.1136,0.0939,0.0852,0.866,50.0,7714.7344,6162.846
train,inline,3,640,90,15536.0129,89.9701,37.5324,31.4173,0.0217,0.0217,0.1332,50.0,15208.352,2429.6475
train,inline,1,896,25,8562.2008,24.9312,70.7788,27.6285,0.1041,0.1099,0.9992,50.0,8354.4018,0.0
train,inline,2,1024,55,11724.6196,55.0003,45.5702,28.6925,0.3067,0.288,0.5995,50.0,13601.6904,0.0
train,inline,4,512,99999,18922.2845,126.8078,34.3359,31.8619,0.0304,0.0021,0.0,50.0,18010.769,2.5052
train,inline,2,384,80,14431.7032,79.9313,50.9629,48.0368,0.1549,0.1549,0.2665,50.0,11831.3904,3.0651
train,inline,4,384,60,12238.5778,59.9937,26.0458,50.7654,2.6192,1.9729,0.5313,50.0,13162.4381,3.5519
train,inline,2,256,35,9460.8193,34.914,44.7411,64.3148,0.8644,0.8644,0.866,50.0,6726.9309,2.0109
train,inline,1,896,35,9641.493,34.9407,72.4589,27.534,0.3058,0.115,0.8666,50.0,10358.1699,4.0638
train,inline,3,256,85,14972.6485,84.978,42.3753,65.2586,0.0408,0.0286,0.1998,50.0,20057.4091,0.0
train,inline,2,896,60,12271.8639,59.9948,47.1014,29.3419,0.2279,0.208,0.5329,50.0,12949.5482,0.0
train,inline,2,1024,30,9001.7301,30.0168,35.3254,29.4132,0.4413,0.4413,0.9326,50.0,11251.7934,0.0
train,inline,2,512,65,12824.8824,64.9956,47.7854,31.0318,0.0817,0.0545,0.4663,50.0,12174.7876,0.3024
train,inline,4,256,50,11101.2361,49.973,24.7992,68.4208,0.0526,0.0526,0.6661,50.0,7821.1222,1.1918
train,inline,1,512,99999,18980.1599,127.025,89.5613,29.9043,1.3971,0.1178,0.0,50.0,19102.8894,0.0
train,inline,3,384,25,8425.7772,24.9913,29.9092,52.4234,0.0827,0.0924,0.9992,50.0,7093.5358,0.0
train,inline,1,640,45,10798.406,45.0421,68.4705,29.7963,0.4114,0.1726,0.7332,49.0,10486.8087,0.0
train,inline,2,768,60,12275.1236,59.9966,47.0904,30.0342,0.1828,0.1589,0.5329,50.0,12346.0331,0.0
train,inline,4,256,25,8336.2,24.9961,21.6111,68.5995,0.0734,0.0734,0.9992,50.0,5634.7778,0.0
train,inline,1,1024,45,10676.5256,44.9193,75.6647,27.1434,0.5158,0.0919,0.7345,50.0,12338.7214,0.0
train,inline,3,640,70,13353.5852,70.0007,35.4758,32.8555,0.0549,0.0442,0.3997,50.0,12101.9545,2285.2173
train,inline,2,384,95,16068.3754,94.8954,54.3625,48.245,0.0474,0.0474,0.0666,50.0,9762.8603,3.0675
train,inline,2,768,90,15536.3287,89.9642,57.9209,28.998,0.0953,0.0489,0.1332,50.0,13230.8347,0.7329
train,inline,2,384,85,14981.0696,84.941,52.2392,48.3797,0.1193,0.1193,0.1998,50.0,11498.676,0.0
train,inline,4,896,90,15523.2588,89.9951,29.9574,30.2658,0.3622,0.2636,0.1329,50.0,14598.1556,4.2104
train,inline,3,512,100,16622.1939,99.933,39.4116,31.0677,0.0117,0.0111,0.0,50.0,17494.7655,0.0
train,inline,4,1024,75,13871.3528,75.0128,28.1173,29.4149,0.0525,0.0399,0.3328,50.0,13737.7643,0.0
train,inline,3,768,75,13912.329,74.9973,36.4215,31.1502,0.0457,0.0391,0.3331,50.0,13901.6139,4652.9567
train,inline,4,384,75,13884.0533,74.9817,27.7529,50.8408,1.6407,1.237,0.3321,50.0,15908.5026,0.0
train,inline,2,256,35,9463.6887,34.8957,45.0826,64.6706,0.8649,0.8649,0.866,50.0,5564.3333,6.5114
train,inline,3,896,60,12302.3192,59.9898,33.9124,29.9983,0.0564,0.0564,0.5329,50.0,10408.1712,6679.6991
train,inline,3,768,60,12278.8217,59.9783,34.0531,31.4763,0.0599,0.0556,0.5329,50.0,10612.7096,4454.5893
train,inline,2,256,70,13308.1599,69.8814,48.4236,65.3229,0.4048,0.4048,0.3997,50.0,9780.9126,2.2568
train,inline,1,384,60,12403.0439,59.9652,74.4586,47.7127,0.4521,0.1291,0.5329,49.0,11433.3598,0.0
train,inline,2,1024,55,11719.0518,54.9864,46.9785,28.4484,0.3114,0.2882,0.5995,50.0,13079.9051,1.7524
train,inline,2,1024,45,10631.445,44.9893,42.4416,28.6675,0.3661,0.3498,0.7327,50.0,12979.5199,0.0555
train,inline,3,768,90,15542.724,89.9831,38.2422,30.5688,0.0221,0.0221,0.1332,50.0,15901.2856,4861.9427
train,inline,1,1024,25,8511.415,24.8762,74.3861,27.1296,0.0737,0.065,0.9992,50.0,5758.6175,6.8245
train,inline,4,896,55,11693.0655,55.0172,25.288,31.2067,1.5137,1.1438,0.5982,50.0,11314.4693,0.0
train,inline,1,256,90,15530.2578,89.6618,83.6797,64.6202,0.7136,0.0909,0.1332,50.0,15642.1767,2.7827
train,inline,1,512,40,10315.1492,40.0663,65.4519,30.696,0.3621,0.2126,0.7994,48.0,8684.953,4.872
train,inline,1,512,65,12954.1546,65.104,72.3142,31.6621,0.5405,0.1533,0.4663,49.0,12070.6267,0.0
train,inline,1,256,50,11340.0782,49.9024,75.4437,64.0006,0.3234,0.0956,0.6661,50.0,9819.7042,0.0
train,inline,3,1024,60,12320.1178,60.0103,35.0753,28.1426,0.057,0.057,0.5329,50.0,11963.901,8905.0025
train,inline,1,256,30,9243.4131,30.0321,72.8264,62.9262,0.1504,0.099,0.9326,50.0,10373.0857,2.9082
train,inline,4,512,50,11183.6339,50.0107,24.736,34.6073,6.4798,4.8739,0.6622,50.0,11602.393,0.0
train,inline,1,640,95,16109.8686,95.0586,80.9611,30.9142,0.9742,0.1014,0.0682,50.0,16607.1597,1.8589
train,inline,1,512,60,12422.4707,60.0797,69.1722,31.2442,0.4789,0.1638,0.5329,49.0,11655.6335,0.0
train,inline,1,512,40,10305.8157,40.0563,64.9315,29.97,0.3488,0.212,0.7994,48.0,9853.7196,0.6181
train,inline,3,256,30,8999.973,29.9907,35.1573,66.7514,0.0908,0.09,0.9326,50.0,9175.325,0.0
train,inline,4,512,85,14997.1315,84.9953,27.3621,33.6153,1.9567,1.47,0.1987,50.0,14414.6504,0.0
train,inline,1,640,80,14515.2074,80.0521,77.7788,30.6361,0.8061,0.1228,0.2677,50.0,14325.5565,1.5209
train,inline,3,640,60,12259.7172,59.9556,33.989,33.3694,0.0666,0.0551,0.5329,50.0,8401.9192,2233.4872
train,inline,4,768,60,12250.9608,60.0071,24.8199,31.8294,2.6226,1.9788,0.5311,50.0,13178.0839,0.5361
train,inline,4,896,45,10598.885,44.9827,23.4198,31.3529,1.8458,1.3955,0.7312,50.0,9012.3963,4.2693
train,inline,3,640,25,8430.9014,24.9909,27.9442,34.9006,0.0937,0.0922,0.9992,50.0,7068.2656,1988.0054
train,inline,2,384,95,16074.4074,94.9345,54.424,48.5149,0.0476,0.0476,0.0666,50.0,11472.7813,0.0
train,inline,1,256,45,10816.6874,44.948,75.3999,63.8444,0.2877,0.0969,0.7327,50.0,10032.3343,0.0
train,inline,1,896,45,10717.4653,44.9597,72.3771,27.9812,0.4695,0.1183,0.7341,50.0,10852.3024,0.0
train,inline,1,1024,100,16638.2356,100.0139,81.9731,26.9932,1.7673,0.1681,0.0066,50.0,19851.8919,0.0
train,inline,2,1024,25,8456.9482,24.9997,34.7683,29.4286,0.4776,0.4729,0.9992,50.0,10468.2945,2.9198
train,inline,3,512,95,16079.1261,94.9473,38.0186,31.972,0.0163,0.0163,0.0666,50.0,14923.5279,0.0
train,inline,3,1024,30,9086.2832,30.0052,30.6163,27.2784,0.0923,0.092,0.9326,50.0,9307.7668,8083.7947
train,inline,3,256,35,9545.5678,34.9778,35.5978,66.5171,0.0939,0.0848,0.866,50.0,9980.8612,5.4992
train,inline,3,768,40,10102.9138,39.9956,30.9131,32.1152,0.0796,0.0775,0.7994,50.0,9667.3728,4176.5142
train,inline,4,896,75,13881.4642,75.0073,26.1412,30.6805,0.8351,0.6398,0.3323,50.0,13161.4739,0.0
train,inline,2,896,35,9544.7797,34.9883,38.075,29.5179,0.3319,0.3307,0.866,50.0,11559.1328,0.0
train,inline,2,1024,75,13904.3136,74.9784,54.635,28.3764,0.2161,0.166,0.3331,50.0,13980.7451,2.8091
train,inline,4,512,40,10089.6103,39.991,23.7375,34.5442,7.7657,5.8461,0.7946,50.0,10787.0276,0.0
train,inline,4,640,30,8989.0771,29.9912,22.5625,34.0202,6.823,5.137,0.9282,50.0,7907.0988,3.006
train,inline,2,640,35,9558.1106,35.0047,38.4601,31.196,0.1788,0.1705,0.866,49.0,12481.5915,0.7039
train,inline,4,768,85,14973.4391,84.9751,28.151,30.7197,0.9915,0.749,0.1992,50.0,14692.112,0.717
train,inline,3,256,65,12799.8602,64.9537,39.7378,65.8336,0.0595,0.051,0.4663,50.0,14272.5155,4.1336
train,inline,4,640,95,16080.1916,95.003,27.632,32.2622,0.4905,0.3767,0.0663,50.0,16104.8721,0.0
train,inline,3,256,35,9545.255,34.9976,35.2816,66.767,0.0862,0.0845,0.866,50.0,10003.474,0.0
train,inline,1,512,85,15059.8683,85.0747,77.282,31.8281,0.6736,0.1051,0.1998,50.0,14954.8477,1.2926
train,inline,1,768,85,15035.8959,85.0354,79.7586,29.5763,1.0557,0.1265,0.2025,50.0,15582.1456,0.0
train,inline,1,256,65,12905.7564,64.8049,79.8586,64.053,0.4706,0.0938,0.4663,50.0,11712.5051,2.0123
train,inline,3,640,65,12803.1965,64.9884,34.972,32.9582,0.0523,0.049,0.4663,50.0,11470.2174,2258.3188
train,inline,1,1024,65,12841.6486,64.9401,78.9157,26.7885,0.9779,0.12,0.4698,50.0,14738.2767,0.0
train,inline,3,640,80,14441.8738,79.9728,36.9558,31.9786,0.0345,0.0327,0.2665,50.0,14479.2994,2363.4804
train,inline,1,256,85,15001.9888,84.6749,82.8453,64.5186,0.6596,0.0913,0.1998,50.0,13645.3581,0.5267
train,inline,2,896,85,14992.9433,84.9853,57.0111,28.7852,0.1255,0.0853,0.1998,50.0,14131.0679,0.0
train,inline,1,512,85,15058.5422,85.0779,77.9908,32.0394,0.6701,0.1049,0.1998,50.0,14127.4179,1.6405
train,inline,2,512,50,11192.3131,49.9986,43.2718,31.5873,0.0893,0.0725,0.6661,49.0,10939.4414,0.0
train,inline,1,640,30,9206.6439,30.023,65.9162,29.4457,0.2619,0.195,0.9327,49.0,7796.1902,4.1889
train,inline,3,256,55,11715.9538,54.988,38.355,66.2107,0.0698,0.0622,0.5995,50.0,13936.4925,0.0
train,inline,3,384,85,14975.4742,84.9663,39.7568,48.67,0.0356,0.0278,0.1998,50.0,18331.6089,3.2724
train,inline,3,512,75,13881.5796,74.9654,35.8291,33.546,0.04,0.0376,0.3331,50.0,12802.5946,0.0
train,inline,3,640,25,8433.2147,24.9968,27.9925,34.882,0.0985,0.0924,0.9992,50.0,7569.2876,1990.3627
train,inline,3,256,35,9545.912,35.0021,35.7143,66.7983,0.0923,0.0848,0.866,50.0,9994.5564,0.0
train,inline,2,384,85,14979.3942,84.9302,51.9305,48.5839,0.1187,0.1187,0.1998,50.0,12523.2572,0.0
train,inline,4,1024,35,9491.0609,35.0025,21.1502,30.3207,0.0932,0.0849,0.8652,50.0,10922.773,1.5489
train,inline,1,256,30,9246.6421,30.0174,73.3253,63.532,0.1578,0.0995,0.9326,50.0,6855.0357,2.9591
train,inline,3,512,85,14980.6426,84.9618,35.7628,32.7603,0.0264,0.0264,0.1998,50.0,14326.661,0.0
train,inline,4,384,100,16627.9332,99.9742,29.8413,50.1752,0.0108,0.0108,0.0,50.0,16996.7303,0.0
train,inline,4,896,99999,18974.2532,126.9429,33.5538,30.3185,0.0443,0.0031,0.0,50.0,19007.5598,7495.6026
train,inline,2,1024,65,12810.2682,64.9802,50.1773,28.2439,0.2589,0.2269,0.4663,50.0,13957.459,0.0
train,inline,4,640,40,10079.0438,40.0023,22.6546,33.7103,5.8388,4.4041,0.7956,50.0,10192.3188,0.0
train,inline,3,384,99999,18961.5174,126.9013,45.1095,49.3185,0.0764,0.0035,0.0,50.0,14670.3284,9999.1238
train,inline,4,1024,95,16059.2967,95.0169,32.0723,28.8236,0.0293,0.0171,0.0666,50.0,15765.3123,2.3737
train,inline,2,384,65,12786.6692,64.9193,47.7441,47.9749,0.2622,0.2622,0.4663,50.0,9817.1746,0.4131
train,inline,4,384,30,8943.8289,30.0005,23.38,51.793,4.5624,3.4438,0.9298,50.0,7943.5068,1.4541
train,inline,2,896,50,11176.726,49.9763,44.023,29.065,0.2738,0.2573,0.6661,50.0,12864.9578,0.2689
train,inline,2,768,70,13363.325,69.9918,50.9984,29.8118,0.1579,0.1223,0.3997,50.0,14678.8879,0.0
train,inline,4,512,99999,18922.7587,126.8179,34.2383,31.8834,0.0286,0.002,0.0,50.0,18765.9436,0.474
train,inline,2,640,65,12820.51,64.9904,48.6799,30.4094,0.124,0.0974,0.4663,50.0,12317.1542,1.6008
train,inline,2,896,30,9007.6505,29.9961,36.1113,30.2371,0.357,0.3555,0.9326,50.0,9631.0589,1.9227
train,inline,1,256,55,11859.416,54.8473,77.5002,63.7268,0.3825,0.0956,0.5995,50.0,9857.6256,3.5733
train,inline,2,512,70,13369.0361,69.9968,49.3586,31.2186,0.0762,0.0484,0.3997,50.0,10950.5328,0.0
train,inline,3,1024,55,11782.6755,55.0065,33.8879,27.9999,0.0633,0.063,0.5995,50.0,12497.523,8766.4795
train,inline,4,512,30,9003.0539,30.0045,22.9687,34.8098,9.0621,6.8188,0.9271,50.0,9899.4835,1.6541
train,inline,3,256,95,16053.105,94.9562,44.1106,64.9325,0.0208,0.0168,0.0666,50.0,21060.6421,1.4826
train,inline,3,256,45,10627.7464,44.9807,36.842,66.3321,0.0729,0.0729,0.7327,50.0,11957.4097,0.0
train,inline,4,640,65,12808.9152,64.9896,25.4769,33.2031,3.4176,2.574,0.4641,50.0,11091.1448,2.2987
train,inline,4,512,25,8457.841,25.0081,22.8058,35.1507,9.7056,7.305,0.9933,50.0,8230.8149,0.0
train,inline,4,896,40,10055.3823,40.025,22.8651,31.7642,2.0151,1.5216,0.7976,50.0,9641.3974,0.0
train,inline,1,384,55,11881.0303,54.9906,72.9314,47.6849,0.4188,0.1359,0.5995,49.0,11035.5495,0.0
train,inline,2,1024,25,8456.8835,25.0183,34.6412,29.2813,0.4771,0.4728,0.9992,50.0,11689.5271,0.0
train,inline,1,384,65,12930.9089,64.9487,75.4912,47.56,0.5062,0.1235,0.4663,50.0,13331.6333,2.0438
train,inline,3,768,25,8470.1602,24.998,28.1333,32.5896,0.0863,0.0936,0.9992,50.0,6820.1726,3971.0933
train,inline,3,384,55,11701.5745,54.9833,35.3895,50.7772,0.0662,0.0604,0.5995,50.0,12801.5999,0.0
train,inline,1,768,50,11294.0945,49.9919,72.685,28.9664,0.5354,0.1441,0.6672,49.0,10499.1602,2.611
train,inline,1,896,85,15024.3074,85.0099,80.4777,28.3099,1.2476,0.1372,0.2038,50.0,17095.0393,0.0
train,inline,3,768,55,11735.8963,54.9986,32.4123,31.7736,0.0606,0.0606,0.5995,50.0,10567.5792,4378.5325
train,inline,3,640,75,13891.5213,74.9574,35.2223,31.9358,0.0378,0.0378,0.3331,50.0,12863.1483,2327.6188
train,inline,2,384,99999,18941.7999,126.8936,63.4865,46.942,0.0548,0.0025,0.0016,50.0,22698.1158,0.0
train,inline,4,768,99999,18962.5485,126.9133,33.993,31.2464,0.0494,0.0033,0.0,50.0,17935.1363,4993.8654
train,inline,1,768,75,13967.1776,75.026,76.8964,29.1393,0.9027,0.1313,0.3353,50.0,15560.3352,0.6385
train,inline,1,1024,70,13383.3435,69.9569,80.2109,26.9266,1.0909,0.1268,0.4036,50.0,14814.2984,1.6687
train,inline,1,640,45,10800.9829,45.0256,69.2519,29.8621,0.429,0.1736,0.7332,49.0,9267.8586,4.2025
train,inline,1,1024,45,10676.2596,44.9174,74.9331,27.0262,0.5031,0.0913,0.7345,50.0,11073.6373,0.0
train,inline,2,384,45,10606.3647,44.9319,43.8739,48.3755,0.4061,0.4061,0.7327,50.0,7332.5394,4.974
train,inline,4,1024,35,9487.8032,34.9928,21.4564,30.3717,0.0876,0.0847,0.8652,50.0,9269.9206,0.9283
train,inline,3,640,70,13352.0449,69.9711,35.36,32.7237,0.0522,0.044,0.3997,50.0,11288.2978,2295.9079
train,inline,2,768,90,15530.6711,89.9465,57.7642,28.5841,0.0904,0.0487,0.1332,50.0,13171.2859,0.7916
train,inline,2,384,90,15525.9492,89.9257,52.9694,48.5545,0.0829,0.0829,0.1332,50.0,11283.4072,0.0
train,inline,3,640,30,8978.529,29.993,28.1516,34.9694,0.0863,0.0863,0.9326,50.0,7517.6173,2017.9439
train,inline,4,768,95,16073.1232,95.0042,29.7407,31.0297,0.3461,0.2573,0.0664,50.0,16598.7851,0.1654
train,inline,2,896,95,16080.8395,94.9802,61.7387,28.4346,0.0929,0.0366,0.0666,50.0,14965.7102,2.2209
train,inline,2,640,50,11188.1442,49.9976,43.6169,30.8281,0.1531,0.1343,0.6661,50.0,11328.4323,0.0
train,inline,4,256,35,9442.1062,34.9951,22.476,68.3749,0.0648,0.0648,0.866,50.0,7619.9609,0.0
train,inline,2,896,70,13356.7075,69.9768,51.7534,28.7955,0.1936,0.1592,0.3997,50.0,13475.2077,0.7084
train,inline,3,384,100,16613.5017,99.9475,41.6861,48.218,0.0156,0.0113,0.0,50.0,18705.8173,0.761
train,inline,2,1024,35,9545.8948,35.0108,38.5007,28.9059,0.4244,0.4114,0.866,50.0,12985.0653,1.0917
train,inline,3,512,100,16626.3556,99.9468,39.4815,31.3389,0.0146,0.0113,0.0,50.0,16655.1333,0.0
train,inline,4,640,55,11716.7119,55.0092,24.826,33.0586,4.3947,3.3064,0.5967,50.0,12750.684,0.3013
train,inline,2,256,90,15512.8418,89.8958,51.3618,66.7792,0.1425,0.1425,0.1332,50.0,10025.6202,0.0
train,inline,4,768,75,13889.625,75.0096,27.3198,31.6575,1.6508,1.2413,0.3319,50.0,13763.4195,0.0
train,inline,4,512,80,14449.7867,80.0011,26.5967,33.7508,2.5875,1.9554,0.2649,50.0,14078.2374,0.0
train,inline,4,256,70,13309.1558,69.9672,28.2362,67.8625,0.0387,0.036,0.3997,50.0,13353.7161,0.0
train,inline,3,1024,55,11778.0144,54.9897,33.8956,27.6403,0.063,0.063,0.5995,50.0,11976.247,8767.5131
train,inline,4,640,40,10080.4124,39.9943,23.5695,33.7698,5.8521,4.4048,0.7956,50.0,9044.893,1.8337
train,inline,1,256,85,15007.0597,84.6845,83.0323,64.9281,0.6663,0.0915,0.1998,50.0,14641.9429,1.011
train,inline,3,896,99999,18959.2297,126.8854,42.3073,30.6814,0.0469,0.0025,0.0,50.0,23153.0409,9996.2095
train,inline,2,768,60,12273.3975,59.9896,47.2589,29.666,0.1864,0.1591,0.5329,50.0,13289.096,1.7776
train,inline,4,896,60,12236.4159,59.9925,25.0568,30.6847,1.3407,1.0177,0.5318,50.0,12079.0362,0.0
train,inline,4,640,30,8988.6676,30.0072,22.2609,33.5772,6.8233,5.1368,0.9282,50.0,10622.4122,3.1297
train,inline,1,512,80,14534.3558,80.0863,75.8471,31.4078,0.6439,0.1172,0.2665,49.0,16138.3578,4.3543
train,inline,3,1024,30,9084.8204,30.0062,31.125,27.396,0.0918,0.0918,0.9326,50.0,9300.2332,8083.9128
train,inline,3,896,35,9595.5724,34.9844,30.402,30.1617,0.0875,0.0848,0.866,50.0,6678.7165,6168.3812
train,inline,3,512,60,12237.4764,59.9846,33.1748,34.9922,0.0585,0.0536,0.5329,50.0,10476.324,0.0
train,inline,4,1024,70,13320.1023,69.9971,27.1791,29.291,0.0533,0.0454,0.3993,50.0,13121.4485,0.9223
train,inline,2,640,90,15540.5617,89.977,56.737,29.7771,0.0804,0.0366,0.1332,50.0,13306.8766,0.4999
train,inline,3,512,35,9489.3444,34.9823,29.1761,36.8557,0.0812,0.0798,0.866,50.0,6805.5006,0.0
train,inline,1,384,80,14506.1425,79.899,79.4228,48.2603,0.6248,0.1044,0.2665,50.0,13473.757,1.1552
train,inline,1,512,70,13478.4614,70.0747,73.3806,31.6029,0.5688,0.1408,0.3997,49.0,14036.9777,0.3588
train,inline,1,512,90,15586.1505,90.0718,78.5537,31.7115,0.7101,0.0933,0.1332,50.0,16165.4866,3.049
train,inline,4,768,70,13344.6123,69.9884,27.0196,31.9222,1.981,1.4875,0.3983,50.0,11476.2917,5.3786
train,inline,1,384,95,16084.1461,94.8528,82.6433,48.7854,0.7498,0.0855,0.0666,50.0,16399.8981,0.0
train,inline,4,256,35,9439.8246,34.9922,23.6232,68.4512,0.0649,0.0649,0.866,50.0,6905.6119,1.3739
train,inline,3,384,70,13338.7814,69.9797,37.8759,49.9545,0.0509,0.0442,0.3997,50.0,14184.057,0.0
train,inline,1,384,75,13982.5011,74.9089,77.9505,48.173,0.5879,0.1109,0.3331,50.0,13238.254,1.1985
train,inline,4,512,75,13906.5426,74.9993,25.6502,33.8794,3.2357,2.4419,0.3311,50.0,14249.7969,0.0
train,inline,4,768,70,13341.8401,70.0133,27.3636,31.8356,1.9744,1.487,0.3983,50.0,12970.8633,0.0
train,inline,2,768,99999,18947.0998,126.8496,60.3009,28.7943,0.0658,0.0034,0.0,50.0,17356.7769,5010.1234
validation,inline,2,256,99999,18951.6889,126.945,66.2111,63.8825,0.4465,0.0136,0.0,50.0,25187.9556,0.0
train,inline,1,512,25,8729.4695,25.0832,60.903,29.9763,0.2437,0.2476,0.9992,48.0,8572.8724,0.0
train,inline,1,640,30,9206.1108,30.0386,65.4389,29.0182,0.2609,0.1949,0.9327,49.0,10530.1881,2.8134
train,inline,1,640,65,12923.5974,65.0459,73.7097,30.2839,0.6437,0.1444,0.4672,49.0,14904.1074,0.0
train,inline,2,384,99999,18944.7716,126.9089,63.5433,46.914,0.0608,0.0029,0.0016,50.0,22973.1996,0.0
train,inline,3,512,60,12236.764,59.9798,33.1725,34.9263,0.0577,0.0536,0.5329,50.0,10560.235,0.0
train,inline,1,256,35,9767.0378,34.9802,73.9472,63.3919,0.1978,0.0985,0.866,50.0,8114.2543,3.6144
train,inline,4,640,55,11713.6725,55.0024,25.4237,33.2552,4.3878,3.3059,0.5967,50.0,12190.7327,1.1248
train,inline,2,896,55,11722.1359,54.9848,46.4879,29.1359,0.2533,0.2327,0.5995,50.0,12539.7625,1.6752
train,inline,4,256,55,11650.2296,54.9754,25.8715,67.6406,0.0526,0.0486,0.5995,50.0,11401.0016,3.02
train,inline,2,384,99999,18944.2129,126.9052,62.8255,46.9158,0.0512,0.0023,0.0016,50.0,22906.3311,0.0
train,inline,3,512,50,11139.1136,49.9664,31.741,35.8133,0.0704,0.0642,0.6661,50.0,8742.7663,2.8738
train,inline,3,512,45,10589.1933,44.9824,29.6395,36.2318,0.0685,0.0685,0.7327,50.0,8833.1567,0.0
train,inline,2,1024,70,13359.4164,69.9977,52.0718,28.0499,0.2396,0.1965,0.3997,50.0,16131.3334,2.4204
train,inline,3,640,75,13899.4078,74.9946,36.1984,32.5198,0.0483,0.0387,0.3331,50.0,13226.0908,2320.8986
train,inline,3,768,95,16083.7507,94.973,39.2768,30.1648,0.0189,0.0168,0.0666,50.0,15756.6848,4930.3432
train,inline,3,640,70,13350.335,69.9791,35.1573,32.6146,0.0474,0.0436,0.3997,50.0,13737.0476,2292.6686
train,inline,1,1024,85,15011.2041,84.981,81.4192,27.0012,1.4368,0.1477,0.2051,50.0,18816.9401,0.0
train,inline,3,256,90,15511.1184,89.964,43.4021,65.1796,0.0234,0.0223,0.1332,50.0,20063.7412,1.0612
train,inline,1,1024,65,12838.7575,64.9296,78.8365,26.4395,0.9755,0.1199,0.4698,50.0,14152.9357,0.4094
train,inline,3,384,90,15519.2019,89.9517,40.4067,48.6024,0.0262,0.0221,0.1332,50.0,19552.2968,0.0
train,inline,1,512,90,15587.3908,90.0768,78.9242,32.1352,0.7079,0.0931,0.1332,50.0,15055.9039,1.2073
train,inline,2,256,80,14411.5312,79.8896,49.8922,66.2721,0.2735,0.2735,0.2665,50.0,10939.6246,0.0
train,inline,2,384,65,12784.1914,64.9106,47.6823,47.7897,0.2621,0.2621,0.4663,50.0,9544.0931,0.7379
train,inline,4,512,70,13362.6165,70.006,25.4462,33.6547,3.8898,2.9285,0.3973,50.0,14860.6465,1.3942
train,inline,4,256,50,11099.8143,49.9856,23.8343,68.3513,0.0518,0.0518,0.6661,50.0,8970.64,0.0
train,inline,4,768,95,16075.7237,94.9932,29.8339,31.2103,0.3531,0.2577,0.0664,50.0,15552.5992,3.4399
train,inline,2,768,95,16084.3517,94.9811,59.6549,28.8129,0.0868,0.0307,0.0666,50.0,15376.629,2.6382
train,inline,1,384,60,12404.9688,59.9631,73.7451,47.7275,0.454,0.1292,0.5329,49.0,12588.6905,0.0
train,inline,3,1024,45,10704.9447,45.0088,32.514,27.6224,0.0784,0.0747,0.7327,50.0,12782.9754,8493.9181
train,inline,4,1024,100,16610.8858,100.0233,31.9369,28.4379,0.0329,0.012,0.0,50.0,17899.8226,1.2286
train,inline,2,640,99999,18936.3208,126.8251,61.2687,29.163,0.0731,0.0032,0.0,50.0,19406.4132,2506.0801
train,inline,2,384,99999,18940.1983,126.8765,63.5738,46.8225,0.0561,0.0027,0.0016,50.0,21020.1797,2.8637
train,inline,2,640,75,13904.1749,74.974,52.2326,30.0343,0.1015,0.0729,0.3331,50.0,11770.9484,1.6369
train,inline,1,896,35,9639.1266,34.9486,72.8613,27.4667,0.3012,0.1147,0.8666,50.0,10890.0063,3.6177
train,inline,3,640,50,11161.8267,49.9765,31.0555,33.6089,0.0646,0.0646,0.6661,50.0,9444.6356,2155.0934
train,inline,2,640,35,9561.0963,34.9922,38.7875,31.336,0.188,0.1711,0.866,49.0,10447.5366,7.013
train,inline,3,256,40,10080.3346,39.9519,36.0858,66.0418,0.0788,0.0788,0.7994,50.0,10168.0025,2.7197
validation,inline,2,512,100,16630.4222,100.0311,60.1111,30.0207,0.1453,0.0144,0.0033,50.0,16617.5556,0.0
train,inline,2,256,50,11111.2079,49.901,46.196,65.0111,0.6674,0.6674,0.6661,50.0,8328.4257,0.0
train,inline,1,768,45,10757.3156,44.9993,71.7184,28.6154,0.4565,0.1462,0.7336,49.0,11552.5944,1.9364
train,inline,4,896,90,15517.9029,89.9979,29.6448,29.8443,0.3523,0.2631,0.1329,50.0,15415.5113,0.4697
train,inline,4,768,45,10612.094,45.0049,23.4334,32.1613,3.6044,2.7169,0.7303,50.0,11777.9482,2.2501
train,inline,1,1024,25,8508.379,24.8831,73.2438,26.9185,0.0552,0.064,0.9992,50.0,8301.213,0.0
train,inline,4,512,80,14448.9702,79.9907,26.8227,33.4989,2.5985,1.9561,0.2649,50.0,14295.786,0.0
train,inline,2,256,99999,18955.3281,127.0078,64.9619,63.946,0.0258,0.0019,0.0033,50.0,24894.444,0.0
train,inline,1,1024,90,15552.3376,89.991,82.3299,27.0217,1.55,0.1546,0.1389,50.0,19224.7919,0.0056
train,inline,1,512,30,9258.8891,30.0909,62.5235,30.2355,0.2869,0.2361,0.9326,48.0,9027.1279,0.0
train,inline,1,256,90,15524.0221,89.6373,83.6205,64.4466,0.7058,0.0906,0.1332,50.0,14271.5795,1.0629
train,inline,1,768,99999,18968.1065,126.9385,90.3095,29.2203,0.9736,0.08,0.0,50.0,14037.5172,5283.4245
train,inline,2,640,30,9014.9499,30.0117,35.9996,31.5643,0.1823,0.1823,0.9326,49.0,11126.8252,0.0
train,inline,2,896,75,13906.3824,74.9773,53.7699,29.0651,0.1812,0.1351,0.3331,50.0,13539.1645,2.6375
train,inline,2,384,80,14433.9371,79.9409,51.0864,48.5985,0.155,0.155,0.2665,50.0,10197.6728,0.0
train,inline,3,384,99999,18959.1472,126.9024,44.8064,49.0837,0.0703,0.003,0.0,50.0,16974.5772,9999.2756
train,inline,3,896,80,14466.6762,79.9818,37.5312,29.7435,0.0405,0.0341,0.2665,50.0,12912.2805,7092.9272
train,inline,4,768,65,12797.6901,65.0034,26.0899,31.9589,2.3031,1.7333,0.4647,50.0,12287.1452,0.0
train,inline,3,384,60,12246.5746,59.9751,34.8523,50.4802,0.0542,0.0542,0.5329,50.0,12551.1519,0.0
train,inline,1,640,50,11334.3165,50.0164,70.7148,30.1829,0.4906,0.1668,0.6667,49.0,8273.192,8.3704
train,inline,4,640,60,12264.1177,59.9819,25.758,33.3681,3.914,2.9406,0.5304,50.0,10283.015,6.2338
train,inline,2,768,55,11730.2024,54.9944,45.6154,30.1126,0.2002,0.1773,0.5995,50.0,13905.06,0.0
train,inline,4,1024,99999,18992.2839,126.9692,33.0636,29.7822,0.054,0.0038,0.0,50.0,18139.8519,9995.8499
train,inline,1,256,45,10816.1095,44.9246,75.7855,63.7724,0.2923,0.0971,0.7327,50.0,9324.0185,3.0718
train,inline,3,1024,50,11243.5552,50.006,33.2955,27.889,0.0707,0.0688,0.6661,50.0,12706.5291,8629.4666
train,inline,4,1024,65,12773.7674,64.9986,26.2541,29.4978,0.0593,0.051,0.4659,50.0,12650.3491,0.5312
train,inline,1,512,85,15062.4677,85.0894,77.3071,32.2154,0.6744,0.1053,0.1998,50.0,14100.5728,0.0
train,inline,1,384,55,11879.0023,54.9689,73.9841,47.6044,0.4238,0.1361,0.5995,49.0,10051.6037,4.3391
train,inline,1,768,85,15038.3426,85.0453,79.4757,29.3979,1.0623,0.1269,0.2025,50.0,16825.5609,0.0
train,inline,3,256,99999,18968.8624,126.9357,46.7455,65.3262,0.0918,0.0039,0.0,50.0,12543.4112,10010.527
train,inline,2,1024,80,14446.2176,79.9817,56.4458,28.0494,0.1855,0.1351,0.2665,50.0,15039.577,0.0
train,inline,4,384,95,16080.5794,94.9607,30.179,50.4791,0.3457,0.2566,0.0664,50.0,14569.6367,3.9388
train,inline,3,256,100,16592.513,99.9363,44.2533,64.458,0.0137,0.0112,0.0,50.0,21952.3111,0.807
train,inline,1,512,40,10315.4836,40.0752,65.2896,30.3809,0.3643,0.2126,0.7994,48.0,9955.371,6.5792
train,inline,1,896,25,8564.0022,24.9347,70.7386,27.323,0.1146,0.1104,0.9992,50.0,10484.8459,2.301
train,inline,4,256,40,9995.3412,39.9888,23.8262,68.1648,0.0673,0.0612,0.7994,50.0,8590.5928,3.5998
train,inline,1,384,90,15559.5725,89.8655,80.8152,48.6561,0.7044,0.0918,0.1332,50.0,14138.6116,0.0
train,inline,4,256,25,8339.4548,24.9923,22.0125,68.5995,0.0825,0.074,0.9992,50.0,5564.3333,1.6206
train,inline,4,640,45,10626.4817,45.015,23.9986,33.5317,5.3676,4.0387,0.7293,50.0,11029.9369,0.0
train,inline,2,896,35,9549.7374,35.0071,37.813,29.8334,0.3322,0.3306,0.866,50.0,11963.3877,0.0
train,inline,2,256,55,11662.8188,54.9094,46.8503,65.1205,0.602,0.602,0.5995,50.0,8490.6944,0.0
train,inline,3,384,85,14967.667,84.9331,39.4944,48.4205,0.0275,0.0275,0.1998,50.0,16969.5852,0.5072
train,inline,4,384,80,14428.5558,79.9661,28.3496,50.3968,1.3113,0.9917,0.2657,50.0,13887.896,0.7952
train,inline,2,256,95,16062.0678,94.8629,51.7859,66.8479,0.0767,0.0767,0.0666,50.0,9528.8772,4.0086
train,inline,2,384,50,11147.1249,49.9336,44.6234,47.9503,0.3699,0.3699,0.6661,50.0,8984.1083,0.0
train,inline,4,768,55,11704.4468,54.9988,24.8248,32.2139,2.9523,2.2249,0.5975,50.0,12896.6873,0.1818
train,inline,3,256,60,12258.7662,59.9657,39.0921,66.0831,0.0658,0.0567,0.5329,50.0,13607.2118,2.3474
train,inline,3,896,80,14468.3328,79.9833,37.9602,29.9405,0.0435,0.0342,0.2665,50.0,12204.535,7095.2937
train,inline,4,640,80,14445.4475,79.997,27.583,32.7421,1.968,1.4761,0.2652,50.0,13251.0344,0.5894
train,inline,2,512,70,13367.7069,69.9882,49.2915,30.8878,0.0766,0.0483,0.3997,50.0,12795.8625,1.3354
train,inline,1,1024,85,15012.9316,84.9621,81.7232,27.1145,1.4437,0.1483,0.2051,50.0,15233.0445,5.412
train,inline,3,768,55,11734.9187,54.9924,33.1368,31.5087,0.0645,0.0609,0.5995,50.0,12484.3217,4384.2501
train,inline,4,384,55,11689.8807,54.9945,25.4521,50.911,2.9438,2.2181,0.5978,50.0,12347.3718,3.052
train,inline,4,1024,70,13327.6528,69.9864,27.5173,29.8391,0.0683,0.0462,0.3993,50.0,10925.2676,7.3107
train,inline,4,256,35,9438.4563,34.9797,23.0147,68.2259,0.065,0.065,0.866,50.0,7128.7272,0.1874
train,inline,1,1024,100,16637.0673,100.0063,83.233,27.0268,1.7795,0.1686,0.0066,50.0,20537.4486,0.0
train,inline,4,768,35,9520.2225,34.9937,22.501,32.8225,4.2561,3.2088,0.863,50.0,10044.8638,1.6322
train,inline,4,640,85,14987.3433,84.9972,28.601,32.4917,1.4752,1.1095,0.1989,50.0,14123.8935,3.527
train,inline,4,896,100,16616.4481,100.0206,31.1848,29.8029,0.0294,0.0119,0.0,50.0,16916.4157,0.0
train,inline,1,1024,25,8501.6413,24.8762,73.878,26.6318,0.0619,0.0643,0.9992,50.0,9052.2822,2.0572
train,inline,4,384,65,12784.4528,64.9878,27.1447,51.03,2.2844,1.7272,0.4649,50.0,11845.3136,1.2722
train,inline,2,640,99999,18936.93,126.8238,61.0765,29.2787,0.0736,0.0031,0.0,50.0,20705.1383,2503.8962
train,inline,1,1024,100,16634.1829,100.0103,84.2388,27.0297,1.7754,0.1684,0.0066,50.0,19013.2777,2.6096
train,inline,2,1024,99999,18959.1105,126.9281,57.8868,27.1216,0.0314,0.0026,0.0,50.0,18564.7643,10010.7156
train,inline,4,896,80,14427.2299,80.0106,27.2061,30.4619,0.671,0.514,0.2659,50.0,14131.7523,0.0
train,inline,3,1024,35,9625.7236,35.0051,31.2296,27.399,0.0871,0.0862,0.866,50.0,9873.7168,8220.4752
train,inline,4,384,70,13333.3146,69.9759,26.5177,50.7736,1.9563,1.4819,0.3985,50.0,12599.7687,0.0
train,inline,1,768,75,13966.3113,75.0141,78.0413,29.4296,0.9071,0.1315,0.3353,50.0,13439.1671,3.8796
train,inline,4,384,95,16078.3357,94.9693,30.3238,50.3761,0.3405,0.2563,0.0664,50.0,15413.4657,2.1349
train,inline,1,896,100,16639.0783,100.0199,82.8521,28.4463,1.5309,0.1439,0.0049,50.0,18819.1967,0.6851
train,inline,4,1024,60,12219.358,59.9717,25.1202,29.1135,0.059,0.0565,0.5324,50.0,11850.6893,0.8495
train,inline,4,640,55,11711.1278,54.9953,25.5149,33.0876,4.3854,3.3059,0.5967,50.0,11379.5744,2.0824
train,inline,4,896,90,15522.1513,90.016,29.4325,30.1722,0.3539,0.2632,0.1329,50.0,15361.4026,0.0
train,inline,1,768,70,13433.3513,70.0146,75.279,29.4549,0.8181,0.1333,0.4017,50.0,12901.2235,0.0
train,inline,4,1024,70,13326.3759,70.0034,27.146,29.394,0.0657,0.046,0.3993,50.0,13391.3051,5.8623
train,inline,3,640,99999,18950.9431,126.8662,43.0402,32.0426,0.0523,0.0026,0.0,50.0,20782.3239,9989.684
train,inline,2,1024,100,16627.4444,99.9818,64.4807,27.8233,0.0832,0.0124,0.0,50.0,17391.6898,0.0
train,inline,4,512,70,13362.2768,69.9853,26.2606,33.998,3.8956,2.9289,0.3973,50.0,12181.0029,3.284
train,inline,1,896,85,15023.2893,85.0044,80.4448,28.2437,1.2454,0.1371,0.2038,50.0,17374.9158,0.0
train,inline,3,256,90,15511.1774,89.9625,43.5591,65.1453,0.0265,0.0224,0.1332,50.0,20148.9641,1.6464
train,inline,3,512,45,10588.1533,44.9811,30.3214,36.1655,0.0687,0.0687,0.7327,50.0,8276.6818,0.0
train,inline,1,768,85,15031.7908,85.0139,79.2534,29.1523,1.0517,0.1264,0.2025,50.0,15803.2643,0.7084
train,inline,1,256,95,16054.2472,94.622,85.0885,65.1861,0.7591,0.0902,0.0666,50.0,13826.3866,2.7693
train,inline,4,1024,45,10587.8125,44.9886,23.1459,30.3946,0.0871,0.074,0.7321,50.0,9142.2124,4.1807
train,inline,1,896,100,16633.3125,99.9967,82.7334,28.0093,1.5268,0.1439,0.0049,50.0,17625.5684,2.2381
train,inline,2,896,75,13905.7101,74.9913,53.0652,29.026,0.1713,0.1346,0.3331,50.0,13732.9348,0.0
train,inline,2,384,30,8965.1785,29.9646,39.3581,48.3439,0.5124,0.5124,0.9326,50.0,8266.2321,0.0
train,inline,3,384,80,14429.465,79.9634,38.9692,49.2794,0.0379,0.0331,0.2665,50.0,17175.8534,0.0
train,inline,4,768,55,11703.0975,55.0061,24.258,32.243,2.9378,2.2242,0.5975,50.0,11337.3377,0.0
train,inline,1,640,75,13988.761,75.0229,76.5224,30.7535,0.7645,0.1309,0.3342,50.0,11086.6023,7.9579
train,inline,2,256,60,12211.3229,59.89,47.6622,65.4493,0.5362,0.5362,0.5329,50.0,7456.8776,2.2135
train,inline,4,384,60,12239.2978,59.9821,26.2134,51.2141,2.619,1.973,0.5313,50.0,10698.171,1.096
train,inline,3,768,95,16089.4949,94.9754,39.4937,30.3037,0.0299,0.0173,0.0666,50.0,15697.3193,4938.2048
train,inline,2,256,75,13856.9568,74.8744,48.9997,65.4528,0.3391,0.3391,0.3331,50.0,10039.7423,2.2277
train,inline,2,640,30,9017.9937,29.983,37.3665,31.7613,0.1984,0.1835,0.9326,49.0,8471.8549,7.957
train,inline,2,384,45,10605.0654,44.9575,43.7755,48.2814,0.406,0.406,0.7327,50.0,8793.3208,0.0
train,inline,3,896,85,15007.1875,84.9987,38.4182,29.7393,0.0303,0.028,0.1998,50.0,15981.5781,7192.1786
train,inline,2,896,65,12813.8195,64.9889,49.9011,29.0092,0.2187,0.1841,0.4663,50.0,13025.5754,0.0
train,inline,1,768,65,12891.441,64.9956,75.5114,28.7713,0.7505,0.1362,0.4681,50.0,13141.3851,0.9471
train,inline,1,256,60,12382.3092,59.8276,78.2257,63.7955,0.4253,0.0946,0.5329,50.0,12144.9662,0.004
train,inline,1,768,99999,18967.3463,126.944,90.1578,29.0655,0.9717,0.0799,0.0,50.0,15031.2026,5282.6932
train,inline,4,1024,35,9490.4875,35.0029,21.4608,30.55,0.091,0.0849,0.8652,50.0,9308.5443,0.0
train,inline,1,896,25,8564.5639,24.9203,71.0191,27.711,0.1151,0.1105,0.9992,50.0,8090.7497,2.605
train,inline,3,384,99999,18957.2783,126.8953,44.7808,49.0054,0.0683,0.003,0.0,50.0,16680.6283,9998.9743
train,inline,3,384,55,11702.1818,54.9743,35.4672,50.8014,0.0681,0.0606,0.5995,50.0,11119.647,0.0
train,inline,3,640,80,14443.8804,79.9656,36.5805,32.0624,0.0362,0.0329,0.2665,50.0,13020.7701,2364.6359
train,inline,2,256,50,11110.9885,49.9021,46.313,65.034,0.6673,0.6673,0.6661,50.0,8758.0639,0.0
train,inline,2,768,95,16083.4543,94.9804,58.7188,29.2488,0.0666,0.0298,0.0666,50.0,13307.0158,0.0
train,inline,4,512,100,16629.6871,99.9947,28.406,33.0642,0.016,0.0111,0.0,50.0,16460.2271,0.0
train,inline,2,1024,75,13900.5271,74.9834,54.7655,28.1629,0.2092,0.1656,0.3331,50.0,14658.9493,1.0432
train,inline,4,512,35,9547.3144,35.0034,23.5098,34.7307,8.4148,6.3325,0.8609,50.0,10131.1568,1.5249
train,inline,2,384,99999,18938.2793,126.8821,63.4863,46.6884,0.0517,0.0025,0.0016,50.0,21876.1268,0.6634
train,inline,3,896,95,16093.5023,94.9959,39.6784,29.4744,0.0288,0.0173,0.0666,50.0,16543.9839,7403.3005
train,inline,4,1024,80,14421.2753,80.001,28.3091,29.45,0.0457,0.0343,0.2662,50.0,12932.5753,1.7735
train,inline,1,384,40,10301.1447,40.0338,70.64,47.1094,0.2982,0.1548,0.7994,49.0,9638.6867,0.0
train,inline,1,384,100,16612.6803,99.8235,83.6652,49.0905,0.7961,0.0797,0.0,50.0,13834.0109,3.8476
train,inline,2,768,35,9552.4394,35.0009,39.3427,30.6549,0.2586,0.2507,0.866,50.0,10701.6438,3.6724
train,inline,3,384,30,8972.2045,29.9931,31.5549,51.9602,0.0916,0.0876,0.9326,50.0,8410.6371,0.0
train,inline,4,768,100,16620.311,100.0014,30.2164,30.9238,0.0227,0.0114,0.0,50.0,16971.3887,0.5072
train,inline,3,896,80,14462.2984,79.9821,37.2373,29.4083,0.0337,0.0337,0.2665,50.0,14281.2381,7089.6005
train,inline,4,384,75,13884.9155,74.9867,25.9092,50.9733,1.6186,1.2361,0.3321,50.0,13040.6789,0.0
train,inline,2,1024,100,16627.0656,99.9794,64.4444,27.7965,0.0824,0.0123,0.0,50.0,17628.9598,0.0
train,inline,1,256,95,16052.7758,94.6283,85.0731,65.0963,0.7553,0.09,0.0666,50.0,14560.675,0.9689
train,inline,1,1024,25,8510.7173,24.8762,74.474,26.9926,0.0746,0.065,0.9992,50.0,6575.0374,6.5475
train,inline,1,768,80,14497.5583,80.0156,78.4013,29.1559,0.9789,0.129,0.2689,50.0,14870.2438,0.0
train,inline,4,896,40,10052.6129,40.0063,22.4451,31.2796,2.0098,1.5212,0.7976,50.0,10973.8238,0.8829
train,inline,2,256,95,16061.375,94.8699,51.0222,66.8742,0.0762,0.0762,0.0666,50.0,9921.1387,0.0
train,inline,1,256,75,13958.8001,74.7542,80.9895,64.3215,0.5721,0.0929,0.3331,50.0,14248.5874,1.7336
train,inline,2,512,95,16085.7478,94.9763,56.7471,30.1722,0.0575,0.0182,0.0666,50.0,12072.3392,1.0698
train,inline,4,384,90,15530.9035,89.9805,29.0682,50.1907,0.6662,0.5015,0.1328,50.0,16629.8422,1.8444
train,inline,2,896,50,11184.126,50.0111,44.5347,29.6554,0.2826,0.2577,0.6661,50.0,12333.277,0.0
train,inline,1,896,30,9100.3127,29.9387,72.0832,27.5453,0.2045,0.1124,0.9329,50.0,9537.6456,2.2047
train,inline,2,640,65,12821.903,65.003,49.0639,30.687,0.1271,0.0977,0.4663,50.0,11574.7294,0.0
train,inline,2,640,75,13911.6841,74.9888,52.117,30.4912,0.1137,0.0736,0.3331,50.0,11081.3966,0.0
train,inline,2,896,75,13906.9178,74.9996,53.7748,29.0992,0.1815,0.1352,0.3331,50.0,14027.6474,0.0
train,inline,4,640,100,16627.9445,99.9971,29.5901,32.2265,0.0259,0.0117,0.0,50.0,15302.3397,0.4048
train,inline,2,1024,25,8456.3935,25.0153,34.6767,29.4014,0.4754,0.4727,0.9992,50.0,12203.2142,0.0
train,inline,3,768,95,16087.6217,94.9596,39.6219,30.474,0.027,0.0172,0.0666,50.0,13888.5016,4937.4169
train,inline,2,512,100,16630.6403,99.9473,59.0432,30.3977,0.0633,0.0128,0.0,50.0,8766.97,6.3433
train,inline,1,512,50,11369.3753,50.0696,67.9407,30.9649,0.4288,0.1886,0.6661,49.0,9777.9461,3.0979
train,inline,2,768,80,14452.2434,79.974,54.6136,29.573,0.1305,0.0859,0.2665,50.0,12491.1971,2.5076
train,inline,2,256,95,16059.8292,94.8748,51.2704,66.7757,0.0761,0.0761,0.0666,50.0,10566.9816,0.0
train,inline,3,896,30,9051.3535,29.9894,30.6026,30.0496,0.095,0.0905,0.9326,50.0,6680.0346,6067.0015
train,inline,4,896,85,14976.5138,84.9936,29.2303,30.358,0.5279,0.3894,0.1994,50.0,13375.4456,5.2208
train,inline,4,896,80,14423.31,79.9932,28.1278,30.0809,0.6824,0.5146,0.2659,50.0,15333.6847,0.0
train,inline,1,256,99999,18965.4889,126.9446,91.0889,66.6047,1.2212,0.1351,0.0198,50.0,16202.6667,0.0
train,inline,1,640,99999,18971.1574,126.9852,90.2621,29.5112,1.1762,0.0984,0.0,50.0,15724.9749,2643.2398
train,inline,2,1024,90,15536.2343,89.9783,60.3279,27.7225,0.134,0.0737,0.1332,50.0,16466.3979,1.2842
train,inline,1,256,85,15007.3183,84.6802,83.1164,64.9212,0.6672,0.0917,0.1998,50.0,12737.1804,3.0468
train,inline,4,640,40,10075.6499,39.9895,23.319,33.4112,5.8445,4.4044,0.7956,50.0,9968.3337,0.3808
train,inline,4,896,85,14972.9637,85.0036,28.4607,30.141,0.514,0.3887,0.1994,50.0,14860.3669,0.0
train,inline,4,256,75,13865.2701,74.9542,29.4036,68.0503,0.0448,0.0325,0.3331,50.0,10917.0662,3.2912
train,inline,3,640,99999,18950.1876,126.88,42.7866,32.1613,0.0374,0.0019,0.0,50.0,18449.2277,9988.5581
train,inline,1,1024,40,10134.1886,39.9085,75.8449,27.0514,0.4112,0.0854,0.8007,50.0,12526.9922,1.904
train,inline,3,256,60,12257.7185,59.9794,38.5245,66.0214,0.0572,0.0562,0.5329,50.0,14701.1371,0.0
train,inline,2,640,45,10642.8748,44.9888,41.7763,30.8723,0.1577,0.146,0.7327,49.0,12992.1895,0.0
train,inline,4,640,60,12256.3836,59.9835,25.2009,32.7515,3.9005,2.9399,0.5304,50.0,12105.6628,0.4043
train,inline,3,640,55,11710.8283,54.9837,32.7002,33.3016,0.0633,0.0598,0.5995,50.0,11685.3416,2192.6999
train,inline,1,512,30,9252.1978,30.0628,62.2305,29.6904,0.2796,0.2358,0.9326,48.0,9127.6076,0.8031
train,inline,3,640,50,11159.5501,49.9685,31.9612,33.4048,0.065,0.065,0.6661,50.0,9535.792,2158.2456
train,inline,2,1024,99999,18960.6743,126.9237,57.616,26.5406,0.0343,0.0025,0.0,50.0,20463.4313,10022.3209
train,inline,4,256,99999,19001.377,126.8325,35.6692,68.0304,0.0364,0.0014,0.0,50.0,12565.7449,0.5743
train,inline,3,256,99999,18966.8667,126.9222,46.5556,65.1909,0.0868,0.0036,0.0,50.0,12595.3556,10014.8
train,inline,3,1024,75,13942.1931,75.0295,37.2672,28.7185,0.0498,0.0406,0.3331,50.0,13554.6757,9307.7655
train,inline,2,640,100,16628.7678,99.9713,60.0685,29.4642,0.0642,0.0124,0.0,50.0,12971.4434,2.0146
train,inline,1,896,50,11257.3305,49.9761,74.6247,28.0753,0.5839,0.1216,0.6678,50.0,11564.9962,0.0
train,inline,1,256,75,13961.7853,74.7742,81.4273,64.8166,0.5778,0.0933,0.3331,50.0,12570.9294,0.0
train,inline,2,512,60,12284.1114,59.9665,46.7846,31.6755,0.0927,0.061,0.5329,49.0,8228.969,8.149
train,inline,2,640,35,9559.4275,34.9931,38.7082,31.4283,0.1822,0.1708,0.866,49.0,10470.7571,3.1643
train,inline,4,640,70,13351.8889,69.9995,26.3126,32.8315,2.9328,2.2078,0.3978,50.0,14391.5238,0.0
train,inline,2,512,85,14998.8409,84.9717,54.1486,30.7497,0.0676,0.0303,0.1998,50.0,11825.9372,1.131
train,inline,1,384,25,8728.1497,25.0485,66.9728,46.8205,0.1853,0.1744,0.9992,49.0,5913.4344,7.4452
train,inline,1,256,65,12911.3358,64.818,78.9195,64.3334,0.4726,0.094,0.4663,50.0,11891.9247,0.0
train,inline,4,1024,95,16060.6674,95.0118,31.9634,28.8824,0.0324,0.0173,0.0666,50.0,15283.5155,3.3608
train,inline,3,640,25,8433.53,24.9916,26.8142,35.416,0.0794,0.0915,0.9992,50.0,5564.3333,1983.9071
train,inline,1,768,75,13966.8987,75.0242,77.3373,29.1086,0.9078,0.1315,0.3353,50.0,15945.0213,1.7565
train,inline,2,1024,35,9545.8205,35.0103,37.6813,29.0344,0.4132,0.4108,0.866,50.0,12532.1074,0.0
train,inline,1,768,95,16105.3664,95.037,81.3778,29.7322,1.2047,0.1214,0.0697,50.0,18790.1753,0.0
train,inline,1,1024,55,11760.1124,54.9427,78.3008,27.0357,0.7536,0.1063,0.6022,50.0,12554.3086,0.0
train,inline,4,640,55,11716.1743,55.0054,23.2579,33.4014,4.3713,3.3053,0.5967,50.0,11372.7275,0.0
train,inline,2,512,45,10645.9221,44.9852,41.5083,31.5185,0.0873,0.0781,0.7327,49.0,11874.1682,0.0
train,inline,3,1024,80,14481.6318,79.9928,37.8577,28.8872,0.0436,0.0348,0.2665,50.0,12020.3349,9457.9828
train,inline,1,768,30,9153.6165,29.9853,68.5882,28.5365,0.232,0.1535,0.9328,49.0,11650.4149,0.0
train,inline,2,384,60,12246.0953,59.9461,46.7314,48.1386,0.2983,0.2983,0.5329,50.0,10725.4497,2.0015
train,inline,3,384,60,12246.1139,59.9739,35.8755,50.0803,0.0603,0.055,0.5329,50.0,13923.5282,2.2581
train,inline,4,640,75,13893.3293,74.9849,26.4163,32.388,2.4403,1.8415,0.3315,50.0,13688.436,0.0
train,inline,4,384,45,10592.203,44.9946,24.3135,51.2813,3.5919,2.7084,0.7306,50.0,10608.3355,1.2703
train,inline,3,512,40,10036.5382,39.9698,29.5873,36.3042,0.0742,0.0742,0.7994,50.0,7596.1015,0.0
train,inline,3,896,30,9049.4983,29.9999,30.2347,29.872,0.0901,0.0901,0.9326,50.0,8425.5024,6062.59
train,inline,2,384,80,14430.4847,79.9329,51.7525,48.4722,0.1546,0.1546,0.2665,50.0,10155.3289,1.6718
train,inline,2,640,70,13361.7315,69.9686,50.0967,30.1475,0.1135,0.0853,0.3997,50.0,11447.5844,1.4744
train,inline,3,384,60,12244.3414,59.9702,36.3052,50.3149,0.0556,0.0547,0.5329,50.0,12655.2154,0.9665
train,inline,1,384,85,15032.0319,84.8847,80.5532,48.3752,0.6667,0.0981,0.1998,50.0,14160.2307,1.6278
train,inline,4,256,100,16623.8741,99.9492,32.3738,67.3737,0.0107,0.0107,0.0,50.0,16451.9018,0.0
train,inline,1,256,60,12388.0315,59.8321,78.5381,64.2181,0.4334,0.0951,0.5329,50.0,10545.2097,3.2965
train,inline,4,512,80,14448.5826,79.9885,26.0111,33.5211,2.588,1.9556,0.2649,50.0,14190.3926,0.0
train,inline,2,896,70,13358.5912,69.99,52.2858,29.042,0.1944,0.1592,0.3997,50.0,13435.6917,1.575
train,inline,3,1024,100,16630.3334,99.9854,40.6563,28.7657,0.0139,0.0113,0.0,50.0,15436.8461,10003.5355
train,inline,1,896,30,9098.7426,29.9299,71.9276,27.5115,0.2023,0.1123,0.9329,50.0,9052.2179,1.0753
train,inline,3,768,80,14455.2488,79.989,36.9378,30.6435,0.0391,0.0334,0.2665,50.0,15709.3079,4727.8628
train,inline,1,512,25,8731.8642,25.0949,60.7835,30.1358,0.2473,0.2478,0.9992,48.0,8435.1248,0.0
train,inline,3,512,30,8942.0586,29.9889,28.3222,37.2357,0.087,0.085,0.9326,50.0,6959.7041,1.4626
train,inline,3,1024,80,14476.2794,80.0024,37.6352,28.4439,0.0353,0.0342,0.2665,50.0,14658.2119,9452.4551
train,inline,2,512,45,10652.6632,44.9936,41.9946,32.0313,0.0993,0.0789,0.7327,49.0,9578.6987,1.0458
train,inline,4,768,30,8974.5034,30.0112,20.9209,33.0303,4.5697,3.4543,0.9294,50.0,8620.2745,0.0
train,inline,2,896,70,13361.6664,69.9964,51.7462,29.0193,0.2005,0.1596,0.3997,50.0,14009.035,0.0
train,inline,3,256,99999,18968.58,126.9255,46.5713,64.9894,0.0932,0.0039,0.0,50.0,13471.1077,10018.8385
train,inline,3,384,60,12248.4532,59.9878,36.1642,50.4449,0.0641,0.0552,0.5329,50.0,13037.722,0.0
train,inline,2,256,55,11656.9616,54.8829,46.6735,64.877,0.6017,0.6017,0.5995,50.0,7637.7559,0.3764
train,inline,3,640,55,11707.5398,54.9731,32.568,32.9137,0.0618,0.0598,0.5995,50.0,11442.8682,2194.4189
train,inline,2,896,85,14995.0041,84.9894,56.6918,28.8452,0.1293,0.0856,0.1998,50.0,14192.1728,0.0
train,inline,1,256,50,11340.9519,49.9066,76.7748,63.9908,0.341,0.0966,0.6661,50.0,9839.6306,0.0
train,inline,1,512,99999,18978.6397,127.025,90.0393,29.8766,1.3947,0.1177,0.0,50.0,17596.5302,1.06
train,inline,4,896,35,9503.0607,35.0007,22.3054,31.5961,2.1689,1.6466,0.8641,50.0,9280.7804,1.417
train,inline,4,512,90,15541.5879,89.9949,27.5881,33.2452,1.3107,0.9837,0.1324,50.0,15993.1074,2.5584
train,inline,2,1024,99999,18957.6867,126.9147,57.653,27.0168,0.0261,0.0021,0.0,50.0,20068.2142,10016.7701
train,inline,4,512,35,9544.3236,34.9807,23.44,34.6366,8.4134,6.3326,0.8609,50.0,8711.2991,2.3196
train,inline,3,768,50,11189.2999,49.9913,32.7728,31.7539,0.0663,0.0663,0.6661,50.0,10080.3492,4316.1535
train,inline,1,896,90,15560.5871,90.0149,81.1274,28.3637,1.3307,0.1389,0.1375,50.0,16822.0305,0.0
test,inline,3,1024,25,8441.8889,24.9743,32.2778,28.8284,0.0,0.0,1.0,50.0,5626.1556,7946.0889
train,inline,1,256,35,9770.9813,34.9718,74.3216,63.712,0.2065,0.099,0.866,50.0,6359.0872,8.4262
train,inline,4,768,90,15523.1872,89.9922,29.161,30.9098,0.6683,0.5031,0.1328,50.0,15308.2738,1.0812
train,inline,3,640,75,13897.9191,74.9874,36.1108,32.3936,0.0461,0.0386,0.3331,50.0,12876.6233,2322.4699
train,inline,3,768,95,16084.83,94.9757,38.6041,30.285,0.0164,0.0164,0.0666,50.0,15740.188,4929.8716
train,inline,1,1024,100,16638.0197,100.0123,82.1111,27.1574,1.7666,0.1681,0.0066,50.0,19090.0333,0.0
train,inline,3,768,70,13367.3887,69.9923,35.4095,30.9429,0.0504,0.0444,0.3997,50.0,15096.5906,4590.8357
train,inline,3,896,55,11757.7592,55.0002,33.9427,29.848,0.063,0.0618,0.5995,50.0,12853.9791,6575.3984
train,inline,4,384,55,11686.5922,54.9914,26.3764,51.2307,2.9364,2.2177,0.5978,50.0,10568.8908,2.3035
train,inline,3,640,35,9519.568,34.9717,28.8348,34.2594,0.0808,0.0808,0.866,50.0,7308.7725,2053.2203
train,inline,2,768,35,9553.79,35.0101,38.6638,30.5942,0.2617,0.251,0.866,50.0,11373.1329,0.0
train,inline,1,1024,85,15004.5883,84.9568,81.2244,26.7165,1.4311,0.1477,0.2051,50.0,16958.2047,0.6019
train,inline,2,768,60,12275.6909,59.9846,47.5557,30.092,0.1895,0.1592,0.5329,50.0,12673.0761,2.0032
train,inline,2,640,25,8473.0248,24.9895,35.8073,31.8475,0.2048,0.1955,0.9992,49.0,8759.2372,7.2397
train,inline,3,768,55,11733.4671,54.9976,33.9007,31.687,0.062,0.0608,0.5995,50.0,10532.4671,4383.2603
train,inline,1,640,90,15579.8845,90.0578,78.7765,30.8851,0.9113,0.1082,0.1347,50.0,15878.0834,0.0
train,inline,2,896,25,8461.1716,25.0142,34.8669,30.1425,0.3826,0.3801,0.9992,50.0,12160.827,0.0
train,inline,1,640,60,12391.4528,60.0452,72.8606,30.1382,0.5871,0.1515,0.5337,49.0,13525.9749,0.1814
train,inline,4,256,100,16625.602,99.9413,32.4472,67.4382,0.0145,0.0111,0.0,50.0,15777.6814,1.194
train,inline,2,640,65,12823.9693,64.973,48.5751,30.7725,0.1292,0.0978,0.4663,50.0,9824.5878,4.7522
train,inline,1,1024,45,10673.5231,44.9146,77.1889,26.8751,0.5196,0.092,0.7345,50.0,11706.965,1.4077
train,inline,1,384,65,12928.5549,64.9465,76.153,47.7887,0.5009,0.1232,0.4663,50.0,12059.3279,1.5103
train,inline,2,1024,95,16082.3261,94.973,62.6702,27.914,0.1094,0.0431,0.0666,50.0,15507.8232,2.3127
train,inline,2,512,85,14998.8781,84.9782,53.9749,30.4487,0.0685,0.0304,0.1998,50.0,11887.4918,2.8535
train,inline,1,640,25,8675.8067,25.0337,62.7576,29.3935,0.185,0.2011,0.9992,48.0,7887.4436,0.0
train,inline,4,256,35,9440.9146,34.9901,22.1072,68.4773,0.0645,0.0645,0.866,50.0,6841.6149,0.0
train,inline,4,1024,75,13870.8047,75.0061,27.83,29.3423,0.0517,0.0398,0.3328,50.0,14889.1819,0.0
train,inline,3,1024,25,8547.9714,25.0029,29.6235,27.2865,0.0986,0.0977,0.9992,50.0,10345.1219,7944.1596
train,inline,1,512,95,16117.5321,95.0632,80.3553,32.5553,0.7497,0.0817,0.0666,50.0,14236.1677,3.8349
validation,inline,2,1024,100,16666.4,100.0038,59.5778,26.8776,0.1874,0.0158,0.0,50.0,22167.4889,0.0
train,inline,3,1024,75,13938.7148,75.006,37.4312,28.5288,0.0431,0.0401,0.3331,50.0,13200.1069,9317.8841
train,inline,4,256,95,16068.6329,94.9392,31.7714,67.0816,0.0171,0.0152,0.0666,50.0,16121.8615,0.9581
train,inline,3,768,85,14994.8692,84.9702,37.6474,30.3493,0.0281,0.0277,0.1998,50.0,14751.9943,4795.4973
train,inline,2,256,80,14410.0332,79.8857,49.3789,66.2306,0.2729,0.2729,0.2665,50.0,9375.2426,0.0
train,inline,3,640,60,12256.9893,59.9802,33.5575,33.181,0.0568,0.0543,0.5329,50.0,13081.4477,2225.0066
train,inline,1,384,50,11353.6447,49.9951,72.0842,47.0953,0.3825,0.1423,0.6661,49.0,11898.4849,1.9076
train,inline,3,1024,70,13400.7853,70.0136,36.3069,28.4258,0.0501,0.0459,0.3997,50.0,14153.4994,9175.9786
train,inline,4,640,90,15536.0851,90.0025,28.5,32.432,0.995,0.7438,0.1326,50.0,14824.4222,0.0
train,inline,2,256,85,14961.9239,84.8714,50.3319,66.484,0.2079,0.2079,0.1998,50.0,8881.7782,2.2051
train,inline,1,640,95,16111.9331,95.0458,80.9159,31.153,0.9785,0.1017,0.0682,50.0,14972.7369,3.2039
train,inline,1,768,25,8615.0566,24.9709,67.5678,28.1111,0.1557,0.1562,0.9992,49.0,8284.0604,0.0
train,inline,1,512,90,15589.0176,90.0825,78.6171,31.8898,0.7128,0.0933,0.1332,50.0,16809.1934,2.9221
train,inline,2,640,100,16626.0251,99.9469,60.225,29.4597,0.0636,0.0125,0.0,50.0,11032.051,3.8799
train,inline,2,512,25,8476.141,25.0232,35.9497,32.4958,0.1065,0.1025,0.9992,49.0,10960.4699,0.0
train,inline,3,640,65,12804.7461,64.9866,34.2308,32.5392,0.0565,0.0492,0.4663,50.0,13372.0859,2262.5579
train,inline,4,384,60,12238.4314,59.985,25.5622,51.1768,2.6098,1.9725,0.5313,50.0,11145.0415,0.0
train,inline,4,384,55,11691.5736,54.9804,24.8682,51.4699,2.9354,2.2178,0.5978,50.0,9303.5772,0.9727
train,inline,2,640,55,11733.6903,54.9953,44.2723,30.8588,0.1313,0.1213,0.5995,50.0,11580.3248,0.0
train,inline,2,640,95,16084.8415,94.9773,58.3491,29.5078,0.0732,0.0245,0.0666,50.0,13611.3748,1.9722
train,inline,2,896,25,8459.0459,24.9846,34.9599,29.9761,0.384,0.3803,0.9992,50.0,9630.6382,4.4787
train,inline,1,1024,65,12839.8292,64.9341,78.5002,26.8991,0.9719,0.1197,0.4698,50.0,14103.8516,0.0
train,inline,4,1024,100,16607.9279,100.0092,31.9618,28.5778,0.0271,0.0117,0.0,50.0,18159.2837,0.0
train,inline,2,512,50,11186.0315,49.97,42.9605,31.1047,0.0812,0.0721,0.6661,49.0,10971.2163,0.6239
train,inline,1,256,75,13952.07,74.7283,80.9059,64.0712,0.5644,0.0926,0.3331,50.0,12987.0879,0.4057
train,inline,1,768,95,16105.4384,95.0381,80.7313,29.7473,1.1961,0.1211,0.0697,50.0,16817.3342,0.0
train,inline,4,768,40,10064.0492,39.9988,23.5676,32.599,3.926,2.9626,0.7966,50.0,9439.1026,2.6188
train,inline,1,512,80,14534.0451,80.0734,76.0634,31.8055,0.6414,0.1172,0.2665,49.0,13828.6852,2.821
train,inline,1,1024,70,13385.2733,69.9551,79.5888,26.9531,1.0938,0.1269,0.4036,50.0,16518.5672,0.0
train,inline,2,640,30,9012.3879,29.9796,37.0303,31.3296,0.1899,0.183,0.9326,49.0,9638.2315,4.7055
train,inline,3,1024,95,16096.1963,95.0161,39.9835,29.0532,0.022,0.0169,0.0666,50.0,17917.5424,9861.3292
train,inline,3,640,65,12803.2066,64.9776,34.3642,32.8556,0.051,0.0489,0.4663,50.0,12832.791,2259.8965
train,inline,1,896,55,11796.504,54.9879,75.933,28.1695,0.6857,0.1242,0.6015,50.0,12210.1603,0.0
train,inline,2,384,70,13335.1237,69.9179,48.9113,48.1287,0.2265,0.2265,0.3997,50.0,9504.2371,1.3967
train,inline,4,896,60,12240.3556,60.0102,25.469,31.0163,1.3484,1.0179,0.5318,50.0,13746.7596,0.0
train,inline,3,768,95,16082.0653,94.9531,39.3276,30.0507,0.0194,0.0169,0.0666,50.0,14781.3245,4934.9051
train,inline,1,512,99999,18979.9556,127.025,89.5111,29.8363,1.3963,0.1179,0.0,50.0,17356.8667,0.0
train,inline,4,512,100,16630.1556,99.9925,28.3222,33.0831,0.0145,0.011,0.0,50.0,16645.8444,0.0
train,inline,3,512,50,11135.299,49.9687,30.7158,35.5525,0.0634,0.0634,0.6661,50.0,8987.5438,0.0
train,inline,3,256,90,15509.9141,89.9507,42.9821,64.9307,0.0262,0.0225,0.1332,50.0,20228.2749,0.596
train,inline,4,768,25,8425.7956,25.0019,21.3938,32.8589,4.9029,3.7005,0.9958,50.0,8785.4464,1.783
train,inline,3,384,80,14429.3829,79.9632,38.9817,49.3093,0.0379,0.033,0.2665,50.0,18473.3658,0.0
train,inline,3,896,100,16631.972,100.0009,40.7035,29.5148,0.0152,0.0112,0.0,50.0,17142.8124,7502.8165
train,inline,4,1024,99999,18993.245,126.989,33.1495,29.8966,0.0555,0.0039,0.0,50.0,18581.1505,9988.2027
train,inline,2,1024,75,13898.4983,74.9724,54.4298,27.9508,0.208,0.1656,0.3331,50.0,14644.4099,0.6172
train,inline,1,640,55,11861.7245,55.0446,70.3016,30.0696,0.5208,0.1583,0.6002,49.0,11639.9322,0.0
train,inline,1,512,80,14528.4699,80.0662,76.32,31.6259,0.6331,0.1168,0.2665,49.0,13611.9213,1.3429
train,inline,2,384,80,14433.0236,79.9352,51.0692,48.3173,0.1548,0.1548,0.2665,50.0,12439.1458,1.0839
train,inline,1,896,60,12333.973,59.9734,76.6715,28.147,0.7789,0.1264,0.5352,50.0,12211.9509,0.0
train,inline,2,896,50,11182.4324,50.0027,44.5245,29.546,0.2789,0.2575,0.6661,50.0,12422.7004,0.0
train,inline,4,384,75,13877.5978,74.9582,27.1473,50.3289,1.63,1.2367,0.3321,50.0,13102.1211,0.0
train,inline,2,256,99999,18957.0,127.0065,64.8222,64.039,0.0236,0.0017,0.0033,50.0,25277.0222,0.0
train,inline,3,896,65,12841.9647,65.0053,35.267,29.7956,0.0565,0.051,0.4663,50.0,12155.7842,6775.6282
train,inline,2,512,95,16080.8295,94.9565,57.0047,30.06,0.0547,0.0181,0.0666,50.0,11556.1976,0.0448
train,inline,2,896,75,13905.7334,74.9916,53.4561,28.6287,0.1805,0.135,0.3331,50.0,15350.0376,2.7609
train,inline,2,256,40,10009.4861,39.9049,45.3124,64.5406,0.7986,0.7986,0.7994,50.0,6536.8496,0.9799
train,inline,4,896,55,11691.0913,55.0057,24.7144,31.0919,1.5033,1.1432,0.5982,50.0,11389.3478,0.0
train,inline,3,256,95,16056.1745,94.9724,44.2868,65.1691,0.0263,0.0171,0.0666,50.0,20930.4062,0.0
train,inline,1,768,35,9689.0887,34.9938,69.6291,28.6581,0.3084,0.1512,0.8664,49.0,11001.7242,0.0
train,inline,2,256,75,13860.7045,74.8864,49.203,66.0091,0.339,0.339,0.3331,50.0,11049.135,0.0
train,inline,3,768,85,14997.2724,84.9851,38.0971,30.6981,0.0276,0.0276,0.1998,50.0,14494.0797,4795.523
train,inline,4,1024,100,16607.7707,100.013,32.3221,28.6095,0.0259,0.0117,0.0,50.0,16498.9,1.0181
train,inline,2,768,70,13357.3048,69.9681,50.3988,29.3378,0.1471,0.122,0.3997,50.0,12530.9585,0.0
train,inline,3,384,50,11154.7551,49.9789,34.5416,50.9666,0.0688,0.0657,0.6661,50.0,11916.4968,0.0
train,inline,4,512,65,12817.6487,64.9879,26.126,34.1995,4.5419,3.4151,0.4635,50.0,11446.6683,4.1282
train,inline,1,640,25,8675.3357,25.0378,64.201,28.8832,0.2068,0.2021,0.9992,48.0,10820.3399,2.4948
train,inline,1,896,30,9102.5001,29.9283,71.7558,27.7203,0.2083,0.1127,0.9329,50.0,8744.996,2.0079
train,inline,3,768,40,10099.8578,39.9961,31.7726,32.0856,0.0772,0.0772,0.7994,50.0,8608.3253,4180.4713
train,inline,3,256,100,16598.6424,99.9578,44.3372,64.9505,0.0195,0.0113,0.0,50.0,24674.414,0.0
train,inline,2,512,80,14457.9585,80.0037,52.8274,31.0796,0.0764,0.0368,0.2665,50.0,10768.5859,0.0
train,inline,1,1024,30,9052.8821,29.9088,75.0472,27.0858,0.1872,0.0719,0.933,50.0,8914.2726,0.0
train,inline,3,384,55,11698.7574,54.9765,35.7461,50.6045,0.0611,0.0601,0.5995,50.0,11989.3831,1.7646
train,inline,2,384,99999,18944.2207,126.9051,63.0919,47.1478,0.0516,0.0024,0.0016,50.0,21905.1121,0.0
train,inline,1,640,25,8675.5958,25.0268,64.3784,29.1364,0.2066,0.2022,0.9992,48.0,8422.6053,2.955
train,inline,3,640,85,14981.632,84.9437,37.2155,31.0126,0.0273,0.0273,0.1998,50.0,14633.5471,2398.8378
train,inline,1,768,95,16106.2786,95.0201,81.593,29.7723,1.2096,0.1219,0.0697,50.0,15400.9915,4.3072
train,inline,3,896,99999,18960.4204,126.8971,40.8173,30.4355,0.0339,0.002,0.0,50.0,21924.5911,9995.4998
train,inline,2,640,25,8471.5114,25.0172,35.3241,31.6829,0.1987,0.1951,0.9992,49.0,11684.3562,0.0
train,inline,4,768,60,12244.2613,59.977,25.221,31.5598,2.621,1.9789,0.5311,50.0,11745.9924,1.2986
train,inline,4,768,40,10061.2858,39.9883,22.9967,32.2914,3.9232,2.9626,0.7966,50.0,9870.2054,0.7481
train,inline,4,768,55,11704.1073,55.0025,24.1533,32.1875,2.9435,2.2246,0.5975,50.0,11826.3643,0.0
train,inline,3,512,30,8942.402,29.9899,27.6791,37.3633,0.0846,0.0846,0.9326,50.0,6561.3229,0.0
train,inline,2,896,65,12813.3382,64.9938,50.7091,29.1688,0.2137,0.1836,0.4663,50.0,13062.4861,2.3344
train,inline,3,640,95,16082.4265,94.9642,39.0561,31.1293,0.0212,0.0167,0.0666,50.0,16688.8572,2465.9987
train,inline,2,640,45,10646.2989,45.0032,41.7787,30.8744,0.1629,0.1462,0.7327,49.0,14005.8468,1.1782
train,inline,2,640,100,16629.589,99.9648,60.2783,29.7161,0.0658,0.0125,0.0,50.0,11511.0338,1.7708
train,inline,4,512,95,16088.1686,94.9787,28.3208,33.4622,0.669,0.4978,0.0662,50.0,14110.4479,5.4334
train,inline,4,256,55,11649.0451,54.9552,26.1123,67.9263,0.0513,0.0486,0.5995,50.0,8858.7783,3.1611
train,inline,2,384,60,12247.3267,59.9313,47.0556,48.5114,0.2985,0.2985,0.5329,50.0,8550.3098,3.5993
train,inline,1,512,35,9784.5545,35.0822,63.6163,30.3242,0.3143,0.2238,0.866,48.0,9512.5787,0.0
train,inline,2,640,25,8468.6027,25.0118,35.7549,31.4826,0.194,0.1947,0.9992,49.0,11506.1977,2.3932
train,inline,1,640,25,8672.388,25.0295,64.6724,29.1085,0.2,0.2018,0.9992,48.0,8491.702,1.1233
train,inline,4,640,85,14990.4891,85.0124,27.9588,32.5262,1.4803,1.1098,0.1989,50.0,14955.0285,0.0
train,inline,3,512,95,16081.1339,94.931,39.1704,32.0844,0.0306,0.0172,0.0666,50.0,13342.4667,7.0167
train,inline,1,896,90,15563.3531,90.0014,81.384,28.4092,1.3447,0.1397,0.1375,50.0,16246.5409,2.9917
train,inline,1,1024,100,16639.7837,99.9911,83.5809,27.2336,1.7875,0.1692,0.0066,50.0,17674.4713,5.2367
train,inline,2,896,65,12815.3,64.9918,50.0643,29.1889,0.2167,0.1837,0.4663,50.0,14629.9557,0.0
train,inline,3,1024,30,9087.0183,30.0027,30.249,27.3768,0.0919,0.0919,0.9326,50.0,9763.9901,8081.5301
train,inline,3,384,100,16613.9971,99.947,42.013,48.1081,0.0219,0.0116,0.0,50.0,19062.4846,3.4165
train,inline,3,896,75,13922.4374,74.9889,36.5483,29.5748,0.0402,0.0393,0.3331,50.0,14650.7686,6986.1894
train,inline,4,384,90,15531.1996,89.9904,29.9399,50.6258,0.6689,0.5017,0.1328,50.0,15014.0044,0.0
train,inline,1,640,75,13985.4785,75.0486,76.1211,30.5069,0.753,0.1301,0.3342,50.0,14681.1474,0.0
train,inline,4,640,99999,18939.5068,126.8568,33.9011,31.3252,0.0337,0.0023,0.0,50.0,19150.3459,2498.4057
train,inline,1,256,100,16579.1942,99.5889,85.7981,65.3593,0.808,0.0896,0.0,50.0,14491.9464,2.5169
train,inline,2,512,45,10651.2797,45.0104,40.5358,31.9985,0.079,0.0778,0.7327,49.0,10843.2074,0.0
train,inline,3,1024,25,8547.7556,25.0008,29.5704,27.2146,0.0978,0.0978,0.9992,50.0,8500.5333,7945.1778
train,inline,1,384,75,13982.2767,74.9167,77.3024,48.0561,0.5808,0.1106,0.3331,50.0,13529.1357,0.0
train,inline,3,640,25,8427.8127,24.9786,27.9208,34.8342,0.0896,0.092,0.9992,50.0,6311.3331,1986.9919
train,inline,4,256,70,13312.1243,69.968,28.5728,68.0848,0.0465,0.0365,0.3997,50.0,10982.143,0.0
train,inline,2,1024,99999,18960.4068,126.9147,57.7632,27.0084,0.0324,0.0025,0.0,50.0,18856.812,10021.143
train,inline,2,768,85,14995.521,84.9826,56.2736,29.4126,0.1132,0.0673,0.1998,50.0,14876.9542,0.0
train,inline,4,896,80,14426.7762,80.0103,28.4046,30.1673,0.6864,0.5147,0.2659,50.0,15165.9304,2.245
train,inline,1,640,30,9208.0022,30.018,65.7931,29.5008,0.265,0.1953,0.9327,49.0,7343.5959,5.0823
train,inline,4,512,100,16629.7841,99.9987,27.7297,33.2252,0.0103,0.0103,0.0,50.0,16279.5935,0.0
train,inline,2,1024,70,13357.6144,69.9908,52.6954,28.4088,0.2375,0.1963,0.3997,50.0,15899.2909,0.0
train,inline,3,640,50,11158.7962,49.9675,31.9,33.3349,0.0652,0.0652,0.6661,50.0,9391.2127,2155.7336
train,inline,4,1024,80,14418.2505,80.0081,27.622,29.2371,0.0342,0.0337,0.2662,50.0,14157.1763,0.0
train,inline,3,512,75,13884.3067,74.9772,35.7236,33.6578,0.0459,0.038,0.3331,50.0,12890.9152,0.0
train,inline,4,512,70,13361.6206,69.9995,26.043,33.8246,3.893,2.9286,0.3973,50.0,14786.0013,0.5594
train,inline,1,256,95,16052.6223,94.6302,84.9125,65.1395,0.7515,0.0898,0.0666,50.0,14445.5563,0.3329
train,inline,4,1024,30,8943.2338,30.0001,20.3688,30.5722,0.0971,0.0905,0.9317,50.0,10760.2689,0.3084
train,inline,2,768,95,16085.6697,94.9925,60.047,29.2912,0.0893,0.0311,0.0666,50.0,13329.9069,0.0
train,inline,2,640,45,10643.8029,44.9915,41.777,30.9155,0.1582,0.1461,0.7327,49.0,12238.2772,0.0
train,inline,2,384,40,10060.9213,39.9314,42.9301,48.454,0.4421,0.4421,0.7994,50.0,6528.216,6.6943
train,inline,1,640,100,16642.6169,100.0542,81.9503,31.1192,1.0327,0.0944,0.0016,50.0,16591.3142,2.6031
train,inline,1,256,55,11862.6209,54.874,77.3941,63.8919,0.3824,0.0954,0.5995,50.0,12349.0388,0.1043
train,inline,4,256,99999,19002.5224,126.8295,35.6101,68.0877,0.0387,0.0016,0.0,50.0,12218.1357,1.3123
train,inline,3,1024,100,16637.9192,99.9985,40.5179,29.3787,0.0175,0.0115,0.0,50.0,14370.4292,10004.6049
train,inline,4,896,65,12788.054,64.9928,26.293,30.896,1.186,0.8924,0.4653,50.0,11442.287,3.6942
train,inline,4,768,30,8973.6474,30.0057,21.6154,32.5337,4.5818,3.4547,0.9294,50.0,10732.11,2.6345
train,inline,3,384,25,8426.7871,24.9871,29.8454,52.5146,0.0832,0.0925,0.9992,50.0,6114.3331,0.0
train,inline,2,384,35,9512.2982,34.9592,41.3879,48.076,0.4774,0.4774,0.866,50.0,9889.5837,1.2375
train,inline,3,640,85,14988.335,84.9795,38.2155,31.7705,0.0303,0.0274,0.1998,50.0,14205.3648,2396.4526
train,inline,3,768,90,15541.2719,89.9865,39.0648,30.4432,0.0246,0.0222,0.1332,50.0,15596.14,4865.6227
train,inline,1,256,25,8718.6889,25.0554,71.9111,63.0426,0.0995,0.0995,0.9992,50.0,8573.9556,0.0
train,inline,1,768,25,8622.1087,24.9922,67.9267,28.6507,0.1651,0.1567,0.9992,49.0,7755.6919,0.0
train,inline,1,512,45,10843.6372,45.0798,66.8871,30.938,0.3993,0.2008,0.7327,49.0,9013.5721,0.0
train,inline,4,640,75,13891.4956,74.9787,26.6163,32.1557,2.4429,1.8416,0.3315,50.0,13991.0381,1.1846
train,inline,4,256,100,16624.0064,99.9579,33.3347,67.4412,0.0159,0.0111,0.0,50.0,16307.5826,0.0
train,inline,3,384,85,14977.5193,84.9757,39.9258,49.1601,0.038,0.0281,0.1998,50.0,16689.2081,0.0
train,inline,4,640,90,15535.3408,90.0077,28.4028,32.3761,0.9928,0.7436,0.1326,50.0,15688.4942,0.0
train,inline,3,1024,70,13400.9369,70.0147,36.1397,28.0917,0.0522,0.0459,0.3997,50.0,15403.8836,9180.6349
train,inline,2,1024,85,14990.3125,84.9756,58.3857,27.9213,0.1581,0.1042,0.1998,50.0,16556.3627,0.0
train,inline,3,768,99999,18956.558,126.897,43.3233,31.494,0.055,0.0028,0.0,50.0,22014.5359,9988.8856
train,inline,1,1024,95,16095.5884,95.0006,81.6235,27.0922,1.6533,0.1612,0.0728,50.0,18441.116,0.0
train,inline,2,1024,55,11726.4879,54.9917,46.8077,28.886,0.3234,0.2889,0.5995,50.0,12071.2483,1.2205
train,inline,3,768,85,14998.2481,84.986,37.938,30.5678,0.0313,0.0278,0.1998,50.0,15153.5426,4796.3459
train,inline,1,1024,45,10678.1792,44.9304,76.8092,27.0759,0.5287,0.0927,0.7345,50.0,11144.8685,0.0
train,inline,4,640,90,15532.8797,89.9967,29.1577,32.3685,0.9897,0.7434,0.1326,50.0,14560.9733,3.8966
train,inline,3,640,65,12802.6593,64.975,34.301,32.807,0.0507,0.0489,0.4663,50.0,12925.6073,2259.7783
train,inline,3,768,50,11191.373,49.9963,32.0814,31.5341,0.0686,0.0664,0.6661,50.0,11379.1041,4316.752
train,inline,3,896,65,12840.6163,64.9937,35.0722,29.6976,0.0521,0.0507,0.4663,50.0,13419.4221,6780.5878
train,inline,3,256,65,12795.0649,64.9458,39.5144,65.472,0.0535,0.0508,0.4663,50.0,14835.4671,2.5266
train,inline,4,512,45,10638.5067,45.0092,24.2753,34.6212,7.1255,5.3602,0.7284,50.0,10855.9665,0.0
train,inline,1,768,60,12362.3683,60.0101,73.6554,29.1047,0.6709,0.1384,0.5344,49.0,12628.3682,0.0
train,inline,4,384,100,16628.6225,99.9644,30.6683,50.3541,0.019,0.0112,0.0,50.0,17189.0032,1.6154
train,inline,3,384,50,11154.905,49.9799,34.4426,50.7625,0.0702,0.0658,0.6661,50.0,12554.6659,1.2977
train,inline,4,1024,50,11134.2738,50.0088,23.8139,30.1946,0.0785,0.068,0.6655,50.0,12595.9755,0.0
train,inline,1,256,100,16579.7794,99.5854,85.871,65.3994,0.8097,0.0898,0.0,50.0,13708.253,3.9009
train,inline,1,384,65,12930.1674,64.9482,75.4119,47.3026,0.5077,0.1236,0.4663,50.0,14112.287,3.7927
train,inline,1,1024,35,9590.2459,34.8906,75.2911,26.4905,0.2926,0.0782,0.8669,50.0,11139.4012,0.0
train,inline,4,512,50,11180.6323,50.0007,24.995,34.4674,6.4739,4.8735,0.6622,50.0,11413.6777,0.9351
train,inline,1,768,50,11289.7225,49.9929,72.482,28.6396,0.5299,0.1438,0.6672,49.0,11361.2336,0.0
train,inline,1,256,40,10293.1351,39.9813,74.9246,63.7047,0.2466,0.0979,0.7994,50.0,9618.7703,0.0
train,inline,1,256,70,13433.1411,69.7818,80.5109,64.3787,0.5208,0.0933,0.3997,50.0,12626.6738,0.8135
train,inline,1,512,85,15055.341,85.0581,77.2007,31.5764,0.6693,0.105,0.1998,50.0,14460.7808,1.0811
train,inline,2,512,45,10649.8007,45.0006,40.6162,31.8694,0.0784,0.0777,0.7327,49.0,11487.6441,0.0
train,inline,3,512,95,16080.1755,94.9709,39.1285,32.0365,0.0265,0.017,0.0666,50.0,15559.119,0.0
train,inline,3,768,70,13366.938,69.9892,34.9045,31.2471,0.0439,0.0439,0.3997,50.0,13969.6429,4586.5564
train,inline,2,896,65,12814.8456,64.9917,50.0254,29.1639,0.2138,0.1837,0.4663,50.0,13220.7192,0.4952
train,inline,2,256,99999,18947.8298,126.9745,64.6098,63.373,0.0165,0.0015,0.0033,50.0,24897.9338,0.8585
train,inline,4,640,99999,18941.5121,126.8515,34.0936,31.4792,0.0382,0.0026,0.0,50.0,17857.4194,2501.2264
train,inline,4,896,55,11689.5829,54.9925,24.5648,30.819,1.5088,1.1436,0.5982,50.0,11543.7964,0.0
train,inline,4,640,30,8990.1383,30.017,22.422,34.1252,6.8221,5.1369,0.9282,50.0,8708.2931,0.0
train,inline,4,640,65,12806.8035,65.0051,24.5297,33.1127,3.4013,2.5731,0.4641,50.0,12457.2679,0.0
train,inline,2,896,100,16628.5165,99.9666,62.9592,28.4804,0.0765,0.0124,0.0,50.0,14194.8695,2.2027
train,inline,1,640,25,8676.3568,25.0293,64.5289,29.3246,0.2079,0.2023,0.9992,48.0,7691.3593,0.2876
train,inline,1,384,75,13981.0573,74.9185,77.3513,48.217,0.573,0.1102,0.3331,50.0,12813.4002,0.0
train,inline,2,1024,85,14993.9423,84.9817,58.473,27.9208,0.1651,0.1046,0.1998,50.0,15879.3812,3.7896
train,inline,1,1024,40,10136.782,39.9257,76.036,27.1261,0.4129,0.0857,0.8007,50.0,10328.193,0.0
train,inline,3,640,75,13896.2246,74.9753,34.5978,32.3362,0.0375,0.0375,0.3331,50.0,12867.9467,2324.8265
train,inline,2,896,50,11177.3571,49.9787,44.0454,29.1199,0.2744,0.2573,0.6661,50.0,13187.4372,0.0487
train,inline,2,896,40,10087.5424,39.9801,40.2274,29.1959,0.3148,0.3063,0.7994,50.0,12076.3096,1.0546
train,inline,2,896,50,11184.4263,49.9861,44.4074,29.6391,0.284,0.2578,0.6661,50.0,11373.445,3.678
train,inline,1,1024,30,9049.5487,29.8899,73.8471,26.9156,0.1665,0.0707,0.933,50.0,8985.7968,0.0
train,inline,1,640,30,9205.7834,30.0352,65.478,29.2895,0.2589,0.1947,0.9327,49.0,11444.8114,0.0
train,inline,3,256,60,12254.7263,59.966,38.7979,65.7918,0.0585,0.0562,0.5329,50.0,15800.4836,0.0
train,inline,4,896,35,9503.408,35.0055,22.3598,31.4367,2.1712,1.6467,0.8641,50.0,10103.054,3.347
train,inline,1,768,65,12897.3536,65.0158,74.6225,29.1379,0.7467,0.1359,0.4681,50.0,13542.767,0.0
train,inline,1,640,99999,18976.9657,126.96,90.3156,29.7797,1.194,0.0995,0.0,50.0,13290.4927,2649.8649
train,inline,2,384,90,15529.5119,89.9321,53.6756,48.8215,0.0838,0.0838,0.1332,50.0,9473.8504,0.0
train,inline,4,768,55,11703.9437,55.002,24.7633,32.182,2.9509,2.2248,0.5975,50.0,13665.5707,0.0
train,inline,4,384,80,14433.0375,79.981,28.1917,50.4805,1.3171,0.992,0.2657,50.0,14904.6356,1.5663
train,inline,2,256,75,13861.134,74.8928,49.3202,66.0106,0.3393,0.3393,0.3331,50.0,9026.5035,0.0
train,inline,4,896,45,10598.1684,44.9888,23.2922,31.2876,1.843,1.3954,0.7312,50.0,9734.6746,2.3055
train,inline,4,768,90,15528.592,90.0108,27.7329,31.151,0.6605,0.5027,0.1328,50.0,15994.1465,0.0
train,inline,4,1024,65,12777.3308,65.0134,26.3003,29.7548,0.0644,0.0513,0.4659,50.0,13173.4463,0.0
train,inline,2,512,80,14450.0876,79.9644,52.3505,30.461,0.0644,0.0362,0.2665,50.0,10960.9488,0.0
train,inline,4,256,40,9992.5859,39.9884,24.2708,68.3607,0.0608,0.0608,0.7994,50.0,7671.5999,1.1604
train,inline,2,512,35,9563.7779,35.0131,38.6467,32.1611,0.1002,0.0906,0.866,49.0,11108.3068,0.0
train,inline,1,1024,75,13928.5927,74.9723,80.3143,27.0405,1.2111,0.1342,0.3375,50.0,15624.4427,0.0
train,inline,2,1024,65,12811.6355,64.985,50.4276,28.3451,0.2626,0.227,0.4663,50.0,14662.4386,0.0
train,inline,3,384,95,16069.2679,94.9719,41.2554,48.3,0.0298,0.0172,0.0666,50.0,19651.293,0.0
train,inline,1,512,40,10312.8641,40.0823,64.3956,30.5381,0.3458,0.2117,0.7994,48.0,9964.3011,0.0
train,inline,4,768,35,9518.6193,35.0058,22.5974,32.4654,4.2539,3.2087,0.863,50.0,10490.929,3.0664
train,inline,2,1024,55,11723.5593,54.995,45.9071,28.683,0.3089,0.2881,0.5995,50.0,13268.6125,0.0
train,inline,1,256,99999,18965.6256,126.948,91.0889,66.4997,1.2226,0.1351,0.0198,50.0,16739.6345,1.382
train,inline,2,640,55,11734.7776,55.0027,44.3398,30.9551,0.1334,0.1215,0.5995,50.0,11462.4311,0.0
test,inline,3,512,100,16624.9333,99.9549,41.0741,30.6716,0.0145,0.011,0.0,50.0,16636.6889,0.0
train,inline,3,256,90,15513.0903,89.9644,43.024,64.9573,0.0308,0.0227,0.1332,50.0,21194.1437,2.1129
train,inline,2,384,35,9512.1793,34.9583,40.7217,48.2928,0.477,0.477,0.866,50.0,8649.6098,0.0
train,inline,2,640,99999,18931.628,126.8111,61.4816,29.0237,0.0677,0.0029,0.0,50.0,18592.2225,2505.9699
train,inline,4,256,99999,19000.7166,126.8285,35.5166,67.963,0.0362,0.0014,0.0,50.0,13030.5137,0.0697
train,inline,1,1024,65,12846.3933,64.967,79.1044,27.1731,0.9845,0.1204,0.4698,50.0,13974.188,0.0
train,inline,3,768,70,13366.0711,69.987,35.6325,31.1615,0.0461,0.0443,0.3997,50.0,13559.5591,4589.1526
train,inline,3,512,45,10587.8225,44.9799,30.9868,36.0333,0.0698,0.0691,0.7327,50.0,8684.796,1.2971
train,inline,3,256,95,16056.6775,94.9648,43.7245,65.1274,0.0264,0.017,0.0666,50.0,23047.08,0.0
train,inline,4,640,30,8987.6285,30.0004,22.3852,33.9278,6.8188,5.1366,0.9282,50.0,10104.9494,0.0
train,inline,4,640,50,11168.0524,49.997,24.5602,33.286,4.8737,3.6721,0.663,50.0,11060.3725,0.742
train,inline,3,768,80,14451.3411,79.9773,37.2701,30.6708,0.0332,0.0332,0.2665,50.0,13842.2513,4727.2922
train,inline,3,1024,75,13942.4596,75.0314,37.3004,28.7508,0.0505,0.0406,0.3331,50.0,13859.3874,9307.037
train,inline,1,1024,95,16093.9146,94.9992,82.8796,27.0057,1.6616,0.1615,0.0728,50.0,18479.0983,0.6108
train,inline,2,896,35,9552.9341,34.9832,39.0154,30.1337,0.3507,0.3317,0.866,50.0,9129.9328,7.3421
train,inline,2,384,25,8420.2115,24.974,38.1631,48.4052,0.0394,0.5485,0.9992,50.0,8057.2384,0.0
train,inline,3,1024,65,12861.7779,65.0134,35.1662,28.3144,0.0515,0.0515,0.4663,50.0,12635.2663,9038.2519
train,inline,4,256,35,9434.3015,34.9651,22.9148,67.9199,0.0649,0.0649,0.866,50.0,6816.6637,0.6526
train,inline,2,1024,100,16626.4889,99.9751,64.3667,27.7167,0.0808,0.0123,0.0,50.0,16623.2222,0.0
train,inline,1,768,55,11827.2685,55.0042,73.4832,28.9638,0.6058,0.1412,0.6008,49.0,13559.4171,0.0
train,inline,2,1024,100,16626.0993,99.9733,64.9395,27.8094,0.0817,0.0123,0.0,50.0,15871.3811,2.7522
train,inline,3,1024,70,13396.5935,70.0069,36.9462,28.2689,0.0456,0.0456,0.3997,50.0,13007.6411,9180.4722
train,inline,1,512,30,9252.1711,30.0627,62.2547,29.7426,0.2793,0.2357,0.9326,48.0,9463.1782,0.2163
train,inline,1,1024,65,12837.6381,64.9264,78.4945,26.5442,0.9708,0.1197,0.4698,50.0,14024.9378,0.0
train,inline,2,1024,25,8455.6234,25.0202,35.1589,29.4297,0.4747,0.4727,0.9992,50.0,10967.043,0.0
train,inline,2,1024,85,14994.9977,84.9689,58.7754,28.2841,0.1674,0.1048,0.1998,50.0,14375.3779,4.7096
train,inline,1,1024,75,13923.4427,74.952,80.2631,27.0547,1.2044,0.1338,0.3375,50.0,15582.711,0.7489
train,inline,1,512,100,16644.6583,100.085,81.517,32.5097,0.7836,0.0697,0.0,50.0,16325.2792,0.0
train,inline,4,1024,90,15513.4526,90.0104,29.271,28.9509,0.0245,0.0224,0.1331,50.0,15263.3125,0.0
train,inline,4,896,45,10598.3989,45.0055,22.3556,31.4423,1.8269,1.3945,0.7312,50.0,10235.5719,0.0
train,inline,1,768,55,11823.1658,54.9969,73.9432,28.7572,0.6013,0.141,0.6008,49.0,11909.2571,1.6283
train,inline,2,384,40,10056.1388,39.945,42.1023,48.0887,0.4413,0.4413,0.7994,50.0,8807.0572,0.0
train,inline,4,768,45,10610.9881,45.0027,23.1962,32.4622,3.5937,2.7164,0.7303,50.0,10407.6015,0.0
train,inline,3,384,80,14429.7036,79.9727,39.427,49.3649,0.0393,0.0332,0.2665,50.0,15840.8041,0.0
train,inline,1,512,80,14532.6827,80.0776,75.6769,31.8959,0.6316,0.1167,0.2665,49.0,13750.8678,0.0
train,inline,3,768,50,11191.8736,49.9863,31.9127,31.9102,0.0663,0.0663,0.6661,50.0,9296.8353,4315.2697
train,inline,2,256,45,10560.1085,44.8862,45.7145,64.7224,0.7333,0.7333,0.7327,50.0,5898.1948,3.1474
train,inline,2,640,100,16627.3928,99.9694,59.1395,29.6084,0.0495,0.0117,0.0,50.0,12222.7682,0.0
train,inline,1,768,65,12895.5033,65.016,76.0045,29.154,0.7538,0.1362,0.4681,50.0,13170.7175,0.5587
train,inline,1,512,99999,18978.3868,127.0221,89.5385,29.7325,1.3964,0.118,0.0,50.0,17179.9488,0.0
train,inline,2,768,75,13909.4905,74.9795,53.0008,29.8068,0.1488,0.1045,0.3331,50.0,11563.4059,1.5285
train,inline,2,384,85,14976.6143,84.9191,51.777,48.3235,0.1187,0.1187,0.1998,50.0,10391.0823,0.0
train,inline,3,256,95,16058.1292,94.9743,43.862,65.2266,0.0297,0.0173,0.0666,50.0,22025.4288,0.0
train,inline,1,384,99999,18974.8503,126.9936,90.5356,48.4027,1.3141,0.1268,0.0099,50.0,16282.6509,0.0
train,inline,3,896,70,13383.4731,69.999,35.8547,29.7456,0.0484,0.045,0.3997,50.0,14853.561,6883.3112
train,inline,3,512,25,8394.1038,24.9973,27.667,37.9537,0.0936,0.0903,0.9992,50.0,7227.9881,0.0
train,inline,2,384,40,10054.9898,39.9403,42.4143,47.9781,0.4414,0.4414,0.7994,50.0,8847.123,0.324
train,inline,2,768,85,14996.8796,84.9695,56.4489,29.4965,0.1173,0.0676,0.1998,50.0,12493.9687,3.2992
train,inline,4,1024,65,12772.826,64.9897,26.1301,29.4017,0.0597,0.0511,0.4659,50.0,12332.5698,1.1519
train,inline,3,640,40,10071.9639,39.9928,30.3005,34.0241,0.081,0.0761,0.7994,50.0,10093.1232,2091.5316
train,inline,4,896,60,12236.9832,59.997,25.3413,30.7213,1.345,1.0179,0.5318,50.0,12027.8845,0.0
train,inline,3,640,50,11162.5088,49.9853,32.4926,33.7414,0.065,0.065,0.6661,50.0,10273.7656,2158.5231
train,inline,3,640,55,11713.3827,54.973,32.9737,33.4092,0.0712,0.0603,0.5995,50.0,9774.8949,2198.2621
train,inline,3,896,70,13382.7312,69.9956,35.8427,29.729,0.0472,0.045,0.3997,50.0,14259.7618,6883.1807
train,inline,4,256,50,11099.2696,49.9823,25.2769,68.1255,0.0554,0.0526,0.6661,50.0,10587.5107,0.2752
train,inline,1,1024,90,15551.6041,89.9905,82.5055,26.9774,1.5486,0.1546,0.1389,50.0,17755.9274,1.3146
train,inline,1,512,50,11366.371,50.0831,67.8749,30.8818,0.4173,0.1879,0.6661,49.0,10759.9867,0.0
train,inline,4,1024,40,10039.8379,39.988,22.405,30.5295,0.0913,0.0796,0.7986,50.0,8455.7247,4.3812
train,inline,1,896,90,15561.1886,90.01,81.0772,27.9865,1.3418,0.1395,0.1375,50.0,18094.7128,2.007
train,inline,4,768,60,12252.2728,59.99,25.5902,32.1195,2.6317,1.9794,0.5311,50.0,10920.1452,4.5412
train,inline,2,256,55,11660.5191,54.8994,46.7249,65.2171,0.6015,0.6015,0.5995,50.0,7647.077,0.0
train,inline,1,256,90,15526.472,89.6452,83.6963,64.6871,0.7071,0.0907,0.1332,50.0,14123.4406,0.3172
train,inline,3,1024,90,15558.3012,90.02,39.3509,28.9793,0.0303,0.023,0.1332,50.0,15144.4476,9722.9773
train,inline,3,256,35,9542.886,34.98,35.8404,66.6291,0.0865,0.0844,0.866,50.0,9626.2798,2.3185
train,inline,2,384,90,15527.929,89.9204,52.4192,48.7608,0.0828,0.0828,0.1332,50.0,9410.6351,0.0
train,inline,3,256,100,16595.8381,99.9468,44.191,64.6152,0.017,0.0114,0.0,50.0,22346.2367,0.706
train,inline,3,768,25,8471.3787,25.0074,28.9633,32.6636,0.0973,0.0942,0.9992,50.0,6766.6608,3969.0331
train,inline,3,640,35,9524.5177,34.9898,28.5503,34.6509,0.0807,0.0807,0.866,50.0,7410.1724,2051.4768
train,inline,3,768,95,16083.5487,94.9705,38.9155,30.1646,0.0165,0.0165,0.0666,50.0,15775.3976,4931.0852
train,inline,4,768,40,10064.828,40.0016,22.6398,32.5857,3.9205,2.9624,0.7966,50.0,9900.1959,0.0
train,inline,4,896,95,16071.0546,94.9965,30.7638,30.1789,0.1992,0.138,0.0665,50.0,14063.926,4.1555
train,inline,3,896,60,12297.3316,59.9877,34.0251,29.5765,0.0562,0.0562,0.5329,50.0,11714.4056,6677.7792
train,inline,2,896,50,11182.6668,49.998,44.1982,29.5403,0.279,0.2573,0.6661,50.0,14543.6272,0.0
train,inline,4,384,65,12787.4498,64.99,24.9404,51.1766,2.2703,1.7266,0.4649,50.0,11796.4838,0.0
train,inline,3,640,100,16628.0254,99.9707,40.1498,30.5818,0.0164,0.0113,0.0,50.0,17559.8276,2503.3772
train,inline,2,384,100,16616.1615,99.9083,55.3282,48.3334,0.0322,0.0114,0.0,50.0,10953.6175,0.0
train,inline,3,640,99999,18950.5646,126.8572,43.0609,31.9169,0.0536,0.0029,0.0,50.0,17953.0445,9992.5508
train,inline,4,384,30,8945.8231,29.9988,22.7389,51.8214,4.5654,3.4439,0.9298,50.0,9729.2151,0.0
train,inline,4,640,40,10070.564,39.971,23.1507,33.0306,5.8406,4.4043,0.7956,50.0,9770.2069,0.7493
train,inline,4,384,40,10037.1651,39.9774,24.0332,51.1844,3.9095,2.9533,0.797,50.0,8656.5749,1.343
train,inline,2,640,65,12820.2786,64.9941,49.0115,30.573,0.1235,0.0974,0.4663,50.0,11681.6453,0.0
train,inline,4,896,99999,18976.2073,126.949,33.2233,30.4371,0.0461,0.0032,0.0,50.0,18871.8517,7491.4854
train,inline,4,256,65,12759.5162,64.9624,27.7237,67.9199,0.052,0.0407,0.4663,50.0,10860.7496,6.3129
train,inline,1,640,55,11857.3585,55.0146,71.3827,29.69,0.533,0.159,0.6002,49.0,10624.8079,3.3145
train,inline,3,384,95,16066.1255,94.9598,41.6079,48.4518,0.0218,0.0168,0.0666,50.0,18396.3349,0.0
train,inline,4,768,90,15526.6114,90.0069,29.3879,31.1895,0.6715,0.5032,0.1328,50.0,15366.9281,0.1222
train,inline,1,512,35,9783.2228,35.0637,63.8179,30.1718,0.32,0.2242,0.866,48.0,8684.1302,2.5942
train,inline,1,1024,45,10669.8973,44.8921,76.3845,26.8724,0.5176,0.0921,0.7345,50.0,11454.6872,0.3742
train,inline,2,1024,95,16081.0808,94.9768,62.3076,27.5903,0.1083,0.043,0.0666,50.0,16966.9519,1.5663
train,inline,3,512,40,10040.2665,39.9778,30.0102,36.5939,0.0774,0.0745,0.7994,50.0,8344.0806,0.6344
train,inline,2,512,65,12822.4646,64.988,48.1607,31.2054,0.0757,0.0541,0.4663,50.0,11535.1105,0.6874
train,inline,3,384,90,15522.8175,89.9469,40.6403,48.7864,0.0331,0.0226,0.1332,50.0,16618.9477,4.0861
train,inline,3,1024,80,14480.8607,80.0051,37.8491,28.501,0.0459,0.0348,0.2665,50.0,14299.73,9458.3401
train,inline,4,384,95,16078.9112,94.9742,29.5695,50.402,0.3358,0.256,0.0664,50.0,17255.4696,0.0
train,inline,3,256,85,14971.3383,84.969,41.6714,65.3896,0.0282,0.028,0.1998,50.0,19246.7112,0.0
train,inline,1,384,40,10302.6499,40.0189,69.5202,47.1003,0.2943,0.1547,0.7994,49.0,9274.2451,0.1587
train,inline,2,512,95,16087.3359,94.987,57.2745,30.4156,0.0643,0.0186,0.0666,50.0,11416.0549,0.0
train,inline,3,896,25,8508.943,25.0017,29.2167,29.7504,0.0971,0.0959,0.9992,50.0,8310.9742,5960.5789
train,inline,2,256,70,13310.0732,69.8892,48.7958,65.7759,0.4046,0.4046,0.3997,50.0,9294.1097,0.3081
train,inline,1,384,65,12925.8212,64.9291,75.4782,47.478,0.4999,0.1232,0.4663,50.0,13113.0672,0.0
train,inline,2,640,95,16084.4135,94.9747,58.4298,29.7064,0.0714,0.0244,0.0666,50.0,14048.8352,0.0
train,inline,2,256,60,12209.467,59.8904,46.6145,65.318,0.5356,0.5356,0.5329,50.0,7927.6885,0.0
train,inline,3,1024,50,11239.5393,49.9845,33.2457,27.561,0.069,0.069,0.6661,50.0,10470.9301,8632.1765
train,inline,2,384,90,15522.2868,89.9134,53.1122,48.1028,0.0831,0.0831,0.1332,50.0,11183.8335,1.5096
train,inline,2,256,85,14954.5084,84.8591,49.7444,65.9454,0.2073,0.2073,0.1998,50.0,9644.7566,0.0
train,inline,4,640,35,9534.2031,35.0073,22.7686,33.4707,6.3375,4.7707,0.8619,50.0,11538.4624,2.7548
train,inline,3,640,50,11163.2039,49.9815,30.9989,33.716,0.0646,0.0646,0.6661,50.0,9478.6892,2154.6807
train,inline,1,768,30,9154.7496,29.976,68.7101,28.5723,0.2352,0.1539,0.9328,49.0,8568.0922,2.465
train,inline,3,768,75,13911.5823,74.9921,34.8527,31.0614,0.0381,0.0381,0.3331,50.0,13512.0526,4654.0799
train,inline,1,640,40,10269.1825,40.0305,67.9329,29.575,0.3723,0.1807,0.7997,49.0,9771.6095,3.1739
train,inline,4,384,90,15531.0077,89.9811,28.2464,50.42,0.6541,0.5009,0.1328,50.0,15803.8912,0.0
train,inline,2,768,65,12820.7714,65.0047,49.3812,30.0449,0.1762,0.141,0.4663,50.0,13428.916,0.0
train,inline,4,384,99999,18963.7461,126.8426,35.8357,50.2773,0.0328,0.0015,0.0,50.0,15911.6449,1.94
train,inline,4,512,25,8458.0326,24.9972,22.9317,35.1921,9.7056,7.305,0.9933,50.0,7815.4774,2.143
train,inline,2,384,100,16621.0772,99.9101,55.6528,48.7428,0.0401,0.0117,0.0,50.0,10854.5069,2.8935
train,inline,4,512,95,16085.527,94.9947,27.7404,33.2684,0.6582,0.4971,0.0662,50.0,16619.309,0.0
train,inline,4,1024,90,15516.0557,90.0235,29.5641,29.1469,0.0301,0.0227,0.1331,50.0,15215.2969,0.0
train,inline,1,768,50,11293.7959,49.9946,72.2018,28.971,0.5289,0.1437,0.6672,49.0,10699.9921,0.8671
train,inline,1,384,99999,18974.824,126.9742,90.5784,48.4005,1.315,0.1269,0.0099,50.0,15310.305,4.0069
train,inline,3,640,85,14989.5171,84.9722,36.9546,31.7576,0.0271,0.0271,0.1998,50.0,15697.4945,2395.0322
train,inline,3,768,99999,18951.7424,126.8856,43.1207,31.2841,0.0376,0.0021,0.0,50.0,18841.8428,9994.2733
train,inline,1,1024,95,16098.3862,95.0197,82.9558,27.2725,1.673,0.1622,0.0728,50.0,18725.5194,0.0
train,inline,3,896,70,13387.0043,69.9767,36.3319,30.0524,0.0585,0.0458,0.3997,50.0,10360.6079,6891.1661
train,inline,2,512,75,13910.8607,74.9941,51.5518,31.0549,0.0726,0.0423,0.3331,50.0,10821.7982,0.0
train,inline,3,768,40,10104.0749,40.0034,30.7004,31.5822,0.0855,0.0777,0.7994,50.0,11361.0009,4182.8082
train,inline,4,256,45,10547.0633,44.9876,23.4759,68.3986,0.0562,0.0562,0.7327,50.0,8527.1111,0.0
train,inline,4,256,100,16623.2607,99.9304,32.7301,67.2463,0.017,0.0113,0.0,50.0,15583.6295,2.8902
train,inline,3,256,70,13344.9908,69.9593,40.4509,65.6929,0.0588,0.0456,0.3997,50.0,15817.1937,6.0877
train,inline,1,384,40,10302.2263,40.0266,68.6805,47.1167,0.2831,0.1541,0.7994,49.0,9727.2457,0.0
train,inline,1,384,45,10829.7159,44.9992,71.2296,47.1615,0.3464,0.149,0.7327,49.0,9758.4262,5.1993
train,inline,3,640,100,16628.679,99.9654,39.828,30.8548,0.0155,0.0111,0.0,50.0,18828.186,2498.9274
train,inline,3,896,60,12294.9403,59.9806,34.1473,29.2137,0.0563,0.0563,0.5329,50.0,12355.3622,6680.1482
train,inline,3,640,30,8977.1898,29.9967,29.3111,34.7078,0.0878,0.0866,0.9326,50.0,7695.1224,2023.7275
train,inline,1,1024,75,13925.889,74.9653,80.6541,26.9596,1.2061,0.1337,0.3375,50.0,16302.2243,0.8167
train,inline,1,1024,45,10676.584,44.9053,76.4708,26.9534,0.523,0.0923,0.7345,50.0,10547.6701,1.6803
train,inline,3,512,95,16078.4157,94.9435,39.0066,31.8912,0.0231,0.0168,0.0666,50.0,14921.2176,2.9324
train,inline,4,384,65,12783.4987,64.9686,26.5571,50.7631,2.2884,1.7275,0.4649,50.0,11700.6015,1.2446
train,inline,3,1024,80,14477.2133,80.0161,38.2091,28.4225,0.0374,0.0342,0.2665,50.0,15107.0637,9455.6977
train,inline,1,1024,100,16633.9115,99.9951,83.175,26.7727,1.7766,0.1686,0.0066,50.0,19255.997,0.3788
train,inline,1,384,60,12406.9609,59.9576,74.7257,47.8203,0.4688,0.1301,0.5329,49.0,10620.0636,0.6825
train,inline,1,896,55,11795.5692,54.9816,75.8353,28.0894,0.6835,0.1241,0.6015,50.0,12305.2134,0.0
train,inline,3,256,55,11713.0088,54.9725,37.3416,66.0264,0.0615,0.0615,0.5995,50.0,13728.9594,0.0
train,inline,2,896,30,9003.313,30.0061,36.7394,29.8441,0.3615,0.3557,0.9326,50.0,11252.574,0.0
train,inline,4,768,55,11704.5644,54.9979,24.838,32.2187,2.9527,2.2249,0.5975,50.0,12619.2792,0.5459
train,inline,3,640,99999,18957.9217,126.8929,43.4609,32.4833,0.064,0.0035,0.0,50.0,17901.2459,9985.0675
train,inline,1,384,85,15032.7943,84.8867,80.3831,48.2646,0.6688,0.0982,0.1998,50.0,14756.8352,2.339
train,inline,1,640,95,16110.4521,95.0562,80.7424,31.0755,0.9743,0.1013,0.0682,50.0,17853.0733,0.0
train,inline,4,512,100,16631.5485,100.0019,28.4678,33.2023,0.0178,0.0112,0.0,50.0,16504.2183,0.0
train,inline,4,896,75,13878.1047,74.9997,27.3611,30.1057,0.8507,0.6405,0.3323,50.0,14655.5013,1.8968
train,inline,1,1024,65,12838.2361,64.928,78.8322,27.2882,0.9752,0.1199,0.4698,50.0,14427.0501,0.2974
train,inline,2,768,80,14451.9104,79.9882,52.7221,29.6602,0.1062,0.0847,0.2665,50.0,12779.7085,0.0
train,inline,4,256,30,8889.8088,29.9884,22.4937,68.5995,0.0727,0.0694,0.9326,50.0,6270.2255,1.5788
train,inline,1,640,85,15046.1473,85.0455,78.3453,30.6578,0.8624,0.1156,0.2012,50.0,16552.8033,0.0
train,inline,4,896,25,8411.0291,24.9988,20.3621,31.9099,2.5021,1.8983,0.997,50.0,9448.2202,0.0
train,inline,4,640,25,8441.6134,25.0094,22.5218,34.1401,7.3048,5.5028,0.9945,50.0,8154.1804,0.0
train,inline,3,768,50,11188.545,49.9872,32.6406,31.6733,0.0663,0.0663,0.6661,50.0,10076.7031,4315.9793
train,inline,3,384,99999,18958.5194,126.9035,44.5736,49.1623,0.0629,0.0027,0.0,50.0,15593.4994,9998.4216
train,inline,3,1024,75,13940.5955,75.0187,36.2012,28.6433,0.0397,0.0397,0.3331,50.0,13574.1666,9310.1177
train,inline,4,640,65,12799.7044,64.977,25.6756,32.4597,3.4137,2.5738,0.4641,50.0,12498.9515,0.0
train,inline,3,1024,50,11243.0579,50.0062,33.4417,27.8742,0.0699,0.0688,0.6661,50.0,12076.9722,8630.19
train,inline,4,768,65,12796.9571,65.008,25.9249,31.5632,2.3032,1.7331,0.4647,50.0,14195.9915,2.9791
train,inline,3,640,50,11165.1808,49.9909,31.0662,33.5768,0.0648,0.0648,0.6661,50.0,10680.5828,2157.0959
train,inline,4,512,95,16085.446,94.9943,27.9746,33.2605,0.6611,0.4972,0.0662,50.0,17192.0831,0.0
train,inline,1,256,45,10814.3485,44.9387,74.8301,63.7671,0.2744,0.0961,0.7327,50.0,9984.4189,0.0
train,inline,4,640,55,11716.3294,55.0066,24.0116,33.1186,4.3837,3.3058,0.5967,50.0,12500.4387,0.0
train,inline,3,384,35,9517.8234,34.9893,30.6767,51.9423,0.0811,0.0811,0.866,50.0,8296.3693,0.0
train,inline,2,384,60,12243.1054,59.934,46.2957,48.2082,0.2979,0.2979,0.5329,50.0,9486.6792,0.0
train,inline,3,1024,25,8548.9534,24.9931,29.9987,27.3716,0.1023,0.0981,0.9992,50.0,7220.706,7948.9708
train,inline,2,1024,85,14992.3656,84.9827,58.4309,28.0677,0.1596,0.1043,0.1998,50.0,16554.1337,0.0
train,inline,4,384,70,13330.3498,69.9647,27.0287,50.5262,1.9611,1.4822,0.3985,50.0,13067.3289,0.2018
train,inline,2,640,85,14996.897,84.9813,55.1117,29.9497,0.0901,0.0487,0.1998,50.0,14640.4476,0.0
train,inline,2,896,75,13906.3721,74.9962,53.7337,29.0805,0.1804,0.135,0.3331,50.0,15062.6204,0.0
train,inline,2,896,50,11178.7771,49.9906,44.6139,29.3238,0.2745,0.2572,0.6661,50.0,12326.7797,1.5295
train,inline,4,640,60,12255.3854,59.9804,24.9924,32.6939,3.8975,2.9398,0.5304,50.0,12016.4631,0.0
train,inline,2,640,100,16624.4433,99.9616,60.0965,29.3384,0.0605,0.0123,0.0,50.0,12143.3842,0.0
train,inline,1,384,70,13456.2362,69.9431,77.4373,48.1025,0.5466,0.1172,0.3997,50.0,12343.7919,0.0
train,inline,2,1024,40,10085.1462,39.986,40.416,28.6571,0.391,0.3804,0.7994,50.0,12503.4246,0.2314
train,inline,4,512,35,9547.9331,35.0001,22.9533,34.9297,8.4087,6.3322,0.8609,50.0,9235.2525,0.0
train,inline,3,768,60,12276.7105,59.9701,34.0152,31.3243,0.0585,0.0555,0.5329,50.0,10451.3259,4454.9871
train,inline,3,640,85,14985.5472,84.9594,37.4092,31.4026,0.0288,0.0275,0.1998,50.0,14291.0788,2395.5904
train,inline,3,512,80,14426.9453,79.9454,35.779,32.8176,0.032,0.032,0.2665,50.0,13431.738,0.0
train,inline,4,256,99999,19004.1111,126.8348,36.0752,68.5362,0.0498,0.0022,0.0,50.0,10683.2747,2.1762
train,inline,3,384,30,8969.3143,29.9796,31.4997,51.9267,0.0874,0.0874,0.9326,50.0,8703.625,0.0
train,inline,1,640,30,9202.9795,30.0241,65.3614,29.0226,0.256,0.1947,0.9327,49.0,9423.9058,0.8704
train,inline,3,384,25,8426.3913,24.9954,30.2644,52.4474,0.0878,0.0927,0.9992,50.0,6786.401,0.0
train,inline,2,384,65,12789.3882,64.9299,47.8331,48.172,0.2623,0.2623,0.4663,50.0,9705.3306,0.0
train,inline,3,512,85,14979.8161,84.9567,37.127,32.6853,0.0304,0.027,0.1998,50.0,15865.4674,0.0
train,inline,2,768,65,12816.8015,64.9947,49.8203,29.7255,0.1695,0.1405,0.4663,50.0,13004.7973,3.0521
train,inline,2,1024,70,13358.1699,69.9948,52.6141,28.1421,0.2401,0.1965,0.3997,50.0,15501.2334,2.7348
train,inline,3,1024,65,12859.2043,65.0023,35.4709,28.1404,0.0528,0.0515,0.4663,50.0,14494.1896,9040.5702
train,inline,3,512,60,12229.9265,59.9509,32.984,34.4157,0.0532,0.0532,0.5329,50.0,10959.3235,0.2515
train,inline,3,640,90,15537.125,89.9777,37.141,31.5757,0.0215,0.0215,0.1332,50.0,14895.8577,2425.7188
train,inline,1,896,40,10180.0518,39.9546,73.1298,27.3543,0.4019,0.1173,0.8004,50.0,12373.1577,4.9913
train,inline,4,512,95,16087.7896,94.9812,28.2751,33.4396,0.668,0.4977,0.0662,50.0,14746.2965,4.4452
train,inline,4,256,55,11650.2864,54.9841,26.7633,68.1694,0.0492,0.0484,0.5995,50.0,9725.8814,0.0821
train,inline,4,768,70,13336.2911,69.9821,26.4411,31.2572,1.9702,1.487,0.3983,50.0,12995.3797,0.0
train,inline,3,256,45,10629.5126,44.9856,36.6834,65.9982,0.0797,0.0733,0.7327,50.0,13639.309,2.9317
train,inline,3,768,99999,18958.4494,126.8869,43.0954,31.2956,0.0609,0.0032,0.0,50.0,21384.6701,9995.6591
train,inline,4,384,60,12239.9708,59.9805,25.2942,51.3404,2.6084,1.9725,0.5313,50.0,10163.1676,0.0377
train,inline,1,896,80,14488.5238,79.985,80.0239,28.4572,1.1608,0.1355,0.2701,50.0,13674.8592,4.5332
train,inline,2,896,95,16076.8366,94.9556,60.9228,28.0362,0.0902,0.0366,0.0666,50.0,14744.775,0.5315
train,inline,2,640,70,13365.5673,69.9925,50.3346,30.4603,0.1169,0.0854,0.3997,50.0,11856.2706,0.0
train,inline,3,768,30,9015.1838,29.9993,27.9438,32.5249,0.0877,0.0877,0.9326,50.0,7350.407,4036.5899
train,inline,4,640,100,16618.353,99.9781,29.3385,31.5499,0.0123,0.011,0.0,50.0,16314.1119,1.177
train,inline,1,512,85,15062.1695,85.0703,76.8318,32.2231,0.6684,0.1049,0.1998,50.0,13189.6076,0.4448
train,inline,4,896,25,8411.8662,25.0042,19.9844,31.6161,2.5025,1.8983,0.997,50.0,9716.8228,1.888
train,inline,1,512,55,11894.5087,55.0629,69.3235,30.9511,0.463,0.1767,0.5995,49.0,10387.4305,3.1023
train,inline,3,256,35,9542.7493,34.9841,35.5726,66.5956,0.0853,0.0843,0.866,50.0,11333.8449,0.0
train,inline,1,1024,70,13379.2116,69.9339,78.9351,26.4753,1.0828,0.1266,0.4036,50.0,14689.9153,0.0
train,inline,4,640,95,16079.9765,95.007,28.9341,32.1768,0.5076,0.3776,0.0663,50.0,15806.5983,0.0
train,inline,1,1024,90,15553.3704,89.9905,81.4558,27.0336,1.5442,0.1545,0.1389,50.0,18113.7372,0.0
train,inline,4,640,55,11713.8876,55.0039,25.3885,33.1456,4.3889,3.306,0.5967,50.0,11957.9107,2.3705
train,inline,2,640,30,9014.8299,30.011,36.7334,31.1374,0.1902,0.1829,0.9326,49.0,12785.5003,2.7079
train,inline,3,512,55,11684.8432,54.9674,31.9147,35.1379,0.0584,0.0584,0.5995,50.0,9853.1568,0.0
train,inline,2,1024,80,14448.6662,79.9917,55.4425,28.1034,0.1767,0.1346,0.2665,50.0,15760.8899,0.0
train,inline,3,512,25,8394.3008,24.9981,27.5627,37.7377,0.0947,0.0904,0.9992,50.0,6184.3307,0.0
train,inline,4,512,30,9004.383,30.0136,23.2307,35.1558,9.0643,6.819,0.9271,50.0,9431.2607,0.0
train,inline,3,768,25,8470.8466,25.0014,28.7765,32.59,0.0957,0.0941,0.9992,50.0,6885.8577,3970.7051
train,inline,1,384,99999,18971.577,126.988,90.7848,48.2697,1.3075,0.1263,0.0099,50.0,17326.2813,0.7711
train,inline,2,384,90,15528.4515,89.945,53.6676,48.7614,0.0836,0.0836,0.1332,50.0,10397.8395,0.0
train,inline,2,256,65,12758.5518,64.8842,47.9513,65.4455,0.4703,0.4703,0.4663,50.0,10078.0297,0.0
train,inline,4,768,80,14435.9461,80.0095,27.8686,31.5608,1.3257,0.9952,0.2655,50.0,16244.6961,0.0
train,inline,2,256,80,14406.6589,79.8688,49.6487,65.8188,0.2733,0.2733,0.2665,50.0,9657.277,0.7089
train,inline,2,512,70,13366.0502,69.986,49.4957,31.0789,0.0694,0.048,0.3997,50.0,10984.5928,0.2477
train,inline,4,768,55,11704.0882,55.0028,24.7279,32.1,2.9515,2.2248,0.5975,50.0,13338.9269,0.0
train,inline,1,512,60,12419.773,60.0679,70.4528,30.898,0.4937,0.1645,0.5329,49.0,12059.4777,0.6035
train,inline,2,384,80,14428.3733,79.9168,51.0257,48.1936,0.1546,0.1546,0.2665,50.0,11323.1002,0.0
train,inline,1,384,60,12404.2179,59.9653,73.691,47.7523,0.4482,0.129,0.5329,49.0,11455.4562,0.0
train,inline,1,640,60,12394.5878,60.0581,72.5442,29.9288,0.5952,0.152,0.5337,49.0,13646.8898,0.0
train,inline,2,1024,95,16083.1818,94.9872,62.2641,27.441,0.113,0.0432,0.0666,50.0,18256.8848,3.86
train,inline,1,768,90,15572.1933,90.0434,80.5423,29.7463,1.1335,0.1242,0.1361,50.0,17069.7756,0.0
train,inline,1,640,75,13986.0962,75.0506,76.015,30.4511,0.7548,0.1301,0.3342,50.0,15699.3589,0.0378
train,inline,3,512,99999,18953.3511,126.8915,43.2977,33.2048,0.0577,0.0029,0.0,50.0,18557.4863,9979.2114
train,inline,2,256,75,13862.7393,74.8761,49.4418,66.1319,0.3395,0.3395,0.3331,50.0,7853.9296,3.1792
train,inline,2,384,30,8965.8369,29.9564,40.4768,48.2914,0.5132,0.5132,0.9326,50.0,9679.6625,0.4271
train,inline,3,768,100,16633.0116,99.9702,39.8344,30.4526,0.0151,0.0114,0.0,50.0,14957.8224,5002.7908
train,inline,3,256,80,14427.8267,79.966,41.1369,65.4575,0.0343,0.0336,0.2665,50.0,19155.4868,0.0
train,inline,2,256,65,12762.4431,64.9054,48.3171,65.7386,0.4707,0.4707,0.4663,50.0,8274.5614,0.0
train,inline,1,768,30,9152.808,29.9846,68.7691,28.4806,0.2305,0.1535,0.9328,49.0,9860.6941,0.1835
train,inline,3,512,55,11686.9958,54.9769,32.2559,35.0501,0.0632,0.0587,0.5995,50.0,11526.2392,1.5479
train,inline,4,768,100,16620.664,99.9964,30.5974,31.0049,0.0248,0.0116,0.0,50.0,15481.3607,3.5857
train,inline,3,640,55,11706.7251,54.9528,32.8226,33.1591,0.0621,0.0599,0.5995,50.0,9015.3046,2195.5953
train,inline,3,512,95,16079.5557,94.9409,38.9763,31.9816,0.026,0.0169,0.0666,50.0,15657.2132,3.1401
train,inline,4,1024,90,15515.0474,90.0189,30.4458,29.0056,0.0405,0.0233,0.1331,50.0,15368.8757,0.0
train,inline,3,896,70,13384.7523,70.0071,35.261,29.9093,0.0449,0.0449,0.3997,50.0,12781.3907,6878.7391
train,inline,4,896,65,12787.889,64.9925,26.4543,30.9188,1.1861,0.8924,0.4653,50.0,11257.2953,4.4046
train,inline,1,896,75,13942.2958,74.9767,78.0376,27.8365,1.045,0.1322,0.3364,50.0,14848.2262,0.0
train,inline,3,640,25,8432.5183,24.9904,27.5768,35.269,0.0877,0.0919,0.9992,50.0,5739.5353,1985.7365
train,inline,3,512,35,9486.1475,34.9684,28.2494,36.6669,0.0791,0.0791,0.866,50.0,6664.643,0.0
train,inline,3,1024,85,15018.8403,85.02,38.1063,28.8594,0.0291,0.0285,0.1998,50.0,14719.1977,9584.8919
train,inline,2,512,99999,18929.4813,126.7907,61.9125,30.0516,0.0844,0.0033,0.0,50.0,19336.6296,0.0
train,inline,3,512,60,12236.3299,59.9646,32.9951,34.9002,0.0552,0.0534,0.5329,50.0,9957.8425,1.1991
train,inline,2,256,60,12210.1892,59.8968,47.7091,65.4253,0.5359,0.5359,0.5329,50.0,9326.3293,0.0777
train,inline,4,384,75,13883.0385,74.9822,28.0196,50.7066,1.6392,1.237,0.3321,50.0,13617.6986,1.4475
train,inline,4,768,65,12797.4441,65.0092,26.0518,31.9466,2.3022,1.7332,0.4647,50.0,12992.0351,0.0
train,inline,4,1024,90,15515.6052,90.0207,30.1855,28.5447,0.0434,0.0233,0.1331,50.0,17531.3811,3.8355
train,inline,3,640,80,14438.0412,79.9556,36.4973,31.5073,0.0328,0.0328,0.2665,50.0,14084.7111,2364.358
train,inline,2,512,95,16084.1728,94.9702,57.5103,30.3798,0.0573,0.0182,0.0666,50.0,10728.3403,1.6348
train,inline,3,384,70,13339.4005,69.958,37.705,49.9798,0.0529,0.0442,0.3997,50.0,14529.3918,2.649
train,inline,4,384,55,11690.7267,54.9983,25.4909,51.3448,2.9418,2.2181,0.5978,50.0,10706.0381,0.0
train,inline,2,640,99999,18936.9548,126.8235,60.5266,29.3362,0.0661,0.0029,0.0,50.0,19030.9025,2502.4653
train,inline,2,1024,40,10088.1846,40.005,40.836,29.022,0.3895,0.3802,0.7994,50.0,12092.8733,0.6297
train,inline,4,256,85,14966.7602,84.9596,30.4881,67.5818,0.0282,0.0237,0.1998,50.0,14314.5608,0.0
train,inline,3,256,75,13887.4411,74.9665,41.1814,65.7364,0.0514,0.0399,0.3331,50.0,16491.3962,0.0
train,inline,1,512,80,14531.0141,80.0804,76.3632,31.9144,0.6304,0.1166,0.2665,49.0,13545.3891,0.6934
train,inline,1,512,60,12423.4445,60.0832,70.2328,30.9855,0.4956,0.1645,0.5329,49.0,12939.9229,1.1151
train,inline,3,896,55,11753.3496,54.9809,33.3861,29.1984,0.062,0.062,0.5995,50.0,11881.5029,6577.62
train,inline,4,768,80,14436.0112,79.9882,27.9734,31.5238,1.3282,0.9955,0.2655,50.0,13002.2704,3.9577
train,inline,3,768,100,16633.2784,99.9702,40.3268,30.2888,0.0233,0.0117,0.0,50.0,15553.3526,5005.928
train,inline,4,768,30,8972.23,29.9995,21.857,32.8267,4.5769,3.4545,0.9294,50.0,9482.9265,0.0671
train,inline,2,1024,80,14450.4037,79.9762,55.7932,28.449,0.1812,0.1349,0.2665,50.0,13373.2535,1.3185
train,inline,3,512,100,16624.7606,99.9424,38.8823,31.2682,0.0109,0.0109,0.0,50.0,16443.8177,0.0
train,inline,3,512,85,14980.5586,84.9612,35.9635,32.7212,0.0265,0.0265,0.1998,50.0,14441.858,0.0
train,inline,3,896,90,15551.0189,89.9898,38.9993,29.7308,0.0303,0.0228,0.1332,50.0,14692.5648,7298.0797
train,inline,3,896,75,13925.4963,75.0018,36.5529,29.5784,0.0449,0.0395,0.3331,50.0,15683.5957,6987.697
train,inline,4,896,30,8958.9285,30.0059,19.7419,31.7396,2.3234,1.7719,0.9306,50.0,9325.7262,0.0
train,inline,1,256,40,10293.7222,39.9534,74.9661,63.5739,0.2506,0.098,0.7994,50.0,8711.1259,6.5488
train,inline,4,768,35,9520.187,35.008,21.2631,32.5822,4.2435,3.2082,0.863,50.0,10349.4695,0.0
train,inline,1,384,50,11349.801,49.9804,71.5508,47.097,0.3707,0.1419,0.6661,49.0,10652.1519,0.0
train,inline,4,256,85,14965.9366,84.959,30.7636,67.5924,0.0258,0.0235,0.1998,50.0,14310.6561,0.37
train,inline,1,384,85,15036.829,84.9063,80.4901,48.7181,0.6765,0.0988,0.1998,50.0,13716.2027,0.0
train,inline,1,896,55,11790.5918,54.9612,75.6453,27.716,0.6781,0.1238,0.6015,50.0,12230.7381,0.0
train,inline,1,256,95,16053.6712,94.6276,84.7912,65.1125,0.7567,0.09,0.0666,50.0,15443.2972,0.0
train,inline,4,1024,30,8938.972,29.9848,19.5333,30.4241,0.0899,0.0899,0.9317,50.0,8513.8319,0.0
train,inline,3,1024,100,16634.6222,100.0114,40.6148,29.0604,0.0144,0.0112,0.0,50.0,16568.7556,10000.5556
train,inline,4,384,25,8398.2193,24.9914,22.3692,51.9805,4.8937,3.6894,0.9962,50.0,6033.1461,2.9041
train,inline,1,640,30,9206.7789,30.0127,65.779,29.4137,0.2643,0.1952,0.9327,49.0,7196.6881,5.457
train,inline,4,384,70,13336.9952,69.9764,26.6407,51.07,1.9609,1.4822,0.3985,50.0,11628.6511,0.5511
train,inline,3,384,100,16613.5997,99.9595,41.626,47.8158,0.0195,0.0114,0.0,50.0,20980.4453,2.5413
train,inline,3,896,30,9053.3612,29.9852,29.9335,30.0972,0.0957,0.0906,0.9326,50.0,6465.8027,6065.932
train,inline,4,640,75,13895.6618,74.9942,26.686,32.3705,2.447,1.8417,0.3315,50.0,14513.25,1.5191
train,inline,2,512,85,14998.9559,84.9692,54.1488,30.7268,0.0678,0.0304,0.1998,50.0,10521.075,2.2274
train,inline,3,896,65,12840.0253,65.0004,35.7103,29.7958,0.0507,0.0505,0.4663,50.0,13029.5694,6782.1581
train,inline,3,768,95,16087.1865,94.9857,39.3906,30.4764,0.0219,0.0167,0.0666,50.0,18077.7538,4929.4754
train,inline,3,512,45,10589.2784,44.9829,30.6304,35.8481,0.0736,0.0693,0.7327,50.0,9692.753,2.272
train,inline,1,384,85,15029.5917,84.8693,80.0348,48.1627,0.6651,0.0981,0.1998,50.0,14560.9025,0.0
train,inline,3,768,45,10646.1774,44.9928,31.7879,31.9589,0.0731,0.0718,0.7327,50.0,11168.8397,4246.0765
train,inline,1,896,95,16098.6476,95.012,81.8902,28.0956,1.4344,0.1416,0.0712,50.0,18235.8208,1.0957
train,inline,3,768,60,12278.5715,59.9889,33.8157,31.4809,0.0559,0.0553,0.5329,50.0,12424.5533,4451.2529
train,inline,4,256,50,11099.4555,49.9833,24.8498,68.1343,0.0525,0.0525,0.6661,50.0,9651.6803,0.0
train,inline,1,768,50,11285.9328,49.9772,71.8753,28.386,0.5201,0.1433,0.6672,49.0,11239.2306,0.0
train,inline,2,384,65,12790.3534,64.9414,48.5144,48.3919,0.2621,0.2621,0.4663,50.0,9633.2827,1.6319
train,inline,1,640,99999,18975.8536,126.9994,90.0198,29.5542,1.1897,0.0992,0.0,50.0,16331.8443,2637.299
train,inline,4,768,50,11157.6273,50.0007,24.0314,32.2836,3.2747,2.4707,0.6639,50.0,11847.8848,0.0
train,inline,2,256,90,15511.2588,89.8827,49.2013,66.7415,0.1411,0.1411,0.1332,50.0,9959.5869,0.0
train,inline,3,256,25,8459.2202,24.998,33.9102,66.3623,0.1028,0.0959,0.9992,50.0,10788.7665,4.5233
train,inline,1,640,60,12393.5491,60.051,71.5606,30.2602,0.5777,0.1512,0.5337,49.0,12107.3156,0.0
train,inline,3,640,40,10072.2041,39.986,30.4166,34.1811,0.0811,0.0761,0.7994,50.0,8667.5258,2091.939
train,inline,4,1024,45,10586.3032,45.0051,21.9531,30.3638,0.073,0.073,0.7321,50.0,11546.6275,0.0
train,inline,1,1024,25,8506.1944,24.8762,74.0631,26.6985,0.0638,0.0643,0.9992,50.0,9396.1179,0.0
train,inline,1,768,40,10226.2629,39.9806,70.8138,28.7118,0.3916,0.1493,0.8,49.0,9289.184,6.9846
train,inline,3,768,99999,18954.3441,126.8835,40.5964,31.3748,0.0231,0.0014,0.0,50.0,19768.8255,9986.3356
train,inline,4,768,35,9513.6146,34.9814,21.6869,32.3223,4.2418,3.2083,0.863,50.0,9180.9303,0.0
train,inline,4,768,55,11698.724,54.9862,24.8746,31.807,2.9458,2.2247,0.5975,50.0,11441.6578,1.071
train,inline,4,896,50,11146.589,49.9961,23.7378,31.2789,1.6753,1.2694,0.6647,50.0,10328.5615,1.061
train,inline,4,768,85,14979.2414,85.0055,29.0295,31.308,0.995,0.749,0.1992,50.0,14753.2907,1.7614
train,inline,4,1024,60,12229.0764,60.0077,24.7495,29.872,0.0595,0.0565,0.5324,50.0,12057.2942,0.0
train,inline,2,384,50,11153.8969,49.9603,44.6869,48.1413,0.3702,0.3702,0.6661,50.0,10464.4293,0.0
train,inline,3,512,35,9491.151,34.9861,28.5729,36.9473,0.0794,0.0794,0.866,50.0,7187.9822,0.0
train,inline,4,384,75,13886.4728,74.9972,27.7609,50.991,1.6435,1.2374,0.3321,50.0,13150.8881,0.0
train,inline,1,640,35,9737.8699,35.0296,66.3146,29.5573,0.3102,0.1875,0.8662,49.0,8868.691,0.6212
train,inline,2,512,55,11739.2236,55.0107,44.7413,31.7183,0.0873,0.0666,0.5995,49.0,10894.1599,0.0
train,inline,2,384,95,16073.1325,94.9286,54.3438,48.2578,0.0474,0.0474,0.0666,50.0,12291.0468,3.0217
train,inline,2,512,30,9020.4337,30.0202,37.2824,32.3551,0.1043,0.0966,0.9326,49.0,11018.5898,0.0
train,inline,4,640,80,14441.3856,80.0039,27.9139,32.4612,1.9599,1.4755,0.2652,50.0,14684.2843,2.5933
train,inline,1,640,99999,18974.8873,126.9724,90.0554,29.6347,1.1879,0.099,0.0,50.0,15977.4734,2645.0185
train,inline,3,768,60,12277.6671,59.9866,33.8365,31.1936,0.0582,0.0554,0.5329,50.0,12201.9151,4453.7523
train,inline,1,1024,80,14470.1869,79.9785,80.2919,26.7242,1.3208,0.1408,0.2713,50.0,17622.8443,1.0255
train,inline,3,1024,100,16635.4913,100.0174,40.7124,29.1466,0.0166,0.0113,0.0,50.0,16892.6737,9998.3592
train,inline,4,256,30,8888.0507,29.9904,23.1984,68.5995,0.0706,0.0692,0.9326,50.0,5564.3333,3.9853
train,inline,4,1024,60,12231.5606,60.0246,25.663,30.0501,0.0736,0.0572,0.5324,50.0,12250.8886,0.0
train,inline,4,896,40,10051.6391,39.9932,23.2301,31.5955,2.0087,1.5211,0.7976,50.0,8694.2464,4.5098
train,inline,3,896,95,16091.0253,94.9989,37.9853,29.7762,0.0159,0.0159,0.0666,50.0,15591.2092,7392.5283
train,inline,3,1024,45,10704.7141,45.0069,32.5736,27.7635,0.0768,0.0747,0.7327,50.0,11209.1175,8492.0109
train,inline,3,384,70,13333.8165,69.9531,37.3662,49.5317,0.0445,0.0438,0.3997,50.0,14967.8867,0.0
train,inline,2,640,60,12278.0249,59.9962,46.7415,30.4328,0.1363,0.1098,0.5329,50.0,12916.0619,1.536
train,inline,2,896,85,14994.8636,84.9951,57.7951,28.8603,0.1392,0.086,0.1998,50.0,14143.2444,0.0
train,inline,1,384,70,13453.1975,69.9331,77.7037,47.967,0.5406,0.1168,0.3997,50.0,12362.9494,2.5494
train,inline,4,1024,85,14967.5926,85.0167,28.4569,29.0831,0.0322,0.0282,0.1997,50.0,15328.4651,0.0
train,inline,1,1024,35,9590.2326,34.8956,75.6988,26.8208,0.2917,0.0782,0.8669,50.0,10006.3603,0.9427
train,inline,3,384,75,13883.2719,74.9673,37.6101,49.6045,0.038,0.038,0.3331,50.0,15046.5457,0.0
train,inline,2,512,100,16630.2764,99.9801,58.8317,30.3569,0.0589,0.0125,0.0,50.0,11046.7275,0.0
train,inline,4,640,85,14988.6502,85.0007,27.8256,32.4749,1.4761,1.1094,0.1989,50.0,17398.1148,0.0
train,inline,4,896,80,14428.8407,79.9963,28.4504,30.4963,0.6907,0.515,0.2659,50.0,13838.559,3.1712
train,inline,4,384,35,9492.2982,34.988,23.2046,51.5046,4.2382,3.1987,0.8634,50.0,8794.5052,0.0
train,inline,4,256,90,15518.6137,89.9579,30.7638,67.5902,0.0188,0.0188,0.1332,50.0,14863.2313,0.0
train,inline,1,256,75,13957.7317,74.7518,81.2328,64.4406,0.5692,0.0927,0.3331,50.0,13218.9395,1.2152
train,inline,2,640,30,9015.8352,30.0177,36.5423,31.6093,0.1847,0.1827,0.9326,49.0,11108.4022,0.0
train,inline,2,384,25,8416.8966,24.959,39.3139,48.0613,0.0515,0.5491,0.9992,50.0,8275.9556,0.0
train,inline,2,768,75,13906.7858,74.9844,52.6829,29.6083,0.1414,0.1039,0.3331,50.0,14154.4121,0.0
train,inline,1,256,60,12387.7728,59.8512,78.4206,64.1184,0.4321,0.095,0.5329,50.0,11792.9954,0.0
train,inline,3,640,80,14444.8883,79.9602,36.9469,32.155,0.0421,0.0332,0.2665,50.0,13065.0555,2366.9246
train,inline,3,384,45,10608.9057,44.9814,33.7602,51.1704,0.0745,0.0711,0.7327,50.0,12405.3706,0.0
train,inline,3,896,99999,18952.5278,126.8698,42.648,29.9444,0.049,0.0027,0.0,50.0,23518.924,9998.816
train,inline,3,256,65,12794.1936,64.9521,39.3874,65.4059,0.0506,0.0505,0.4663,50.0,15948.3982,0.2825
train,inline,3,384,65,12785.5091,64.9474,36.5181,49.502,0.0493,0.0493,0.4663,50.0,13817.9093,1.4741
train,inline,2,256,65,12751.8765,64.8597,47.754,64.9108,0.4702,0.4702,0.4663,50.0,8170.5961,0.8297
train,inline,2,512,70,13368.1735,69.9755,49.7058,31.178,0.0779,0.0485,0.3997,50.0,9982.9071,3.5399
train,inline,3,256,40,10079.0938,39.9571,35.9359,65.9372,0.0786,0.0786,0.7994,50.0,10937.7531,0.6182
train,inline,4,256,25,8337.1301,25.0026,20.2848,68.5995,0.0578,0.0726,0.9992,50.0,5840.5722,0.0
train,inline,1,256,35,9767.6301,35.0015,73.6602,63.0678,0.1979,0.0983,0.866,50.0,11121.3489,2.6636
train,inline,2,512,60,12279.7235,59.9936,46.4414,31.1626,0.0816,0.0603,0.5329,49.0,11953.1234,2.2995
train,inline,2,896,100,16629.5434,99.9629,62.8823,28.5827,0.0769,0.0125,0.0,50.0,13519.502,3.2681
train,inline,3,896,90,15547.0066,89.9889,38.7205,29.3171,0.0252,0.0225,0.1332,50.0,15985.0382,7296.4934
train,inline,2,896,40,10092.9587,40.0037,40.6763,29.6398,0.3188,0.3064,0.7994,50.0,12314.9327,1.448
train,inline,2,768,100,16629.2176,99.9752,61.5059,28.7289,0.0742,0.0125,0.0,50.0,14869.9254,4.2173
train,inline,3,768,80,14455.1103,79.9877,35.9372,30.9479,0.0327,0.0327,0.2665,50.0,13812.0049,4722.7747
train,inline,1,896,75,13947.2032,74.9948,78.7472,27.9854,1.0585,0.1327,0.3364,50.0,16557.8005,1.0503
train,inline,2,1024,95,16081.3681,94.9782,62.3019,27.571,0.1089,0.0431,0.0666,50.0,17139.026,1.871
train,inline,2,256,55,11662.911,54.9099,46.3176,65.3787,0.6016,0.6016,0.5995,50.0,7504.3762,0.0
train,inline,1,768,100,16642.6743,100.0604,82.7491,30.0242,1.2857,0.1195,0.0033,50.0,17230.0284,0.0
train,inline,2,384,90,15525.6748,89.9269,53.3133,48.5057,0.0833,0.0833,0.1332,50.0,10610.5728,0.0
train,inline,2,1024,85,14994.3068,84.9732,58.69,28.2384,0.1654,0.1046,0.1998,50.0,15360.4857,3.0327
train,inline,2,384,95,16073.7063,94.9218,53.4443,48.7011,0.0469,0.0469,0.0666,50.0,10233.5091,0.0
train,inline,1,512,30,9257.3833,30.0852,62.5124,29.9635,0.2849,0.2359,0.9326,48.0,9890.0421,1.9983
train,inline,1,384,55,11879.3299,54.9793,72.397,47.5833,0.4103,0.1354,0.5995,49.0,11807.1901,0.0
train,inline,1,384,25,8724.848,25.0679,66.5568,46.5842,0.1756,0.1736,0.9992,49.0,9956.3044,0.0
train,inline,2,384,80,14430.5479,79.9285,51.4132,48.4003,0.1547,0.1547,0.2665,50.0,10239.7704,0.9388
train,inline,3,1024,80,14477.8742,80.0068,38.127,28.6458,0.0375,0.0343,0.2665,50.0,13787.6706,9454.7231
train,inline,3,384,65,12791.1199,64.9707,36.6608,50.1127,0.0491,0.0491,0.4663,50.0,13459.2026,0.0
train,inline,4,768,45,10606.9744,44.9885,23.7179,32.1429,3.5971,2.7166,0.7303,50.0,10365.3396,1.0767
train,inline,2,256,90,15513.692,89.8594,51.0901,66.8444,0.1425,0.1425,0.1332,50.0,7944.8639,5.4373
train,inline,4,384,90,15529.4875,89.9737,29.2858,50.205,0.6662,0.5015,0.1328,50.0,16091.5897,1.5436
train,inline,3,896,25,8511.4988,24.9958,29.3566,30.0712,0.1027,0.0963,0.9992,50.0,6573.5485,5959.7228
train,inline,1,768,25,8620.1505,24.9894,67.2209,27.9926,0.1599,0.1562,0.9992,49.0,10583.2885,3.2189
train,inline,1,896,75,13937.5548,74.9589,78.5608,27.4414,1.049,0.1324,0.3364,50.0,14815.9092,0.8471
train,inline,2,640,60,12277.7481,59.9868,46.8882,30.7063,0.1347,0.1097,0.5329,50.0,12215.5911,0.7857
train,inline,2,640,99999,18937.0965,126.8262,60.0197,29.4055,0.0589,0.0025,0.0,50.0,18641.4611,2500.8672
train,inline,3,384,45,10609.2891,44.9745,33.8587,51.2755,0.0752,0.0712,0.7327,50.0,10558.0901,1.0473
train,inline,1,640,80,14513.9242,80.0394,77.1231,30.4181,0.8062,0.1228,0.2677,50.0,15060.0058,0.0
train,inline,3,512,80,14433.7976,79.9784,36.6064,33.3211,0.0421,0.0328,0.2665,50.0,13387.3752,0.0
train,inline,1,256,55,11864.3021,54.8619,77.654,64.0928,0.3871,0.0958,0.5995,50.0,10055.1711,3.6249
train,inline,2,896,60,12265.0163,59.9697,47.7703,28.7984,0.2326,0.2082,0.5329,50.0,13494.9116,0.2562
train,inline,3,896,30,9054.8684,29.9938,30.3297,30.2101,0.1023,0.091,0.9326,50.0,6272.0798,6063.263
train,inline,2,384,55,11698.2051,54.9453,45.9119,48.337,0.3339,0.3339,0.5995,50.0,9956.737,0.1754
train,inline,3,1024,85,15015.3833,85.0057,38.2745,28.2666,0.0326,0.0286,0.1998,50.0,16030.2197,9592.0399
train,inline,4,512,90,15542.0849,90.0047,27.4369,32.93,1.3134,0.9838,0.1324,50.0,17775.9777,4.2993
train,inline,2,512,45,10650.1817,44.9948,41.6279,31.6952,0.0931,0.0785,0.7327,49.0,11259.0364,2.2868
train,inline,2,512,50,11193.9296,50.0017,43.1572,31.5299,0.0902,0.0725,0.6661,49.0,11819.1149,0.0
train,inline,1,640,80,14517.3043,80.0527,77.1754,30.5539,0.8102,0.1229,0.2677,50.0,16139.1135,0.384
train,inline,4,1024,70,13324.4036,70.011,26.9503,29.3369,0.0595,0.0456,0.3993,50.0,14801.1026,1.4591
train,inline,1,384,95,16084.5913,94.8587,82.8536,48.8209,0.751,0.0857,0.0666,50.0,14765.3888,0.0
train,inline,2,512,100,16629.7221,99.9638,58.3743,30.3348,0.0528,0.0122,0.0,50.0,10263.1043,0.701
train,inline,2,1024,25,8449.2773,24.9865,34.4052,28.8408,0.4679,0.4724,0.9992,50.0,11040.0619,0.5628
train,inline,2,1024,45,10633.6925,45.0021,42.8366,28.8968,0.3676,0.3498,0.7327,50.0,12571.6762,0.1939
train,inline,3,512,65,12777.0005,64.9445,33.9547,33.8901,0.0479,0.0479,0.4663,50.0,11134.187,1.1409
train,inline,4,640,35,9532.7239,35.0028,22.5397,33.832,6.3251,4.7702,0.8619,50.0,9330.9611,0.0
train,inline,4,1024,100,16609.4222,100.0133,31.9556,28.6386,0.0277,0.0118,0.0,50.0,16664.3556,0.0
train,inline,1,256,55,11860.7865,54.8745,77.9608,63.9415,0.3792,0.0953,0.5995,50.0,10990.7422,1.4424
train,inline,1,896,25,8564.7064,24.9296,69.4715,27.8117,0.0957,0.1096,0.9992,50.0,7688.9473,0.0
train,inline,3,1024,90,15556.2479,90.0214,39.8107,28.949,0.0268,0.0228,0.1332,50.0,15167.5469,9724.7549
train,inline,4,1024,50,11133.9324,50.0062,23.6371,29.9,0.0788,0.0681,0.6655,50.0,12642.6177,1.4933
train,inline,1,896,65,12869.8663,64.9847,77.4105,27.8001,0.8691,0.1282,0.4689,50.0,14830.7257,2.8145
train,inline,4,384,40,10036.4315,39.9709,23.6086,50.9408,3.9105,2.9534,0.797,50.0,9139.1185,1.4863
train,inline,3,768,90,15537.6979,89.965,38.4215,30.1824,0.0221,0.0221,0.1332,50.0,15842.9708,4863.3152
train,inline,2,1024,100,16624.9999,99.9704,64.3517,27.6313,0.0799,0.0122,0.0,50.0,17305.2056,0.0
train,inline,1,896,75,13941.5611,74.9743,78.6896,27.7381,1.0528,0.1326,0.3364,50.0,14918.3311,0.0
train,inline,4,768,85,14980.3766,85.0023,28.7567,31.3199,0.997,0.7492,0.1992,50.0,14653.5952,1.5575
train,inline,2,256,70,13310.5165,69.889,47.6495,65.8123,0.4042,0.4042,0.3997,50.0,8665.6278,0.0
train,inline,1,640,25,8672.2657,25.0269,64.5069,29.0631,0.2001,0.2018,0.9992,48.0,8525.7256,0.7875
train,inline,4,768,90,15528.7676,90.0119,28.6266,31.292,0.6697,0.5032,0.1328,50.0,15338.6786,0.0
train,inline,1,1024,75,13928.4578,74.9715,80.1242,26.9449,1.2125,0.1341,0.3375,50.0,17056.8549,1.5383
train,inline,2,384,65,12789.5167,64.9295,47.8167,48.1894,0.2622,0.2622,0.4663,50.0,10188.6459,0.0086
train,inline,1,896,99999,18955.1904,126.8827,90.7097,28.4659,0.7503,0.0603,0.0,50.0,13230.0858,7928.1822
train,inline,2,1024,95,16082.4446,94.9824,62.3588,27.7018,0.1099,0.043,0.0666,50.0,18034.1891,1.0614
train,inline,4,768,99999,18958.2727,126.9087,34.05,31.0139,0.0398,0.0026,0.0,50.0,19589.3641,4997.0402
train,inline,4,512,50,11184.6511,49.9875,24.9036,34.6782,6.4836,4.8742,0.6622,50.0,9414.0888,4.0243
train,inline,4,896,85,14974.9998,85.0079,28.9122,30.0345,0.5241,0.3891,0.1994,50.0,15588.0838,2.7642
train,inline,2,512,40,10106.025,40.0085,40.2059,31.5522,0.097,0.0844,0.7994,49.0,12893.4552,4.0851
train,inline,2,512,75,13911.1936,74.9848,50.7342,30.7482,0.0717,0.0423,0.3331,50.0,11960.0065,1.2591
train,inline,1,384,99999,18971.8924,126.9879,90.6953,48.2808,1.308,0.1263,0.0099,50.0,17768.9408,0.2929
train,inline,4,896,65,12786.8878,65.0081,25.0464,30.8982,1.1686,0.8914,0.4653,50.0,13516.1017,0.0
train,inline,4,256,80,14415.3004,79.9675,29.5741,67.3293,0.0354,0.0279,0.2665,50.0,15379.9532,3.2207
train,inline,1,256,95,16051.6482,94.6236,84.99,65.0017,0.7545,0.0899,0.0666,50.0,14527.7352,0.953
train,inline,4,768,40,10061.4001,39.9863,22.8194,32.2657,3.9236,2.9626,0.7966,50.0,10176.3638,0.1998
train,inline,1,384,75,13983.5072,74.9213,78.0318,48.2413,0.5899,0.1111,0.3331,50.0,12805.5531,0.0
train,inline,4,768,40,10063.338,39.9964,22.9453,32.4125,3.9267,2.9628,0.7966,50.0,9845.711,0.0
train,inline,3,640,95,16081.5353,94.9743,39.6207,31.1704,0.0203,0.0167,0.0666,50.0,15648.9463,2464.8551
train,inline,3,1024,35,9623.4514,34.9979,31.0992,27.2937,0.087,0.0864,0.866,50.0,9268.0828,8216.1985
train,inline,2,512,25,8474.8444,25.0062,35.3556,32.2869,0.1023,0.1023,0.9992,49.0,11319.8222,0.0
train,inline,1,768,55,11830.1892,55.0235,73.7662,29.1748,0.6125,0.1418,0.6008,49.0,11901.0709,0.0
train,inline,1,1024,40,10134.9861,39.8937,76.1232,26.9631,0.4124,0.0856,0.8007,50.0,9745.6279,3.1091
train,inline,1,768,75,13961.0401,75.0033,77.3216,28.9254,0.9017,0.1314,0.3353,50.0,14295.0324,0.0
train,inline,4,896,35,9500.1623,34.9866,21.9457,31.32,2.1671,1.6466,0.8641,50.0,9231.223,1.064
train,inline,3,768,60,12280.3791,59.9794,34.1901,31.636,0.063,0.0556,0.5329,50.0,11470.4321,4455.007
train,inline,3,512,99999,18948.2472,126.8712,42.904,32.5892,0.0518,0.0025,0.0,50.0,19727.6082,9985.8884
train,inline,3,640,95,16083.7037,94.9597,39.1473,31.1032,0.0253,0.017,0.0666,50.0,15365.332,2469.4356
train,inline,3,1024,40,10165.292,40.0059,31.2799,27.662,0.0801,0.0801,0.7994,50.0,9948.3348,8354.5329
train,inline,3,384,35,9516.7714,34.9839,32.3427,51.7835,0.083,0.0819,0.866,50.0,9706.4332,0.0
train,inline,3,1024,85,15018.8248,85.0203,38.5861,28.8531,0.035,0.0287,0.1998,50.0,15735.9417,9585.4452
train,inline,1,1024,99999,18953.0816,126.8466,90.6369,28.1398,0.5435,0.0416,0.0,50.0,12665.4656,10569.1333
train,inline,2,384,45,10604.7433,44.9571,44.1088,48.344,0.4057,0.4057,0.7327,50.0,8919.5933,0.0
train,inline,2,256,85,14959.6679,84.8778,50.8145,66.3855,0.2077,0.2077,0.1998,50.0,9514.0624,1.949
train,inline,3,512,50,11133.4906,49.9611,31.4176,35.3743,0.0638,0.0638,0.6661,50.0,9495.4032,0.1461
train,inline,2,256,85,14961.5148,84.8868,50.3179,66.1325,0.2079,0.2079,0.1998,50.0,11151.1559,1.3443
train,inline,4,384,40,10043.5797,39.9968,22.8755,51.647,3.9037,2.953,0.797,50.0,8958.4219,0.0
train,inline,1,256,100,16578.844,99.6032,83.8858,65.4445,0.7834,0.0884,0.0,50.0,14734.8657,0.0
train,inline,2,256,75,13860.0021,74.8877,49.4622,66.0178,0.3389,0.3389,0.3331,50.0,10869.7046,0.0
train,inline,3,512,35,9488.9654,34.9793,27.8346,36.9101,0.0789,0.0789,0.866,50.0,6656.9954,0.0
train,inline,1,640,40,10266.9492,40.0373,67.9059,29.5771,0.3641,0.1802,0.7997,49.0,10121.8984,0.1525
train,inline,1,896,99999,18958.8598,126.8959,89.6825,28.7841,0.7414,0.0599,0.0,50.0,13155.691,7924.4042
train,inline,3,512,70,13333.6362,69.968,34.0018,34.0319,0.0425,0.0425,0.3997,50.0,12027.2309,0.0
train,inline,1,256,30,9246.7971,30.0428,73.284,63.5452,0.1569,0.0995,0.9326,50.0,8071.0199,0.0
train,inline,1,768,50,11283.9917,49.9695,72.2656,28.2101,0.5238,0.1435,0.6672,49.0,11271.5235,0.783
train,inline,2,512,85,14998.5388,84.9853,54.1749,30.7013,0.0682,0.0305,0.1998,50.0,10867.6798,0.0
train,inline,2,640,95,16084.7573,94.9767,58.4876,29.7794,0.0717,0.0245,0.0666,50.0,12868.0212,0.0
train,inline,3,256,100,16598.8586,99.959,44.2897,64.8379,0.0205,0.0114,0.0,50.0,24305.7282,0.0
train,inline,4,640,80,14441.4646,79.9958,26.0642,32.5128,1.9456,1.4749,0.2652,50.0,14108.1211,0.0
train,inline,1,256,65,12912.0435,64.8025,79.4719,64.3945,0.4807,0.0944,0.4663,50.0,11845.7797,2.7846
train,inline,4,512,30,9004.2511,30.0125,22.4694,35.1784,9.0546,6.8185,0.9271,50.0,8745.2317,0.0
train,inline,4,640,75,13898.1331,75.0038,25.4944,32.8198,2.4315,1.841,0.3315,50.0,13619.8826,0.0
train,inline,2,768,65,12816.4931,64.992,49.8363,29.8565,0.1679,0.1404,0.4663,50.0,12828.411,1.5621
train,inline,2,768,25,8462.5872,25.0044,35.0461,30.6266,0.2886,0.2876,0.9992,50.0,10931.8686,0.0
train,inline,3,256,50,11163.0362,49.9477,37.2641,65.568,0.0673,0.0673,0.6661,50.0,12711.1139,0.7587
train,inline,2,640,55,11736.3736,55.0135,45.4133,30.9453,0.1495,0.1223,0.5995,50.0,11796.7299,0.0
train,inline,1,896,90,15559.6383,90.0154,82.0068,28.2397,1.3377,0.1392,0.1375,50.0,17172.2038,2.7861
train,inline,2,768,100,16627.8687,99.9747,61.2024,29.0656,0.0643,0.012,0.0,50.0,15486.554,0.0
train,inline,4,1024,95,16060.1062,95.012,31.5197,28.7542,0.0306,0.0173,0.0666,50.0,15935.9877,1.0788
train,inline,4,384,80,14428.0994,79.9626,28.1137,50.2412,1.312,0.9918,0.2657,50.0,14225.108,1.0445
train,inline,3,512,100,16629.3205,99.9319,39.8742,31.5928,0.0234,0.0118,0.0,50.0,14582.1965,5.6524
train,inline,2,512,90,15539.0224,89.9769,56.3745,30.5103,0.0579,0.024,0.1332,50.0,10822.0155,2.1224
train,inline,3,640,25,8435.2258,24.9934,28.4574,35.4624,0.102,0.0927,0.9992,50.0,5564.3333,1985.7231
train,inline,1,1024,35,9592.4692,34.8904,75.3876,26.8107,0.2968,0.0785,0.8669,50.0,9688.6838,2.4197
train,inline,2,896,30,9008.0705,30.0282,36.9859,30.2113,0.3679,0.356,0.9326,50.0,11209.6786,0.0
train,inline,4,256,45,10549.6403,45.005,24.886,68.5349,0.0656,0.0573,0.7327,50.0,8239.8609,0.0
train,inline,3,256,40,10079.2472,39.9576,35.9395,65.9484,0.0786,0.0786,0.7994,50.0,10944.0932,0.6039
train,inline,1,896,95,16096.8873,95.005,81.7069,28.0989,1.4297,0.1414,0.0712,50.0,17651.5067,0.0
train,inline,2,896,30,8996.9146,29.978,36.4476,29.3565,0.3553,0.3553,0.9326,50.0,11240.5036,0.7223
train,inline,1,896,30,9099.4692,29.9317,71.8893,27.5519,0.2029,0.1124,0.9329,50.0,9095.4901,0.8897
validation,inline,3,1024,100,16657.0889,99.9979,37.4444,29.7213,0.0155,0.011,0.0,50.0,22252.7111,9978.9111
train,inline,1,512,65,12952.4608,65.0752,72.1781,31.5171,0.5373,0.1531,0.4663,49.0,11365.3499,0.6923
train,inline,4,640,100,16624.5391,100.0014,29.5504,32.0128,0.0176,0.0112,0.0,50.0,16513.3391,0.0
train,inline,1,384,50,11350.2513,49.9954,73.1537,47.3294,0.376,0.1419,0.6661,49.0,10546.383,2.5448
train,inline,3,768,40,10100.6456,39.9949,31.4903,32.0805,0.0772,0.0772,0.7994,50.0,8922.4654,4179.6317
train,inline,3,1024,35,9627.8718,35.0021,29.9688,27.7096,0.0858,0.0858,0.866,50.0,8535.2531,8217.2493
train,inline,3,256,65,12801.3578,64.9836,39.7164,65.9515,0.0594,0.051,0.4663,50.0,15928.9221,0.0
train,inline,3,768,85,14998.8559,84.9849,37.1177,30.7412,0.0274,0.0274,0.1998,50.0,14548.0025,4792.6571
train,inline,2,896,95,16081.5214,94.9855,61.8804,28.562,0.0943,0.0367,0.0666,50.0,14619.0147,0.0
train,inline,1,768,45,10760.5555,45.0147,71.7831,28.9767,0.4625,0.1467,0.7336,49.0,10720.0014,0.0
train,inline,1,768,45,10757.9432,44.9945,71.5314,28.7789,0.4566,0.1462,0.7336,49.0,11745.467,0.0
train,inline,2,1024,40,10084.5403,39.985,39.7287,28.6564,0.3823,0.38,0.7994,50.0,11977.4325,0.0
train,inline,3,1024,40,10160.8569,39.984,31.7316,27.2796,0.0804,0.0804,0.7994,50.0,9590.4456,8357.5909
train,inline,2,768,65,12819.2541,64.9978,49.1602,29.463,0.1753,0.1408,0.4663,50.0,14453.0865,3.9659
train,inline,2,1024,35,9541.7434,35.0014,39.1031,28.9951,0.4172,0.411,0.866,50.0,11717.491,1.6772
train,inline,3,256,90,15511.3778,89.9554,42.0965,65.0658,0.0221,0.0221,0.1332,50.0,20124.7274,0.0
train,inline,3,1024,100,16630.0185,99.996,40.5334,28.7556,0.0112,0.011,0.0,50.0,17342.8603,10000.4622
train,inline,2,256,90,15508.4748,89.8586,51.0384,66.4137,0.1422,0.1422,0.1332,50.0,9378.665,2.6463
train,inline,3,384,30,8965.5595,29.9663,31.4037,51.6434,0.0873,0.0873,0.9326,50.0,8201.8312,0.1893
train,inline,3,384,65,12793.5576,64.9596,36.9536,50.2413,0.0578,0.0497,0.4663,50.0,13126.0262,3.0172
train,inline,3,896,95,16082.1427,94.9645,39.3748,29.003,0.0166,0.0166,0.0666,50.0,15636.4902,7398.4757
train,inline,4,512,100,16630.8962,99.9906,28.4343,33.1772,0.0168,0.0111,0.0,50.0,17273.7637,0.591
train,inline,1,768,35,9689.2847,34.9949,69.4086,28.2205,0.3109,0.1513,0.8664,49.0,11479.4072,3.2064
train,inline,3,512,65,12785.983,64.957,34.1555,34.5308,0.0557,0.0484,0.4663,50.0,10634.9186,3.336
train,inline,3,1024,55,11781.7837,55.0073,34.1415,27.9872,0.063,0.063,0.5995,50.0,11578.1662,8767.5884
train,inline,4,256,99999,19004.1111,126.8238,35.9339,68.3839,0.0464,0.002,0.0,50.0,10755.282,5.3299
train,inline,3,896,75,13923.3043,75.0018,37.2054,29.6466,0.0408,0.0393,0.3331,50.0,13880.3329,6989.1466
train,inline,1,512,85,15060.9165,85.0793,76.5626,32.1542,0.6633,0.1046,0.1998,50.0,15231.0988,0.0
train,inline,1,256,100,16577.3938,99.597,84.4047,65.2948,0.7889,0.0887,0.0,50.0,14817.7801,0.0
train,inline,3,768,65,12823.1252,64.9982,35.1435,31.4207,0.0542,0.05,0.4663,50.0,11873.3441,4517.7617
train,inline,2,768,80,14450.9715,79.9823,54.4596,29.4955,0.1269,0.0856,0.2665,50.0,14557.0115,0.0
train,inline,3,384,40,10064.7099,39.9941,33.1872,51.5894,0.0829,0.0769,0.7994,50.0,9493.1882,0.0
train,inline,1,256,80,14482.5136,79.7221,82.0165,64.7083,0.6172,0.0921,0.2665,50.0,14067.0824,0.0
train,inline,3,640,80,14446.5614,79.9973,37.048,32.2769,0.0447,0.0334,0.2665,50.0,13473.8009,2353.5841
train,inline,1,1024,50,11218.3557,49.9273,77.2532,26.9764,0.6389,0.0992,0.6683,50.0,13442.9449,0.0
train,inline,3,768,90,15539.5335,89.9715,38.4595,30.2964,0.0231,0.0222,0.1332,50.0,15189.0291,4863.1304
train,inline,4,512,99999,18926.9682,126.8332,34.3565,32.2133,0.0321,0.002,0.0,50.0,19729.5731,0.0
train,inline,4,1024,99999,18990.0921,126.9784,32.9466,29.7248,0.0456,0.0033,0.0,50.0,18869.2322,9992.8105
train,inline,2,256,35,9462.9644,34.9196,44.3854,64.2369,0.8647,0.8647,0.866,50.0,7414.5879,0.6177
train,inline,3,384,35,9511.9978,34.966,32.13,51.3487,0.0819,0.0819,0.866,50.0,8636.6527,0.7957
train,inline,3,640,65,12803.205,64.9793,33.8632,32.8917,0.0486,0.0486,0.4663,50.0,11625.6235,2258.8344
train,inline,1,256,70,13429.1538,69.7632,79.9803,63.8954,0.5191,0.0934,0.3997,50.0,12689.1743,1.254
train,inline,4,1024,85,14968.4231,85.0027,29.6745,29.1507,0.0479,0.029,0.1997,50.0,14128.6837,3.7318
train,inline,4,896,70,13329.7838,69.9935,26.6321,30.207,1.0141,0.7663,0.3988,50.0,13796.983,1.5116
train,inline,4,256,60,12202.2906,59.9789,27.4716,67.9356,0.0449,0.0441,0.5329,50.0,10985.4937,2.8456
train,inline,3,512,85,14973.6741,84.9342,36.9476,32.1957,0.0269,0.0269,0.1998,50.0,14189.9789,0.5593
train,inline,4,640,35,9536.7601,34.9831,23.2882,33.9848,6.344,4.7712,0.8619,50.0,7443.2253,7.2871
train,inline,1,768,45,10758.0284,44.9982,71.2298,28.8401,0.4528,0.1459,0.7336,49.0,12941.2176,0.0
train,inline,3,1024,90,15557.3531,90.0168,39.0735,28.5726,0.0297,0.0229,0.1332,50.0,17048.7136,9728.9239
train,inline,4,1024,90,15516.4962,90.0265,30.0486,29.1546,0.0367,0.0231,0.1331,50.0,15240.2401,0.0
train,inline,3,512,70,13332.3765,69.9714,35.1413,33.734,0.0465,0.0428,0.3997,50.0,13131.0217,3.4252
train,inline,3,1024,45,10698.7368,44.9885,32.6955,27.3752,0.0745,0.0745,0.7327,50.0,10350.1275,8494.4514
train,inline,1,768,25,8619.2444,24.9831,66.5645,28.4851,0.1447,0.1555,0.9992,49.0,8689.8418,0.0
train,inline,2,768,85,14994.827,84.9741,56.9828,29.4717,0.1138,0.0674,0.1998,50.0,12118.2601,4.2723
train,inline,1,256,100,16576.3614,99.5984,86.1182,65.2479,0.8018,0.0892,0.0,50.0,14950.078,1.3017
train,inline,4,256,55,11653.9351,54.9933,26.2861,68.3235,0.0561,0.0488,0.5995,50.0,10783.9869,0.0
train,inline,2,1024,95,16081.9257,94.9788,62.2665,27.87,0.1057,0.0429,0.0666,50.0,17052.5582,0.0
train,inline,4,256,65,12757.1935,64.9741,26.7068,67.9446,0.0398,0.0398,0.4663,50.0,11641.1236,0.0
train,inline,1,512,100,16646.6526,100.0578,81.8529,32.7402,0.7901,0.0701,0.0,50.0,13811.6265,7.4229
train,inline,4,768,60,12247.6427,59.9929,25.2766,31.8034,2.6232,1.9789,0.5311,50.0,12135.8743,0.0
train,inline,3,768,50,11193.0416,49.9778,32.4459,31.9848,0.0719,0.0667,0.6661,50.0,8404.4462,4319.0827
validation,inline,2,256,100,16638.2889,100.0448,59.3778,66.9013,0.0564,0.0133,0.0,50.0,16643.0667,0.0
train,inline,4,256,75,13862.8988,74.9718,28.8308,67.3804,0.0399,0.0321,0.3331,50.0,14831.1031,3.582
train,inline,1,1024,60,12300.4478,59.9421,78.7475,27.0292,0.8651,0.113,0.536,50.0,14139.9838,2.5026
train,inline,1,512,90,15586.7166,90.0783,78.8196,32.256,0.7014,0.0928,0.1332,50.0,14559.8776,0.0
train,inline,4,384,99999,18961.4556,126.8221,34.865,49.8957,0.0321,0.0017,0.0,50.0,15658.4486,0.4223
train,inline,4,1024,95,16058.6985,95.0012,31.0557,28.5552,0.0301,0.0173,0.0666,50.0,15981.3866,0.2902
train,inline,2,384,35,9508.6791,34.9344,41.4795,47.9971,0.4775,0.4775,0.866,50.0,7809.2899,2.6594
train,inline,2,256,80,14404.1946,79.8597,49.605,65.6836,0.2732,0.2732,0.2665,50.0,9381.0067,0.5786
train,inline,3,1024,30,9087.2824,30.0044,29.8095,27.4268,0.0917,0.0917,0.9326,50.0,9508.7321,8080.1716
train,inline,2,768,55,11731.4917,55.0095,46.1073,30.2591,0.2039,0.1776,0.5995,50.0,11987.2514,0.0
train,inline,2,256,95,16056.85,94.8612,51.4539,66.4486,0.0763,0.0763,0.0666,50.0,10734.4665,0.5631
train,inline,4,384,70,13333.8156,69.9778,27.1455,50.8206,1.9642,1.4822,0.3985,50.0,14605.5578,0.0
train,inline,2,768,65,12819.6915,64.9891,48.1402,30.001,0.1597,0.1402,0.4663,50.0,11949.8422,0.0
train,inline,3,768,55,11736.4015,54.9825,33.3318,31.6261,0.0687,0.0613,0.5995,50.0,10217.3565,4387.8279
train,inline,1,384,30,9246.5754,30.0425,67.6451,46.4275,0.212,0.1673,0.9326,49.0,8925.7758,0.5993
train,inline,1,768,30,9154.6472,29.9916,68.5051,28.2684,0.2356,0.1538,0.9328,49.0,10312.1197,1.01
train,inline,1,512,55,11895.5445,55.083,69.1873,30.7866,0.4628,0.1765,0.5995,49.0,12488.5017,2.0814
train,inline,1,1024,95,16095.2647,94.9989,82.4119,27.0497,1.6627,0.1615,0.0728,50.0,19997.3984,0.0
train,inline,1,1024,50,11213.8421,49.9084,77.0701,27.2321,0.6338,0.099,0.6683,50.0,13440.9512,0.0
train,inline,1,512,95,16107.9863,95.0478,79.8902,31.8214,0.7374,0.0811,0.0666,50.0,15002.8417,0.6893
train,inline,4,256,90,15519.4379,89.9547,30.9967,67.5462,0.021,0.0192,0.1332,50.0,16451.141,0.0
train,inline,4,384,65,12789.3493,65.0028,26.3041,51.2595,2.2894,1.7276,0.4649,50.0,11788.6127,0.0
train,inline,4,768,60,12250.6478,60.005,24.9536,31.8776,2.6229,1.9788,0.5311,50.0,12875.3368,0.2768
train,inline,3,384,75,13884.5171,74.9599,38.359,49.6532,0.0458,0.0386,0.3331,50.0,16336.8795,0.9704
train,inline,1,768,25,8619.6638,24.9859,65.8572,28.5638,0.1363,0.1551,0.9992,49.0,8238.4309,0.0
train,inline,3,384,35,9518.5597,34.9754,32.4537,51.8354,0.0881,0.0823,0.866,50.0,7764.6981,3.4733
train,inline,4,896,85,14971.4505,84.9903,28.9364,30.0084,0.5197,0.389,0.1994,50.0,14285.0587,1.8998
train,inline,2,384,60,12246.3729,59.9565,47.3768,48.5255,0.2984,0.2984,0.5329,50.0,9352.2088,0.0
train,inline,3,256,60,12259.304,59.963,38.4728,66.1765,0.0588,0.0564,0.5329,50.0,13120.1955,2.2427
train,inline,1,768,99999,18966.1407,126.9194,90.2749,29.0749,0.9723,0.0799,0.0,50.0,13397.0392,5288.3176
train,inline,4,384,99999,18964.1672,126.8335,33.9726,50.1693,0.0226,0.0012,0.0,50.0,15523.5669,0.0
train,inline,2,640,70,13367.4398,69.9909,50.4112,30.5894,0.1216,0.0857,0.3997,50.0,11153.1133,0.0
train,inline,3,256,99999,18967.2645,126.9249,45.977,65.2725,0.08,0.0033,0.0,50.0,12626.8475,10012.7721
train,inline,2,384,45,10605.7898,44.9537,43.3001,48.1633,0.4056,0.4056,0.7327,50.0,9753.2266,0.4775
train,inline,3,896,90,15550.0322,89.9997,37.8794,29.7825,0.022,0.022,0.1332,50.0,15190.3358,7291.7344
train,inline,3,512,65,12781.5967,64.9584,33.8567,34.1766,0.0484,0.0481,0.4663,50.0,11340.7591,0.0
train,inline,4,896,40,10051.5962,40.0064,22.6851,31.2039,2.0086,1.521,0.7976,50.0,11186.2022,3.1943
train,inline,2,256,25,8356.5023,24.899,43.0193,63.4742,0.0,0.9957,0.9992,50.0,6028.8451,1.8109
train,inline,2,384,75,13885.8008,74.9279,50.5567,48.5413,0.1908,0.1908,0.3331,50.0,9195.6745,3.368
train,inline,2,512,55,11738.5165,55.006,44.7792,31.4088,0.0898,0.0666,0.5995,49.0,11991.8474,0.0
train,inline,1,256,80,14485.4035,79.7047,82.3378,64.8291,0.6264,0.0927,0.2665,50.0,11630.0041,6.7458
train,inline,3,256,95,16056.1923,94.9643,43.6542,64.7441,0.027,0.0171,0.0666,50.0,22550.0928,2.8777
train,inline,1,256,30,9246.4196,30.0083,72.943,63.5388,0.1529,0.0993,0.9326,50.0,6435.3759,5.6279
train,inline,3,896,90,15553.2972,89.9767,39.3468,30.0043,0.0369,0.0232,0.1332,50.0,13129.2593,7301.9684
train,inline,1,896,50,11257.7733,49.9451,75.1908,28.1055,0.5921,0.1219,0.6678,50.0,10602.5902,5.1234
train,inline,1,1024,80,14462.2981,79.9471,80.6082,27.0908,1.3165,0.1407,0.2713,50.0,16222.4756,0.6317
train,inline,2,896,30,9005.3301,30.018,37.1643,30.0759,0.3624,0.3557,0.9326,50.0,11257.6778,0.0
train,inline,4,896,65,12785.0444,65.0056,26.3074,30.7733,1.1766,0.8918,0.4653,50.0,12592.0571,0.5385
train,inline,2,1024,30,8999.8071,30.0089,36.2049,29.2539,0.4415,0.4415,0.9326,50.0,11434.7729,0.0
train,inline,3,896,55,11758.4371,54.9999,33.1228,29.8491,0.0617,0.0617,0.5995,50.0,11106.4217,6573.9167
train,inline,1,256,40,10290.8061,39.9658,74.653,63.4501,0.2416,0.0975,0.7994,50.0,10943.5873,0.1755
train,inline,3,384,70,13332.0466,69.9517,37.6993,49.471,0.0437,0.0437,0.3997,50.0,14149.1443,1.3436
validation,inline,4,512,100,16633.8,100.0028,26.2389,32.2316,0.0142,0.0108,0.0033,50.0,11103.2444,0.0
train,inline,2,512,60,12280.7651,59.9946,46.1593,31.0913,0.0839,0.0604,0.5329,49.0,12820.4385,2.1575
train,inline,1,512,55,11893.7694,55.082,69.4094,31.0354,0.4545,0.1761,0.5995,49.0,11263.0981,0.3514
train,inline,4,768,95,16075.1163,95.0133,29.4115,30.5883,0.3531,0.2576,0.0664,50.0,18258.8714,4.1768
train,inline,2,768,99999,18945.825,126.8494,59.3198,28.7418,0.0519,0.0027,0.0,50.0,17782.6688,5008.7335
train,inline,2,768,95,16085.2437,94.987,59.7937,28.9764,0.0884,0.0309,0.0666,50.0,14628.2668,0.0
train,inline,2,1024,90,15539.5371,89.9966,60.518,28.1518,0.1374,0.074,0.1332,50.0,15631.5506,0.0
train,inline,4,256,70,13308.888,69.9795,28.9941,67.9792,0.0397,0.0361,0.3997,50.0,11865.1899,0.0
train,inline,1,1024,70,13384.4441,69.9436,79.629,26.86,1.0946,0.1271,0.4036,50.0,14367.6931,1.848
train,inline,2,256,85,14962.049,84.8903,50.2909,66.4954,0.2078,0.2078,0.1998,50.0,9782.056,0.0
train,inline,3,256,100,16598.3556,99.955,44.2667,64.855,0.0184,0.0114,0.0,50.0,22223.1111,0.0
train,inline,3,256,70,13340.9965,69.9704,40.448,65.6758,0.046,0.0449,0.3997,50.0,16524.0656,0.5524
train,inline,1,896,60,12332.5947,59.9637,76.9081,28.1068,0.7768,0.1262,0.5352,50.0,11822.0796,4.2207
train,inline,4,896,50,11143.273,49.9969,24.1338,31.066,1.6736,1.2693,0.6647,50.0,10986.1441,0.8175
train,inline,2,768,60,12269.4048,59.9738,47.1045,29.5928,0.1796,0.1588,0.5329,50.0,12268.2173,0.0458
train,inline,2,384,40,10056.5992,39.9484,42.5132,48.1048,0.4416,0.4416,0.7994,50.0,8805.2663,0.0
train,inline,1,896,55,11794.9203,54.9542,76.1557,28.1024,0.6841,0.1241,0.6015,50.0,10757.0457,5.2735
train,inline,1,896,90,15560.8047,90.0094,81.0465,27.887,1.3422,0.1395,0.1375,50.0,18364.1884,2.6336
train,inline,1,640,80,14519.0588,80.0645,77.4253,30.8304,0.8137,0.1232,0.2677,50.0,15351.918,0.0
train,inline,3,768,45,10646.1634,44.9917,31.7275,31.9223,0.0728,0.0719,0.7327,50.0,10281.2185,4246.4867
train,inline,2,896,45,10638.2188,44.9999,42.2998,29.619,0.2992,0.2819,0.7327,50.0,13069.7362,0.0
train,inline,4,1024,75,13868.5711,75.0069,28.4392,29.3031,0.0487,0.0397,0.3328,50.0,13612.1893,1.7229
train,inline,1,512,100,16643.5143,100.0773,80.4971,32.6566,0.7676,0.0689,0.0,50.0,15750.743,0.0
train,inline,1,1024,85,15012.096,84.9824,81.3642,26.781,1.4402,0.148,0.2051,50.0,17961.5751,2.611
train,inline,1,384,40,10298.4234,40.0198,70.4594,46.8926,0.2939,0.1546,0.7994,49.0,9722.1581,1.6985
train,inline,2,1024,35,9545.7505,35.0098,37.9944,28.9557,0.4176,0.4111,0.866,50.0,12802.166,0.2027
train,inline,3,1024,30,9084.5846,30.0059,31.1737,27.3774,0.0918,0.0918,0.9326,50.0,8722.5728,8084.381
train,inline,1,512,100,16642.8889,100.073,81.4222,32.5295,0.7785,0.0694,0.0,50.0,15778.2,0.0
train,inline,4,384,100,16629.037,99.9746,30.6696,50.3486,0.0193,0.0113,0.0,50.0,16113.8459,0.0
train,inline,3,256,80,14422.7512,79.9435,41.4746,65.0381,0.0362,0.0338,0.2665,50.0,18065.2424,1.2305
train,inline,4,640,99999,18943.7465,126.8726,34.0345,31.6742,0.0375,0.0024,0.0,50.0,20669.3234,2497.2783
train,inline,4,384,75,13887.2389,74.9619,28.1462,51.0514,1.6499,1.2377,0.3321,50.0,11354.4852,6.3878
train,inline,3,384,25,8425.1123,24.9911,30.2917,52.3949,0.0843,0.0925,0.9992,50.0,6783.9483,0.0
train,inline,2,640,50,11187.2981,49.9885,42.7967,30.7864,0.1413,0.1336,0.6661,50.0,11460.923,0.0
train,inline,2,640,80,14454.0668,79.9901,53.5905,30.2335,0.1005,0.0612,0.2665,50.0,12006.5104,0.0
train,inline,1,1024,50,11219.1312,49.9322,77.1261,26.5254,0.6424,0.0995,0.6683,50.0,13465.4878,0.5189
train,inline,1,896,55,11795.9764,54.9552,75.3583,28.1647,0.6785,0.1238,0.6015,50.0,10694.2034,2.8823
train,inline,4,512,80,14452.5999,80.0069,26.9982,33.7837,2.6031,1.9563,0.2649,50.0,14549.4811,0.0
train,inline,1,768,70,13427.5456,70.003,76.4277,28.9406,0.8266,0.1337,0.4017,50.0,13817.9773,0.6071
train,inline,3,1024,60,12320.0917,60.0051,35.0358,28.0423,0.0573,0.0573,0.5329,50.0,12118.9482,8905.2379
train,inline,1,1024,25,8507.1629,24.8762,74.3836,26.8198,0.065,0.0644,0.9992,50.0,8126.1126,1.5495
train,inline,4,768,45,10614.8821,44.9827,23.717,32.7111,3.6083,2.7173,0.7303,50.0,8135.0532,5.8106
train,inline,1,384,25,8723.7048,25.0717,66.7436,46.4258,0.1738,0.1736,0.9992,49.0,8921.0885,1.5375
train,inline,2,512,80,14451.8198,79.9725,52.2898,30.3123,0.0682,0.0363,0.2665,50.0,12146.4596,2.456
train,inline,2,512,85,14993.9773,84.9638,53.1268,30.4031,0.0518,0.0297,0.1998,50.0,10793.1649,0.0
train,inline,2,384,75,13886.2522,74.9379,50.0198,48.3417,0.1906,0.1906,0.3331,50.0,12660.3829,0.4807
train,inline,3,640,90,15535.9617,89.97,37.6111,31.452,0.0217,0.0217,0.1332,50.0,15660.4773,2429.3232
train,inline,3,256,45,10623.8142,44.962,36.6637,65.9523,0.073,0.073,0.7327,50.0,11938.0847,0.4311
train,inline,2,640,25,8472.4866,25.0238,35.424,31.7628,0.201,0.1952,0.9992,49.0,11459.5927,0.0
train,inline,3,640,70,13350.1154,69.9795,35.1083,32.3417,0.0482,0.0437,0.3997,50.0,13425.4377,2296.7088
train,inline,2,512,25,8476.7209,24.9977,35.6118,32.4644,0.1079,0.1026,0.9992,49.0,10633.8271,3.1289
train,inline,1,1024,95,16097.2354,94.9917,82.8763,27.1625,1.6711,0.1621,0.0728,50.0,17422.0957,1.8641
train,inline,3,896,50,11218.9742,49.9909,32.4214,30.0084,0.0676,0.0676,0.6661,50.0,9368.5439,6473.9345
train,inline,4,512,95,16086.0527,94.9981,27.8849,33.0244,0.6637,0.4974,0.0662,50.0,17117.5508,1.9685
train,inline,4,640,45,10625.5994,44.9958,23.3934,33.646,5.3575,4.0382,0.7293,50.0,9726.1376,0.2056
train,inline,3,768,25,8471.7845,25.0045,28.6934,32.6316,0.0976,0.0942,0.9992,50.0,6880.367,3968.9992
train,inline,1,1024,85,15012.3346,84.9882,80.3196,26.8914,1.4271,0.1474,0.2051,50.0,17911.9743,0.0
train,inline,1,256,70,13435.9089,69.7917,80.3119,64.505,0.5263,0.0937,0.3997,50.0,12330.5406,0.0
train,inline,1,640,60,12391.584,60.0448,72.8075,30.1339,0.5873,0.1515,0.5337,49.0,13495.9663,0.0784
train,inline,2,896,65,12817.0326,64.9974,48.8831,29.3021,0.207,0.1834,0.4663,50.0,13112.4211,0.0
train,inline,1,384,25,8727.2669,25.0511,67.1473,46.8038,0.1836,0.1742,0.9992,49.0,6052.6048,7.3935
train,inline,4,640,35,9532.0344,35.001,23.2225,33.7658,6.3313,4.7704,0.8619,50.0,9417.7397,0.9486
train,inline,2,256,65,12756.9277,64.8775,47.8774,65.2851,0.4703,0.4703,0.4663,50.0,8624.1491,0.2238
train,inline,4,512,85,14989.6972,84.9734,27.0478,33.0561,1.9481,1.4696,0.1987,50.0,14771.6709,0.5568
train,inline,4,896,35,9505.1967,35.0024,21.8226,31.6498,2.1726,1.6468,0.8641,50.0,10279.917,0.0
train,inline,4,384,70,13336.2223,69.9886,25.3635,51.0829,1.9437,1.4813,0.3985,50.0,12404.14,0.0
train,inline,3,1024,75,13931.4645,74.9816,36.7588,27.8979,0.0399,0.0399,0.3331,50.0,13567.8376,9316.1351
train,inline,4,640,100,16626.7938,99.9904,29.1985,32.1464,0.0198,0.0114,0.0,50.0,15431.6444,2.3271
train,inline,2,384,100,16616.0327,99.9078,55.028,48.3445,0.0284,0.0112,0.0,50.0,10899.6488,0.0
train,inline,3,640,30,8979.0555,29.9965,28.2439,34.7317,0.0865,0.0865,0.9326,50.0,7859.2198,2020.8062
train,inline,1,768,60,12363.438,60.0176,74.1188,28.6493,0.6838,0.1389,0.5344,49.0,14760.4838,3.2229
train,inline,3,768,45,10642.4398,44.977,31.526,31.6171,0.0718,0.0718,0.7327,50.0,9795.6403,4246.8034
train,inline,4,256,45,10549.3313,45.003,24.7376,68.2882,0.0661,0.0572,0.7327,50.0,9206.491,0.0
train,inline,4,896,75,13882.4128,74.9918,27.7915,30.6591,0.8572,0.641,0.3323,50.0,12193.0132,4.6565
train,inline,2,1024,45,10635.2221,45.0053,41.0362,29.049,0.3509,0.349,0.7327,50.0,12366.8796,0.0
train,inline,1,256,100,16579.0631,99.6048,84.9498,65.0452,0.8009,0.0892,0.0,50.0,16327.1682,0.665
train,inline,1,384,35,9778.5214,35.0229,69.1006,47.0448,0.2643,0.1616,0.866,49.0,7593.8256,5.3408
train,inline,3,768,30,9015.634,30.0024,29.0497,32.491,0.0884,0.0884,0.9326,50.0,7473.0055,4037.2553
train,inline,4,768,35,9519.2178,35.0017,22.3546,32.7257,4.2529,3.2087,0.863,50.0,10528.7451,0.0
train,inline,2,896,55,11722.9203,54.9825,45.8459,28.789,0.2574,0.2329,0.5995,50.0,13804.5618,2.6365
train,inline,2,512,60,12281.962,60.0054,46.5138,31.503,0.0865,0.0607,0.5329,49.0,10872.9761,0.0
train,inline,4,384,35,9494.9151,34.999,22.3322,51.7657,4.2289,3.1982,0.8634,50.0,8543.7689,0.0
train,inline,1,768,45,10758.0137,44.9975,70.8355,28.8058,0.4479,0.1459,0.7336,49.0,10870.0324,0.0
train,inline,1,896,35,9638.6749,34.9425,72.8075,27.6996,0.2982,0.1146,0.8666,50.0,10156.2065,0.795
train,inline,4,256,95,16072.5704,94.9551,31.4236,67.2772,0.0165,0.0151,0.0666,50.0,16669.3857,0.3131
train,inline,3,384,45,10608.1124,44.9797,33.9367,51.232,0.0725,0.071,0.7327,50.0,11421.2363,0.0
train,inline,2,384,85,14980.6846,84.9388,52.3654,48.6589,0.1191,0.1191,0.1998,50.0,11939.0167,0.0
train,inline,4,512,40,10093.1642,40.0063,23.6293,34.8103,7.7667,5.8462,0.7946,50.0,9984.7403,0.0
train,inline,2,768,40,10096.4714,40.0024,40.697,30.4535,0.2422,0.2323,0.7994,50.0,12107.8889,0.819
train,inline,4,640,90,15533.7889,90.0045,27.436,32.4057,0.9748,0.7427,0.1326,50.0,15174.8479,0.0
train,inline,1,640,50,11330.7613,50.0443,70.2311,29.8966,0.4796,0.1661,0.6667,49.0,11894.389,0.0
train,inline,4,768,50,11159.5625,50.005,24.3409,32.4222,3.2808,2.4712,0.6639,50.0,10526.3582,0.0
train,inline,3,896,75,13925.654,75.0024,35.117,29.8935,0.0386,0.0386,0.3331,50.0,13306.1219,6981.7472
train,inline,1,256,85,15003.1464,84.693,83.9114,64.8359,0.6592,0.0911,0.1998,50.0,13443.6359,2.6358
train,inline,4,896,35,9504.7008,34.983,21.9408,31.6043,2.1749,1.647,0.8641,50.0,8164.0355,3.5739
train,inline,2,768,90,15537.9026,89.9775,58.5667,29.2485,0.0958,0.0488,0.1332,50.0,13116.032,1.9685
train,inline,3,384,25,8421.3203,24.9742,30.7015,52.0395,0.0901,0.0928,0.9992,50.0,7493.4245,0.0121
train,inline,4,384,55,11690.7453,54.9784,25.6909,51.3429,2.9447,2.2182,0.5978,50.0,9938.2046,3.1162
train,inline,3,640,99999,18955.3052,126.8807,43.355,32.3623,0.0578,0.003,0.0,50.0,19042.2621,9988.9981
train,inline,2,384,100,16620.8318,99.9297,55.2491,48.1026,0.0414,0.0117,0.0,50.0,13433.1658,4.5243
train,inline,2,768,80,14445.287,79.9617,54.3008,29.051,0.1221,0.0855,0.2665,50.0,13285.3914,0.3355
train,inline,3,896,45,10674.5049,45.0036,31.6748,29.9387,0.0726,0.0726,0.7327,50.0,9715.467,6368.2587
train,inline,3,512,95,16075.5488,94.9335,38.7599,31.6453,0.0206,0.0167,0.0666,50.0,15017.1612,2.3927
train,inline,3,1024,35,9624.1867,35.0073,31.7812,27.4494,0.0861,0.0861,0.866,50.0,9541.9503,8221.5824
train,inline,2,640,85,14997.6943,84.986,55.1633,29.9623,0.0917,0.049,0.1998,50.0,12618.794,0.0
train,inline,2,256,100,16611.5567,99.8484,52.5073,67.0643,0.0221,0.0112,0.0,50.0,8898.9782,5.9817
train,inline,1,384,100,16610.1772,99.833,83.8289,48.9331,0.7918,0.0794,0.0,50.0,15001.775,1.6227
train,inline,3,640,50,11158.5055,49.9649,31.939,33.3294,0.065,0.065,0.6661,50.0,9492.1174,2158.3477
train,inline,1,384,75,13981.0144,74.9119,76.9775,48.1027,0.5747,0.1103,0.3331,50.0,12946.1039,0.0
train,inline,4,384,25,8398.398,25.0087,21.4531,51.6329,4.8874,3.689,0.9962,50.0,8480.4368,1.0718
train,inline,1,512,50,11369.4194,50.0914,68.0154,30.9729,0.4294,0.1886,0.6661,49.0,11296.0629,0.0
train,inline,3,512,55,11687.0584,54.982,32.3934,34.8584,0.0651,0.0588,0.5995,50.0,11822.2237,4.2034
train,inline,4,256,40,9992.016,39.99,24.5147,68.3866,0.0607,0.0607,0.7994,50.0,7979.1716,1.5281
train,inline,4,640,95,16080.5497,95.0055,28.6606,31.8331,0.5083,0.3775,0.0663,50.0,17850.9925,2.7616
train,inline,3,512,70,13335.035,69.9556,34.5577,34.1272,0.0459,0.043,0.3997,50.0,10837.6218,2.2722
train,inline,3,1024,90,15556.0906,90.0115,39.2992,28.8474,0.0254,0.0227,0.1332,50.0,16130.7462,9726.4702
train,inline,2,1024,35,9542.7384,34.9967,38.4966,28.948,0.4191,0.4111,0.866,50.0,12800.8955,0.0
train,inline,1,896,35,9636.5751,34.9139,72.5169,27.4627,0.3009,0.1149,0.8666,50.0,8462.2832,3.8611
train,inline,2,1024,55,11719.7514,54.983,46.3066,28.1199,0.3153,0.2885,0.5995,50.0,14218.6172,2.368
train,inline,4,512,85,14998.8404,85.0158,27.0379,33.7946,1.9543,1.47,0.1987,50.0,14615.974,0.0
train,inline,1,512,75,14005.6267,75.0804,74.6396,31.4993,0.604,0.1289,0.3331,49.0,14270.9056,1.8866
train,inline,3,512,75,13879.4353,74.956,35.7219,33.38,0.0376,0.0375,0.3331,50.0,12789.2681,0.8416
train,inline,2,512,35,9561.8808,34.9992,38.8272,32.0757,0.0969,0.0903,0.866,49.0,10737.4417,1.9375
train,inline,2,256,40,10009.2222,39.901,43.8652,64.5221,0.7981,0.7981,0.7994,50.0,6341.6606,0.0
train,inline,2,512,50,11194.7887,49.9854,43.0075,31.7938,0.0877,0.0724,0.6661,49.0,9860.7233,2.3776
train,inline,3,640,45,10618.5838,44.9781,31.3143,34.0906,0.075,0.0707,0.7327,50.0,8504.6484,2125.3962
train,inline,2,896,95,16084.0146,94.9727,60.5708,28.623,0.0904,0.0366,0.0666,50.0,14066.9359,0.0015
train,inline,1,384,50,11350.1126,49.9808,72.0898,47.095,0.3775,0.1421,0.6661,49.0,11349.4403,0.0
train,inline,2,256,50,11111.2267,49.9068,46.3614,64.7779,0.6675,0.6675,0.6661,50.0,8445.4892,2.7748
train,inline,1,512,30,9258.2322,30.0792,62.0112,30.2108,0.2799,0.2358,0.9326,48.0,8654.2046,0.0
train,inline,2,640,65,12822.0873,64.995,47.6918,30.3735,0.1186,0.0972,0.4663,50.0,12839.0736,0.0
train,inline,4,640,50,11172.9118,49.9822,24.7525,33.6192,4.8851,3.6728,0.663,50.0,8901.7218,6.2468
test,inline,3,256,100,16632.6444,100.0044,40.7185,66.2349,0.015,0.011,0.0,50.0,22223.2,0.0
train,inline,1,896,40,10178.3395,39.949,73.2604,27.8138,0.3951,0.1168,0.8004,50.0,12979.9709,0.0
train,inline,2,1024,30,9001.2388,30.0136,36.2875,28.9031,0.4493,0.442,0.9326,50.0,13128.8592,2.4306
train,inline,2,640,55,11735.3227,55.0064,44.3016,31.0083,0.1335,0.1215,0.5995,50.0,11391.8615,0.0
train,inline,2,640,90,15538.1695,89.9767,57.7485,29.9182,0.077,0.0364,0.1332,50.0,11654.306,3.2598
train,inline,2,384,30,8963.9091,29.9602,40.7592,48.1953,0.5131,0.5131,0.9326,50.0,8487.9232,1.0371
train,inline,1,640,85,15039.4852,85.0212,78.1504,30.1266,0.8567,0.1156,0.2012,50.0,14729.7341,0.7932
train,inline,1,256,70,13429.6046,69.7691,80.4119,64.1118,0.518,0.0932,0.3997,50.0,12232.2978,1.2585
train,inline,3,768,75,13914.2,74.9652,36.7114,31.2912,0.0522,0.0395,0.3331,50.0,10777.5081,4664.9169
train,inline,1,1024,99999,18952.0889,126.845,90.6222,28.2473,0.5398,0.0414,0.0,50.0,12213.1556,10569.1333
train,inline,3,768,50,11188.0944,49.9823,32.353,31.608,0.0663,0.0663,0.6661,50.0,11326.1747,4314.7144
train,inline,1,384,65,12928.8573,64.9459,76.0388,47.7834,0.5013,0.1232,0.4663,50.0,12100.9321,1.2234
train,inline,4,256,95,16073.2387,94.9595,31.7836,67.5339,0.0192,0.0153,0.0666,50.0,15730.8357,0.0
train,inline,4,512,45,10638.7009,44.9898,24.3866,34.7178,7.1265,5.3603,0.7284,50.0,9449.9188,3.3415
train,inline,1,896,35,9641.1312,34.9498,72.3918,27.4993,0.3044,0.115,0.8666,50.0,10996.1591,0.7625
train,inline,4,1024,35,9491.7523,35.0071,21.0752,30.1017,0.0961,0.0851,0.8652,50.0,11439.1054,3.8563
train,inline,4,384,100,16625.9296,99.9716,30.9409,50.2133,0.013,0.0109,0.0,50.0,16478.2534,1.2054
train,inline,3,896,75,13927.6504,75.0159,36.5952,29.9775,0.0451,0.0397,0.3331,50.0,13304.9934,6979.0486
train,inline,3,768,25,8471.9625,25.0058,28.7167,32.655,0.0981,0.0942,0.9992,50.0,7147.2206,3968.4956
train,inline,2,896,80,14449.9816,79.9881,55.3767,28.6161,0.1592,0.1104,0.2665,50.0,15888.5797,1.637
train,inline,3,768,40,10105.217,40.0137,31.3005,32.3241,0.0854,0.0779,0.7994,50.0,8575.6335,4170.7152
train,inline,1,512,60,12423.4505,60.0831,70.2788,31.2413,0.4933,0.1645,0.5329,49.0,11866.9008,0.0
train,inline,2,256,100,16609.1385,99.8726,52.5484,66.9443,0.0134,0.0106,0.0,50.0,10933.9498,0.3159
train,inline,3,896,50,11216.4943,50.0006,33.0559,29.7046,0.0693,0.0676,0.6661,50.0,11083.3001,6474.3263
train,inline,1,640,50,11330.1776,50.0479,70.372,29.5266,0.4811,0.1661,0.6667,49.0,12770.1704,3.8241
train,inline,2,256,55,11662.2299,54.9053,46.8689,65.2223,0.602,0.602,0.5995,50.0,7904.4823,0.0
train,inline,3,384,30,8970.165,29.9866,31.8391,52.0417,0.0874,0.0874,0.9326,50.0,7910.0829,0.6999
train,inline,2,512,40,10107.4306,40.0111,40.2072,32.0285,0.0972,0.0846,0.7994,49.0,11085.3083,0.0
train,inline,1,896,40,10181.5276,39.9276,73.8465,28.0567,0.4049,0.1176,0.8004,50.0,7825.185,7.7109
train,inline,1,896,25,8564.0999,24.9285,69.9821,27.72,0.1014,0.1098,0.9992,50.0,7994.7262,0.0
train,inline,4,384,40,10045.2008,39.9897,22.8936,51.7934,3.9061,2.9532,0.797,50.0,7658.7777,0.0
train,inline,2,512,90,15542.8395,89.9832,54.0975,30.7162,0.0446,0.0235,0.1332,50.0,10715.1241,0.0
train,inline,3,768,30,9016.607,30.0092,29.5579,32.5692,0.0943,0.0888,0.9326,50.0,8202.6839,4035.3644
train,inline,1,1024,95,16097.5596,94.9833,82.9352,27.1903,1.6724,0.1622,0.0728,50.0,16852.5816,4.9533
train,inline,2,896,60,12274.0184,60.0094,48.0902,29.2972,0.2446,0.2088,0.5329,50.0,13591.2226,0.0
train,inline,4,384,99999,18968.0009,126.8295,35.2542,50.4311,0.0418,0.0021,0.0,50.0,15676.3444,2.9799
train,inline,2,1024,50,11173.1352,49.9767,44.3683,28.3524,0.3377,0.319,0.6661,50.0,13567.5596,0.1465
train,inline,4,1024,80,14422.6886,80.026,29.0546,29.5275,0.0563,0.0349,0.2662,50.0,13668.5862,0.0
train,inline,1,256,70,13435.4709,69.7774,80.221,64.3308,0.5265,0.0937,0.3997,50.0,12380.0245,2.8874
train,inline,1,640,35,9734.0914,35.0379,67.5169,29.4475,0.3091,0.1873,0.8662,49.0,9412.1608,2.2699
train,inline,3,768,45,10647.0416,44.9853,31.9471,31.9991,0.0757,0.0721,0.7327,50.0,8691.5217,4249.3596
train,inline,1,1024,90,15555.7381,89.9768,82.2962,27.1064,1.5589,0.1553,0.1389,50.0,16515.6671,5.4227
train,inline,3,384,55,11700.9491,54.9689,35.3394,50.7092,0.0651,0.0604,0.5995,50.0,11853.1651,1.3577
train,inline,3,640,75,13896.7883,74.9769,35.7979,32.0561,0.0432,0.0383,0.3331,50.0,14093.5303,2330.6136
train,inline,4,256,60,12204.3566,59.9721,26.8044,68.0531,0.0473,0.0443,0.5329,50.0,11460.5224,0.0782
train,inline,4,384,50,11139.155,49.9917,25.2506,51.338,3.2614,2.4629,0.6642,50.0,10059.6931,0.767
train,inline,4,256,40,9997.5462,39.9829,24.2668,68.5995,0.072,0.0616,0.7994,50.0,6020.3779,1.4053
train,inline,2,768,90,15530.0003,89.9441,57.7486,28.5354,0.0898,0.0487,0.1332,50.0,13143.5543,0.8544
train,inline,1,768,45,10757.8127,44.9967,71.5264,28.7945,0.4563,0.1461,0.7336,49.0,12838.7243,0.0
train,inline,3,640,100,16622.5329,99.943,39.6117,30.2868,0.0111,0.0111,0.0,50.0,16608.3005,2501.142
train,inline,2,640,55,11733.2439,54.9926,45.1434,30.784,0.1417,0.1218,0.5995,50.0,12648.9907,0.0
train,inline,4,384,85,14978.6178,84.9489,28.957,50.367,0.9921,0.7469,0.1992,50.0,13131.028,4.2904
train,inline,4,896,80,14423.2688,79.9934,27.571,30.0888,0.6756,0.5143,0.2659,50.0,14165.7477,0.0
train,inline,4,384,50,11137.0227,49.9803,25.0641,51.1122,3.2617,2.463,0.6642,50.0,10070.2459,0.8157
train,inline,2,896,35,9549.7293,35.0071,38.2169,29.7082,0.3384,0.3309,0.866,50.0,12432.9533,0.47
train,inline,1,256,80,14484.8988,79.7381,82.2603,64.9027,0.6229,0.0925,0.2665,50.0,13481.3141,0.0
train,inline,2,768,30,9010.1318,30.0109,36.6675,30.457,0.2766,0.2692,0.9326,50.0,13158.7353,1.9857
train,inline,3,384,80,14432.1933,79.9517,39.307,49.482,0.0457,0.0336,0.2665,50.0,14303.6402,3.4619
train,inline,2,896,55,11726.1765,54.9967,46.3861,29.4172,0.2572,0.2328,0.5995,50.0,14040.2053,0.1136
train,inline,3,512,90,15526.9733,89.9481,37.8941,32.1388,0.0241,0.0217,0.1332,50.0,16873.0748,0.0
train,inline,3,256,25,8458.1262,24.9909,33.4519,66.9492,0.0888,0.0951,0.9992,50.0,9848.6016,0.0
train,inline,4,1024,55,11679.7899,54.999,24.4929,29.8569,0.0702,0.0623,0.599,50.0,12174.5146,0.0
train,inline,2,640,65,12824.7338,65.0128,48.844,30.8193,0.1327,0.0981,0.4663,50.0,11542.8387,0.0
train,inline,1,512,35,9784.2324,35.085,63.4467,30.3836,0.309,0.2235,0.866,48.0,9343.0447,0.0
train,inline,1,384,70,13459.4726,69.9145,77.0799,48.089,0.5553,0.1177,0.3997,50.0,11050.3698,7.1484
train,inline,3,896,25,8513.0441,25.0248,29.4742,30.2034,0.1055,0.0965,0.9992,50.0,7357.5508,5949.2301
train,inline,3,512,80,14431.4731,79.9631,36.3846,33.1592,0.0367,0.0324,0.2665,50.0,14922.2049,0.0
train,inline,1,768,35,9692.0371,34.9667,70.0266,28.8742,0.3175,0.1519,0.8664,49.0,7066.5144,7.5271
train,inline,3,384,95,16070.4222,94.938,41.5733,48.5865,0.0336,0.0175,0.0666,50.0,16630.2094,7.6664
train,inline,2,256,90,15512.6557,89.8921,50.8258,66.7598,0.1422,0.1422,0.1332,50.0,10052.6591,0.0
train,inline,1,1024,30,9040.3445,29.8534,74.4675,26.8328,0.1717,0.0711,0.933,50.0,8904.3573,0.8409
train,inline,2,640,50,11189.5968,50.0003,43.7162,30.9562,0.1515,0.1341,0.6661,50.0,11557.4506,0.0
train,inline,2,768,55,11729.4332,55.0001,46.0047,29.8844,0.2009,0.1773,0.5995,50.0,13139.3633,3.1586
train,inline,1,640,70,13456.0509,70.062,75.3265,30.545,0.7024,0.1376,0.4007,49.0,13153.9128,0.0
train,inline,2,640,35,9561.1237,35.0248,38.8342,31.5675,0.1853,0.1711,0.866,49.0,11118.2079,0.0
train,inline,1,768,80,14498.3713,79.9968,78.5333,29.224,0.9819,0.1292,0.2689,50.0,13594.8553,4.2843
train,inline,3,896,70,13384.1834,70.0033,35.5594,29.5033,0.0487,0.0451,0.3997,50.0,14287.0635,6885.6458
train,inline,2,256,100,16608.7678,99.8678,50.6978,66.935,0.0099,0.0099,0.0,50.0,10691.7209,0.0
train,inline,2,1024,90,15540.4087,90.0025,60.7472,28.217,0.1412,0.0742,0.1332,50.0,15564.8917,0.0
train,inline,1,1024,70,13384.7376,69.9304,79.8178,26.903,1.0985,0.1274,0.4036,50.0,13146.9272,5.1505
train,inline,4,640,45,10625.6513,44.9856,24.102,33.6162,5.3671,4.0387,0.7293,50.0,9093.071,4.2247
train,inline,1,768,95,16106.1171,95.0291,81.6259,29.7792,1.2073,0.1217,0.0697,50.0,16032.7142,2.7995
train,inline,4,512,30,8998.8559,29.973,23.1237,34.735,9.0605,6.8189,0.9271,50.0,7619.192,3.7919
train,inline,4,256,80,14413.7473,79.9388,29.9072,67.6499,0.035,0.0281,0.2665,50.0,12040.2385,4.531
train,inline,4,384,99999,18967.9642,126.8338,34.3736,50.4523,0.0307,0.0016,0.0,50.0,14620.4984,0.2021
train,inline,4,768,50,11158.3498,50.0056,24.0604,32.0628,3.2791,2.4709,0.6639,50.0,12921.5285,1.7404
train,inline,2,256,99999,18956.9873,126.9822,65.1328,64.0752,0.0298,0.0021,0.0033,50.0,23169.5103,5.6921
train,inline,4,512,25,8457.6,25.0008,22.6389,35.1075,9.7056,7.305,0.9933,50.0,8504.2667,0.0
train,inline,4,896,45,10599.2199,45.0052,23.1329,31.1207,1.8441,1.3953,0.7312,50.0,12248.3557,1.6222
train,inline,4,896,60,12236.4245,60.0012,25.9275,30.8198,1.3423,1.0176,0.5318,50.0,11969.8658,1.6904
train,inline,1,512,55,11893.1852,55.0813,69.8678,31.0015,0.4577,0.1762,0.5995,49.0,11284.9301,1.7557
train,inline,4,640,99999,18941.7706,126.8702,34.3677,31.5744,0.0348,0.0023,0.0,50.0,18814.3862,2499.2741
train,inline,1,1024,60,12302.1435,59.9385,77.4422,27.0203,0.8546,0.1126,0.536,50.0,13126.0675,0.0
train,inline,4,256,25,8337.9138,25.0078,21.6865,68.5492,0.0785,0.0737,0.9992,50.0,6297.0161,0.0
train,inline,2,1024,30,9000.3007,30.0115,35.5426,29.3334,0.4412,0.4412,0.9326,50.0,11298.051,0.0
train,inline,2,1024,65,12815.2262,65.0037,50.3918,28.1136,0.271,0.2274,0.4663,50.0,16054.9561,2.5508
train,inline,3,1024,85,15014.1308,85.0033,38.4565,28.4844,0.0311,0.0286,0.1998,50.0,14610.4075,9586.2914
train,inline,2,768,99999,18941.2664,126.8498,60.0023,28.3539,0.0579,0.003,0.0,50.0,18557.6595,5004.5685
train,inline,1,768,35,9691.063,35.0068,69.7654,28.6972,0.3134,0.1516,0.8664,49.0,9921.3796,0.0
train,inline,2,640,90,15540.333,89.9756,56.7791,29.8814,0.0794,0.0365,0.1332,50.0,13518.784,0.0
train,inline,2,640,90,15542.564,89.9623,57.0588,30.0379,0.0859,0.037,0.1332,50.0,10667.8625,4.5195
train,inline,3,640,45,10618.9395,44.9942,31.0173,34.1337,0.0714,0.0706,0.7327,50.0,8849.2613,2119.1023
train,inline,3,256,25,8453.1046,24.9717,33.5663,66.5158,0.0876,0.0953,0.9992,50.0,8177.4949,0.0
train,inline,3,640,60,12259.3012,59.97,33.7526,33.182,0.064,0.0548,0.5329,50.0,10180.3781,2231.2444
train,inline,3,512,85,14975.9541,84.9439,37.0445,32.3684,0.0277,0.0271,0.1998,50.0,14206.6293,0.0
train,inline,4,640,70,13352.4416,70.0063,26.5462,32.8905,2.9344,2.2079,0.3978,50.0,13211.9134,0.0
train,inline,3,384,95,16064.0953,94.9581,42.0588,48.4195,0.0184,0.0165,0.0666,50.0,18273.6961,2.3231
train,inline,1,384,70,13457.7144,69.9341,76.6575,47.6259,0.5512,0.1174,0.3997,50.0,14140.9351,4.4895
train,inline,3,384,55,11704.1191,54.9557,35.69,50.8632,0.0748,0.061,0.5995,50.0,9756.5838,7.9907
train,inline,3,512,45,10590.1481,44.9888,30.5612,35.6187,0.0773,0.0694,0.7327,50.0,10894.5228,4.6039
train,inline,4,1024,65,12777.1495,65.012,24.8882,29.716,0.0505,0.0505,0.4659,50.0,12880.279,0.0
train,inline,2,256,45,10556.1187,44.8859,45.4781,64.4388,0.7329,0.7329,0.7327,50.0,7710.1235,0.0158
train,inline,1,1024,90,15551.8911,89.9853,81.9177,26.3359,1.5509,0.1548,0.1389,50.0,18412.016,1.1604
train,inline,4,512,65,12816.2166,64.9976,25.7553,34.0602,4.5371,3.4148,0.4635,50.0,13579.7793,0.0
train,inline,4,384,85,14982.8732,84.9644,29.3323,50.7345,0.9958,0.747,0.1992,50.0,13017.8762,5.0332
train,inline,1,384,80,14503.8651,79.8847,78.8898,47.9946,0.6238,0.1044,0.2665,50.0,13795.8363,0.1646
train,inline,1,768,60,12361.2912,60.0092,74.6933,28.9768,0.6797,0.1387,0.5344,49.0,12924.9351,1.11
train,inline,1,256,40,10291.708,39.9605,74.8335,63.6356,0.2441,0.0976,0.7994,50.0,11022.6441,0.8874
train,inline,4,640,70,13350.6522,70.0014,26.7548,32.8389,2.9311,2.2077,0.3978,50.0,13885.8733,0.7631
train,inline,2,256,65,12761.3977,64.8953,47.0858,65.6958,0.4699,0.4699,0.4663,50.0,9008.2841,0.0
train,inline,3,512,100,16626.76,99.9502,39.2619,31.4496,0.0122,0.011,0.0,50.0,18522.9512,0.0
train,inline,2,512,90,15541.6541,89.9843,56.0708,30.6121,0.0629,0.0243,0.1332,50.0,10841.5908,0.0
train,inline,4,768,35,9519.8889,35.0058,22.2137,32.7664,4.2519,3.2087,0.863,50.0,9378.6243,0.0
train,inline,1,384,45,10828.7937,45.0018,71.2057,47.2605,0.3428,0.1488,0.7327,49.0,9551.2869,1.5507
train,inline,4,896,75,13878.2628,75.0007,27.3517,30.0741,0.8512,0.6406,0.3323,50.0,14833.3437,2.2366
train,inline,1,1024,55,11758.1642,54.9313,77.8854,26.9117,0.7452,0.1058,0.6022,50.0,12652.9187,0.1804
train,inline,3,896,85,15009.107,84.9897,38.2453,29.7896,0.0345,0.0284,0.1998,50.0,14169.7123,7194.3482
train,inline,4,256,70,13311.235,69.9639,28.4754,68.0086,0.0443,0.0364,0.3997,50.0,11167.7269,0.8826
train,inline,3,384,75,13885.7568,74.9616,38.474,49.7087,0.0487,0.039,0.3331,50.0,14131.4861,0.6877
train,inline,4,1024,60,12229.5444,60.0014,24.96,29.9025,0.0628,0.0566,0.5324,50.0,11552.1193,0.0
train,inline,1,512,75,14005.8236,75.0821,73.3469,31.8424,0.5852,0.1281,0.3331,49.0,13067.4624,0.0
train,inline,4,256,35,9440.9084,34.9927,23.3543,68.5114,0.0657,0.0649,0.866,50.0,8948.809,0.0
train,inline,2,512,95,16085.1384,94.9758,57.323,30.403,0.0588,0.0183,0.0666,50.0,10979.9624,0.0
train,inline,3,256,90,15513.5811,89.9639,41.968,65.2552,0.0221,0.0221,0.1332,50.0,20622.9788,0.0
train,inline,3,640,99999,18949.71,126.8667,42.647,31.9152,0.0463,0.0024,0.0,50.0,19514.1936,9988.5959
train,inline,2,256,80,14412.5739,79.8961,49.978,66.3207,0.2737,0.2737,0.2665,50.0,9412.8952,0.0
train,inline,4,1024,90,15514.8333,90.0181,30.5259,29.0121,0.0392,0.0232,0.1331,50.0,15409.4828,0.0
train,inline,3,896,85,15006.0917,84.9901,38.0535,29.5696,0.0296,0.0281,0.1998,50.0,15449.6947,7191.8957
train,inline,1,1024,35,9594.618,34.9158,75.6314,27.08,0.301,0.0788,0.8669,50.0,9660.8367,0.0
train,inline,3,896,25,8509.2816,24.9997,29.0754,29.8683,0.097,0.0959,0.9992,50.0,9056.87,5958.6161
train,inline,3,896,70,13379.0382,69.9824,35.7106,29.3754,0.045,0.045,0.3997,50.0,13083.191,6884.5851
train,inline,3,640,65,12797.3314,64.9556,34.1478,32.3852,0.0488,0.0488,0.4663,50.0,11567.1289,2260.8959
train,inline,2,896,99999,18951.3786,126.886,58.8025,27.8198,0.0421,0.0025,0.0,50.0,19805.6169,7512.5076
train,inline,1,512,90,15589.6004,90.0692,78.3429,32.3761,0.7056,0.0931,0.1332,50.0,13703.4893,0.9257
train,inline,3,256,80,14429.2113,79.9751,40.8783,65.5825,0.0336,0.0336,0.2665,50.0,18240.9486,0.0
train,inline,4,896,30,8958.8207,29.9903,21.2964,31.8353,2.3399,1.7728,0.9306,50.0,7914.8155,2.9072
train,inline,2,768,50,11181.7252,49.9833,43.9083,29.9185,0.2107,0.1956,0.6661,50.0,11936.8655,0.8224
train,inline,2,640,75,13909.8211,74.99,51.0841,30.3868,0.0985,0.0728,0.3331,50.0,11839.2251,0.0
train,inline,1,768,95,16106.3896,95.0434,80.2399,29.6483,1.194,0.121,0.0697,50.0,17515.6202,0.0
train,inline,4,896,100,16613.9567,100.0128,30.8321,29.8461,0.0159,0.0111,0.0,50.0,16372.5053,0.0
train,inline,4,384,95,16079.223,94.9545,30.1665,50.3828,0.3451,0.2566,0.0664,50.0,14385.1769,4.4126
train,inline,4,768,45,10613.9442,44.9844,24.0498,32.652,3.6095,2.7173,0.7303,50.0,8420.7901,6.2097
train,inline,1,1024,95,16095.6377,95.0034,82.7217,27.0352,1.6675,0.1619,0.0728,50.0,18495.1035,0.0
train,inline,1,640,60,12386.2555,60.0235,72.3996,29.65,0.5843,0.1516,0.5337,49.0,12062.5687,0.0
train,inline,3,896,30,9051.0276,30.0006,29.8629,29.9016,0.0916,0.0903,0.9326,50.0,9024.6019,6060.4132
train,inline,3,768,35,9560.1291,35.0048,30.2687,32.3644,0.0878,0.0832,0.866,50.0,8571.4873,4105.1417
train,inline,2,384,55,11699.0905,54.939,46.1784,48.4297,0.3341,0.3341,0.5995,50.0,8536.0312,3.1275
train,inline,2,256,90,15507.6863,89.8685,49.9095,66.4185,0.1414,0.1414,0.1332,50.0,10016.4057,0.0
train,inline,1,1024,35,9591.5347,34.8978,75.3801,26.8273,0.295,0.0785,0.8669,50.0,9849.5499,0.0
train,inline,3,896,95,16090.2852,94.9949,39.5038,29.3991,0.0213,0.0169,0.0666,50.0,16750.9315,7399.3236
train,inline,1,512,45,10840.3164,45.0841,65.5021,30.7662,0.3763,0.1996,0.7327,49.0,10299.5342,0.0
train,inline,1,256,55,11863.9624,54.8828,77.5029,63.949,0.3857,0.0957,0.5995,50.0,11489.9305,0.0
train,inline,2,384,35,9507.5619,34.9481,41.8751,48.0242,0.4771,0.4771,0.866,50.0,8509.759,1.5657
train,inline,4,256,55,11646.0511,54.9573,25.8824,67.6898,0.0483,0.0483,0.5995,50.0,9823.1194,0.5024
train,inline,4,768,70,13341.5311,70.0067,26.2888,31.8097,1.9632,1.4865,0.3983,50.0,13001.1553,0.0
train,inline,4,768,85,14982.5527,84.9914,29.0305,31.5033,1.0034,0.7496,0.1992,50.0,13155.878,5.6251
train,inline,1,768,100,16640.7863,100.0353,82.4324,29.8424,1.2814,0.1192,0.0033,50.0,17408.9224,1.3562
train,inline,1,384,35,9776.1091,35.0399,68.7311,46.7616,0.2576,0.1611,0.866,49.0,10803.7704,0.3064
train,inline,3,640,75,13896.9759,74.9534,36.1505,32.3236,0.0467,0.0386,0.3331,50.0,11319.6165,2333.9204
train,inline,4,256,75,13862.4331,74.9685,28.626,67.5796,0.0342,0.0318,0.3331,50.0,13899.1382,1.0447
train,inline,4,640,50,11174.1736,49.9759,24.9196,33.7272,4.8888,3.6731,0.663,50.0,8019.5282,8.6523
train,inline,4,640,30,8983.3828,29.9738,22.3997,33.603,6.818,5.1368,0.9282,50.0,7881.4382,2.9726
train,inline,2,256,40,10011.8001,39.9099,44.9995,64.5774,0.7987,0.7987,0.7994,50.0,8603.928,0.0
train,inline,1,640,100,16641.0532,100.0526,82.6696,31.2843,1.0304,0.0943,0.0016,50.0,15531.5894,4.0904
train,inline,3,512,85,14981.5284,84.9335,37.4892,32.809,0.0384,0.0276,0.1998,50.0,12077.0673,6.4079
train,inline,3,896,100,16634.8851,99.9865,40.2201,29.8578,0.0161,0.0114,0.0,50.0,15045.6823,7503.0979
train,inline,4,1024,60,12226.9735,60.0076,25.9569,29.8401,0.0645,0.0565,0.5324,50.0,13041.9993,0.9286
train,inline,4,384,45,10591.6771,44.9938,22.8731,51.531,3.5717,2.7075,0.7306,50.0,9244.8564,0.0
train,inline,3,768,90,15542.4279,89.9839,38.6734,30.5901,0.0257,0.0221,0.1332,50.0,17313.1643,4862.3963
train,inline,3,384,65,12790.3299,64.9704,37.2012,50.0816,0.0504,0.0493,0.4663,50.0,13454.5914,1.2739
train,inline,4,1024,25,8391.1844,24.9716,19.5656,30.4972,0.099,0.0962,0.9983,50.0,7353.7662,2.5994
train,inline,2,256,99999,18956.3425,127.01,64.7653,64.1069,0.0176,0.0014,0.0033,50.0,25055.3173,0.0
train,inline,2,768,40,10093.9584,39.9875,40.1872,30.1683,0.2408,0.2323,0.7994,50.0,12058.7025,0.1229
train,inline,3,512,75,13884.0776,74.9484,35.9228,33.7093,0.0469,0.038,0.3331,50.0,11170.2192,5.0307
train,inline,4,640,30,8989.1534,30.0104,22.4915,33.9602,6.8227,5.1369,0.9282,50.0,9123.6052,0.0
train,inline,3,512,55,11685.2678,54.9742,32.55,35.2483,0.0584,0.0584,0.5995,50.0,9820.0708,0.5238
train,inline,3,384,75,13883.7643,74.9699,38.3151,49.5527,0.0449,0.0388,0.3331,50.0,15087.0617,0.0
train,inline,3,512,99999,18952.5409,126.8895,42.2833,33.1985,0.0441,0.0022,0.0,50.0,18671.7014,9978.3511
train,inline,2,1024,100,16626.1805,99.9778,64.4543,27.7094,0.0824,0.0124,0.0,50.0,16444.0316,0.0
train,inline,4,640,75,13899.1847,75.0049,26.9854,32.8163,2.4514,1.842,0.3315,50.0,13425.7707,0.0
train,inline,4,896,65,12787.0399,65.0091,25.9792,30.5161,1.1841,0.8922,0.4653,50.0,14430.9566,2.1072
train,inline,4,256,45,10544.9119,44.9787,24.5441,68.1906,0.0571,0.0567,0.7327,50.0,9881.6829,0.0
train,inline,2,384,30,8965.7817,29.9636,39.2966,48.3427,0.5126,0.5126,0.9326,50.0,9119.0052,0.0
train,inline,4,896,40,10050.9924,39.9982,21.799,31.4467,1.9975,1.5206,0.7976,50.0,9850.5958,0.0
train,inline,3,384,70,13337.8781,69.9683,37.4873,49.833,0.0481,0.044,0.3997,50.0,15166.6448,0.0
train,inline,4,640,60,12261.4372,60.0036,25.0161,32.9429,3.9035,2.94,0.5304,50.0,13029.3603,0.7635
train,inline,4,1024,70,13325.4794,69.9987,27.1908,29.5867,0.062,0.0458,0.3993,50.0,12413.5208,3.5556
train,inline,3,1024,30,9086.4942,30.0032,30.5028,27.3727,0.092,0.0919,0.9326,50.0,9665.4307,8082.2642
train,inline,1,512,50,11368.6459,50.0862,67.716,30.4929,0.4296,0.1885,0.6661,49.0,12657.1985,3.0826
train,inline,1,256,75,13957.7888,74.7475,81.4566,64.5661,0.5696,0.0928,0.3331,50.0,12389.1364,2.0418
train,inline,1,384,90,15562.9041,89.8473,81.4548,48.9281,0.7168,0.0925,0.1332,50.0,11769.5702,6.4107
train,inline,2,256,45,10562.9355,44.915,45.7663,64.9536,0.7333,0.7333,0.7327,50.0,7718.6546,0.0
train,inline,2,1024,50,11174.5375,49.9822,43.8086,28.4775,0.3316,0.3187,0.6661,50.0,12733.3214,0.0
train,inline,4,768,99999,18958.1824,126.8938,33.695,30.8992,0.0421,0.0029,0.0,50.0,18256.1861,4998.4102
train,inline,2,512,35,9558.924,34.9934,38.6159,31.8364,0.0932,0.0902,0.866,49.0,11109.4198,0.7719
train,inline,1,640,55,11861.8171,55.0453,70.7592,29.8984,0.5283,0.1586,0.6002,49.0,12322.295,0.0
train,inline,1,896,100,16641.5467,100.0161,83.1462,28.6365,1.5377,0.1444,0.0049,50.0,16800.4219,2.377
train,inline,1,1024,99999,18955.3358,126.867,90.6931,28.5436,0.5442,0.0417,0.0,50.0,11840.3084,10560.8972
train,inline,4,896,50,11146.9496,50.0074,24.0664,31.2883,1.6796,1.2697,0.6647,50.0,10789.9509,0.0
train,inline,4,896,85,14967.5417,84.9841,28.7659,29.7272,0.515,0.3888,0.1994,50.0,15190.1375,0.3459
train,inline,3,256,70,13345.6401,69.9591,40.6333,65.9454,0.0595,0.0457,0.3997,50.0,14684.8529,3.3259
train,inline,2,768,80,14451.9188,79.9801,53.8601,29.5844,0.1206,0.0854,0.2665,50.0,12546.2991,0.0
train,inline,4,1024,50,11133.9068,50.0059,23.7574,30.1316,0.0774,0.0681,0.6655,50.0,11526.8421,0.0
train,inline,3,384,30,8970.6042,29.9865,31.4136,51.6917,0.0906,0.0876,0.9326,50.0,9019.0457,2.5107
train,inline,4,1024,70,13326.1717,70.0228,27.2505,29.7081,0.0625,0.0459,0.3993,50.0,13284.2261,0.0
train,inline,3,1024,75,13942.8356,75.0098,37.391,28.7736,0.0526,0.0407,0.3331,50.0,12274.3744,9314.9809
train,inline,2,896,100,16625.8607,99.9701,62.9362,28.2885,0.0737,0.0122,0.0,50.0,16282.4236,0.0
train,inline,3,768,40,10104.0426,40.003,30.9454,32.051,0.0829,0.0777,0.7994,50.0,9362.3824,4176.0286
train,inline,2,1024,60,12268.0378,59.9924,48.3993,28.3468,0.2911,0.2578,0.5329,50.0,14426.0091,1.4269
train,inline,3,512,85,14980.3177,84.9597,37.0378,32.4624,0.0326,0.0272,0.1998,50.0,15472.091,1.6788
train,inline,2,640,90,15539.7872,89.9724,57.3417,29.9314,0.0798,0.0366,0.1332,50.0,11541.9451,2.8678
train,inline,4,640,60,12263.4747,60.0174,25.46,33.0544,3.9118,2.9405,0.5304,50.0,13055.8414,0.0
train,inline,1,896,95,16096.0589,95.005,82.1068,28.0785,1.4309,0.1415,0.0712,50.0,17605.4703,0.8884
train,inline,4,256,80,14414.4925,79.9625,29.7078,67.6697,0.0319,0.0276,0.2665,50.0,15791.8797,0.0
train,inline,1,1024,40,10134.0951,39.9075,75.2997,26.9273,0.4008,0.085,0.8007,50.0,10528.9756,0.0
train,inline,3,896,30,9051.2869,30.0024,29.7673,29.6916,0.0934,0.0903,0.9326,50.0,9691.9476,6063.13
train,inline,4,768,85,14984.5424,84.9845,28.7845,31.5709,1.0076,0.7499,0.1992,50.0,12600.3572,6.567
train,inline,4,1024,30,8939.6455,29.9723,20.4573,30.4216,0.0958,0.0906,0.9317,50.0,7643.9115,3.3294
train,inline,4,256,30,8889.6853,29.9993,22.1266,68.3072,0.0713,0.0693,0.9326,50.0,7512.3667,1.7903
train,inline,1,256,50,11338.9873,49.909,76.5106,63.5362,0.3377,0.0962,0.6661,50.0,11972.1269,2.6968
train,inline,4,768,50,11156.6158,50.0036,24.5135,32.192,3.2751,2.4707,0.6639,50.0,11387.4488,1.8167
train,inline,2,640,50,11192.5294,49.9831,43.8754,31.1593,0.1597,0.1346,0.6661,50.0,9699.7333,4.2428
test,inline,3,256,99999,18977.9778,126.9948,46.1185,65.1779,0.0174,0.0015,0.0,50.0,18991.3667,10004.4222
train,inline,3,256,65,12801.9566,64.9582,39.8622,66.0254,0.0624,0.0511,0.4663,50.0,15151.2709,4.1909
train,inline,1,640,60,12392.3466,60.0492,71.4332,30.2567,0.5712,0.1508,0.5337,49.0,11998.2611,0.0
train,inline,2,256,55,11659.9912,54.8994,47.1727,65.204,0.6016,0.6016,0.5995,50.0,8095.2337,0.7486
train,inline,2,256,30,8909.137,29.9049,43.7,63.9344,0.9301,0.9301,0.9326,50.0,6240.8476,0.9972
train,inline,3,768,80,14454.4119,79.9807,37.403,30.8983,0.037,0.0334,0.2665,50.0,13372.5121,4728.5758
train,inline,1,640,50,11328.5134,50.0415,70.6822,29.8399,0.4757,0.1659,0.6667,49.0,11356.0776,1.2472
train,inline,1,896,70,13408.5902,69.9869,77.6809,28.1327,0.9581,0.1302,0.4027,50.0,15638.5075,0.0
train,inline,2,896,99999,18953.6971,126.9014,58.64,28.0201,0.0426,0.0027,0.0,50.0,18635.6221,7506.5321
train,inline,4,384,99999,18967.4117,126.8477,34.9449,50.0136,0.0408,0.002,0.0,50.0,17113.542,1.3802
train,inline,1,384,30,9251.9498,30.0659,67.7758,46.7711,0.2197,0.1677,0.9326,49.0,9079.6791,0.0
train,inline,4,1024,30,8943.4328,29.9908,20.6881,30.7325,0.0978,0.0906,0.9317,50.0,8003.4239,2.6931
train,inline,3,256,55,11712.7851,54.9769,38.5941,66.0754,0.0636,0.0617,0.5995,50.0,14543.6636,0.6957
train,inline,2,384,35,9512.8469,34.9582,40.3361,48.3819,0.4768,0.4768,0.866,50.0,8277.7506,0.0
train,inline,4,1024,50,11130.1534,49.9931,23.5201,29.5615,0.0761,0.068,0.6655,50.0,12083.7835,2.5462
train,inline,2,1024,85,14988.952,84.9703,58.3342,27.7992,0.1567,0.1043,0.1998,50.0,15739.4134,0.135
train,inline,3,768,65,12823.9512,64.9835,34.7909,31.2572,0.0568,0.0501,0.4663,50.0,11951.9921,4523.9899
train,inline,3,768,70,13364.6508,69.9796,35.4211,31.0147,0.0452,0.0443,0.3997,50.0,13397.0612,4588.9919
train,inline,2,256,60,12213.4976,59.9116,47.4987,65.597,0.5364,0.5364,0.5329,50.0,7880.1051,0.0
train,inline,4,512,25,8457.9845,25.007,21.562,35.2733,9.6905,7.3042,0.9933,50.0,8156.5162,0.0
train,inline,1,640,70,13454.244,70.0483,75.0497,30.4136,0.6981,0.1372,0.4007,49.0,15065.6908,0.0
train,inline,3,1024,40,10164.6895,40.0016,32.3016,27.6633,0.0817,0.0805,0.7994,50.0,9469.1897,8358.6649
train,inline,4,512,70,13359.6554,69.9832,26.1097,33.7969,3.8917,2.9287,0.3973,50.0,12683.812,1.8786
train,inline,1,256,40,10283.7427,39.9399,74.4924,62.9883,0.2351,0.0973,0.7994,50.0,9607.6847,0.6324
train,inline,3,640,25,8431.9942,24.9946,27.6202,35.256,0.0875,0.0918,0.9992,50.0,7517.8622,1984.1112
train,inline,4,1024,99999,18990.2224,126.9811,32.509,29.7944,0.0392,0.003,0.0,50.0,18720.1328,9991.298
train,inline,4,384,25,8396.3381,25.0027,22.4451,51.774,4.8898,3.6891,0.9962,50.0,7442.4496,1.8468
train,inline,1,512,70,13476.8555,70.0785,73.58,31.4823,0.5654,0.1407,0.3997,49.0,12948.5354,1.0659
train,inline,2,640,55,11736.2086,55.0124,45.3738,30.889,0.1493,0.1223,0.5995,50.0,11992.6204,0.0
train,inline,1,768,90,15571.2346,90.0366,79.4115,29.6204,1.1194,0.1235,0.1361,50.0,16515.7968,0.0
train,inline,2,512,55,11737.5781,54.9919,43.7247,31.6365,0.0729,0.0658,0.5995,49.0,10538.503,0.0
train,inline,2,896,90,15531.728,89.9556,59.0285,28.1015,0.1101,0.0611,0.1332,50.0,14454.578,0.5929
train,inline,1,256,45,10813.7635,44.935,75.8636,63.6634,0.2866,0.0967,0.7327,50.0,10891.4246,0.3408
train,inline,2,896,35,9549.5427,35.0061,38.4978,29.7358,0.3412,0.331,0.866,50.0,13096.3048,0.5733
train,inline,2,256,25,8360.2916,24.9124,43.2002,63.9169,0.0,0.9958,0.9992,50.0,5564.3333,0.0
train,inline,2,640,35,9559.1489,35.0205,39.1263,31.5048,0.1817,0.1708,0.866,49.0,11071.6386,0.0
train,inline,2,896,80,14448.3377,79.9824,55.9674,28.8502,0.1555,0.1103,0.2665,50.0,13682.0057,2.1266
train,inline,4,896,65,12786.4751,65.0051,25.548,30.8061,1.1745,0.8918,0.4653,50.0,12992.3704,0.0
train,inline,2,256,30,8913.4676,29.9169,43.7881,63.9611,0.9304,0.9304,0.9326,50.0,7072.1061,4.4791
train,inline,4,768,70,13338.122,69.9865,26.1056,31.4049,1.9666,1.4868,0.3983,50.0,13104.2924,0.0
train,inline,4,512,85,14996.4488,84.9996,25.9441,33.6476,1.9381,1.4691,0.1987,50.0,14724.9623,0.0
train,inline,4,768,50,11151.4449,49.9824,24.2584,31.8718,3.2704,2.4706,0.6639,50.0,10846.7076,1.1941
train,inline,2,640,40,10103.1923,40.0125,40.3648,31.2921,0.1732,0.1587,0.7994,49.0,11277.9172,0.0
train,inline,2,384,85,14982.3196,84.9349,52.5451,48.7549,0.1195,0.1195,0.1998,50.0,9505.1986,0.0
train,inline,3,896,80,14462.9083,79.9885,37.5711,29.5192,0.0336,0.0336,0.2665,50.0,14019.8604,7090.3505
train,inline,4,512,90,15542.6125,89.9687,28.0278,33.5571,1.3166,0.9842,0.1324,50.0,12843.1413,7.3774
train,inline,1,256,40,10289.5148,39.9614,73.9637,63.4607,0.2315,0.0971,0.7994,50.0,9675.0139,0.0
train,inline,4,512,45,10634.8428,45.0046,25.0146,34.5504,7.1192,5.3597,0.7284,50.0,10656.9088,2.7889
train,inline,2,1024,60,12270.7635,60.0076,47.7367,28.8072,0.2831,0.2575,0.5329,50.0,13396.8902,0.0
train,inline,2,256,40,10013.8296,39.8949,45.2851,64.7681,0.7992,0.7992,0.7994,50.0,5564.3333,4.8123
train,inline,2,384,90,15527.3346,89.9138,53.7438,48.6939,0.0835,0.0835,0.1332,50.0,9125.431,4.7567
train,inline,3,896,90,15550.4928,90.0086,39.2618,29.8212,0.0286,0.0227,0.1332,50.0,15144.9566,7291.3307
train,inline,4,768,80,14432.9051,80.0053,28.466,31.4482,1.3203,0.9949,0.2655,50.0,14189.9173,1.8619
train,inline,3,384,80,14423.6871,79.9376,38.8403,48.8302,0.0337,0.033,0.2665,50.0,15550.2379,1.4545
train,inline,1,896,100,16635.3972,100.014,82.877,28.1922,1.5263,0.1438,0.0049,50.0,18317.3055,0.6917
train,inline,4,256,45,10547.937,44.9767,24.7682,68.4239,0.0626,0.057,0.7327,50.0,8757.8757,2.1062
train,inline,1,512,100,16641.5139,100.0759,81.9528,32.5596,0.7768,0.0692,0.0,50.0,15740.7204,1.2366
train,inline,2,640,45,10647.6528,44.9893,41.5202,31.2419,0.1586,0.1462,0.7327,49.0,10172.6828,1.8684
train,inline,3,640,40,10066.56,39.9719,29.5248,34.0147,0.0754,0.0754,0.7994,50.0,7992.6175,2087.0887
train,inline,1,640,30,9201.3479,30.018,65.3638,29.0018,0.2542,0.1946,0.9327,49.0,9659.865,0.0378
train,inline,3,384,100,16613.5118,99.9364,42.1378,48.2092,0.0222,0.0117,0.0,50.0,17881.369,4.2283
train,inline,4,768,75,13886.1269,75.006,28.0693,31.596,1.645,1.2408,0.3319,50.0,13565.7562,2.3816
train,inline,1,256,35,9767.2555,34.9988,73.276,63.4294,0.1884,0.0979,0.866,50.0,9293.985,0.0
train,inline,2,896,40,10095.5348,39.9914,40.6576,29.8805,0.3249,0.3068,0.7994,50.0,11373.0831,3.3205
train,inline,2,640,100,16628.9534,99.9764,59.2264,29.5408,0.0537,0.0118,0.0,50.0,13001.9796,0.0
train,inline,4,256,40,9994.1783,39.9889,23.816,68.309,0.0632,0.0609,0.7994,50.0,9154.3591,0.1603
train,inline,1,1024,55,11759.3398,54.9292,77.7577,26.9042,0.7508,0.106,0.6022,50.0,14197.5357,0.0
train,inline,4,768,25,8425.9784,24.9967,21.504,32.9995,4.9031,3.7005,0.9958,50.0,7908.8305,1.9253
train,inline,2,1024,60,12269.6125,59.9999,47.488,28.5395,0.2808,0.2573,0.5329,50.0,14237.1439,0.0
train,inline,4,640,45,10618.4635,44.9822,23.7725,33.0778,5.3582,4.0383,0.7293,50.0,10280.5745,0.0
train,inline,1,512,85,15062.2841,85.0653,77.48,32.1903,0.6768,0.1054,0.1998,50.0,12982.8011,3.3164
train,inline,2,896,25,8461.2524,25.0146,34.6617,29.7463,0.3846,0.3802,0.9992,50.0,12781.3946,2.8815
train,inline,2,512,55,11736.4064,54.9944,44.0835,31.5448,0.0744,0.0658,0.5995,49.0,11023.2478,0.0
train,inline,1,1024,60,12298.6872,59.9108,78.4884,27.2766,0.867,0.1133,0.536,50.0,12040.426,4.1978
train,inline,2,896,80,14450.783,79.9751,55.6408,28.9449,0.1607,0.1106,0.2665,50.0,13734.1417,2.6131
train,inline,4,384,40,10042.3122,39.9953,24.0866,51.4912,3.9142,2.9535,0.797,50.0,9104.6682,1.2202
train,inline,2,640,55,11734.1775,55.0093,45.8181,30.965,0.1452,0.122,0.5995,50.0,11380.9277,0.0
train,inline,3,512,35,9485.7779,34.9629,29.0223,36.584,0.0796,0.0796,0.866,50.0,6613.5035,1.0729
train,inline,2,512,30,9019.0849,30.0084,36.8692,31.998,0.1019,0.0964,0.9326,49.0,12562.4039,1.455
train,inline,4,256,90,15519.9112,89.9576,30.0393,67.623,0.0188,0.0188,0.1332,50.0,15148.5247,0.0
train,inline,1,384,100,16612.3733,99.8483,83.6525,48.9126,0.7967,0.0797,0.0,50.0,15846.5364,0.0
train,inline,1,1024,55,11758.8567,54.9314,77.9475,26.7739,0.7508,0.1061,0.6022,50.0,13272.2731,1.5651
train,inline,3,768,40,10099.5845,39.9832,30.8123,31.8493,0.0774,0.0774,0.7994,50.0,8770.5514,4177.346
train,inline,4,640,90,15533.1399,90.0041,28.6973,32.1261,0.9899,0.7433,0.1326,50.0,16122.3689,2.6767
train,inline,2,896,50,11184.512,50.0101,44.3694,29.6603,0.2831,0.2577,0.6661,50.0,13027.4208,0.0
train,inline,4,384,40,10038.2709,39.9768,23.3903,51.2041,3.9073,2.9533,0.797,50.0,8716.5523,0.0
train,inline,3,512,50,11138.4314,49.9818,31.0338,35.4701,0.0639,0.0638,0.6661,50.0,10331.273,0.9457
train,inline,4,640,80,14444.0293,80.0062,25.7421,32.6554,1.9439,1.4748,0.2652,50.0,14410.4502,0.0
train,inline,3,768,100,16631.6492,99.9873,39.9815,29.9406,0.0194,0.0114,0.0,50.0,18780.0756,5002.8058
train,inline,2,384,95,16074.8101,94.9195,54.4368,48.4145,0.0477,0.0477,0.0666,50.0,11109.4046,5.2473
train,inline,2,768,55,11731.4111,55.002,45.7157,30.1704,0.2028,0.1776,0.5995,50.0,12185.6067,0.0
train,inline,1,768,40,10223.2672,39.9862,70.9226,28.7423,0.3831,0.1488,0.8,49.0,9508.5494,2.9203
train,inline,4,1024,75,13872.6065,75.016,27.3743,29.11,0.052,0.0399,0.3328,50.0,15288.7548,1.6982
train,inline,3,640,100,16623.8351,99.9509,39.7578,30.452,0.013,0.0113,0.0,50.0,16269.6316,2497.7576
train,inline,2,768,85,14997.8813,85.0003,56.6166,29.5954,0.1188,0.0677,0.1998,50.0,12993.629,0.0
train,inline,3,256,90,15507.7757,89.9429,42.734,64.5759,0.0264,0.0226,0.1332,50.0,20838.2698,1.8532
train,inline,1,256,60,12387.9449,59.8524,78.4772,64.2063,0.4322,0.095,0.5329,50.0,11464.5228,0.0
train,inline,1,1024,75,13923.9426,74.9528,80.032,27.0716,1.2068,0.1339,0.3375,50.0,16315.7477,1.6725
train,inline,4,640,45,10623.3094,45.0032,24.2218,33.41,5.361,4.0383,0.7293,50.0,10935.8141,1.9125
train,inline,1,640,70,13457.9976,70.0429,75.2525,30.6393,0.7076,0.1379,0.4007,49.0,11799.3013,1.1932
train,inline,4,384,60,12238.3185,59.9859,25.4972,51.1705,2.6088,1.9725,0.5313,50.0,11233.964,0.0
train,inline,3,256,85,14970.4171,84.9635,42.2778,65.3207,0.0347,0.0281,0.1998,50.0,21400.9565,0.0
train,inline,4,640,50,11171.0305,50.0084,24.2161,32.9861,4.8812,3.6724,0.663,50.0,13308.5361,3.5474
train,inline,3,896,65,12843.9869,64.9859,35.4016,29.973,0.0597,0.0511,0.4663,50.0,11882.744,6784.8494
train,inline,4,384,85,14979.0774,84.9688,28.7714,50.378,0.9885,0.7467,0.1992,50.0,14606.6905,0.0
train,inline,3,512,25,8395.1604,24.9838,27.6788,37.7711,0.098,0.0906,0.9992,50.0,5564.3333,4.9494
train,inline,2,384,85,14979.7386,84.9322,52.1337,48.3274,0.119,0.119,0.1998,50.0,12375.1665,1.293
train,inline,3,896,95,16087.3281,94.9899,40.0295,29.4995,0.0167,0.0167,0.0666,50.0,15722.4917,7399.1308
train,inline,4,768,30,8973.0575,30.0014,21.1301,32.8317,4.5713,3.4543,0.9294,50.0,9033.9434,0.0
train,inline,4,896,60,12240.9704,59.9961,25.4982,30.9266,1.351,1.0182,0.5318,50.0,11571.454,3.6085
train,inline,3,640,95,16082.9987,94.9718,38.6131,31.1824,0.0165,0.0165,0.0666,50.0,15763.536,2462.6139
train,inline,4,384,35,9496.2222,34.9877,23.4409,51.7103,4.2456,3.1991,0.8634,50.0,7511.7648,3.9118
train,inline,3,1024,99999,18960.1111,126.8901,42.7704,29.6748,0.0518,0.0028,0.0,50.0,25365.5556,10000.9333
train,inline,3,384,95,16067.7446,94.9616,41.0386,48.0603,0.0267,0.017,0.0666,50.0,20270.0065,3.2199
train,inline,1,256,100,16578.3441,99.5998,84.6573,65.3453,0.7925,0.0889,0.0,50.0,14916.6819,0.0
train,inline,3,256,55,11713.7334,54.9769,38.0253,65.673,0.0682,0.062,0.5995,50.0,15329.1116,2.8493
train,inline,1,640,50,11328.9626,50.042,70.5845,29.8726,0.4766,0.1658,0.6667,49.0,12387.9136,0.3863
test,inline,1,256,99999,19026.2667,127.1734,89.6,65.2464,1.1453,0.0744,0.0,50.0,11589.0,0.0
train,inline,2,896,80,14451.6821,79.9754,54.9136,29.0601,0.1527,0.1103,0.2665,50.0,12592.0357,1.3033
train,inline,1,1024,99999,18952.0242,126.8543,90.9577,27.9912,0.5428,0.0414,0.0,50.0,13502.4095,10569.1333
train,inline,4,768,50,11156.3531,50.0029,24.5983,32.3016,3.2742,2.4706,0.6639,50.0,11914.6914,0.6692
train,inline,4,640,90,15535.5433,90.0092,28.4298,32.4037,0.9933,0.7436,0.1326,50.0,16025.7955,0.0
train,inline,1,384,99999,18973.9337,126.993,90.3464,48.1718,1.3125,0.1267,0.0099,50.0,17303.6973,0.0
train,inline,3,256,75,13881.1408,74.9531,40.6567,65.2533,0.0399,0.0393,0.3331,50.0,17454.7279,0.0
train,inline,1,768,65,12898.8235,65.0014,75.7195,29.3162,0.7615,0.1367,0.4681,50.0,12939.3417,3.4295
train,inline,1,256,25,8721.3289,25.0734,72.1945,63.2816,0.1059,0.0999,0.9992,50.0,8758.2987,0.0
train,inline,1,384,40,10299.6018,40.025,70.5676,46.9963,0.2947,0.1546,0.7994,49.0,9751.4198,1.761
train,inline,4,256,35,9443.0711,34.9678,23.4748,68.5993,0.0741,0.0656,0.866,50.0,5564.3333,6.3629
train,inline,4,512,40,10091.7011,40.0038,23.4049,34.807,7.7581,5.8457,0.7946,50.0,9850.1647,0.0
train,inline,1,384,30,9248.5037,30.0535,67.7097,46.5622,0.2167,0.1676,0.9326,49.0,8771.0844,0.0
train,inline,2,384,35,9513.3614,34.947,41.6369,48.343,0.4777,0.4777,0.866,50.0,7671.283,3.1166
train,inline,2,256,70,13314.2521,69.8708,48.8064,66.0739,0.4053,0.4053,0.3997,50.0,6408.6007,5.9627
train,inline,1,640,35,9738.7452,35.0524,67.0675,29.6461,0.3181,0.188,0.8662,49.0,9403.3709,0.0
train,inline,4,1024,40,10035.2981,39.9897,21.7062,30.1678,0.0801,0.079,0.7986,50.0,9832.6792,0.0
train,inline,1,256,99999,18965.9872,126.9484,90.5827,66.7234,1.2154,0.1347,0.0198,50.0,17330.4684,0.0
train,inline,2,1024,30,8995.398,29.9924,36.5063,28.8495,0.4445,0.4419,0.9326,50.0,11309.8136,0.0
train,inline,2,768,35,9551.427,35.0083,39.3103,30.5052,0.2564,0.2505,0.866,50.0,11715.1193,2.846
train,inline,3,1024,95,16098.039,95.0001,40.1765,29.0914,0.0277,0.0174,0.0666,50.0,14632.8633,9868.5162
train,inline,3,1024,35,9628.0953,35.0164,31.2616,27.6397,0.0917,0.0866,0.866,50.0,9363.706,8214.2098
train,inline,4,640,99999,18942.1254,126.8753,34.2706,31.6803,0.0306,0.0021,0.0,50.0,18684.3748,2498.6502
train,inline,2,640,40,10103.2728,40.0108,40.19,31.0511,0.1735,0.1586,0.7994,49.0,12384.1659,0.0
train,inline,4,1024,80,14415.4517,79.998,27.7145,29.0212,0.0339,0.0337,0.2662,50.0,14082.1383,0.0
train,inline,3,640,45,10612.0707,44.9541,31.1698,33.6111,0.0706,0.0706,0.7327,50.0,7881.5815,2126.3915
train,inline,1,896,95,16099.7345,95.0209,82.2347,28.1933,1.4354,0.1416,0.0712,50.0,18425.9897,2.1802
train,inline,2,768,50,11185.713,49.9964,43.7388,29.9728,0.216,0.1958,0.6661,50.0,12905.7753,1.5767
train,inline,4,256,50,11101.1531,49.9947,25.5116,68.3606,0.0593,0.053,0.6661,50.0,9078.9601,0.0
train,inline,3,384,50,11154.8321,49.9796,34.4794,50.8386,0.0699,0.0657,0.6661,50.0,13136.1274,0.3975
train,inline,3,896,85,15009.5852,84.999,38.0915,29.4711,0.0372,0.0284,0.1998,50.0,15716.7134,7196.204
train,inline,4,896,45,10593.9674,44.9856,23.1116,30.9743,1.838,1.3952,0.7312,50.0,10333.5409,0.0
test,inline,4,512,99999,18961.3111,126.911,31.3278,34.652,0.0728,0.0029,0.0,50.0,25373.7556,0.0
train,inline,1,640,85,15048.9835,85.0577,78.1899,30.8478,0.8624,0.1158,0.2012,50.0,14933.7063,0.0
train,inline,1,256,25,8723.13,25.0498,72.4595,63.4229,0.1119,0.1003,0.9992,50.0,6320.6801,2.3272
train,inline,3,640,70,13351.702,69.9625,35.5871,32.7452,0.0524,0.044,0.3997,50.0,10669.8131,2299.8732
train,inline,2,384,25,8419.7721,24.971,39.3687,48.1643,0.0553,0.5493,0.9992,50.0,8792.4713,0.0
train,inline,1,512,99999,18979.416,127.025,89.7737,29.8787,1.3958,0.1178,0.0,50.0,18075.6101,0.1566
train,inline,2,384,40,10059.071,39.9569,42.5759,48.3117,0.4415,0.4415,0.7994,50.0,9947.1118,0.0
train,inline,2,256,99999,18957.3961,127.0095,64.3948,64.1314,0.0187,0.0014,0.0033,50.0,25365.5556,0.0
train,inline,1,896,45,10719.7485,44.9751,74.336,28.0589,0.4965,0.1197,0.7341,50.0,10893.6873,0.0
train,inline,1,896,90,15561.2915,90.0113,81.2343,28.2446,1.341,0.1395,0.1375,50.0,17008.0047,0.0
train,inline,1,768,35,9687.3745,34.9856,69.4429,28.339,0.3067,0.1512,0.8664,49.0,10375.6987,1.2639
train,inline,4,384,45,10595.809,44.9814,24.8714,51.7667,3.6013,2.7091,0.7306,50.0,7310.8041,3.6405
train,inline,3,384,90,15521.7954,89.9533,40.1239,48.7761,0.0247,0.0222,0.1332,50.0,17120.7123,0.3049
train,inline,4,768,40,10063.0766,40.003,23.6588,32.5696,3.9239,2.9625,0.7966,50.0,10157.3951,1.6887
train,inline,4,896,90,15520.9804,90.0087,29.6719,30.106,0.3555,0.2631,0.1329,50.0,17512.3681,0.0
train,inline,1,896,40,10170.2099,39.9189,73.0094,27.1501,0.3879,0.1168,0.8004,50.0,10247.8707,0.7347
train,inline,3,512,100,16625.1998,99.9453,38.2352,31.3529,0.0106,0.0106,0.0,50.0,16292.0331,0.0
train,inline,1,896,75,13947.3468,74.9955,78.2222,28.057,1.0516,0.1324,0.3364,50.0,15633.6187,0.0
train,inline,4,256,30,8888.534,30.0018,22.9014,68.5995,0.0703,0.0693,0.9326,50.0,6103.1946,0.0
train,inline,1,256,85,15008.0217,84.6958,83.0957,64.9674,0.6681,0.0918,0.1998,50.0,13306.9513,0.0
train,inline,2,640,60,12278.1404,59.9734,47.0584,30.7318,0.1384,0.11,0.5329,50.0,10190.6971,4.5228
train,inline,3,896,45,10669.1664,44.9768,31.8828,29.2338,0.0732,0.0732,0.7327,50.0,10340.1712,6371.5144
train,inline,3,384,90,15521.8327,89.9632,40.0669,48.7819,0.0238,0.0221,0.1332,50.0,17599.7855,0.0
train,inline,4,640,70,13356.0285,69.9795,26.8005,33.0794,2.9453,2.2086,0.3978,50.0,10858.2373,8.2899
train,inline,2,640,75,13909.2088,74.9802,51.8545,30.3051,0.1075,0.0731,0.3331,50.0,12631.0516,0.4691
train,inline,3,256,90,15514.1528,89.9677,42.8051,64.7881,0.034,0.0228,0.1332,50.0,22101.4608,3.3253
train,inline,4,512,50,11185.2596,49.995,24.9592,34.7302,6.4849,4.8743,0.6622,50.0,9523.0977,1.332
train,inline,2,256,95,16059.4614,94.8738,51.7859,66.7434,0.0763,0.0763,0.0666,50.0,11221.048,0.2696
train,inline,2,384,50,11153.7835,49.9409,44.8251,48.3335,0.3702,0.3702,0.6661,50.0,8682.1606,3.8356
train,inline,2,1024,25,8456.9802,25.0211,34.8431,29.4482,0.4769,0.4729,0.9992,50.0,11056.1337,0.0
train,inline,1,384,100,16611.7862,99.8286,83.4627,49.0196,0.7924,0.0795,0.0,50.0,14475.9428,1.7907
train,inline,4,1024,85,14963.4036,85.0002,29.3505,28.6789,0.0412,0.0286,0.1997,50.0,15492.5337,1.5838
train,inline,1,512,50,11365.8469,50.0818,68.4515,30.8366,0.4227,0.1881,0.6661,49.0,11127.0126,1.4371
train,inline,2,384,60,12248.9171,59.9229,47.2633,48.6412,0.2988,0.2988,0.5329,50.0,7199.1732,6.8027
test,inline,1,256,100,16630.4667,99.597,86.8222,63.1299,1.4433,0.173,0.0,50.0,18810.1556,0.0
train,inline,1,512,75,14006.2025,75.0825,74.042,31.5519,0.5983,0.1287,0.3331,49.0,14231.6541,0.0842
train,inline,1,896,65,12871.6801,64.9795,77.2242,27.83,0.8734,0.1285,0.4689,50.0,14484.4183,4.137
train,inline,4,512,30,9004.7134,30.0156,22.4008,35.2259,9.0543,6.8185,0.9271,50.0,8679.6363,0.0
train,inline,2,512,30,9014.7713,30.0038,37.7766,32.0966,0.096,0.096,0.9326,49.0,10925.6305,2.3753
train,inline,1,384,35,9773.3797,35.0415,69.6135,46.8453,0.2529,0.1608,0.866,49.0,9230.469,2.2205
train,inline,3,256,95,16054.669,94.9549,43.6065,64.966,0.0234,0.0169,0.0666,50.0,22930.262,0.0
train,inline,2,640,35,9555.091,34.9979,38.5492,31.1062,0.1777,0.1707,0.866,49.0,11124.0593,0.0
train,inline,2,256,85,14960.6918,84.8814,49.817,66.4234,0.2074,0.2074,0.1998,50.0,10587.333,0.0
train,inline,4,256,80,14414.0976,79.9658,29.8933,67.4618,0.0326,0.0277,0.2665,50.0,14650.6278,2.7169
train,inline,4,384,55,11689.685,54.9915,24.5877,51.3322,2.9293,2.2174,0.5978,50.0,11431.3425,0.0
train,inline,4,768,99999,18960.5198,126.9146,33.7675,31.1094,0.0441,0.0029,0.0,50.0,20158.9148,4993.0864
train,inline,3,1024,55,11781.9388,55.0081,34.2668,27.9082,0.0644,0.0631,0.5995,50.0,11925.0678,8768.6651
train,inline,1,512,40,10315.0028,40.0968,65.3547,30.6708,0.3601,0.2125,0.7994,48.0,9863.7984,0.0
train,inline,4,640,30,8988.5014,29.9949,22.4923,33.9839,6.8214,5.1368,0.9282,50.0,8797.3941,1.5589
train,inline,3,384,95,16065.0407,94.9484,41.11,48.2806,0.0206,0.0167,0.0666,50.0,18958.47,0.0
train,inline,4,1024,40,10039.7519,39.9978,22.2378,30.4947,0.0902,0.0795,0.7986,50.0,9171.8588,0.3328
train,inline,1,896,50,11252.5705,49.9641,75.4938,27.8902,0.5781,0.1211,0.6678,50.0,11531.9335,1.6442
train,inline,1,256,80,14482.4871,79.7221,81.9546,64.5926,0.6179,0.0921,0.2665,50.0,15060.5125,0.3231
train,inline,3,1024,50,11244.8418,49.9884,33.5548,27.9683,0.0765,0.0694,0.6661,50.0,9427.5201,8635.0904
train,inline,2,256,95,16060.8862,94.8779,50.2438,66.8887,0.0756,0.0756,0.0666,50.0,10709.592,0.0
train,inline,4,384,30,8947.5559,30.0099,22.7084,51.573,4.571,3.4443,0.9298,50.0,8944.3462,0.1927
train,inline,4,512,25,8461.4355,25.0267,23.0399,35.4359,9.7056,7.305,0.9933,50.0,8114.2761,0.0
train,inline,3,640,75,13899.0226,74.9874,36.1626,32.4762,0.0475,0.0387,0.3331,50.0,12669.0371,2323.5493
train,inline,1,1024,60,12299.1844,59.9401,79.0745,26.9017,0.862,0.1128,0.536,50.0,13339.514,1.8731
train,inline,1,640,85,15048.209,85.057,78.6251,30.8172,0.8645,0.1158,0.2012,50.0,14929.3047,0.0
train,inline,3,1024,65,12860.4887,65.0174,36.1408,28.3276,0.0543,0.0516,0.4663,50.0,12479.2221,9039.8797
train,inline,2,768,40,10098.3255,40.005,39.0511,30.572,0.2317,0.2317,0.7994,50.0,11530.8404,0.0
train,inline,3,1024,65,12858.4816,65.0002,34.6114,28.0982,0.0511,0.0511,0.4663,50.0,12503.7509,9039.0366
train,inline,2,896,25,8461.3963,25.0155,34.8235,30.0371,0.3835,0.3802,0.9992,50.0,11584.3863,0.0
train,inline,1,640,70,13454.2356,70.057,75.5386,30.4754,0.699,0.1373,0.4007,49.0,13139.1024,0.0
train,inline,1,768,40,10223.379,39.9945,69.846,28.7496,0.3731,0.1483,0.8,49.0,11136.6869,0.0
train,inline,3,256,30,8995.9003,29.9708,33.8244,66.4252,0.0894,0.0894,0.9326,50.0,8988.3298,0.0
train,inline,2,256,70,13308.8868,69.8909,49.2093,65.7771,0.4045,0.4045,0.3997,50.0,8665.3062,1.6424
train,inline,1,896,85,15024.0117,85.0079,80.4441,28.2798,1.2469,0.1372,0.2038,50.0,16959.4543,0.0
train,inline,2,640,25,8470.5183,25.0128,35.1881,31.3199,0.1981,0.195,0.9992,49.0,12423.7423,2.4836
train,inline,3,1024,35,9628.1183,35.0132,31.2718,27.6417,0.0919,0.0866,0.866,50.0,9193.5193,8215.3645
train,inline,2,768,40,10097.9773,40.0031,39.8554,30.5231,0.2388,0.2321,0.7994,50.0,12986.9264,0.0
train,inline,3,256,60,12257.599,59.9786,37.7076,65.9525,0.0557,0.0557,0.5329,50.0,15060.5691,0.0
train,inline,1,256,50,11337.3687,49.9085,76.2586,63.897,0.323,0.0955,0.6661,50.0,10369.064,0.0
train,inline,4,768,80,14433.8096,80.0053,27.895,31.475,1.3176,0.9949,0.2655,50.0,14215.7634,0.1836
train,inline,2,896,80,14451.291,79.9795,55.5575,28.7357,0.163,0.1107,0.2665,50.0,14094.069,4.5897
validation,inline,2,1024,25,8575.8444,25.0129,43.9222,29.59,0.0,0.0,1.0,50.0,8593.9333,0.0
train,inline,1,256,55,11863.5735,54.8801,75.9915,63.9897,0.3667,0.0947,0.5995,50.0,11407.0342,0.0
train,inline,3,768,95,16087.3087,94.9823,39.2775,30.2373,0.023,0.0169,0.0666,50.0,16506.0628,4933.7688
train,inline,1,256,40,10292.4848,39.9555,74.6254,63.6684,0.2426,0.0977,0.7994,50.0,8555.0761,2.5868
test,inline,1,1024,100,16656.3778,100.153,84.2444,28.3514,0.8261,0.1062,0.0,50.0,14899.9778,0.0
train,inline,1,512,70,13480.6515,70.0965,73.5101,31.6386,0.574,0.1412,0.3997,49.0,13104.3041,0.0
train,inline,2,512,65,12823.2381,64.9915,47.9296,31.1835,0.0799,0.0545,0.4663,50.0,10909.1211,0.0
train,inline,2,1024,25,8454.981,25.0092,34.4547,28.9846,0.4751,0.4727,0.9992,50.0,12353.4715,2.2596
train,inline,1,640,45,10799.2475,45.0438,67.714,29.8629,0.4051,0.1724,0.7332,49.0,10413.9284,0.0
train,inline,2,768,40,10098.2925,40.0049,39.1654,30.5703,0.2318,0.2318,0.7994,50.0,11858.9709,0.0
train,inline,4,384,40,10040.3103,39.9977,24.793,51.5669,3.9111,2.9533,0.797,50.0,8621.6463,2.5141
train,inline,2,256,65,12763.5713,64.8861,48.1622,65.5132,0.4709,0.4709,0.4663,50.0,8246.4025,6.0282
train,inline,2,512,100,16630.6036,99.9747,58.8815,30.381,0.06,0.0126,0.0,50.0,10493.9597,0.0
train,inline,4,768,60,12248.8537,60.0057,25.8378,31.8918,2.6243,1.9788,0.5311,50.0,12592.4353,2.4309
train,inline,4,512,100,16628.8476,99.9893,27.6197,33.0421,0.0106,0.0106,0.0,50.0,16417.9501,0.0
train,inline,2,1024,85,14994.1176,84.9942,57.983,28.2309,0.1559,0.1043,0.1998,50.0,15268.5686,0.0
train,inline,2,640,80,14453.5566,79.9768,53.5913,30.2417,0.1001,0.061,0.2665,50.0,13339.6237,0.6967
train,inline,2,768,25,8467.0183,24.9982,35.2177,30.9694,0.2933,0.2877,0.9992,50.0,10689.8437,3.1832
train,inline,1,640,75,13986.1417,75.0511,76.0319,30.4769,0.755,0.1301,0.3342,50.0,16215.1808,0.0
train,inline,3,256,95,16056.3621,94.962,42.4616,65.1296,0.0164,0.0164,0.0666,50.0,21040.6234,0.0
train,inline,4,1024,40,10040.1565,40.0177,22.4878,30.5801,0.0911,0.0796,0.7986,50.0,9662.843,0.0
train,inline,2,512,99999,18929.2444,126.7889,62.1778,29.997,0.0875,0.0035,0.0,50.0,18922.9111,0.0
train,inline,4,640,100,16624.6808,99.9968,29.5873,32.0268,0.0182,0.0112,0.0,50.0,16205.6649,1.6575
train,inline,3,384,90,15524.6041,89.9588,40.8537,48.9889,0.0371,0.0229,0.1332,50.0,16215.3604,0.0
train,inline,1,1024,99999,18952.5955,126.8484,89.9474,28.314,0.5322,0.041,0.0,50.0,12156.6374,10567.1115
train,inline,4,640,55,11716.9373,54.9872,25.4535,33.436,4.3962,3.3065,0.5967,50.0,9830.2351,5.6637
train,inline,3,896,45,10676.5058,45.0051,32.0029,29.9141,0.0748,0.0734,0.7327,50.0,9967.3521,6366.7553
train,inline,4,512,35,9547.0904,35.0037,23.2535,34.3692,8.418,6.3326,0.8609,50.0,11395.3545,3.7705
train,inline,1,640,50,11328.3659,50.0415,70.7225,29.8338,0.4755,0.1659,0.6667,49.0,11128.2755,1.4802
train,inline,4,1024,50,11133.0798,49.9758,23.9882,30.086,0.0819,0.0684,0.6655,50.0,8966.4217,5.8045
train,inline,3,384,35,9516.142,34.9881,32.6538,51.6264,0.0834,0.082,0.866,50.0,9205.9694,2.4597
train,inline,3,640,60,12253.6094,59.9677,33.4539,32.9059,0.0542,0.0542,0.5329,50.0,11973.4826,2225.8494
train,inline,3,640,95,16083.3371,94.9601,39.1808,31.2161,0.0239,0.0168,0.0666,50.0,16380.4357,2467.4996
train,inline,2,512,40,10105.6584,40.0051,40.354,31.9477,0.0937,0.0843,0.7994,49.0,11100.7416,0.0
train,inline,2,1024,40,10090.735,40.0092,39.0907,29.0646,0.3798,0.3798,0.7994,50.0,12445.4236,0.0
train,inline,1,896,100,16641.1312,100.0088,83.1181,28.6091,1.537,0.1443,0.0049,50.0,16898.0775,4.947
train,inline,2,384,85,14981.0327,84.9279,52.4067,48.6447,0.1193,0.1193,0.1998,50.0,9719.5256,0.0
train,inline,2,256,80,14406.037,79.8675,49.6064,65.6821,0.2733,0.2733,0.2665,50.0,9996.3308,1.5222
train,inline,3,640,50,11165.6685,49.9943,31.8949,33.4062,0.0729,0.0654,0.6661,50.0,11419.461,2159.574
train,inline,3,1024,40,10166.4426,40.0119,30.754,27.5279,0.08,0.08,0.7994,50.0,10831.5328,8354.8702
train,inline,3,256,50,11171.8239,49.983,37.4786,65.9092,0.0736,0.0676,0.6661,50.0,14328.7835,2.8196
train,inline,4,640,75,13898.1557,75.004,25.4595,32.8243,2.431,1.841,0.3315,50.0,13611.6557,0.0
train,inline,1,1024,99999,18952.3902,126.8473,90.6672,28.2968,0.5407,0.0414,0.0,50.0,13011.162,10568.1879
train,inline,3,896,50,11209.1046,49.97,32.6425,29.2299,0.0675,0.0675,0.6661,50.0,10741.3974,6473.2617
train,inline,1,768,99999,18966.7959,126.9403,89.7971,28.9034,0.9681,0.0796,0.0,50.0,15605.9415,5285.5326
train,inline,1,1024,55,11759.7646,54.932,77.7078,26.5984,0.7527,0.1061,0.6022,50.0,14429.2809,0.7833
train,inline,1,640,80,14520.0063,80.0706,77.2431,30.9,0.8125,0.1233,0.2677,50.0,14179.1283,0.0
validation,inline,1,512,25,8439.9556,25.0149,75.0222,30.4097,0.0941,0.0941,0.9992,50.0,8391.1333,0.0
train,inline,3,1024,45,10705.1674,45.0037,31.9702,27.8299,0.0744,0.0744,0.7327,50.0,10146.3624,8492.2282
train,inline,4,256,99999,19004.1111,126.84,35.5833,68.1955,0.0387,0.0015,0.0,50.0,12714.6,0.0
train,inline,1,640,95,16111.2087,95.0608,79.307,31.2055,0.9572,0.1006,0.0682,50.0,16245.2139,0.0
train,inline,4,640,100,16625.43,100.0008,28.5241,32.0628,0.0108,0.0108,0.0,50.0,16483.9895,0.0
train,inline,3,896,40,10129.9806,39.9841,31.2225,29.5411,0.0789,0.0789,0.7994,50.0,9376.3045,6267.5409
train,inline,4,896,75,13880.4897,75.0083,27.4934,30.4351,0.8521,0.6405,0.3323,50.0,16085.5832,0.0
train,inline,4,640,99999,18944.0468,126.874,33.2193,31.7073,0.0276,0.002,0.0,50.0,18808.745,2495.663
train,inline,2,384,40,10057.5818,39.9555,42.9023,48.2892,0.4414,0.4414,0.7994,50.0,9943.236,0.344
train,inline,3,1024,35,9626.922,35.0085,30.97,27.2186,0.0906,0.0864,0.866,50.0,10844.2498,8221.6885
train,inline,3,384,30,8969.368,29.9879,32.1265,52.0478,0.0873,0.0873,0.9326,50.0,7616.4232,1.5386
train,inline,2,512,35,9556.8221,34.983,38.3397,31.6327,0.0919,0.0902,0.866,49.0,11077.1496,0.4833
train,inline,4,256,100,16624.7228,99.9496,32.6238,67.2867,0.0167,0.0111,0.0,50.0,18682.8817,0.0
train,inline,1,768,40,10218.2554,39.9751,70.1582,28.3146,0.3743,0.1484,0.8,49.0,10176.0056,0.0
train,inline,2,1024,99999,18958.6222,126.9171,57.6444,27.0493,0.0264,0.0022,0.0,50.0,18950.6889,10017.3111
train,inline,1,768,60,12362.7172,60.0126,74.362,28.7808,0.6836,0.1389,0.5344,49.0,13986.1479,2.2806
train,inline,2,1024,85,14994.4231,84.9854,58.4279,27.7826,0.1672,0.1047,0.1998,50.0,16611.5601,5.1041
train,inline,3,1024,35,9628.2466,35.0175,31.1678,27.4447,0.0931,0.0866,0.866,50.0,10231.1378,8216.8706
train,inline,1,256,95,16053.38,94.6322,85.125,65.1457,0.7568,0.09,0.0666,50.0,14504.8458,0.0
train,inline,1,768,65,12895.9665,65.011,75.8307,29.1443,0.7546,0.1363,0.4681,50.0,13041.3326,1.564
train,inline,1,256,70,13433.4364,69.7595,80.3361,64.3293,0.526,0.0937,0.3997,50.0,10944.2305,4.2246
train,inline,3,384,35,9513.6669,34.9752,32.4633,51.5751,0.0819,0.0819,0.866,50.0,8470.8352,0.8947
train,inline,4,1024,99999,18988.5775,126.9764,33.421,29.6581,0.0469,0.0033,0.0,50.0,18800.4702,9994.2895
train,inline,1,1024,65,12845.4627,64.9608,78.9937,27.0801,0.9863,0.1204,0.4698,50.0,15611.0733,0.0
train,inline,2,896,40,10097.0009,39.9872,40.2296,30.0291,0.3214,0.3067,0.7994,50.0,9785.5822,4.0343
train,inline,1,768,100,16640.985,100.0463,81.5867,29.6743,1.2735,0.1188,0.0033,50.0,18307.0182,0.0
train,inline,3,896,50,11214.4003,50.0016,33.7445,29.8254,0.0674,0.0674,0.6661,50.0,10368.4142,6475.068
train,inline,4,896,25,8411.5032,25.0018,19.5333,32.018,2.4878,1.8976,0.997,50.0,8642.4423,0.0
train,inline,4,512,100,16630.4682,99.9958,27.6865,33.1735,0.0106,0.0106,0.0,50.0,16466.2294,0.0
train,inline,2,256,65,12760.1996,64.8933,48.2185,65.5179,0.4704,0.4704,0.4663,50.0,8694.146,1.1872
train,inline,3,512,100,16626.0112,99.9506,39.7856,31.382,0.0146,0.0113,0.0,50.0,16521.4152,0.0
train,inline,1,1024,75,13929.6647,74.9799,80.4417,27.1591,1.2138,0.1343,0.3375,50.0,16454.1674,0.0
train,inline,1,896,90,15563.5706,90.0222,81.1632,28.0524,1.3462,0.1397,0.1375,50.0,18544.7661,0.8634
train,inline,2,512,99999,18925.2835,126.7752,62.0919,29.7162,0.0845,0.0034,0.0,50.0,18981.2049,0.2501
train,inline,1,640,35,9732.0109,35.0123,66.5779,29.0894,0.3101,0.1876,0.8662,49.0,9094.7993,1.6656
train,inline,2,768,95,16079.7642,94.9627,59.6082,28.6889,0.0809,0.0306,0.0666,50.0,14070.587,1.416
train,inline,4,640,80,14443.0316,79.977,27.5489,32.5659,1.9666,1.476,0.2652,50.0,12587.222,5.0816
train,inline,1,256,75,13960.4597,74.7652,80.749,64.74,0.5679,0.0928,0.3331,50.0,12619.8991,0.0
train,inline,1,640,35,9735.7996,35.0359,66.9421,29.4575,0.3116,0.1874,0.8662,49.0,10596.647,0.2235
train,inline,1,896,60,12330.9952,59.9756,76.5131,27.922,0.7748,0.1262,0.5352,50.0,12933.3715,0.0
train,inline,3,768,50,11190.0888,49.9875,32.8485,31.8156,0.0684,0.0664,0.6661,50.0,9576.0424,4317.4962
train,inline,4,384,50,11141.3351,49.9955,23.4185,51.5028,3.247,2.4623,0.6642,50.0,10203.0168,0.0
train,inline,3,896,70,13383.5607,69.9995,35.4705,29.827,0.0448,0.0448,0.3997,50.0,14382.7243,6881.728
train,inline,1,512,45,10842.7633,45.098,66.7508,30.8832,0.3962,0.2006,0.7327,49.0,11014.5842,0.0
train,inline,1,512,55,11896.3595,55.0867,69.2707,31.0133,0.4636,0.1766,0.5995,49.0,11700.1453,0.0
train,inline,2,768,70,13359.936,69.9696,50.9097,29.5104,0.1553,0.1224,0.3997,50.0,12130.7375,1.8663
train,inline,4,1024,60,12228.1237,60.0051,25.5052,29.8105,0.0659,0.0567,0.5324,50.0,12967.7184,0.0
train,inline,2,512,35,9562.5871,35.0055,37.7749,32.1455,0.0898,0.0898,0.866,49.0,12290.1303,0.0
train,inline,2,1024,100,16625.6603,99.978,64.5104,27.7624,0.0769,0.0121,0.0,50.0,16436.4337,0.1809
train,inline,2,640,70,13366.8495,69.9985,49.8189,30.5733,0.1133,0.0853,0.3997,50.0,11718.5737,0.0
train,inline,3,896,55,11760.1287,54.9949,33.773,29.9125,0.068,0.0623,0.5995,50.0,10455.888,6576.2477
train,inline,1,256,80,14481.9375,79.7193,82.0206,64.6724,0.616,0.092,0.2665,50.0,14080.6829,0.0
train,inline,2,512,40,10105.6867,39.9997,40.0434,31.9117,0.0932,0.0842,0.7994,49.0,12397.5177,0.0
train,inline,2,640,99999,18937.0843,126.825,61.0802,29.2672,0.0742,0.0031,0.0,50.0,21269.1771,2503.9473
train,inline,2,256,75,13860.1611,74.8713,49.2975,65.9337,0.3393,0.3393,0.3331,50.0,8216.2833,2.84
train,inline,1,1024,45,10676.9838,44.9028,76.741,26.9914,0.5269,0.0925,0.7345,50.0,10890.8624,2.8427
train,inline,2,384,65,12792.5989,64.9418,47.8311,48.2382,0.2624,0.2624,0.4663,50.0,10773.6438,1.226
train,inline,4,256,40,9989.2569,39.9704,23.5802,68.0188,0.0608,0.0608,0.7994,50.0,7619.8307,0.0309
train,inline,3,640,30,8975.7543,29.994,29.6731,34.9046,0.0864,0.0864,0.9326,50.0,6899.0043,2022.5945
train,inline,2,768,75,13905.0373,74.9785,52.5818,29.3456,0.1407,0.104,0.3331,50.0,13344.6342,0.9834
train,inline,3,512,65,12782.9883,64.963,33.8906,34.3013,0.0494,0.048,0.4663,50.0,12318.4687,0.0
train,inline,1,256,99999,18965.9323,126.9476,90.4046,66.6927,1.2131,0.1347,0.0198,50.0,16041.3936,0.0
train,inline,3,768,75,13904.7509,74.9695,36.4575,30.6405,0.0386,0.0386,0.3331,50.0,13093.6171,4659.0517
train,inline,3,256,60,12253.8588,59.9623,38.7549,65.7021,0.0575,0.0562,0.5329,50.0,14890.8536,0.1888
train,inline,1,256,45,10815.5427,44.9317,75.6288,63.5882,0.291,0.097,0.7327,50.0,10330.0675,2.4043
train,inline,1,256,85,15003.0466,84.6806,82.7039,64.2785,0.6636,0.0915,0.1998,50.0,14903.419,2.7463
train,inline,1,768,40,10224.2931,39.9935,70.501,28.4575,0.386,0.1489,0.8,49.0,11175.9794,3.4191
train,inline,4,512,80,14452.1739,79.9941,26.1013,33.7996,2.5916,1.9558,0.2649,50.0,13696.7671,0.0
train,inline,2,512,75,13913.2261,74.9984,51.154,31.1198,0.0768,0.0426,0.3331,50.0,10901.3513,0.0
train,inline,4,640,85,14989.7158,85.0071,27.8797,32.4632,1.4785,1.1097,0.1989,50.0,15020.1639,0.0
train,inline,1,384,40,10301.5762,40.0303,70.1312,46.7065,0.3003,0.1549,0.7994,49.0,11313.4852,3.6525
train,inline,4,1024,99999,18991.5841,126.9864,32.9682,29.3265,0.0545,0.0036,0.0,50.0,20867.4191,9997.0282
train,inline,4,256,70,13308.6942,69.9679,28.4017,67.8655,0.038,0.0359,0.3997,50.0,13171.1125,0.0
train,inline,1,640,45,10800.9313,45.0281,69.2623,29.8952,0.4289,0.1735,0.7332,49.0,10708.2258,3.0981
train,inline,1,768,60,12363.3335,60.0005,74.4599,29.1418,0.6823,0.139,0.5344,49.0,11818.0864,2.1089
train,inline,2,384,90,15527.3556,89.9188,52.9778,48.669,0.0831,0.0831,0.1332,50.0,9684.4769,1.1649
train,inline,1,384,100,16610.437,99.8356,83.542,48.9187,0.7915,0.0793,0.0,50.0,16534.1818,0.0
train,inline,2,512,25,8472.5086,25.0107,36.2378,32.3273,0.0993,0.102,0.9992,49.0,10998.4347,2.2162
train,inline,1,1024,95,16098.6443,94.9779,83.0789,27.2832,1.6756,0.1624,0.0728,50.0,16094.2488,7.0211
train,inline,4,896,95,16065.15,95.0018,30.5185,29.7612,0.1872,0.1373,0.0665,50.0,15944.4221,0.7607
train,inline,1,384,55,11880.4619,54.9797,73.2651,47.1838,0.4274,0.1362,0.5995,49.0,12570.4568,4.3274
train,inline,2,1024,25,8453.9823,25.01,35.0379,29.3,0.4709,0.4724,0.9992,50.0,11108.8051,1.2397
train,inline,1,384,90,15556.194,89.8593,81.25,48.378,0.7082,0.092,0.1332,50.0,14310.4771,0.0
train,inline,2,768,45,10642.2665,44.9972,42.1255,30.3881,0.2307,0.214,0.7327,50.0,13266.0054,0.0
train,inline,4,640,95,16080.3165,94.9789,29.0409,32.2059,0.5099,0.3777,0.0663,50.0,14235.5195,5.0644
train,inline,4,384,50,11139.8106,49.988,24.3377,51.306,3.2574,2.4628,0.6642,50.0,10099.2,0.0
train,inline,3,1024,85,15016.7949,85.014,38.707,28.592,0.0318,0.0285,0.1998,50.0,15433.5061,9591.4887
train,inline,4,512,80,14453.8345,80.0153,26.982,33.6142,2.6075,1.9565,0.2649,50.0,15304.4783,0.0
train,inline,3,768,70,13367.9609,69.9957,35.606,31.2541,0.05,0.0446,0.3997,50.0,12622.3319,4585.477
train,inline,1,384,55,11874.7707,54.961,73.1874,47.1591,0.4176,0.1359,0.5995,49.0,11208.4833,0.3651
train,inline,4,640,70,13353.3412,69.9987,25.3098,33.006,2.9221,2.2074,0.3978,50.0,12513.7546,0.0
train,inline,3,1024,40,10165.5594,40.0062,31.3192,27.6846,0.0801,0.0801,0.7994,50.0,10975.2238,8354.096
train,inline,1,512,35,9785.5896,35.0846,62.6255,30.4173,0.3056,0.2234,0.866,48.0,9397.0424,0.0
train,inline,1,256,100,16578.2178,99.599,84.8522,65.3202,0.7948,0.089,0.0,50.0,14962.6053,0.0
train,inline,1,768,75,13966.8048,75.0234,76.9121,29.3813,0.8993,0.1312,0.3353,50.0,14446.4542,0.0
train,inline,3,384,80,14426.3902,79.9658,39.9407,49.2648,0.0334,0.0328,0.2665,50.0,15750.9774,2.5789
train,inline,2,640,90,15542.1182,89.9677,56.9447,29.9091,0.0849,0.0369,0.1332,50.0,11519.3596,3.8708
train,inline,3,1024,70,13401.4772,70.0005,36.4201,28.483,0.0526,0.0461,0.3997,50.0,13109.8747,9180.8216
train,inline,4,1024,25,8390.9902,24.9807,19.5333,30.4787,0.0966,0.096,0.9983,50.0,8504.7457,0.2016
train,inline,4,256,70,13312.5281,69.9497,28.471,68.1327,0.0461,0.0365,0.3997,50.0,9841.4416,5.8491
train,inline,2,896,75,13906.6988,74.9804,53.6966,28.8972,0.1827,0.1352,0.3331,50.0,13568.6021,4.1895
train,inline,4,768,65,12794.8186,65.0075,26.5753,31.7302,2.2988,1.7329,0.4647,50.0,13245.4573,3.0933
train,inline,1,896,99999,18960.4257,126.9006,90.564,28.7781,0.7574,0.0607,0.0,50.0,13321.912,7923.3318
train,inline,3,640,45,10615.5396,44.9782,30.655,33.8828,0.0702,0.0702,0.7327,50.0,8860.5743,2122.0353
train,inline,2,1024,80,14444.7607,79.989,57.4495,28.1804,0.1817,0.1347,0.2665,50.0,14823.4383,2.6012
train,inline,2,256,60,12211.8059,59.9046,47.4333,64.992,0.5362,0.5362,0.5329,50.0,10084.0266,4.3066
train,inline,1,640,90,15580.6828,90.0633,79.518,30.6937,0.9239,0.1088,0.1347,50.0,16798.5457,0.8207
train,inline,1,896,70,13404.4867,69.9837,78.8222,27.9819,0.9573,0.1301,0.4027,50.0,14150.4472,2.3479
train,inline,3,896,95,16093.2005,94.9833,40.0206,29.8647,0.027,0.0173,0.0666,50.0,14211.8042,7402.6957
train,inline,3,512,45,10588.5672,44.9783,30.7312,36.1169,0.0706,0.0691,0.7327,50.0,9684.8088,0.0
train,inline,4,768,35,9521.6504,35.0066,22.618,32.9039,4.2591,3.2091,0.863,50.0,8667.7447,0.0
train,inline,2,896,40,10092.9493,40.0053,40.5437,29.6759,0.3218,0.3067,0.7994,50.0,11757.6891,0.0
train,inline,1,896,70,13409.7235,69.9942,78.1284,28.1715,0.965,0.1307,0.4027,50.0,14379.4793,0.0
train,inline,2,256,50,11112.9808,49.9127,45.3687,65.2054,0.6671,0.6671,0.6661,50.0,7087.9075,0.0
train,inline,3,256,35,9544.1102,34.9903,35.3486,66.3054,0.0901,0.0845,0.866,50.0,12550.7186,2.3272
train,inline,3,896,85,15003.9495,84.9855,38.0692,29.406,0.0294,0.0282,0.1998,50.0,14517.5105,7190.1064
train,inline,4,384,70,13336.8089,69.9928,26.9892,50.4001,1.9719,1.4826,0.3985,50.0,15208.7802,4.6359
train,inline,1,256,100,16578.3346,99.5999,84.7389,65.3485,0.7935,0.0889,0.0,50.0,15253.4869,0.0
train,inline,4,512,60,12272.2787,60.0025,24.0264,34.3254,5.1682,3.9004,0.5298,50.0,12005.6346,0.0
train,inline,2,256,80,14409.0596,79.862,49.906,66.0594,0.2736,0.2736,0.2665,50.0,8305.6078,3.5709
train,inline,1,896,25,8560.118,24.9178,70.7233,27.3157,0.1084,0.1102,0.9992,50.0,8615.9372,0.5573
train,inline,3,1024,55,11783.2438,55.0102,33.9292,27.7573,0.0676,0.0633,0.5995,50.0,12752.5649,8769.3173
train,inline,2,512,65,12821.0501,64.9786,47.7476,31.0037,0.0756,0.0542,0.4663,50.0,11049.5021,0.0
train,inline,2,256,80,14408.9614,79.884,50.282,66.1569,0.2732,0.2732,0.2665,50.0,9442.0115,1.3411
train,inline,4,1024,99999,18991.9783,126.9845,32.7788,29.3531,0.0546,0.0037,0.0,50.0,20752.4923,9996.1606
train,inline,2,768,80,14449.2894,79.9867,55.1624,29.5041,0.1246,0.0855,0.2665,50.0,12887.2246,0.9377
train,inline,2,896,25,8458.6789,25.0132,34.8923,30.1336,0.371,0.3795,0.9992,50.0,10909.0968,0.0
train,inline,2,256,65,12762.1157,64.8941,47.9575,65.3689,0.4706,0.4706,0.4663,50.0,9381.1423,3.2968
train,inline,1,256,85,15006.2411,84.6932,82.7353,64.371,0.6676,0.0916,0.1998,50.0,15591.3339,3.5979
train,inline,2,1024,65,12815.6552,64.9901,50.7384,28.6499,0.2702,0.2275,0.4663,50.0,13064.1559,0.2118
test,inline,2,512,99999,18973.0444,126.9624,64.6,30.061,0.0604,0.003,0.0,50.0,25292.5778,0.0
train,inline,1,256,65,12912.0738,64.823,79.4099,64.3683,0.4796,0.0944,0.4663,50.0,11882.5962,0.0
train,inline,1,896,75,13948.2776,75.0035,79.0426,28.2626,1.0602,0.1329,0.3364,50.0,14971.5371,0.0
test,inline,2,256,99999,18981.6667,126.9971,58.2444,63.7224,0.0151,0.0012,0.0,50.0,25317.6222,0.0
train,inline,4,768,50,11156.5909,49.9973,24.1184,32.2208,3.2752,2.4707,0.6639,50.0,12482.4757,0.0
train,inline,1,640,60,12393.9469,60.0538,72.6666,30.2325,0.5919,0.1519,0.5337,49.0,12609.485,0.0
train,inline,1,1024,40,10135.33,39.9159,76.0688,26.9109,0.4126,0.0856,0.8007,50.0,10832.3726,0.0
train,inline,1,1024,60,12301.9576,59.9417,77.0956,27.026,0.85,0.1124,0.536,50.0,13320.4901,0.0
train,inline,1,896,99999,18959.7351,126.8989,90.4341,28.3465,0.7582,0.0606,0.0,50.0,15037.7878,7930.4216
train,inline,4,896,30,8956.8708,29.9834,21.1489,31.6722,2.3382,1.7727,0.9306,50.0,7948.69,2.6489
train,inline,4,1024,75,13871.5478,75.0095,27.8749,29.4286,0.0526,0.0398,0.3328,50.0,15977.0536,0.0
train,inline,2,256,90,15509.499,89.8776,51.0051,66.5611,0.1418,0.1418,0.1332,50.0,10207.3552,0.0
train,inline,3,512,50,11137.0668,49.9761,31.6653,35.6844,0.0649,0.0638,0.6661,50.0,10146.4048,0.0
train,inline,4,512,60,12272.9275,60.0092,25.5727,34.3158,5.1869,3.9014,0.5298,50.0,12090.8437,0.0
train,inline,1,640,85,15050.038,85.065,78.3164,30.4498,0.8708,0.1161,0.2012,50.0,16864.9548,1.8456
train,inline,2,640,40,10102.4303,39.9993,39.5903,31.2623,0.1624,0.1581,0.7994,49.0,11062.0726,0.0
train,inline,2,896,90,15536.7668,89.9835,59.2201,28.6661,0.1059,0.0608,0.1332,50.0,14347.262,0.0
train,inline,4,512,65,12814.0229,64.9824,25.6953,33.872,4.5368,3.4149,0.4635,50.0,12224.2268,1.6396
train,inline,3,768,100,16631.6268,99.9869,40.1722,30.3059,0.0173,0.0114,0.0,50.0,16806.145,4997.4636
train,inline,1,640,100,16641.989,100.0602,81.0755,31.2684,1.0194,0.0937,0.0016,50.0,17054.9669,0.0
train,inline,1,896,45,10712.5663,44.9392,73.8989,27.4941,0.4856,0.1191,0.7341,50.0,11072.595,0.3609
test,inline,4,1024,99999,18978.0,126.9166,33.5222,30.4302,0.0283,0.0017,0.0,50.0,25318.7556,9979.1556
train,inline,2,384,65,12789.7163,64.9313,47.1251,48.2459,0.2619,0.2619,0.4663,50.0,9595.3521,0.0
train,inline,3,896,90,15548.8883,90.0038,39.2707,29.4689,0.027,0.0225,0.1332,50.0,16354.9631,7298.3396
train,inline,2,768,90,15539.8345,89.9779,57.2779,29.311,0.0892,0.0486,0.1332,50.0,13181.733,0.0
train,inline,1,384,30,9246.7369,30.0456,67.6249,46.4269,0.2144,0.1675,0.9326,49.0,8775.1123,0.0
train,inline,3,384,65,12791.1247,64.9712,36.591,50.1252,0.0491,0.0491,0.4663,50.0,13430.642,0.0
train,inline,2,768,90,15537.5229,89.9774,58.8374,29.2807,0.0957,0.0488,0.1332,50.0,12854.9225,3.0414
train,inline,1,384,95,16079.8558,94.8265,82.3538,48.3854,0.748,0.0857,0.0666,50.0,14206.0906,2.0706
train,inline,2,384,60,12246.7772,59.9507,46.064,48.1524,0.298,0.298,0.5329,50.0,10936.624,0.5633
train,inline,1,896,45,10716.671,44.955,74.0495,27.8572,0.4895,0.1191,0.7341,50.0,13364.453,0.0
train,inline,1,256,90,15528.5838,89.6637,84.4919,65.0055,0.7086,0.0906,0.1332,50.0,13971.3181,0.5048
train,inline,3,512,80,14431.4968,79.9629,35.755,33.0113,0.0321,0.0321,0.2665,50.0,14170.4009,0.0
train,inline,4,384,45,10584.9,44.9677,23.9178,50.9423,3.581,2.708,0.7306,50.0,9275.3961,0.0
train,inline,1,768,45,10758.0926,44.9985,71.4865,28.6883,0.4575,0.1462,0.7336,49.0,12836.3188,0.1487
train,inline,2,896,70,13361.1102,69.9929,51.6192,28.8391,0.2001,0.1594,0.3997,50.0,15481.0956,1.6529
train,inline,2,640,100,16629.4403,99.9797,60.2315,29.7142,0.0647,0.0124,0.0,50.0,12704.6333,0.0
train,inline,1,768,95,16105.911,95.0403,81.2846,29.4972,1.2071,0.1216,0.0697,50.0,18446.3128,1.598
train,inline,2,896,30,9005.3056,30.0097,36.5918,29.774,0.3625,0.3556,0.9326,50.0,12916.419,1.3729
train,inline,3,896,80,14463.4783,79.987,37.2323,29.3995,0.0349,0.0338,0.2665,50.0,14472.6944,7090.3304
train,inline,1,896,45,10718.2244,44.9652,74.1977,27.9654,0.4931,0.1194,0.7341,50.0,12339.4123,0.0
train,inline,2,384,80,14431.9241,79.9315,51.1562,48.4305,0.1549,0.1549,0.2665,50.0,10249.7242,0.0
train,inline,3,256,60,12258.8126,59.9656,39.0194,65.9377,0.0667,0.0567,0.5329,50.0,14213.0603,4.5806
train,inline,4,384,95,16078.3595,94.9669,30.6966,50.4528,0.3418,0.2563,0.0664,50.0,14790.3771,4.2497
train,inline,4,896,25,8409.3806,25.0021,20.3595,31.9562,2.4919,1.8978,0.997,50.0,8008.2168,0.0
train,inline,3,896,85,15005.388,84.9747,38.1778,29.5161,0.032,0.0283,0.1998,50.0,13647.499,7195.2476
train,inline,1,768,55,11822.4132,54.9895,73.5714,28.6231,0.6012,0.1411,0.6008,49.0,11963.2331,0.9428
train,inline,3,640,45,10609.7397,44.9572,30.9815,33.4326,0.0703,0.0703,0.7327,50.0,8982.9676,2123.9025
train,inline,1,384,45,10829.0512,44.9968,71.2524,47.289,0.3438,0.1488,0.7327,49.0,9407.6929,3.3628
test,inline,2,1024,99999,18961.9333,126.8882,66.3444,28.64,0.1374,0.0063,0.0,50.0,18902.6222,9984.3333
train,inline,4,640,40,10079.9108,39.997,22.8372,33.7724,5.8423,4.4043,0.7956,50.0,9297.5457,0.0
train,inline,4,640,95,16082.0701,95.0158,29.0246,32.3516,0.51,0.3777,0.0663,50.0,16455.1528,0.0
train,inline,3,896,40,10133.3699,39.9953,31.8607,29.9034,0.0805,0.079,0.7994,50.0,8799.8329,6269.8579
train,inline,4,384,30,8943.3713,29.9898,22.5978,51.4783,4.5639,3.444,0.9298,50.0,8029.2228,1.0611
train,inline,4,768,85,14979.8388,85.0008,28.3817,31.1976,0.9981,0.7493,0.1992,50.0,14811.7411,0.0
train,inline,2,768,50,11184.7569,49.9971,44.2164,30.192,0.2127,0.1956,0.6661,50.0,12005.0832,1.046
train,inline,3,640,95,16082.9287,94.9685,38.9574,30.8929,0.0235,0.0168,0.0666,50.0,16764.2782,2468.2772
train,inline,4,768,65,12794.6181,64.9997,26.2192,31.7926,2.2975,1.7329,0.4647,50.0,12667.2312,0.8735
train,inline,3,1024,80,14472.0271,79.989,37.5705,28.1321,0.0342,0.0342,0.2665,50.0,14091.1553,9451.8319
train,inline,4,640,65,12802.7094,64.9955,26.4017,32.8275,3.4144,2.5737,0.4641,50.0,12518.206,1.8049
train,inline,3,512,25,8393.3825,24.9918,26.9166,37.8848,0.0835,0.0899,0.9992,50.0,5564.3333,0.0
train,inline,4,896,85,14975.7142,85.0186,29.1006,30.3375,0.5243,0.3892,0.1994,50.0,15016.2565,0.0
train,inline,3,1024,100,16635.9452,100.0205,40.1041,28.8394,0.0138,0.0111,0.0,50.0,17913.4839,10001.9429
train,inline,4,384,60,12231.0721,59.9632,25.9016,50.6024,2.6102,1.9726,0.5313,50.0,11197.1979,0.0
train,inline,3,384,65,12784.4987,64.9379,36.5905,49.5448,0.0493,0.0493,0.4663,50.0,12918.6782,1.817
train,inline,2,896,40,10093.8271,40.0028,40.4144,29.7115,0.32,0.3064,0.7994,50.0,13658.4486,0.0
train,inline,1,384,50,11348.9692,49.9782,71.17,47.0657,0.3657,0.1416,0.6661,49.0,10524.272,0.0
train,inline,4,1024,25,8394.3151,24.9981,19.8813,30.7246,0.0993,0.096,0.9983,50.0,8506.3244,1.4939
train,inline,2,512,70,13368.6373,69.988,49.5103,31.1722,0.0778,0.0485,0.3997,50.0,10706.9945,0.0
train,inline,2,768,40,10094.5073,39.9897,40.1729,30.1411,0.2417,0.2324,0.7994,50.0,11909.7652,0.7385
train,inline,1,256,55,11862.2775,54.8729,77.4708,63.9568,0.3814,0.0954,0.5995,50.0,12182.2414,0.0
train,inline,4,512,50,11177.4911,49.987,24.7256,34.1863,6.4715,4.8735,0.6622,50.0,10970.5719,1.0243
train,inline,2,1024,65,12817.2981,64.9699,50.9841,28.7907,0.2756,0.2278,0.4663,50.0,11311.9815,7.6942
train,inline,2,768,95,16084.7569,94.9794,59.8936,29.2023,0.086,0.0308,0.0666,50.0,13331.8751,0.0
train,inline,2,1024,70,13361.1317,69.9757,52.8433,28.6084,0.2466,0.197,0.3997,50.0,12477.8574,4.7147
train,inline,4,640,55,11714.021,55.0009,25.2433,33.2217,4.3881,3.306,0.5967,50.0,11580.4863,1.0891
validation,inline,1,1024,100,16662.6667,100.1537,82.9333,28.1769,2.4173,0.25,0.0,50.0,14653.2444,0.0
train,inline,3,1024,65,12859.364,65.003,35.479,28.1572,0.0529,0.0515,0.4663,50.0,14668.5234,9040.464
train,inline,1,512,85,15059.7645,85.0779,77.2195,32.0756,0.6665,0.1048,0.1998,50.0,14162.488,0.0
train,inline,4,256,75,13860.7406,74.9652,29.106,67.7733,0.0317,0.0317,0.3331,50.0,12811.0335,0.2737
train,inline,3,1024,70,13400.7662,70.0133,36.1262,28.0871,0.0515,0.046,0.3997,50.0,14572.2669,9180.7927
train,inline,2,512,65,12824.5236,64.9843,47.8392,31.1352,0.0805,0.0544,0.4663,50.0,11197.9168,2.4167
train,inline,1,640,55,11859.5547,55.0462,71.9841,29.8808,0.5317,0.1587,0.6002,49.0,12101.4444,2.7059
train,inline,1,1024,25,8509.1615,24.8884,74.2279,26.8695,0.069,0.0647,0.9992,50.0,8591.6252,0.0
train,inline,1,896,65,12866.1573,64.9663,77.1928,27.7433,0.8638,0.1281,0.4689,50.0,13692.2651,0.5671
train,inline,1,896,80,14484.4224,79.9999,79.8857,28.2252,1.1503,0.1347,0.2701,50.0,17290.7791,0.0
train,inline,3,384,35,9516.6324,34.9892,32.5381,51.5604,0.0847,0.082,0.866,50.0,9563.7392,2.8414
train,inline,3,896,50,11218.0352,50.0047,31.0095,30.0146,0.0666,0.0666,0.6661,50.0,10282.7539,6466.7479
train,inline,4,640,100,16627.0196,99.997,29.3315,31.8668,0.0249,0.0115,0.0,50.0,16889.8493,4.5253
train,inline,3,640,35,9522.1638,34.9837,29.8551,34.469,0.0812,0.0812,0.866,50.0,7503.6562,2055.7104
train,inline,1,384,50,11350.519,49.9822,72.101,47.1266,0.3778,0.1421,0.6661,49.0,11433.553,0.0
train,inline,1,256,45,10816.2653,44.9453,75.7603,63.7941,0.2917,0.0971,0.7327,50.0,10591.2065,0.0
train,inline,3,256,25,8456.6879,24.9921,33.816,66.9233,0.0853,0.095,0.9992,50.0,8105.7864,0.0
train,inline,2,1024,85,14990.9729,84.9813,59.3417,28.1433,0.159,0.1043,0.1998,50.0,14630.2914,3.7714
train,inline,2,640,100,16629.0391,99.9769,58.3429,29.795,0.0407,0.0112,0.0,50.0,12074.9874,0.0
train,inline,3,384,75,13885.8049,74.9504,38.5063,49.7128,0.0494,0.039,0.3331,50.0,13542.5181,4.7825
