data_split,vnf_profile,vCPU_cores,VNF_memory_MB,Link_Capacity_limit_Mbps,offered_load_pps,offered_load_mbps,VNF_cpu_utilization_pct,VNF_memory_utilization_pct,passive_processed_packets_per_sec,passive_alerts_per_sec,passive_daq_drops_per_sec,MQTT_package_latency_p99_ms,MQTT_package_loss_pct,MQTT_devices_connected
train,passive,1,512,95,16081.6334,94.9788,85.0022,32.8342,21151.9664,302.3333,311.2344,0.0126,0.0667,50.0
train,passive,3,896,60,12281.2559,59.9666,45.035,30.9766,17267.6191,302.3333,0.0,0.5456,0.5318,50.0
train,passive,2,512,85,15023.9913,84.984,62.3316,30.4626,15909.7343,302.3333,22.601,0.2963,0.1988,50.0
train,passive,1,640,55,11757.5624,54.9647,81.485,30.5131,14838.1935,302.3333,533.3462,0.0055,0.6,50.0
train,passive,1,768,65,12840.5279,64.9862,81.4929,29.86,16788.9722,302.3333,516.7342,0.0073,0.4667,50.0
train,passive,4,256,40,10195.197,40.0205,31.3141,67.7949,9450.4167,293.5593,0.0,0.0029,0.8,50.0
train,passive,1,640,70,13381.4933,69.9895,83.1681,31.1947,15895.3819,299.0069,494.8452,0.0081,0.4,50.0
train,passive,3,1024,45,10648.7689,44.9863,43.7181,29.6754,14436.1161,302.3333,0.0,0.7485,0.7309,50.0
train,passive,4,640,90,15545.8587,90.0044,32.0619,32.484,19710.0603,302.3333,0.0,0.0258,0.1331,50.0
train,passive,3,1024,70,13371.6873,69.9273,46.4795,29.9353,18218.2832,302.3333,0.2276,0.4148,0.3987,50.0
train,passive,3,256,45,10665.962,45.0367,42.0342,67.6357,11839.2893,302.3333,0.0,31.026,0.7261,50.0
train,passive,4,768,99999,18981.1649,126.9797,36.3713,31.8824,20955.9795,286.0052,0.0,0.0016,0.0,50.0
train,passive,3,768,55,11730.6162,54.9746,44.7131,31.7391,15034.5285,302.3333,29.5028,0.609,0.5985,50.0
train,passive,4,896,90,15549.3089,89.9953,33.4812,31.9178,17149.5643,302.3333,0.0,0.0249,0.1332,50.0
train,passive,2,768,35,9553.4369,35.0062,56.276,29.9356,10237.689,296.2005,27.4906,0.6195,0.8641,50.0
train,passive,4,768,30,9009.9494,29.9981,28.8253,32.1673,10863.8295,302.3333,0.0,0.0927,0.9322,50.0
train,passive,2,1024,65,12808.5583,64.9507,57.5556,29.8958,11166.3925,278.5492,75.7852,0.0076,0.4667,50.0
train,passive,4,512,40,10099.3178,39.9866,27.9389,32.8197,11862.8574,281.1712,0.0,0.0875,0.7986,50.0
train,passive,3,768,70,13369.8631,69.9616,45.5922,31.959,18551.0569,302.3333,0.0,0.4108,0.399,50.0
train,passive,4,640,65,12824.4828,64.987,28.6353,32.1016,14054.3773,274.0882,0.0,0.0552,0.466,50.0
train,passive,1,512,65,12847.8943,64.9896,83.0374,31.9873,15853.1401,294.2695,450.5354,0.0072,0.4667,50.0
train,passive,3,768,45,10647.8621,44.9993,42.3629,31.5772,12624.9512,296.9281,0.0,0.7412,0.7315,50.0
train,passive,4,896,30,9012.2231,30.0001,29.0945,31.4914,9954.2601,302.3333,0.0,0.0892,0.9324,50.0
train,passive,4,640,65,12822.7649,65.0025,30.2555,32.5074,15106.3301,288.1458,0.0,0.0551,0.466,50.0
train,passive,1,640,70,13385.2793,69.9812,82.401,30.7548,17698.8164,302.3333,464.5618,0.0082,0.4,50.0
train,passive,1,256,50,11198.3593,50.0816,87.0749,65.8724,10879.6105,295.66,1651.7791,0.0047,0.6667,50.0
train,passive,4,896,50,11189.2147,49.9818,30.1114,31.2789,12889.2645,302.3333,0.0,0.0678,0.666,50.0
train,passive,4,768,40,10102.0891,39.9886,27.9389,31.7832,10187.9147,278.6873,0.0,0.0815,0.799,50.0
train,passive,1,640,90,15548.7632,90.0036,83.6841,31.7168,18117.1109,294.6116,404.8884,0.0118,0.1333,50.0
train,passive,4,512,40,10095.4802,39.9923,28.7432,33.2005,13686.9379,302.3333,0.0,0.0875,0.7986,50.0
train,passive,3,1024,65,12823.637,64.9249,45.3073,29.7293,16753.4911,298.9924,7.1834,0.4815,0.4651,50.0
train,passive,2,768,95,16097.2408,94.9485,62.6163,30.3417,16402.6915,302.3333,80.2647,0.0607,0.0665,50.0
train,passive,2,640,99999,18968.6399,126.8828,62.0297,29.8641,15688.6296,256.0375,0.0,0.0014,0.0,50.0
train,passive,2,1024,50,11175.9589,49.9702,57.2597,29.4416,11185.8458,302.3333,58.9311,0.0047,0.6667,50.0
train,passive,2,512,45,10665.7534,45.0568,58.3187,31.0629,11116.0753,279.2745,0.0,1.0489,0.729,50.0
train,passive,1,1024,25,8481.9214,24.9386,72.5373,28.2592,10112.3932,293.7071,450.6723,0.0,1.0,50.0
train,passive,2,768,65,12825.9942,64.9962,59.7028,30.8045,13799.9887,302.3333,30.6751,0.3401,0.4653,50.0
train,passive,1,256,40,10107.4261,40.0367,85.8277,66.0686,12070.8429,302.3333,1331.4044,0.0029,0.8,50.0
train,passive,4,512,70,13366.2816,69.9901,29.2586,32.4666,17299.3305,289.7261,0.0,0.0508,0.3993,50.0
train,passive,1,896,80,14465.1304,80.0166,83.1742,29.3483,16799.9569,302.3333,584.4441,0.0101,0.2667,50.0
train,passive,1,896,25,8492.704,24.9526,74.5947,29.0485,9628.7404,286.6882,503.4793,0.0,1.0,50.0
train,passive,2,512,100,16663.2703,99.987,62.8089,30.8636,15335.582,282.8385,0.0,0.0141,0.0,50.0
train,passive,1,896,80,14461.0386,80.0018,83.2152,29.0994,15564.4692,302.3333,617.2334,0.0101,0.2667,50.0
train,passive,2,768,75,13916.3299,74.9622,60.4523,30.0137,16409.5718,302.3333,45.3834,0.247,0.3324,50.0
train,passive,3,640,95,16097.7461,95.002,48.4685,34.4475,19773.2068,281.8965,0.0,0.0799,0.0665,50.0
train,passive,2,896,75,13906.2269,74.9483,59.0023,30.1053,12803.27,284.0748,76.2646,0.1283,0.3328,50.0
train,passive,2,640,85,15016.0813,84.9848,61.5141,30.8287,14923.9394,295.6977,26.9514,0.2251,0.1991,50.0
validation,passive,1,256,100,16610.9333,100.0842,85.9111,73.4261,10383.1556,201.1556,657.8889,0.0137,0.0,50.0
train,passive,1,896,70,13378.884,69.9982,81.4135,29.1073,15397.2937,302.3333,573.2029,0.0083,0.4,50.0
train,passive,1,256,45,10657.292,45.0762,85.8835,66.2827,10204.4332,288.7065,1474.2892,0.0038,0.7333,50.0
train,passive,4,256,50,11268.1152,50.011,32.6454,67.4783,11139.7319,302.3333,4.4611,0.0047,0.6667,50.0
train,passive,2,896,70,13358.2344,69.95,59.1919,30.0832,12726.837,292.4573,86.8287,0.1511,0.3994,50.0
train,passive,3,1024,70,13370.498,69.9292,45.7097,30.1005,16660.9647,286.2689,0.0,0.4148,0.3987,50.0
train,passive,4,1024,80,14460.4165,79.992,33.1764,31.475,13541.9388,289.1064,4.7932,0.0346,0.2665,50.0
train,passive,3,640,50,11190.2511,50.0065,43.2793,32.8493,13692.0555,302.3333,0.0,0.6718,0.6653,50.0
train,passive,4,768,35,9555.0295,34.9983,29.2562,32.1517,12198.075,302.3333,0.0,0.0871,0.8656,50.0
train,passive,2,384,90,15562.3255,89.9752,64.8022,48.0172,16120.5093,302.3333,0.0,0.6655,0.1328,50.0
train,passive,2,768,80,14460.7101,79.9622,60.7891,30.2928,15763.3601,301.2819,51.6199,0.2004,0.2659,50.0
train,passive,1,512,40,10152.8483,39.9749,81.6323,30.5704,14968.2931,302.3333,561.1586,0.0027,0.8,50.0
train,passive,1,768,65,12842.7645,65.0137,81.2638,30.4487,12996.0043,274.0963,523.0168,0.0073,0.4667,50.0
train,passive,4,512,90,15545.309,90.0066,31.4534,32.5443,21041.1721,302.3333,0.0,0.0263,0.1331,50.0
train,passive,3,256,100,16653.0,100.1158,54.1778,65.1281,16654.4,301.4222,2.2667,0.0141,0.0033,50.0
train,passive,2,896,45,10636.8777,44.9886,56.6025,29.8763,10622.4432,293.387,29.9282,0.2651,0.7323,50.0
train,passive,4,256,30,9121.7168,30.0246,31.7274,67.6568,10522.1952,302.3333,0.0,0.0009,0.9333,50.0
train,passive,4,640,40,10096.5126,39.9744,28.8699,32.082,15127.4986,302.3333,0.0,0.0845,0.7988,50.0
train,passive,3,1024,70,13369.8297,69.92,45.5355,29.959,17373.6732,297.4479,0.0,0.4148,0.3987,50.0
train,passive,2,640,100,16650.1398,99.9451,62.7244,30.269,17007.7953,302.3333,43.1769,0.0141,0.0,50.0
train,passive,1,896,99999,19006.503,127.1315,94.5886,29.0337,13170.4881,198.4889,3781.6015,0.0017,0.0,50.0
train,passive,4,768,85,15004.5243,84.9861,32.4851,31.5107,18947.8028,302.3333,0.0,0.031,0.1997,50.0
train,passive,1,896,100,16637.414,100.0384,86.0183,29.2319,17132.7847,300.3189,635.5705,0.0138,0.0,50.0
train,passive,4,384,55,11764.7645,54.993,30.694,50.2015,13357.2255,298.1001,0.0,0.0374,0.5995,50.0
train,passive,3,384,30,9018.1349,30.0028,40.0182,50.4438,9491.0712,302.3333,23.3001,20.2069,0.9275,50.0
train,passive,1,384,85,15013.6166,85.1056,87.5137,48.6048,16350.7825,302.3333,1512.2026,0.0111,0.2,50.0
train,passive,4,640,50,11185.9343,49.9797,29.3739,32.1772,15269.1419,302.3333,0.0,0.0728,0.6657,50.0
train,passive,3,896,50,11193.5056,49.9867,43.324,30.6821,13232.9866,285.2424,0.0,0.6784,0.6647,50.0
train,passive,1,768,50,11209.4108,49.9652,80.3078,29.7118,13704.585,302.3333,565.5694,0.0046,0.6667,50.0
train,passive,2,640,90,15554.8608,89.9487,61.9175,30.39,16134.8368,302.3333,49.1362,0.1548,0.1327,50.0
train,passive,4,1024,45,10649.1178,44.9903,30.5663,30.655,12016.8445,302.3333,0.0,0.0704,0.7327,50.0
train,passive,3,896,70,13366.7596,69.9355,45.8143,30.9847,17194.7361,300.0688,15.1302,0.4128,0.3988,50.0
train,passive,3,1024,30,9016.3591,30.0122,42.0942,29.0208,12855.498,302.3333,0.0,0.9488,0.9303,50.0
train,passive,2,896,40,10092.5546,39.998,56.0525,29.8828,9803.3801,288.9806,21.0697,0.2879,0.7988,50.0
train,passive,2,768,65,12826.5355,64.9754,59.4381,29.9865,13813.2644,302.3333,47.5192,0.3401,0.4653,50.0
train,passive,1,640,25,8518.7317,24.9684,78.5337,30.0624,11102.1937,302.3333,586.6618,0.0,1.0,50.0
train,passive,2,640,65,12836.8919,64.9962,59.5104,30.284,13606.5533,300.1515,22.9236,0.5064,0.4646,50.0
test,passive,4,256,25,8471.6667,24.9832,27.2278,67.4323,11384.9778,300.7333,0.0,0.0753,0.9992,50.0
train,passive,2,256,100,16620.8942,99.9421,68.2686,64.6675,16803.0678,302.3333,0.0,0.0138,0.0,50.0
train,passive,1,896,70,13379.5137,69.9878,81.4296,28.6749,17024.7793,302.3333,569.5131,0.0083,0.4,50.0
train,passive,4,896,90,15549.072,89.9775,32.8662,31.348,17800.5866,301.5925,0.0,0.0249,0.1332,50.0
train,passive,3,1024,30,9018.1489,30.0138,41.0563,29.0645,10928.7335,290.1043,0.0,0.9488,0.9303,50.0
train,passive,1,896,99999,19005.9876,127.1221,93.7856,28.8775,13208.3416,198.4889,3768.4826,0.0013,0.0,50.0
train,passive,2,1024,95,16073.3333,94.9121,61.5368,30.4409,15101.5403,291.2432,150.9517,0.0134,0.0667,50.0
train,passive,2,512,100,16660.8444,99.9681,62.7222,30.5343,16677.7111,299.9778,0.5111,0.0141,0.0,50.0
train,passive,1,768,80,14457.2143,79.9876,84.3935,30.2289,16974.0199,302.3333,567.1674,0.01,0.2667,50.0
train,passive,4,768,65,12824.02,64.9969,31.1289,32.0496,15201.1792,302.3333,0.0,0.0534,0.4661,50.0
train,passive,4,256,99999,19024.2128,127.4475,37.1649,66.881,17963.1763,288.1185,0.0,0.0016,0.0,50.0
train,passive,1,512,50,11225.931,49.9643,81.7788,31.0987,14640.6155,302.3333,525.3516,0.0045,0.6667,50.0
train,passive,2,384,80,14478.6074,79.9615,63.3198,47.6865,15002.0247,302.3333,9.4937,1.317,0.2655,50.0
train,passive,4,512,70,13363.9937,69.9982,30.3944,32.8201,18028.5362,302.3333,0.8395,0.0508,0.3993,50.0
train,passive,1,256,40,10110.6922,40.0472,86.0895,66.0841,12568.9466,302.3333,1327.4019,0.0028,0.8,50.0
train,passive,4,256,90,15553.3283,89.9505,32.751,67.0087,14291.3371,285.605,0.0,0.0123,0.1333,50.0
train,passive,3,512,65,12828.2046,65.01,42.8301,34.0328,13768.4814,273.347,0.0,0.4722,0.4659,50.0
train,passive,2,256,80,14479.0134,79.9358,65.4571,64.8361,14660.4058,302.3333,12.7085,2.2436,0.266,50.0
train,passive,4,512,80,14452.671,79.9901,30.4658,32.4458,18804.0288,297.1157,10.515,0.0386,0.2662,50.0
train,passive,3,384,45,10656.1175,45.0165,40.967,50.3369,10243.4328,285.6703,0.0,15.8799,0.7291,50.0
train,passive,3,256,30,9030.1155,29.9955,37.9871,67.9514,9281.8328,302.3333,0.0,39.4838,0.9233,50.0
train,passive,3,640,80,14463.0201,79.9868,46.27,33.3699,18237.3829,298.0875,0.3865,0.2772,0.2661,50.0
train,passive,2,768,35,9557.4536,35.0195,56.4068,30.0074,10474.7602,297.1692,12.2885,0.6195,0.8641,50.0
train,passive,4,768,100,16638.2567,99.9805,33.3477,31.3862,21747.3326,302.3333,0.0,0.0141,0.0,50.0
train,passive,3,640,70,13371.9997,69.9858,44.2712,33.0735,16232.3954,285.5645,0.0,0.4088,0.3992,50.0
train,passive,1,640,100,16624.6349,99.9968,85.7388,31.8197,20336.126,302.3333,409.8353,0.0136,0.0,50.0
train,passive,1,384,80,14472.9899,80.0904,87.231,48.1868,15922.8041,302.3333,1460.8071,0.0101,0.2667,50.0
train,passive,2,640,55,11742.1857,54.9919,58.305,30.1745,13578.7222,302.3333,12.9705,0.647,0.5973,50.0
train,passive,4,256,30,9117.3841,30.0208,32.3862,67.7974,9958.9402,302.3333,26.1496,0.0009,0.9333,50.0
train,passive,3,1024,50,11193.8088,49.961,44.0519,29.1789,16996.0624,302.3333,0.0,0.6818,0.6645,50.0
train,passive,1,640,90,15550.3056,90.0133,84.5516,31.6594,17945.9859,291.6254,419.6032,0.0117,0.1333,50.0
train,passive,1,640,25,8520.1586,24.9627,78.6096,29.6858,12363.2379,302.3333,585.7595,0.0,1.0,50.0
train,passive,4,512,40,10099.4646,39.9886,27.9389,32.8037,12415.2734,289.9915,0.0,0.0875,0.7986,50.0
train,passive,1,896,40,10121.1238,39.9528,76.6369,28.6727,12342.2081,302.3333,526.5277,0.0028,0.8,50.0
train,passive,2,1024,45,10623.9111,44.965,56.9461,29.5926,10543.677,302.3333,67.5341,0.0038,0.7333,50.0
train,passive,1,896,90,15550.9025,90.0307,84.4552,29.4259,16169.2052,299.1913,611.2037,0.012,0.1333,50.0
train,passive,1,1024,45,10658.0165,44.9581,75.7961,27.9324,11870.0049,299.735,531.5557,0.0037,0.7333,50.0
train,passive,3,896,70,13364.5038,69.9412,46.6461,31.2144,17166.9296,302.2627,30.7786,0.4128,0.3988,50.0
train,passive,1,384,95,16097.402,95.1067,87.7699,48.1052,18429.1775,302.3333,1632.2138,0.0129,0.0667,50.0
train,passive,1,384,60,12303.054,60.0759,85.2884,48.9604,12367.6288,276.6745,1195.4883,0.0064,0.5333,50.0
train,passive,2,384,55,11782.7677,54.9816,58.9872,47.8566,11254.856,284.3108,0.0,2.9458,0.5975,50.0
train,passive,2,640,95,16105.8173,94.9516,62.4111,30.1906,18700.156,302.3333,25.5685,0.0845,0.0664,50.0
train,passive,2,512,35,9575.532,35.0612,57.0044,30.8979,10291.9875,277.9843,0.0,1.237,0.8616,50.0
train,passive,3,1024,99999,18952.6222,126.9017,53.1333,31.1404,18808.1556,302.0444,139.4,0.0018,0.0,50.0
train,passive,1,256,50,11201.0759,50.0994,87.3908,66.2842,11601.0705,302.3333,1629.126,0.0047,0.6667,50.0
train,passive,4,768,50,11186.4706,49.9844,29.8699,31.9,12553.1742,296.4358,14.5523,0.0703,0.6658,50.0
train,passive,1,384,75,13929.1883,75.0984,86.454,48.9062,13958.0837,286.5569,1384.7366,0.0092,0.3333,50.0
train,passive,1,640,50,11223.0882,49.9771,81.5485,30.2717,14312.5785,302.3333,547.1032,0.0045,0.6667,50.0
train,passive,3,1024,35,9556.4814,34.9897,42.7745,29.0482,12935.9093,302.3333,15.9664,0.882,0.8638,50.0
train,passive,1,640,100,16629.5517,99.9941,84.5487,31.4714,20786.3829,296.3127,379.2174,0.0136,0.0,50.0
train,passive,3,896,95,16092.1431,94.9041,48.592,31.7268,21589.4337,302.3333,0.0,0.0807,0.0665,50.0
train,passive,1,768,60,12299.9769,59.9859,80.9704,29.765,14743.9984,302.3333,533.2618,0.0064,0.5333,50.0
train,passive,1,256,40,10106.5012,40.0361,85.6739,66.1487,11252.1636,302.3333,1335.103,0.0029,0.8,50.0
train,passive,2,1024,65,12803.1316,64.9418,58.9602,29.903,12900.0278,302.3333,100.4354,0.0076,0.4667,50.0
train,passive,4,384,100,16629.7726,99.9667,32.5545,49.4025,19005.6101,296.8848,0.0,0.0141,0.0,50.0
train,passive,4,512,95,16090.2846,94.9952,30.3904,32.1703,20434.4075,287.0135,0.0,0.0202,0.0666,50.0
train,passive,1,640,75,13926.5374,74.9866,83.144,30.8817,18192.2304,302.3333,456.5832,0.0091,0.3333,50.0
train,passive,4,1024,35,9559.5571,35.0009,29.822,30.8381,9798.2968,302.3333,1.096,0.0806,0.866,50.0
train,passive,1,512,65,12846.9074,64.9704,82.1284,31.6152,16256.9263,300.7605,439.8967,0.0072,0.4667,50.0
train,passive,4,768,75,13910.3193,74.9771,31.1245,31.7248,16430.0708,302.3333,0.0,0.0422,0.3329,50.0
train,passive,1,768,55,11755.0099,54.9696,80.4301,29.5451,15643.3592,302.3333,535.8884,0.0055,0.6,50.0
train,passive,4,768,65,12816.0588,64.9705,31.2903,31.7912,15373.2582,302.3333,25.6251,0.0534,0.4661,50.0
train,passive,4,768,99999,18974.595,126.955,36.5007,31.6529,22632.915,302.3333,0.0,0.0016,0.0,50.0
train,passive,1,512,30,9075.4386,29.9934,80.1681,30.7863,9559.1572,276.5978,610.2964,0.0009,0.9333,50.0
train,passive,1,256,85,15018.5019,85.2079,90.3269,64.3262,13420.1883,302.3333,2681.453,0.0114,0.2,50.0
train,passive,3,256,100,16654.5695,100.1221,53.7463,65.3134,16029.3474,296.1967,0.0,0.0141,0.0033,50.0
train,passive,4,896,90,15545.4406,89.978,33.6477,31.5555,17026.6213,302.3333,19.2875,0.0249,0.1332,50.0
train,passive,1,512,60,12307.0682,59.9695,81.9724,31.4467,15732.7764,302.3333,465.8628,0.0063,0.5333,50.0
train,passive,2,256,99999,19136.1111,128.1969,72.6874,66.6311,24466.4186,291.3363,18.0983,0.0016,0.0,50.0
train,passive,3,256,80,14469.5665,80.0748,50.6601,66.0051,14748.6954,302.3333,37.044,11.2911,0.2662,50.0
train,passive,3,512,75,13915.9942,75.026,45.6439,34.833,16541.1875,287.136,0.0,0.3413,0.3328,50.0
train,passive,3,640,80,14455.4913,79.9769,47.2723,33.5476,19577.0566,302.3333,21.6619,0.2773,0.2661,50.0
train,passive,3,256,55,11757.0453,55.0736,43.9576,67.5547,9568.9899,271.4076,0.0,25.3874,0.5947,50.0
train,passive,3,896,90,15547.9122,89.9167,47.8274,31.679,20266.6997,292.0865,0.0,0.1471,0.1329,50.0
train,passive,3,256,25,8487.2006,25.0077,37.48,68.2152,8482.9333,289.4009,9.7529,42.303,0.989,50.0
train,passive,4,1024,100,16639.0889,99.9742,34.4833,31.3727,16632.9778,301.0222,0.0,0.0142,0.0,50.0
train,passive,2,640,50,11200.9651,50.0218,58.5984,30.5595,12856.8793,302.3333,10.6337,0.7173,0.6637,50.0
train,passive,1,256,50,11202.3377,50.0977,86.7089,66.2096,10788.3606,295.6749,1623.6686,0.0047,0.6667,50.0
train,passive,2,768,35,9559.1882,35.0132,54.7138,29.8742,8648.3179,271.2086,0.0,0.6195,0.8641,50.0
train,passive,1,640,25,8519.6476,24.9537,78.4983,29.4361,13278.0344,302.3333,582.6028,0.0,1.0,50.0
train,passive,1,896,25,8494.3594,24.9375,74.6389,28.4802,11639.6833,302.3333,499.1523,0.0,1.0,50.0
train,passive,4,896,85,15004.9937,84.9852,32.9377,31.4359,16411.8526,302.3333,3.2935,0.0302,0.1998,50.0
train,passive,2,640,75,13926.7398,74.9889,60.6922,30.4394,14464.8776,300.6634,29.4605,0.3657,0.3319,50.0
train,passive,1,768,90,15549.9041,90.0186,84.3174,30.4922,17273.6453,291.1171,512.4098,0.0119,0.1333,50.0
train,passive,3,256,70,13384.4482,70.0639,48.144,66.3158,13669.0918,302.3333,24.9568,16.9296,0.3976,50.0
train,passive,3,768,30,9013.3245,30.0255,41.5262,31.4704,11034.6475,302.3333,0.0,0.9395,0.931,50.0
train,passive,3,1024,90,15547.5963,89.8952,48.0129,30.8771,19353.7035,285.4342,0.0,0.1478,0.1329,50.0
train,passive,4,384,25,8523.4413,25.0026,29.5882,50.3222,11544.959,302.3333,0.0,0.0529,0.9991,50.0
train,passive,2,640,85,15015.4123,84.9667,61.4502,30.2951,16888.3992,302.3333,25.2185,0.2251,0.1991,50.0
train,passive,4,640,70,13366.0932,69.9863,29.9767,32.1604,15714.6878,289.0871,3.0053,0.0493,0.3994,50.0
train,passive,2,512,70,13391.2735,70.0138,60.3959,30.6813,14726.7388,292.1834,0.0,0.5785,0.3976,50.0
train,passive,3,512,50,11188.6123,50.016,42.8078,33.981,13443.128,302.3333,0.0,0.6685,0.6655,50.0
train,passive,4,640,40,10096.3094,39.9757,28.8305,32.1464,14647.0243,302.3333,0.0,0.0845,0.7988,50.0
train,passive,2,1024,90,15525.2406,89.9246,62.2949,30.6548,14869.0467,298.4863,163.3556,0.0124,0.1333,50.0
train,passive,4,1024,30,9010.5677,29.9821,28.5576,30.6056,9120.2108,302.3333,0.0,0.0857,0.9326,50.0
train,passive,2,512,80,14481.2261,79.9938,61.6071,30.4325,15486.5709,302.3333,10.7064,0.3904,0.2651,50.0
train,passive,3,1024,40,10103.0594,39.9822,42.6749,29.1647,13304.6929,301.6445,0.0,0.8153,0.7974,50.0
train,passive,3,640,99999,18972.8864,126.9919,49.5227,33.0239,17454.5444,283.3365,0.0,0.0016,0.0,50.0
train,passive,4,512,100,16630.677,99.9783,31.1223,31.8565,23499.7194,302.3333,0.0,0.0141,0.0,50.0
train,passive,1,384,25,8500.0784,24.9849,83.1292,48.7251,10550.0396,302.3333,785.7624,0.0,1.0,50.0
train,passive,3,896,70,13368.0145,69.9389,45.6213,31.0696,17745.976,302.3333,0.0,0.4128,0.3988,50.0
train,passive,4,256,35,9659.9887,35.0285,30.949,67.817,8482.9333,282.9696,0.0,0.0019,0.8667,50.0
train,passive,4,896,50,11188.0536,49.9942,30.8194,31.6368,11688.1238,296.5741,16.9692,0.0677,0.666,50.0
train,passive,2,512,99999,18971.3813,126.94,65.9754,30.4923,19208.2254,302.3333,4.3582,0.0014,0.0,50.0
train,passive,4,256,45,10725.4837,45.0038,33.029,67.6075,11020.2059,302.3333,30.145,0.0038,0.7333,50.0
train,passive,4,384,80,14466.8528,79.9742,31.9842,49.6594,17099.053,302.3333,1.5621,0.0245,0.2664,50.0
train,passive,1,1024,45,10655.9317,44.9696,76.1855,28.4293,12027.8109,301.3637,524.5802,0.0037,0.7333,50.0
train,passive,2,512,95,16114.2145,94.9676,62.6998,30.3921,17591.1335,302.3333,5.1763,0.1082,0.0663,50.0
train,passive,3,384,85,15013.493,85.0419,47.2727,50.0882,15770.5322,283.3485,0.0,4.3412,0.2,50.0
train,passive,2,896,99999,18953.2553,126.7653,58.3183,28.8643,14347.1317,230.8238,9.9077,0.0016,0.0,50.0
train,passive,3,512,99999,18970.2511,126.9826,49.6316,32.9925,19143.6516,302.3333,7.7303,0.0016,0.0,50.0
train,passive,3,1024,90,15544.3895,89.8643,48.1418,30.1553,22067.8186,302.3333,1.0583,0.1478,0.1329,50.0
train,passive,1,1024,65,12831.9694,65.0012,79.809,28.2744,12743.9584,290.7843,614.0318,0.0074,0.4667,50.0
train,passive,4,384,99999,18994.8326,127.2038,38.4158,49.9577,22442.4737,302.3333,12.8832,0.0016,0.0,50.0
train,passive,1,640,30,9063.6887,29.9727,77.4775,29.9548,9088.9144,270.8878,568.3261,0.0009,0.9333,50.0
train,passive,3,896,65,12825.361,64.9582,45.4714,31.1286,17429.3162,302.3333,0.0,0.4792,0.4653,50.0
train,passive,1,1024,30,9016.9447,29.9148,73.5009,28.0122,11596.913,302.3333,490.0657,0.0009,0.9333,50.0
train,passive,3,512,35,9555.0313,35.0092,41.0638,33.0446,11900.3639,302.3333,0.0,0.8647,0.8652,50.0
train,passive,2,256,30,9132.5041,29.9582,58.1824,66.0336,9431.5032,302.3333,9.0584,7.8181,0.931,50.0
train,passive,4,1024,40,10103.6021,39.989,30.064,30.6042,11935.0532,302.3333,0.0,0.0755,0.7994,50.0
train,passive,2,256,45,10736.2583,44.9524,60.5007,65.699,10997.8105,302.3333,13.4135,6.1457,0.7315,50.0
train,passive,4,640,65,12822.0074,64.9867,30.2633,32.102,17140.8524,302.3333,0.0,0.0552,0.466,50.0
train,passive,3,1024,75,13915.4754,74.9041,45.627,29.8178,17591.1256,290.5182,0.0,0.348,0.3322,50.0
train,passive,4,384,35,9604.7378,35.0124,30.2473,50.6457,11500.7636,302.3333,0.0,0.0477,0.8659,50.0
train,passive,2,512,75,13932.4213,74.995,61.2149,30.5855,15027.6687,302.3333,16.9935,0.4845,0.3314,50.0
train,passive,4,640,100,16636.9159,100.0085,32.1405,32.3025,19409.1357,282.2558,0.0,0.0141,0.0,50.0
train,passive,4,384,25,8524.7412,25.0085,29.3217,50.4305,10393.0046,299.648,0.0,0.0529,0.9991,50.0
train,passive,1,256,55,11740.6659,55.0946,88.1358,65.685,11340.4944,302.3333,1819.3079,0.0057,0.6,50.0
train,passive,3,768,85,15001.3197,84.9432,47.6132,32.4826,20680.4401,302.3333,9.0324,0.2125,0.1995,50.0
train,passive,4,512,85,15000.8183,84.9895,30.139,32.1328,20539.7903,294.9099,0.0,0.0325,0.1997,50.0
train,passive,2,768,40,10098.6706,40.0072,57.1837,30.1107,11063.767,300.2446,30.6098,0.5729,0.7976,50.0
train,passive,3,1024,50,11189.7429,49.9647,44.4628,29.5714,14573.3557,300.7563,18.2186,0.6818,0.6645,50.0
train,passive,3,1024,80,14458.0699,79.9018,47.1773,30.2869,19488.99,302.3333,0.0,0.2813,0.2658,50.0
train,passive,1,1024,60,12288.4289,59.992,78.7752,28.2355,12611.0824,291.597,589.5144,0.0065,0.5333,50.0
train,passive,3,384,65,12832.2298,65.026,44.8475,50.2447,14216.7494,301.8107,0.0,10.1106,0.4646,50.0
train,passive,2,640,70,13380.2605,69.9843,60.1052,30.2388,15688.4592,302.3333,17.3817,0.4361,0.3982,50.0
train,passive,4,896,65,12820.4166,64.9892,32.2005,31.7162,13444.1774,299.0759,28.2553,0.0517,0.4662,50.0
train,passive,1,768,25,8502.5085,24.939,76.378,29.1506,11061.1623,302.3333,554.3417,0.0,1.0,50.0
train,passive,1,512,25,8533.5694,24.993,80.759,30.7038,9630.1959,288.6709,648.0976,0.0,1.0,50.0
train,passive,1,640,65,12847.9191,64.9824,80.8875,30.5964,14327.0523,284.4636,478.7669,0.0073,0.4667,50.0
train,passive,4,512,75,13910.7666,74.9946,30.5474,32.4096,19128.8455,302.3333,0.7564,0.0447,0.3328,50.0
train,passive,2,384,55,11783.293,54.9886,59.6296,47.9522,11922.2146,289.2924,0.0,2.9458,0.5975,50.0
train,passive,4,256,35,9659.1829,35.0238,31.886,67.6388,10125.2129,302.3333,0.7667,0.0019,0.8667,50.0
train,passive,3,256,60,12295.0615,60.0527,45.7346,66.9342,12004.7333,300.7897,22.3357,22.5682,0.529,50.0
train,passive,2,640,55,11741.7376,55.0045,59.219,30.4691,12953.3547,302.3333,34.9444,0.647,0.5973,50.0
train,passive,4,512,65,12822.2698,64.9913,30.2631,32.3685,18638.2672,302.3333,0.0,0.0569,0.4659,50.0
train,passive,2,1024,25,8449.7556,24.9823,53.4057,28.9924,8482.9333,288.1048,9.4193,0.0,1.0,50.0
train,passive,2,512,80,14482.3071,79.9928,61.4935,30.3284,16142.6844,302.3333,2.0436,0.3904,0.2651,50.0
train,passive,1,384,45,10675.4289,45.0448,83.9596,48.9701,10707.746,277.6153,1010.2729,0.0037,0.7333,50.0
train,passive,4,768,35,9555.6873,35.0059,29.0191,32.4155,11078.079,302.3333,0.0,0.0871,0.8656,50.0
train,passive,3,512,75,13914.4868,75.0067,45.6726,34.3887,18670.2851,302.3333,0.0,0.3413,0.3328,50.0
train,passive,1,384,99999,19004.6668,127.1229,93.9965,48.077,12770.9321,253.9948,3196.151,0.0014,0.0,50.0
train,passive,2,896,40,10096.3929,39.9955,56.8469,29.4009,11067.3982,302.3333,33.4684,0.2878,0.7988,50.0
train,passive,1,512,40,10150.4909,39.9776,81.1691,30.9109,12689.5641,300.7399,566.7414,0.0027,0.8,50.0
train,passive,2,768,100,16638.1311,99.9346,62.4981,30.5309,15988.2501,295.1771,88.8113,0.0142,0.0,50.0
train,passive,4,896,65,12825.1365,64.9926,31.5773,31.6209,14891.8019,302.3333,0.0,0.0517,0.4662,50.0
train,passive,2,640,40,10111.6672,40.0256,56.3603,30.2959,10385.4795,281.4245,0.575,0.858,0.7965,50.0
train,passive,1,640,99999,19015.4945,127.2007,92.5511,30.538,9381.0196,198.4889,2877.0863,0.0022,0.0,50.0
train,passive,3,896,35,9553.1079,34.9845,42.2728,29.9795,12461.2482,302.3333,18.0997,0.8777,0.8642,50.0
train,passive,1,384,65,12844.1741,65.058,84.6556,48.3965,13115.3881,285.7251,1258.3469,0.0074,0.4667,50.0
train,passive,1,384,75,13928.8833,75.0725,85.1126,48.2933,13806.462,283.5233,1381.4272,0.0093,0.3333,50.0
train,passive,3,896,45,10641.6974,44.9754,44.033,30.3981,13936.1503,302.3333,33.0489,0.7449,0.7312,50.0
train,passive,4,512,25,8457.9264,24.9694,27.9389,33.052,11631.6627,302.3333,0.0,0.1058,0.9983,50.0
train,passive,4,384,85,15004.0665,84.9594,31.7338,49.5399,17777.4767,302.3333,0.0,0.0219,0.1998,50.0
train,passive,3,1024,100,16635.097,99.8624,48.8517,30.8485,21037.7714,286.462,0.0,0.0143,0.0,50.0
train,passive,3,512,50,11192.406,50.0252,42.1092,33.8932,11260.4571,276.6511,0.0,0.6685,0.6655,50.0
train,passive,2,512,30,9031.5873,30.0582,57.6922,30.4089,12017.2431,302.3333,9.6899,1.3311,0.9278,50.0
train,passive,4,768,75,13913.9306,74.9921,31.6407,31.8164,16224.2194,302.192,2.2785,0.0422,0.3329,50.0
train,passive,2,256,95,16088.217,94.9301,66.2416,64.2505,15564.7191,286.643,0.0,0.5713,0.0665,50.0
train,passive,3,256,50,11209.6028,50.0249,41.5785,66.971,10224.2839,289.4634,0.0,28.2067,0.6604,50.0
train,passive,1,768,90,15551.3807,90.0176,84.8717,30.3461,18069.5003,302.3333,518.4582,0.0118,0.1333,50.0
train,passive,2,256,60,12343.1196,59.9463,61.7765,65.2444,12026.9338,299.3918,0.0,4.4734,0.532,50.0
train,passive,2,256,100,16620.9073,99.9303,68.1252,64.2442,17862.5488,302.3333,0.0,0.0138,0.0,50.0
train,passive,1,640,30,9062.8964,29.9701,79.1011,29.7594,11452.4175,302.3333,585.1607,0.0009,0.9333,50.0
train,passive,2,384,65,12857.4975,64.979,62.3108,48.0714,13763.2221,302.3333,22.6036,2.2943,0.4647,50.0
train,passive,4,512,50,11186.7025,49.9869,29.3105,32.6254,17333.4945,302.3333,0.0,0.0752,0.6655,50.0
train,passive,4,384,90,15549.9312,89.9902,32.1264,49.986,16446.9334,278.0754,0.0,0.0193,0.1332,50.0
train,passive,4,640,45,10641.3453,44.9819,29.1239,32.273,14317.5508,302.3333,0.0,0.0786,0.7323,50.0
train,passive,4,384,100,16629.7657,99.9876,33.0567,50.0271,18557.8881,292.1641,0.0,0.0141,0.0,50.0
train,passive,3,1024,99999,18972.2889,126.9721,51.3259,32.3973,18903.2889,301.4222,4.7778,0.0021,0.0,50.0
train,passive,4,256,45,10731.1384,45.0186,32.1523,67.7003,11024.679,293.504,0.0,0.0038,0.7333,50.0
train,passive,2,1024,35,9540.5448,34.9721,54.4147,28.9971,10179.4375,293.316,8.8034,0.0019,0.8667,50.0
train,passive,4,896,100,16639.2934,99.9823,33.0877,31.5777,16966.8299,286.8717,0.0,0.0142,0.0,50.0
train,passive,4,512,25,8462.1654,24.9876,28.5913,33.1051,11675.3899,302.3333,14.3809,0.1058,0.9983,50.0
train,passive,1,640,85,15008.3836,84.9978,83.0046,31.3967,16863.987,282.4356,424.5313,0.0109,0.2,50.0
train,passive,1,896,75,13921.7223,75.0045,82.1577,29.1448,15675.7447,302.3333,583.3441,0.0092,0.3333,50.0
train,passive,2,1024,40,10086.1057,39.9984,55.6199,29.869,8482.9333,273.6134,26.847,0.0028,0.8,50.0
train,passive,2,1024,90,15529.696,89.9154,61.425,30.1484,17004.385,302.3333,127.8549,0.0124,0.1333,50.0
train,passive,2,1024,40,10082.5364,39.9731,55.3155,29.4531,9481.9073,293.1791,28.3222,0.0029,0.8,50.0
train,passive,1,256,65,12840.1506,65.1367,87.2362,65.0004,10447.9963,281.3694,2079.0456,0.0076,0.4667,50.0
train,passive,4,512,85,14999.3681,85.0036,31.0185,32.6616,20197.354,302.3333,0.0,0.0324,0.1997,50.0
train,passive,1,512,55,11767.5751,54.9762,82.2706,31.411,14726.0016,299.8955,506.3015,0.0054,0.6,50.0
train,passive,4,384,40,10146.4427,40.0073,29.6461,50.4181,10686.3605,285.9694,0.0,0.0452,0.7993,50.0
train,passive,4,512,55,11730.9476,54.9987,29.7458,33.0364,17010.8689,302.3333,0.0,0.0691,0.599,50.0
train,passive,3,1024,60,12273.3574,59.9262,45.8776,29.6509,16715.9561,302.3333,37.4085,0.5483,0.5316,50.0
train,passive,3,512,30,9007.4481,29.9943,39.3821,32.7299,9065.2009,299.8815,0.0,0.9302,0.9317,50.0
train,passive,4,256,65,12872.4777,64.9956,33.1843,67.82,13233.6255,302.3333,0.0,0.0076,0.4667,50.0
train,passive,4,384,30,9066.3419,30.0118,30.1842,50.3623,10816.0444,302.3333,4.8434,0.0503,0.9325,50.0
train,passive,3,256,95,16109.8324,95.1047,52.5178,65.1966,15984.2262,294.6684,0.0,2.8334,0.069,50.0
train,passive,3,512,60,12278.4235,60.0108,44.7501,33.9556,15194.384,302.3333,22.5401,0.5376,0.5324,50.0
train,passive,4,896,80,14456.8616,79.9846,32.7907,31.6492,15831.2167,302.3333,9.6327,0.0356,0.2664,50.0
train,passive,2,1024,35,9535.1424,34.9615,54.532,29.1444,9920.6528,302.3333,15.8316,0.0019,0.8667,50.0
train,passive,4,768,50,11190.6211,50.0118,30.0456,32.4102,12000.2384,287.5574,0.0,0.0702,0.6658,50.0
train,passive,2,640,80,14464.8762,79.9688,61.6533,30.5098,15042.9484,302.3333,59.7315,0.2954,0.2655,50.0
train,passive,3,256,70,13388.6889,70.0845,47.3612,66.6842,12168.1871,284.5727,0.0,16.9296,0.3976,50.0
train,passive,1,512,45,10691.4992,44.9977,82.1339,31.6397,13982.5574,302.3333,531.5764,0.0036,0.7333,50.0
train,passive,4,1024,25,8464.7392,24.9924,29.4084,30.7501,8994.7374,302.3333,20.9848,0.0908,0.9992,50.0
train,passive,3,640,70,13369.3687,69.9892,45.8743,33.1921,17212.6301,302.3333,13.9343,0.4088,0.3992,50.0
train,passive,2,896,40,10094.4777,40.0005,55.5724,29.8562,9060.9159,277.9227,17.0419,0.2879,0.7988,50.0
train,passive,4,512,90,15542.2233,89.983,30.8115,32.0723,21111.2999,302.3333,0.6043,0.0263,0.1331,50.0
train,passive,2,768,45,10646.5446,44.9923,57.4212,29.664,14522.0598,302.3333,8.0475,0.5264,0.7312,50.0
train,passive,4,1024,60,12275.8801,59.9812,32.4491,31.17,12589.2339,302.3333,31.5299,0.0551,0.5329,50.0
train,passive,1,256,25,8473.6889,25.0025,84.8222,67.0389,10434.5333,297.8667,887.7333,0.0,1.0,50.0
train,passive,2,512,70,13390.7461,70.0028,59.6731,30.5051,13874.3412,290.6543,0.0,0.5786,0.3976,50.0
train,passive,1,1024,70,13376.571,70.0118,80.5462,28.3054,12769.7903,286.7552,629.3861,0.0083,0.4,50.0
train,passive,3,512,60,12280.9371,60.0307,44.1231,34.4163,13541.4851,283.6853,2.3252,0.5376,0.5324,50.0
train,passive,2,512,40,10118.6756,40.047,58.1267,30.8174,12986.1753,302.3333,0.0,1.143,0.7953,50.0
train,passive,3,512,25,8461.173,25.0042,40.5309,32.7308,8782.1046,302.3333,26.8577,0.9956,0.9983,50.0
train,passive,2,256,95,16083.3057,94.9184,66.5638,64.2602,15998.6101,302.3333,0.0,0.5713,0.0665,50.0
train,passive,1,896,40,10123.5617,39.9827,76.7871,29.378,10704.6189,284.1263,517.2426,0.0027,0.8,50.0
train,passive,3,768,45,10645.6225,44.9963,42.9806,31.5121,12847.3447,298.4254,7.0356,0.7412,0.7315,50.0
train,passive,4,896,25,8468.564,25.0019,28.9051,31.3847,9461.6403,302.3333,1.1694,0.0945,0.999,50.0
train,passive,2,896,60,12270.5583,59.9743,58.0027,30.2009,11449.7629,287.3309,50.5259,0.1967,0.5325,50.0
train,passive,3,640,80,14454.4955,79.9589,45.7532,33.2836,19123.1183,302.3333,0.0,0.2773,0.2661,50.0
train,passive,4,512,70,13365.1153,70.0056,30.4234,33.0122,18113.4072,302.3333,0.0,0.0508,0.3993,50.0
train,passive,3,1024,80,14459.3115,79.89,47.2446,29.7325,21164.8673,302.3333,0.0,0.2813,0.2658,50.0
train,passive,1,896,25,8495.4886,24.9524,73.6141,28.9399,8767.2624,273.5421,488.9038,0.0,1.0,50.0
train,passive,2,256,30,9135.8016,29.9704,58.1246,66.1784,9295.8177,302.3333,0.0,7.8181,0.931,50.0
train,passive,4,768,60,12279.4315,60.0047,30.6593,32.379,14325.5274,302.3333,0.0,0.059,0.5327,50.0
train,passive,3,896,50,11192.4964,49.9871,43.8039,30.8042,14290.7849,302.2401,0.0,0.6784,0.6647,50.0
train,passive,3,384,55,11744.3746,55.0437,43.9727,50.7921,11603.1532,285.8135,8.2439,12.9952,0.5968,50.0
train,passive,2,512,50,11206.9742,50.0236,58.5429,30.6535,13318.1186,302.3333,0.0,0.9548,0.6627,50.0
train,passive,4,1024,95,16090.2462,94.9684,34.6546,31.3468,16018.0314,302.3333,24.8776,0.0193,0.0666,50.0
train,passive,2,512,50,11206.6846,50.0188,58.4078,30.5091,13241.6747,302.3333,0.0,0.9548,0.6627,50.0
train,passive,4,1024,85,15007.9704,84.9808,33.8144,30.9759,15832.1789,302.3333,3.5127,0.0295,0.1998,50.0
train,passive,1,640,50,11224.5361,49.974,79.4894,30.3281,12513.3309,283.0362,517.6366,0.0046,0.6667,50.0
train,passive,3,640,95,16094.4903,94.9867,48.4928,34.3722,21499.1,302.3333,0.0,0.08,0.0665,50.0
train,passive,1,384,30,9042.1908,29.9912,83.4115,48.6624,11233.0544,302.3333,844.2648,0.0009,0.9333,50.0
train,passive,1,768,40,10131.5794,39.9614,78.275,29.3582,12615.2699,302.3333,541.7465,0.0027,0.8,50.0
train,passive,4,512,85,14998.788,84.9905,30.7759,32.2592,20244.1112,302.3333,1.3198,0.0324,0.1997,50.0
train,passive,4,256,40,10192.2379,40.0069,31.6699,67.5301,10808.7768,302.3333,0.0,0.0029,0.8,50.0
train,passive,1,384,45,10674.2829,45.0238,83.4066,48.5253,11552.1459,288.8381,1009.9087,0.0037,0.7333,50.0
train,passive,4,512,99999,18974.2888,126.9778,38.2734,33.0174,24813.1798,297.1649,1.773,0.0011,0.0,50.0
train,passive,2,512,55,11755.4591,55.0378,59.1166,30.9107,12343.4238,285.916,0.0,0.8607,0.5965,50.0
train,passive,4,896,85,15006.8718,84.9855,32.6899,31.3118,16015.1706,301.5401,2.3673,0.0302,0.1998,50.0
train,passive,4,896,75,13913.445,74.9776,31.4119,31.3874,14720.1063,296.9769,0.0,0.041,0.333,50.0
train,passive,2,640,50,11200.9452,50.0148,58.3313,30.2874,13699.3658,299.2795,4.5218,0.7173,0.6637,50.0
train,passive,3,384,80,14467.1479,80.0625,48.6811,50.8553,16876.4856,302.3333,0.0,5.7835,0.2662,50.0
train,passive,4,640,50,11188.5524,50.0019,29.5856,32.6005,13287.5017,291.696,0.0,0.0727,0.6657,50.0
train,passive,3,640,60,12276.6602,59.9896,45.1351,32.9048,15572.4499,302.3333,29.3776,0.5403,0.5322,50.0
train,passive,4,768,55,11734.4456,54.9847,30.3754,31.6276,14122.4223,302.3333,4.6264,0.0646,0.5992,50.0
train,passive,3,896,45,10648.1134,44.9981,43.5122,30.7975,14294.0638,302.3333,0.0,0.7449,0.7312,50.0
train,passive,1,768,95,16091.5111,95.0295,84.7296,30.787,16559.2382,280.7145,509.5043,0.0128,0.0667,50.0
train,passive,4,256,99999,19026.2363,127.467,38.3258,67.1365,18013.4483,292.045,1.2682,0.0016,0.0,50.0
train,passive,1,1024,45,10654.6253,44.9641,76.1723,28.4236,12582.3772,302.3333,521.456,0.0037,0.7333,50.0
train,passive,3,512,100,16640.5552,100.0126,48.8113,35.3286,22427.5942,302.3333,1.4837,0.0142,0.0,50.0
train,passive,2,768,45,10640.4162,44.985,57.4057,29.9435,11983.2976,302.3333,37.3906,0.5264,0.7312,50.0
train,passive,4,512,85,14991.7893,84.9794,31.5675,32.3693,20409.2956,302.3333,32.5596,0.0325,0.1997,50.0
train,passive,2,1024,80,14434.9943,79.9232,60.9358,30.2231,14276.6276,302.3333,145.2122,0.0105,0.2667,50.0
train,passive,4,768,60,12274.1444,59.9812,30.8691,31.8948,13994.1402,300.7387,25.1228,0.059,0.5327,50.0
train,passive,1,512,90,15546.9423,89.9881,84.3484,32.593,21317.2831,298.3652,307.9143,0.0117,0.1333,50.0
train,passive,1,640,40,10143.3593,39.9895,79.8443,30.5129,11438.5496,285.9744,551.4508,0.0027,0.8,50.0
train,passive,3,768,50,11186.3486,49.9629,42.5964,31.249,14362.3923,302.3333,0.0,0.6752,0.665,50.0
train,passive,2,896,99999,18953.6827,126.7666,59.1517,28.7163,14503.9434,236.3495,32.2818,0.0019,0.0,50.0
train,passive,3,640,80,14459.9257,79.9902,46.697,33.7418,19248.9474,302.3333,0.0,0.2773,0.2661,50.0
train,passive,4,384,90,15549.1483,89.9784,32.7604,49.6821,18394.4451,302.3333,0.6254,0.0193,0.1332,50.0
train,passive,4,1024,25,8469.6313,25.0143,28.5816,31.0988,8482.9333,279.1646,0.0,0.0908,0.9992,50.0
train,passive,2,256,85,15014.9084,84.93,65.4799,64.6009,15052.008,302.3333,0.0,1.6862,0.1995,50.0
train,passive,1,256,60,12290.2736,60.1146,88.3007,65.2533,13299.807,302.3333,1938.7263,0.0066,0.5333,50.0
train,passive,2,640,85,15016.5795,84.9701,60.6854,30.3995,14599.5794,289.7809,27.231,0.2251,0.1991,50.0
train,passive,3,512,85,15005.6553,85.0166,47.4347,34.8655,19654.2648,302.3333,10.3866,0.2105,0.1997,50.0
train,passive,4,512,100,16632.7821,99.9881,31.9115,31.8742,24683.1816,302.3333,0.0,0.0141,0.0,50.0
train,passive,3,768,70,13366.1789,69.9686,46.2605,32.359,16758.3897,298.8769,23.4225,0.4108,0.399,50.0
train,passive,1,256,60,12290.6592,60.1174,87.6288,65.3941,11066.8263,292.1084,1942.8589,0.0066,0.5333,50.0
train,passive,2,384,50,11245.2226,50.0108,60.1927,48.2515,11438.7595,294.4703,2.4868,3.2715,0.6639,50.0
train,passive,4,256,95,16084.9732,94.9488,34.6364,67.2717,16409.2626,302.3333,5.6644,0.0133,0.0667,50.0
train,passive,4,512,95,16088.7589,95.0083,31.5859,32.6773,21796.4683,302.3333,0.0,0.0202,0.0666,50.0
train,passive,1,768,95,16089.5169,95.012,84.8681,30.4803,18358.5899,302.3333,511.5617,0.0128,0.0667,50.0
train,passive,1,896,90,15553.3191,90.0388,83.7427,29.4796,14281.5786,272.0671,607.3522,0.0119,0.1333,50.0
train,passive,4,1024,50,11192.9811,49.9987,30.9469,31.149,11417.4629,302.3333,0.0,0.0653,0.6661,50.0
train,passive,1,384,90,15555.9922,90.1003,87.7112,48.0816,18079.6085,302.3333,1574.1042,0.012,0.1333,50.0
train,passive,3,1024,50,11191.992,49.9519,43.8658,29.0879,16889.4301,302.3333,0.0,0.6818,0.6645,50.0
train,passive,3,256,90,15565.2459,90.0937,50.8785,65.3901,14542.1834,288.5339,0.0,5.6526,0.1347,50.0
train,passive,4,256,60,12332.9634,59.9801,33.3731,67.3017,13559.1411,302.3333,18.0219,0.0066,0.5333,50.0
train,passive,2,1024,50,11173.5442,49.9563,56.9708,29.254,13368.958,302.3333,43.2871,0.0048,0.6667,50.0
train,passive,3,384,60,12288.6617,60.026,43.7615,50.2991,12311.428,286.2253,6.3872,11.5529,0.5307,50.0
train,passive,1,768,50,11212.2548,49.9692,80.2002,29.6166,13742.0302,302.3333,558.203,0.0046,0.6667,50.0
train,passive,2,896,90,15535.766,89.9192,61.1025,30.2816,15880.1299,302.3333,99.3383,0.0599,0.1331,50.0
train,passive,2,512,40,10119.7319,40.0528,57.9364,30.8411,11854.5751,289.7945,0.0,1.143,0.7953,50.0
train,passive,3,640,25,8467.9187,25.035,40.3851,32.3704,8482.9333,295.4885,0.0,1.0006,0.9979,50.0
train,passive,2,640,90,15562.2266,89.9658,60.7715,30.4551,14389.2134,281.1318,26.1452,0.1548,0.1327,50.0
train,passive,1,256,70,13384.3117,70.1812,89.0756,65.5868,10912.6521,286.4507,2228.4488,0.0085,0.4,50.0
train,passive,1,384,50,11213.696,50.0286,84.8732,48.4793,13792.7652,302.3333,1085.122,0.0046,0.6667,50.0
train,passive,2,768,90,15550.774,89.9666,61.9334,30.9842,15756.5418,302.3333,55.8802,0.1073,0.1329,50.0
train,passive,2,384,40,10164.4946,40.0044,58.1855,48.132,10510.2284,292.4361,0.0,3.9231,0.7966,50.0
train,passive,3,512,60,12277.5255,60.0115,44.382,34.1037,14868.6538,302.3333,14.9849,0.5376,0.5324,50.0
train,passive,1,256,35,9563.0765,35.0402,86.0839,66.7375,10383.5127,294.8322,1198.5621,0.0019,0.8667,50.0
train,passive,4,256,80,14482.4081,79.9657,33.8442,66.9286,14768.2594,302.3333,6.2772,0.0104,0.2667,50.0
train,passive,2,640,85,15015.5417,84.9652,61.4776,30.2346,17319.4301,302.3333,23.1419,0.2251,0.1991,50.0
train,passive,1,1024,40,10111.7578,39.9613,75.2994,28.4619,11844.2011,302.3333,503.3401,0.0028,0.8,50.0
train,passive,2,512,90,15569.0554,89.9836,62.2743,30.6969,15568.5245,297.0846,11.3365,0.2022,0.1325,50.0
train,passive,2,896,60,12265.1752,59.9435,57.9382,29.736,13020.8384,302.3333,61.0442,0.1967,0.5325,50.0
train,passive,2,1024,65,12808.4528,64.9502,58.8971,29.7359,12981.1298,302.3333,89.684,0.0076,0.4667,50.0
train,passive,2,256,50,11273.9658,49.9606,61.5251,65.6136,11460.207,302.3333,13.9619,5.5883,0.665,50.0
train,passive,2,896,70,13361.2923,69.9608,59.1343,30.2288,13212.2397,296.4156,65.8198,0.1511,0.3994,50.0
train,passive,2,384,100,16641.8564,99.9563,65.651,47.5323,16834.5338,302.3333,0.0,0.0139,0.0,50.0
train,passive,2,640,70,13380.9292,69.9835,60.2178,30.1396,16181.2943,302.3333,16.4223,0.436,0.3982,50.0
train,passive,4,768,50,11188.6876,49.9837,30.1051,31.674,15030.561,302.3333,0.0,0.0703,0.6658,50.0
train,passive,1,256,55,11747.9188,55.1143,87.6895,65.7607,11043.6707,294.0472,1788.1923,0.0057,0.6,50.0
train,passive,2,896,35,9549.1427,34.9979,55.9062,29.5017,10334.8218,302.3333,20.026,0.3107,0.8654,50.0
train,passive,4,896,80,14461.504,79.9974,32.6092,31.6351,15000.1972,293.9474,1.2463,0.0356,0.2664,50.0
train,passive,3,896,95,16093.8237,94.9021,48.7669,31.4588,21684.1661,302.3333,6.2839,0.0807,0.0665,50.0
train,passive,4,768,60,12273.7147,59.98,30.8752,31.8891,13902.6829,300.1704,27.9245,0.059,0.5327,50.0
train,passive,2,896,99999,18955.3798,126.7773,58.7547,29.0501,14440.6045,233.981,8.7089,0.0010,0.0,50.0
train,passive,1,640,55,11764.0377,54.987,81.1582,30.7043,14321.1442,294.4806,509.4175,0.0054,0.6,50.0
train,passive,2,256,80,14482.4573,79.9534,64.9481,65.1279,13210.8802,286.789,0.0,2.2436,0.266,50.0
train,passive,3,768,30,9009.6739,29.9952,40.601,30.802,10773.0985,302.3333,0.0,0.9395,0.931,50.0
train,passive,3,384,90,15556.9564,90.0555,49.5237,50.2971,17484.0415,295.6766,5.1716,2.8988,0.1339,50.0
train,passive,1,640,99999,19015.1141,127.1991,92.928,30.4699,10522.8677,198.4889,2876.0721,0.0020,0.0,50.0
train,passive,2,1024,80,14443.0197,79.9264,58.6259,29.9592,12744.7603,275.1725,101.1046,0.0105,0.2667,50.0
validation,passive,4,1024,100,16670.6444,100.085,33.2944,30.8424,22206.0222,300.5333,0.0,0.0143,0.0,50.0
train,passive,4,256,65,12875.9489,64.9914,33.3119,67.2252,12799.9509,302.3333,5.7593,0.0075,0.4667,50.0
train,passive,3,896,35,9557.9625,35.0064,42.2775,30.249,11635.7854,296.5189,7.2134,0.8777,0.8642,50.0
train,passive,1,256,90,15562.0054,90.2198,90.9543,64.035,13417.9487,302.3333,2844.4026,0.0123,0.1333,50.0
train,passive,2,1024,60,12259.6003,59.9439,57.5867,29.7196,12103.2178,301.1603,71.4375,0.0067,0.5333,50.0
train,passive,3,256,30,9034.2794,30.0172,38.8043,68.2152,9444.1843,302.3333,0.0,39.4837,0.9233,50.0
train,passive,2,256,99999,19136.1111,128.1884,71.3436,66.2457,23797.0577,282.5882,9.9275,0.0012,0.0,50.0
train,passive,3,1024,100,16633.4667,99.8473,48.837,30.5539,22171.6,301.5556,0.0,0.0143,0.0,50.0
train,passive,2,640,60,12293.0862,60.0066,57.8167,30.4359,11183.5606,270.6019,7.2077,0.5767,0.531,50.0
train,passive,4,384,50,11222.5113,49.9769,30.3108,49.8751,14528.2629,302.3333,0.0,0.04,0.6661,50.0
train,passive,2,1024,75,13890.0331,74.9096,58.9345,29.7733,14233.911,302.3333,101.9367,0.0096,0.3333,50.0
train,passive,2,896,45,10638.2435,44.9834,56.8718,29.5598,13084.0159,302.3333,19.118,0.2651,0.7323,50.0
train,passive,1,512,35,9610.0341,34.9718,80.8533,30.6952,12416.4266,302.3333,589.935,0.0018,0.8667,50.0
train,passive,2,768,80,14457.8398,79.9542,60.416,30.3182,13855.9522,291.7306,73.1833,0.2005,0.2659,50.0
train,passive,1,256,70,13384.9778,70.1575,89.3206,64.7339,12867.1727,302.3333,2240.9866,0.0085,0.4,50.0
train,passive,2,768,30,9012.5301,30.0174,56.0046,29.7195,11295.2622,302.3333,4.6253,0.666,0.9306,50.0
train,passive,3,384,95,16101.8406,95.053,49.73,50.1507,18027.8688,293.8617,0.0,1.4565,0.0678,50.0
train,passive,1,640,45,10683.806,44.9724,80.5642,30.0435,14715.7151,302.3333,538.004,0.0036,0.7333,50.0
train,passive,2,640,30,9021.5075,30.0573,56.5246,30.7496,9684.0301,283.985,0.0,0.9986,0.9292,50.0
train,passive,3,1024,95,16087.4915,94.8533,47.9132,30.4493,20920.2007,298.4667,0.0,0.0811,0.0664,50.0
train,passive,1,640,35,9603.6222,34.9776,78.3514,30.1614,10105.9636,276.0797,557.8349,0.0018,0.8667,50.0
train,passive,1,768,25,8505.4145,24.9418,76.3209,29.0079,12244.9613,302.3333,539.241,0.0,1.0,50.0
train,passive,1,896,80,14466.8206,80.0013,81.6187,28.8117,15145.8995,285.9233,583.3778,0.0101,0.2667,50.0
train,passive,1,1024,65,12827.3522,64.9817,80.4623,27.9757,14516.3873,302.3333,633.729,0.0074,0.4667,50.0
train,passive,4,256,60,12336.1068,59.9799,32.5744,67.1538,12677.1831,302.3333,2.1244,0.0066,0.5333,50.0
train,passive,3,768,75,13916.6253,74.9634,46.4653,32.1102,18335.79,302.3333,5.5272,0.3447,0.3325,50.0
train,passive,1,896,99999,19006.2184,127.1158,93.9615,28.6587,13938.448,208.3926,3772.4039,0.0023,0.0,50.0
train,passive,1,896,85,15006.0434,85.0066,83.0045,29.0296,14897.3675,289.3412,616.613,0.0111,0.2,50.0
train,passive,3,896,55,11736.4428,54.9627,44.1947,30.4311,16511.1253,302.3333,0.0,0.612,0.5983,50.0
train,passive,4,256,65,12871.5942,64.9876,33.0838,67.4944,12409.7722,296.4074,7.3734,0.0076,0.4667,50.0
train,passive,1,256,95,16110.5187,95.2388,90.2029,63.7609,12002.4038,286.5637,2979.9538,0.0133,0.0667,50.0
train,passive,4,256,40,10188.4523,40.0075,32.807,67.6919,10805.3653,302.3333,29.2481,0.0028,0.8,50.0
train,passive,1,768,60,12301.1926,59.9856,81.1222,29.6136,14830.9301,302.3333,537.4336,0.0064,0.5333,50.0
train,passive,3,896,30,9014.719,29.996,39.8999,29.685,9977.9452,285.6844,0.0,0.9442,0.9306,50.0
train,passive,2,896,75,13907.8902,74.9795,60.0492,30.782,12283.5514,277.1071,73.0573,0.1282,0.3328,50.0
train,passive,4,896,45,10646.5016,44.9865,29.7661,31.206,12731.8604,301.2058,0.0,0.0731,0.7326,50.0
train,passive,1,896,55,11750.0641,54.9854,79.0925,29.1322,12663.5089,291.8462,555.4809,0.0055,0.6,50.0
train,passive,4,640,95,16091.7723,95.0098,31.9223,32.4052,18628.82,281.6189,0.0,0.02,0.0666,50.0
train,passive,2,384,90,15563.9832,89.9534,62.728,47.3203,14514.1269,278.1616,0.0,0.6655,0.1328,50.0
train,passive,4,512,60,12275.6855,59.994,29.6654,32.7388,16918.1074,300.4877,0.0,0.063,0.5324,50.0
train,passive,4,768,75,13910.2362,74.9783,32.0378,31.6311,18199.1989,302.3333,7.5502,0.0422,0.3329,50.0
validation,passive,4,512,99999,18919.1778,126.8147,36.4556,32.9445,18969.9111,301.3778,0.0,0.0024,0.0,50.0
train,passive,3,640,90,15547.5537,89.9693,47.1633,33.7792,20388.1117,302.3333,0.0,0.1458,0.1331,50.0
train,passive,4,896,90,15541.9368,89.9717,33.9803,31.5891,16890.6209,302.3333,37.3857,0.0249,0.1332,50.0
train,passive,4,1024,75,13918.9228,74.9915,33.2058,31.1199,14326.5447,302.3333,3.1424,0.0397,0.3331,50.0
train,passive,3,896,70,13364.4024,69.9278,45.9632,30.9241,17813.2542,302.3333,16.6486,0.4128,0.3988,50.0
train,passive,1,384,90,15555.5232,90.1066,86.994,48.4482,15934.9051,295.0416,1571.0462,0.012,0.1333,50.0
train,passive,2,512,100,16662.4979,99.967,61.88,30.4708,15660.3256,286.8257,0.0,0.0141,0.0,50.0
train,passive,3,384,85,15008.8671,85.0399,48.8069,50.2181,17492.4357,302.3333,8.3383,4.3412,0.2,50.0
train,passive,1,384,65,12845.4724,65.0737,85.8904,48.5963,13560.4769,294.6982,1267.502,0.0074,0.4667,50.0
train,passive,1,896,50,11210.8526,49.9849,78.5833,28.9308,12347.8431,296.8217,546.5304,0.0046,0.6667,50.0
train,passive,3,384,25,8476.7614,25.0098,38.6238,50.6675,8684.0921,302.3333,0.0,21.6493,0.9936,50.0
train,passive,2,1024,35,9536.9585,34.9719,55.4497,29.1544,10658.9975,302.3333,29.1555,0.0019,0.8667,50.0
train,passive,3,256,60,12301.4609,60.0586,45.6383,66.6482,12673.8774,302.3333,5.8877,22.5681,0.529,50.0
train,passive,4,768,65,12825.1452,65.0028,30.9108,32.0674,14840.9,287.8641,0.0,0.0534,0.4661,50.0
train,passive,2,640,40,10107.2194,40.0123,56.9804,30.1901,11977.9826,302.3333,7.1751,0.858,0.7965,50.0
train,passive,4,896,95,16095.3036,94.9999,33.4467,31.8921,16424.4322,282.549,0.0,0.0195,0.0666,50.0
train,passive,1,256,50,11193.7665,50.07,87.5983,65.8231,11729.9776,302.3333,1664.2722,0.0047,0.6667,50.0
train,passive,4,384,50,11218.9427,49.982,31.311,50.1849,13445.8905,302.3333,27.3289,0.04,0.6661,50.0
train,passive,4,384,99999,18996.1551,127.1965,37.8836,49.6949,23559.7545,302.3333,0.0,0.0016,0.0,50.0
train,passive,2,1024,25,8451.1669,24.9837,53.3259,28.844,8938.9644,293.343,0.0,0.0,1.0,50.0
train,passive,2,384,70,13403.6795,69.982,62.4595,47.7649,14214.6688,302.3333,4.1355,1.9685,0.3983,50.0
train,passive,2,896,85,14992.3823,84.9272,60.7257,30.1399,15368.0979,302.3333,94.8306,0.0827,0.1997,50.0
train,passive,1,256,60,12288.2254,60.1105,88.6807,65.2376,13637.8571,302.3333,1949.9685,0.0066,0.5333,50.0
train,passive,1,1024,55,11743.9362,54.9742,78.4043,27.9324,13188.2836,302.3333,584.6116,0.0055,0.6,50.0
train,passive,3,768,100,16636.9081,99.9287,48.9975,32.8822,23272.0335,302.3333,0.0,0.0143,0.0,50.0
train,passive,2,384,85,15021.0261,84.9719,63.9353,47.9616,15547.1233,302.3333,0.0,0.9912,0.1992,50.0
train,passive,2,896,99999,18956.0106,126.7656,57.4189,28.7237,13039.7792,210.7338,5.2159,0.0016,0.0,50.0
train,passive,3,512,25,8465.821,25.0038,39.0088,32.537,8778.5354,294.2912,0.0,0.9956,0.9983,50.0
train,passive,2,384,60,12322.0854,59.9826,60.2475,47.9124,12023.2851,288.2328,0.5042,2.6201,0.5311,50.0
train,passive,4,896,99999,18977.7851,126.9743,37.3612,31.4195,20985.2752,302.3333,23.2259,0.0016,0.0,50.0
train,passive,2,896,55,11729.1581,54.9718,56.6616,29.7398,10723.6931,281.9641,39.5401,0.2195,0.5991,50.0
train,passive,1,896,35,9581.6357,34.9618,76.2589,28.7539,11340.9355,300.5511,519.8599,0.0018,0.8667,50.0
train,passive,1,1024,100,16636.6412,100.0363,85.828,27.9324,16279.3534,302.3333,748.7956,0.0139,0.0,50.0
train,passive,1,256,35,9565.0299,35.0468,86.0547,66.9081,11331.8455,302.3333,1178.1764,0.0019,0.8667,50.0
train,passive,2,384,25,8545.2151,25.015,55.6282,48.3282,8482.9333,277.7448,0.0,4.9004,0.9958,50.0
train,passive,4,384,65,12843.3281,64.9735,30.9304,49.8471,15227.7294,302.3333,0.0,0.0323,0.4663,50.0
train,passive,2,384,90,15559.6034,89.947,63.4862,47.3997,15375.3168,298.3782,0.0,0.6655,0.1328,50.0
train,passive,1,640,65,12846.4695,64.9942,81.3781,31.0037,14146.8905,279.7161,478.9251,0.0073,0.4667,50.0
train,passive,3,896,50,11192.2899,49.9861,43.9295,30.8185,14931.2416,302.3333,0.0,0.6784,0.6647,50.0
train,passive,3,768,30,9015.2607,30.0102,41.5061,30.6859,11661.4398,302.3333,1.907,0.9394,0.931,50.0
train,passive,4,1024,45,10648.2305,45.0055,30.4825,31.2739,10426.7042,298.0776,0.0,0.0704,0.7327,50.0
train,passive,3,896,95,16094.6332,94.8937,46.304,31.4322,19018.8252,269.3789,0.0,0.0807,0.0665,50.0
train,passive,2,384,55,11777.7247,54.9685,59.8228,47.7716,13266.2447,302.3333,0.0,2.9458,0.5975,50.0
train,passive,1,768,80,14465.0031,79.9897,83.3529,29.8044,19250.4924,302.3333,513.6563,0.01,0.2667,50.0
train,passive,2,896,80,14448.2406,79.9414,60.1678,30.2777,14284.8057,299.4457,84.5518,0.1055,0.2663,50.0
train,passive,1,512,60,12309.5309,59.9965,82.9261,32.0938,16107.0012,302.3333,458.482,0.0063,0.5333,50.0
train,passive,2,256,90,15548.9684,89.9215,66.2557,64.3269,15918.8564,302.3333,0.0,1.1287,0.133,50.0
train,passive,1,896,70,13381.323,70.01,80.6815,29.2748,12827.35,275.7508,571.8132,0.0083,0.4,50.0
train,passive,2,256,65,12879.2503,64.9582,63.3705,65.3944,13781.1297,302.3333,0.0,3.9159,0.4655,50.0
train,passive,4,640,30,9007.6461,29.9895,28.831,32.5247,11506.2766,302.3333,10.5771,0.0962,0.932,50.0
train,passive,1,896,75,13919.4234,74.9952,81.9446,29.0122,14625.4128,297.1508,601.7816,0.0092,0.3333,50.0
train,passive,2,384,30,9084.9404,30.0347,57.723,48.7862,9269.7609,281.1181,0.0,4.5746,0.9294,50.0
train,passive,1,384,65,12835.6906,65.0436,86.2053,48.4388,14583.271,302.3333,1294.0155,0.0074,0.4667,50.0
train,passive,2,1024,75,13894.5909,74.9332,59.4359,30.0546,13236.9622,294.1325,111.2,0.0095,0.3333,50.0
train,passive,3,512,60,12282.8313,60.0197,44.3371,33.9252,14913.3599,302.3333,4.9969,0.5376,0.5324,50.0
train,passive,4,640,60,12279.5506,60.0041,29.3275,32.5424,13392.913,274.3386,0.0,0.061,0.5325,50.0
train,passive,3,256,45,10667.1326,45.0299,41.9638,67.2331,11068.1907,302.3333,3.8404,31.0259,0.7261,50.0
train,passive,4,768,75,13913.274,75.0019,31.2397,32.1842,14767.701,282.7518,0.0,0.0422,0.3329,50.0
train,passive,2,896,40,10089.695,39.9866,56.6805,29.7022,10802.6303,302.3333,40.5788,0.2879,0.7988,50.0
train,passive,3,384,50,11200.8042,50.0387,42.8392,50.7323,11037.2521,286.3813,0.0758,14.4376,0.663,50.0
train,passive,3,1024,65,12825.3818,64.9207,45.5166,29.4303,19411.2961,302.3333,0.0,0.4815,0.4651,50.0
train,passive,1,512,45,10691.1792,44.984,81.8495,31.1712,14421.2878,302.3333,536.562,0.0036,0.7333,50.0
train,passive,4,384,45,10686.265,45.0122,30.4884,50.542,11576.2799,289.3779,0.0,0.0425,0.7327,50.0
train,passive,2,512,40,10113.1009,40.0307,58.865,30.5894,13398.1322,302.3333,28.7662,1.143,0.7953,50.0
train,passive,1,640,30,9062.2773,29.9734,78.1663,30.1067,10449.3048,292.2216,567.8303,0.0009,0.9333,50.0
train,passive,1,512,45,10690.5697,44.9721,81.6552,30.8233,15261.9846,302.3333,535.7167,0.0036,0.7333,50.0
train,passive,2,512,85,15023.8615,84.9687,60.2027,30.2792,14785.7321,293.1791,0.0,0.2964,0.1988,50.0
train,passive,1,256,40,10107.7881,40.0505,86.5855,66.362,11114.2807,302.3333,1351.1957,0.0028,0.8,50.0
train,passive,2,640,70,13383.348,69.9901,58.3911,30.3594,11907.0477,269.5046,10.6615,0.4361,0.3982,50.0
train,passive,4,640,50,11190.1043,49.9942,28.2173,32.4056,11997.3478,273.7902,0.0,0.0728,0.6657,50.0
train,passive,4,512,95,16090.1938,94.9963,31.5346,32.0659,22432.1278,302.3333,0.0,0.0202,0.0666,50.0
train,passive,4,768,25,8466.4706,24.9855,27.9389,31.6847,11138.9263,298.3871,0.0,0.0983,0.9988,50.0
train,passive,3,896,40,10103.0818,39.979,41.1,29.9613,11716.3914,288.2872,0.0,0.8113,0.7977,50.0
train,passive,1,896,25,8491.8855,24.9341,74.0693,28.6474,10395.0641,296.6194,501.8609,0.0,1.0,50.0
train,passive,4,256,100,16619.9259,99.9262,34.1651,66.7707,16801.2838,302.3333,6.1983,0.0142,0.0,50.0
train,passive,2,512,90,15565.9163,89.9566,61.251,30.2699,16308.5122,302.3333,0.0,0.2023,0.1325,50.0
train,passive,2,256,65,12881.923,64.9574,63.6285,65.0458,13191.117,302.3333,7.0183,3.9159,0.4655,50.0
train,passive,2,512,100,16655.7715,99.9632,63.7006,30.6774,16961.3518,302.3333,28.8941,0.0141,0.0,50.0
train,passive,2,768,25,8467.7937,25.0178,54.7096,29.5939,10614.9923,295.2174,0.0,0.7126,0.997,50.0
train,passive,3,640,65,12826.082,65.0055,44.852,33.5139,16065.0651,302.3333,0.0,0.4745,0.4657,50.0
train,passive,4,1024,35,9555.422,35.005,30.2218,31.1798,8614.293,289.358,21.2611,0.0806,0.866,50.0
train,passive,3,384,40,10111.8337,40.015,40.5272,50.3507,10081.7426,293.5608,0.0,17.3223,0.7953,50.0
train,passive,2,768,55,11733.7411,54.9754,57.9981,29.854,13948.7685,302.3333,24.8629,0.4333,0.5982,50.0
train,passive,3,640,100,16641.1044,99.9956,48.8563,34.6483,20711.9685,280.7641,0.0,0.0142,0.0,50.0
train,passive,3,1024,75,13913.7116,74.9229,46.8634,30.5598,18901.7568,302.3333,0.0,0.348,0.3322,50.0
train,passive,4,256,85,15017.4157,84.9521,33.9456,66.7155,16799.152,302.3333,0.0,0.0113,0.2,50.0
train,passive,2,256,80,14484.9764,79.9652,65.3098,65.2356,13026.3107,282.6576,0.0,2.2436,0.266,50.0
train,passive,3,896,55,11737.7232,54.968,44.2711,30.4551,16908.3532,302.0512,0.0,0.612,0.5983,50.0
train,passive,3,384,25,8474.2646,24.9954,38.0502,50.4355,8482.9333,301.7538,0.0,21.6493,0.9936,50.0
train,passive,2,768,35,9552.2294,34.992,55.7056,29.6869,11133.4434,302.3333,9.0273,0.6195,0.8641,50.0
train,passive,2,512,60,12299.1312,60.0247,59.7242,30.9093,14033.2677,302.3333,0.0,0.7667,0.5302,50.0
train,passive,3,512,85,15005.5197,85.0082,46.0857,34.7903,18707.2934,291.9478,0.0,0.2105,0.1997,50.0
train,passive,4,384,85,15010.2441,84.9825,32.7485,49.6351,17884.8548,302.3333,4.1334,0.0219,0.1998,50.0
train,passive,3,384,45,10650.6538,45.0135,42.5997,50.4835,11606.936,302.3333,25.1633,15.8799,0.7291,50.0
train,passive,3,384,90,15555.5377,90.0528,49.3213,50.3433,17455.4128,297.8241,0.0,2.8988,0.1339,50.0
train,passive,2,768,75,13913.4726,74.9619,59.9892,30.2891,13641.2508,293.7495,64.2403,0.247,0.3324,50.0
train,passive,2,512,75,13937.2577,75.0253,60.8964,31.1793,13435.6814,283.3361,0.0,0.4844,0.3314,50.0
train,passive,2,256,90,15551.9138,89.9502,66.9343,64.9961,15778.4763,302.3333,0.0,1.1287,0.133,50.0
train,passive,1,384,99999,19007.7048,127.1218,94.5941,47.719,12893.8984,257.3487,3201.9466,0.0014,0.0,50.0
train,passive,1,384,40,10131.2757,40.0257,83.871,48.9148,11957.2859,302.3333,945.3363,0.0028,0.8,50.0
train,passive,2,384,75,13939.1435,74.9668,62.5761,47.7589,13857.6051,296.7465,14.5098,1.6428,0.3319,50.0
train,passive,3,384,100,16647.2913,100.0728,51.4428,50.4411,18857.3586,293.8284,0.0,0.0141,0.0016,50.0
train,passive,1,1024,50,11193.8848,49.9574,77.795,28.1196,12819.3332,302.3333,582.0092,0.0046,0.6667,50.0
train,passive,3,640,95,16090.2461,94.9721,49.2481,34.0707,21638.3461,302.3333,30.7154,0.08,0.0665,50.0
train,passive,2,1024,65,12806.8534,64.9633,58.9804,30.4101,13072.7847,302.3333,73.4122,0.0076,0.4667,50.0
train,passive,3,896,40,10103.9223,39.9884,42.2452,30.0415,13461.0509,299.9298,0.0,0.8113,0.7977,50.0
train,passive,1,256,80,14470.07,80.1923,90.3626,64.7269,12054.5621,297.9716,2556.4078,0.0104,0.2667,50.0
train,passive,3,768,85,14998.2747,84.935,47.4614,32.4968,20011.4573,302.3333,17.5854,0.2125,0.1995,50.0
train,passive,3,512,85,15004.8582,85.0122,47.2152,34.8253,20472.2705,302.3333,0.6804,0.2105,0.1997,50.0
train,passive,3,512,85,15006.196,85.0153,47.0848,34.8224,20582.1904,302.3333,0.0,0.2105,0.1997,50.0
train,passive,2,768,90,15548.3306,89.9465,61.5963,30.4495,15229.553,296.6193,78.1408,0.1073,0.1329,50.0
train,passive,1,384,25,8501.1803,24.9866,83.083,48.7011,10919.2603,302.3333,778.1314,0.0,1.0,50.0
train,passive,2,384,85,15024.4733,84.9862,63.2327,48.0571,12951.6489,269.2904,0.0,0.9912,0.1992,50.0
train,passive,3,256,95,16106.8791,95.105,53.4881,65.3231,16250.1869,302.3333,16.0279,2.8334,0.069,50.0
train,passive,2,896,55,11728.4049,54.9759,57.9219,29.7763,12111.8978,302.3333,50.623,0.2195,0.5991,50.0
train,passive,2,640,45,10652.4114,45.0134,58.1954,30.3043,12799.0499,302.3333,22.5504,0.7876,0.7301,50.0
train,passive,1,384,30,9047.3216,30.0081,82.745,48.9434,10568.7811,297.559,816.4927,0.0009,0.9333,50.0
train,passive,2,896,30,9004.6235,30.0073,55.2254,29.5191,10693.3834,294.1276,0.0,0.3335,0.932,50.0
train,passive,1,512,45,10689.6512,44.9745,81.2598,31.0119,12759.1901,292.9971,552.4584,0.0036,0.7333,50.0
train,passive,4,896,70,13371.7452,70.002,31.2947,31.7788,12827.0084,277.7154,0.0,0.0463,0.3996,50.0
train,passive,4,384,30,9064.5928,30.0059,29.2423,50.4404,9755.373,291.4469,0.0,0.0503,0.9325,50.0
train,passive,4,256,75,13941.6796,74.9657,33.7104,67.1915,14108.4805,302.3333,15.9754,0.0095,0.3333,50.0
train,passive,1,640,40,10139.0703,39.9608,79.4582,30.0665,12844.0035,302.3333,552.4837,0.0027,0.8,50.0
train,passive,1,896,35,9576.626,34.9475,76.3361,28.7329,11912.1066,302.3333,530.4385,0.0018,0.8667,50.0
train,passive,2,1024,55,11716.8971,54.9644,57.6483,29.9331,11857.0477,302.3333,61.0639,0.0057,0.6,50.0
train,passive,1,768,90,15552.3236,90.0112,84.4716,30.0599,17622.8591,302.3333,521.8069,0.0118,0.1333,50.0
train,passive,2,1024,60,12265.2388,59.9477,55.9625,29.5693,9866.045,268.0951,58.4137,0.0067,0.5333,50.0
train,passive,3,768,99999,18968.8074,126.9413,49.073,31.6975,19392.3441,288.4683,1.982,0.0016,0.0,50.0
train,passive,4,256,99999,19022.2142,127.4555,38.3402,67.2143,19137.8749,302.3333,0.0,0.0016,0.0,50.0
train,passive,1,512,30,9072.426,29.9729,80.1706,30.4402,10997.62,297.1208,613.8803,0.0009,0.9333,50.0
train,passive,3,896,80,14458.3716,79.9309,46.8229,31.4767,19099.4176,302.3333,0.0,0.2799,0.2659,50.0
train,passive,4,896,45,10639.8232,44.9795,30.6007,31.4184,11856.5994,302.3333,27.444,0.0731,0.7326,50.0
train,passive,2,256,95,16084.8675,94.9334,67.0232,64.5249,15624.0932,297.5378,0.0,0.5713,0.0665,50.0
train,passive,3,1024,60,12282.0511,59.9446,44.4068,29.7722,15733.9067,295.7344,0.0,0.5483,0.5316,50.0
train,passive,4,384,90,15544.9653,89.9665,32.6148,49.6378,18297.6962,302.3333,10.0092,0.0193,0.1332,50.0
train,passive,1,768,40,10128.5026,39.9503,77.8063,29.333,12632.9877,302.3333,537.624,0.0028,0.8,50.0
train,passive,3,768,40,10100.819,40.0017,42.5341,31.4198,12508.7803,302.3333,3.7246,0.8073,0.798,50.0
train,passive,2,512,60,12293.7591,59.9888,58.7127,30.2762,14220.5932,302.3333,0.0,0.7667,0.5302,50.0
train,passive,3,512,25,8464.2,25.0092,39.637,32.7726,8493.9333,300.9333,0.0,0.9956,0.9983,50.0
train,passive,2,1024,100,16621.1187,99.9403,62.6728,31.1866,14319.0076,272.3216,153.0284,0.0143,0.0,50.0
train,passive,4,384,40,10145.4012,40.0162,30.576,50.7746,11917.7255,302.3333,0.0,0.0451,0.7993,50.0
train,passive,4,1024,95,16089.5514,94.9503,33.3822,31.026,16466.4468,302.3333,0.0,0.0193,0.0666,50.0
train,passive,3,896,75,13913.4886,74.9275,46.3758,30.9421,19739.1558,302.3333,0.0,0.3464,0.3324,50.0
train,passive,1,768,65,12840.5547,64.9834,80.9634,29.792,15295.7863,299.0323,522.9888,0.0073,0.4667,50.0
train,passive,1,640,50,11220.1444,49.9725,80.5514,30.6039,14316.5923,302.3333,518.2574,0.0046,0.6667,50.0
train,passive,2,768,99999,18961.1259,126.8272,60.7434,29.3633,15528.8976,249.7935,8.7223,0.0025,0.0,50.0
train,passive,4,640,35,9554.2947,34.9963,28.2083,32.6359,10898.6609,286.2636,0.0,0.0903,0.8654,50.0
train,passive,4,768,80,14458.1176,80.0066,32.0068,32.2609,15403.1462,282.3027,3.8502,0.0366,0.2663,50.0
train,passive,1,640,80,14466.3716,79.986,83.5306,31.0008,19767.526,302.3333,434.4448,0.01,0.2667,50.0
train,passive,2,896,25,8459.6944,25.0306,54.7463,29.9802,8482.9333,274.919,1.3218,0.3563,0.9985,50.0
train,passive,1,256,60,12293.2387,60.1337,88.4785,65.6799,12088.1278,302.3333,1933.28,0.0066,0.5333,50.0
train,passive,3,512,25,8464.7818,25.0221,40.0026,33.192,8748.8655,302.3333,0.0,0.9956,0.9983,50.0
train,passive,1,640,70,13387.1975,69.9952,81.674,31.0975,14662.5665,278.2144,464.3677,0.0082,0.4,50.0
train,passive,2,640,70,13379.1021,69.9895,60.0224,30.5606,14398.7773,302.3333,19.905,0.4361,0.3982,50.0
train,passive,3,640,80,14460.0856,79.9937,46.3997,33.7921,17875.4443,290.3485,0.0,0.2772,0.2661,50.0
train,passive,2,896,50,11178.4466,49.9791,57.9462,30.0246,11871.0424,302.3333,56.0321,0.2423,0.6657,50.0
train,passive,3,768,25,8468.847,25.0187,40.8638,30.8733,11597.1646,302.3333,0.0,1.0055,0.9975,50.0
train,passive,3,768,75,13914.4733,74.9549,46.1392,32.0683,18379.7461,302.3333,2.9054,0.3447,0.3325,50.0
train,passive,4,256,90,15554.9616,89.9505,33.6194,66.7196,15126.9167,299.6741,1.4824,0.0123,0.1333,50.0
train,passive,2,896,55,11723.7713,54.974,58.3045,30.0344,11931.2335,300.1595,64.3055,0.2195,0.5991,50.0
train,passive,4,384,70,13383.3258,69.9803,32.0616,49.9745,15776.5948,302.3333,17.5241,0.0297,0.3997,50.0
train,passive,2,1024,75,13891.8526,74.9243,59.6405,29.9868,14045.7644,302.3333,112.2728,0.0095,0.3333,50.0
train,passive,4,384,60,12307.51,59.9942,31.2627,49.9964,15711.8005,299.4957,0.0,0.0348,0.5329,50.0
train,passive,3,384,50,11195.9344,50.018,43.2926,50.4541,12167.8831,302.3333,22.3698,14.4376,0.663,50.0
train,passive,2,768,75,13913.6331,74.9701,60.6093,30.5075,14515.5717,302.3333,59.2145,0.247,0.3324,50.0
train,passive,3,384,95,16102.9504,95.0732,50.7098,50.5406,17904.3943,290.6021,1.2501,1.4565,0.0678,50.0
train,passive,3,768,75,13915.9471,74.9606,45.8039,32.1636,17684.0109,297.4182,0.0,0.3447,0.3325,50.0
train,passive,4,256,50,11263.8297,50.0008,32.8689,67.4949,11487.0143,302.3333,17.2485,0.0047,0.6667,50.0
train,passive,2,640,80,14469.8676,79.9736,60.4407,30.4152,14250.2126,291.4364,31.992,0.2954,0.2655,50.0
train,passive,1,256,75,13929.0003,75.1876,89.3106,65.0565,11197.3387,285.0605,2384.2736,0.0094,0.3333,50.0
train,passive,3,896,75,13916.9893,74.9535,45.6418,31.5011,15948.338,269.8083,0.0,0.3463,0.3324,50.0
train,passive,3,640,90,15550.5982,89.972,47.4731,33.5613,22418.022,302.3333,0.0,0.1457,0.1331,50.0
validation,passive,2,256,25,8567.4444,25.0294,58.8556,64.2513,5662.4889,200.7111,0.0,0.0,1.0,50.0
train,passive,3,512,50,11191.915,50.0094,41.5174,33.5472,11653.2695,281.8608,0.0,0.6685,0.6655,50.0
train,passive,1,640,60,12304.0321,59.9764,80.7878,30.5996,14418.1839,292.5797,494.0188,0.0064,0.5333,50.0
train,passive,4,256,45,10724.4617,45.0009,32.6884,67.641,10586.4377,302.3333,29.7395,0.0038,0.7333,50.0
train,passive,1,384,70,13385.9406,70.0808,86.3709,48.7926,14964.6288,302.3333,1321.7841,0.0083,0.4,50.0
train,passive,3,640,70,13369.3311,69.9964,45.5771,33.4444,16445.1208,294.9241,6.4277,0.4088,0.3992,50.0
train,passive,4,384,85,15007.5919,84.9759,32.6339,49.6351,17738.3073,302.3333,10.0654,0.0219,0.1998,50.0
train,passive,1,640,80,14463.0188,79.9803,84.0132,31.0081,19613.6716,302.3333,455.6551,0.01,0.2667,50.0
train,passive,3,384,55,11743.5241,55.0221,43.5045,50.3015,13032.087,302.3333,0.5679,12.9952,0.5968,50.0
train,passive,4,384,45,10686.3803,45.0003,30.7092,50.1582,13001.2654,302.3333,1.0523,0.0426,0.7327,50.0
train,passive,2,512,25,8483.6376,25.0651,56.9487,30.758,11462.7754,302.3333,0.4014,1.4252,0.9941,50.0
train,passive,3,512,100,16642.9708,100.0261,48.1966,35.6013,20755.6743,280.8706,0.0,0.0142,0.0,50.0
train,passive,3,384,90,15558.0841,90.0679,49.6425,50.5524,17005.6706,289.0187,0.0,2.8988,0.1339,50.0
train,passive,3,768,99999,18971.8135,126.934,49.386,31.2129,22353.7599,301.501,0.0,0.0016,0.0,50.0
train,passive,3,1024,25,8475.2975,25.0355,41.768,28.9189,10628.0242,296.7682,2.4998,1.0155,0.9967,50.0
train,passive,1,768,30,9042.6182,29.9288,76.2311,29.0146,11768.564,302.3333,540.3035,0.001,0.9333,50.0
train,passive,1,640,90,15548.1864,89.9967,84.2533,31.3949,18830.2422,302.1182,419.6472,0.0118,0.1333,50.0
train,passive,2,256,40,10208.1513,39.9743,59.9153,65.8673,10116.9994,302.3333,3.1203,6.7031,0.798,50.0
train,passive,4,768,85,15003.2564,84.9938,31.7942,31.9348,16674.9338,289.4478,0.0,0.031,0.1997,50.0
train,passive,1,384,90,15551.6831,90.1042,88.0515,48.5551,16725.1644,302.3333,1591.6879,0.012,0.1333,50.0
train,passive,1,896,45,10664.9146,44.9699,77.4129,28.9493,12294.1548,294.7752,531.193,0.0037,0.7333,50.0
train,passive,3,768,50,11191.6121,49.9867,43.3614,31.4491,14844.3878,302.3333,0.0,0.6751,0.665,50.0
train,passive,4,384,75,13927.5174,74.9716,31.9579,49.4443,19359.1553,302.3333,0.0,0.0271,0.3331,50.0
train,passive,1,256,70,13386.2009,70.1585,88.882,64.7138,11855.3435,301.5608,2240.5365,0.0085,0.4,50.0
train,passive,4,768,60,12272.8084,59.9798,31.4959,31.882,15130.2186,302.3333,29.9261,0.059,0.5327,50.0
train,passive,3,384,25,8478.0539,25.0086,37.6903,50.5627,8482.9333,282.3558,0.0,21.6493,0.9936,50.0
train,passive,1,640,65,12845.9748,64.984,82.3261,30.6345,16083.8881,302.3333,491.415,0.0072,0.4667,50.0
train,passive,4,256,50,11268.2856,50.0236,32.442,67.8538,9930.9756,285.2792,0.0,0.0047,0.6667,50.0
train,passive,3,256,45,10665.7113,45.0304,41.8683,67.4311,11787.6609,302.3333,0.0,31.026,0.7261,50.0
train,passive,1,768,70,13383.9187,70.0127,81.866,30.4272,13922.0815,279.3633,521.8144,0.0082,0.4,50.0
train,passive,1,384,50,11215.4515,50.0462,84.75,48.8685,11869.4818,288.5979,1083.5845,0.0046,0.6667,50.0
train,passive,1,768,99999,19007.2778,127.1515,93.7879,29.6247,12736.5366,206.1377,3329.1918,0.0015,0.0,50.0
train,passive,2,1024,85,14981.2971,84.9237,61.464,30.3914,15066.76,302.3333,144.0038,0.0114,0.2,50.0
train,passive,3,768,25,8468.8839,25.0245,40.9501,31.0799,11175.0833,302.3333,0.0,1.0055,0.9975,50.0
train,passive,1,256,40,10109.5639,40.0527,86.7202,66.2655,11222.5835,302.3333,1351.5199,0.0028,0.8,50.0
train,passive,1,1024,80,14458.9832,79.9944,82.0463,27.9324,14907.7895,302.3333,675.5089,0.0102,0.2667,50.0
train,passive,4,768,40,10098.4048,39.9819,29.1695,31.7265,12147.1313,302.3333,1.5313,0.0815,0.799,50.0
train,passive,4,896,70,13370.1222,69.9873,32.0781,31.3908,14708.6596,302.3333,8.8663,0.0463,0.3996,50.0
train,passive,1,640,99999,19007.5504,127.2015,93.8863,30.8683,11250.2126,203.1896,2920.8781,0.0015,0.0,50.0
train,passive,2,896,90,15539.2685,89.9445,61.8151,30.7671,15815.036,302.3333,95.3248,0.0599,0.1331,50.0
train,passive,4,1024,50,11191.9228,49.9968,30.8142,31.2087,11421.2351,302.3333,0.0,0.0653,0.6661,50.0
train,passive,3,896,75,13916.5756,74.9612,46.2407,31.6902,16183.445,272.9579,0.0,0.3463,0.3324,50.0
train,passive,1,512,85,15006.518,85.0004,84.4147,33.0436,19764.9941,302.3333,332.4402,0.0108,0.2,50.0
train,passive,2,640,90,15559.0478,89.9746,62.3768,30.8954,16113.3017,302.3333,35.5931,0.1548,0.1327,50.0
train,passive,3,1024,55,11735.235,54.9637,44.9182,29.8802,14526.1357,290.1391,14.5465,0.615,0.598,50.0
train,passive,1,512,40,10152.5941,39.9887,81.1944,31.1699,12586.0072,301.312,558.332,0.0027,0.8,50.0
train,passive,3,512,100,16639.3028,100.0132,48.5286,35.4757,21942.842,299.4822,0.0,0.0142,0.0,50.0
train,passive,2,256,99999,19132.8556,128.192,73.359,66.4852,25374.3556,302.3333,40.0672,0.0015,0.0,50.0
train,passive,4,1024,90,15550.7322,89.9783,34.431,31.1171,15881.4413,302.3333,15.6831,0.0244,0.1332,50.0
train,passive,1,1024,55,11740.3571,54.9535,77.4247,27.9324,14236.4905,302.3333,564.253,0.0056,0.6,50.0
train,passive,3,256,75,13932.0017,75.0729,48.5904,65.9722,15412.1195,302.3333,0.0,14.1104,0.3319,50.0
train,passive,2,384,65,12860.2143,64.9651,61.3619,47.5187,15783.0957,302.3333,0.0,2.2943,0.4647,50.0
train,passive,2,256,70,13414.1746,69.9448,64.0724,64.8642,16136.3977,302.3333,0.0,3.3585,0.399,50.0
train,passive,2,512,75,13929.6682,74.9858,61.1462,30.5306,15149.7326,302.3333,21.5635,0.4845,0.3314,50.0
train,passive,2,384,65,12862.3121,64.9916,61.9132,48.2123,14621.5222,302.3333,0.0,2.2943,0.4647,50.0
train,passive,3,384,55,11745.0617,55.0371,43.9067,50.6614,13072.4373,302.3333,0.0,12.9952,0.5968,50.0
train,passive,2,896,50,11181.298,49.9742,57.2332,29.7015,12504.355,302.3333,35.6153,0.2423,0.6657,50.0
train,passive,1,768,95,16092.009,95.01,83.8821,30.294,17028.2193,285.3742,507.0416,0.0128,0.0667,50.0
train,passive,4,896,60,12278.5333,59.9799,30.7769,31.3287,13519.5406,302.3333,0.0,0.0571,0.5328,50.0
train,passive,1,1024,75,13920.0616,75.0147,81.4736,28.1867,13521.4615,292.2796,650.8887,0.0093,0.3333,50.0
train,passive,4,1024,80,14458.9035,79.9725,32.7494,31.0847,14622.6496,302.3333,0.0,0.0346,0.2665,50.0
train,passive,4,640,80,14457.4876,79.9927,31.1475,32.0454,17970.4211,301.4513,1.1725,0.0376,0.2663,50.0
train,passive,4,512,55,11725.9677,54.9694,28.7514,32.5734,16033.3294,302.3333,0.0,0.0692,0.599,50.0
train,passive,1,256,40,10107.8878,40.0435,85.8798,66.2365,11144.5111,302.3333,1336.1344,0.0029,0.8,50.0
train,passive,4,640,40,10094.7663,39.9723,28.1385,32.2629,12543.662,302.3333,0.0,0.0845,0.7988,50.0
train,passive,1,384,60,12301.973,60.0589,85.4356,48.5515,13469.9087,298.5894,1204.8942,0.0064,0.5333,50.0
train,passive,4,640,40,10092.3125,39.9849,29.9202,32.629,12960.332,302.3333,28.8828,0.0845,0.7988,50.0
train,passive,2,640,85,15013.0576,84.9651,61.2325,30.4535,14771.7851,294.9392,45.3939,0.2251,0.1991,50.0
train,passive,4,512,40,10097.4465,39.9909,28.8162,32.929,13587.6025,302.3333,2.7659,0.0874,0.7986,50.0
train,passive,4,256,80,14479.3102,79.9548,33.3822,66.9098,15826.1119,302.3333,0.0,0.0104,0.2667,50.0
train,passive,1,896,70,13378.2071,69.9963,81.0853,29.0843,14309.4868,296.8538,577.4125,0.0083,0.4,50.0
train,passive,4,256,30,9123.4314,30.0497,31.8681,68.2152,8911.8193,302.3333,0.0,0.0009,0.9333,50.0
train,passive,3,640,90,15549.788,89.9748,47.783,33.6813,22254.1861,302.3333,0.0,0.1457,0.1331,50.0
train,passive,3,640,55,11735.7617,55.0044,43.8482,32.9846,15026.1873,302.3333,0.0,0.606,0.5987,50.0
train,passive,2,768,50,11187.3997,49.9906,58.302,30.1124,12451.1288,302.3333,45.033,0.4798,0.6647,50.0
train,passive,1,384,100,16642.1267,100.1276,88.7041,48.2181,17755.4301,302.3333,1707.6381,0.0138,0.0,50.0
train,passive,1,768,35,9588.5393,34.9552,77.8489,29.3015,12856.991,302.3333,544.2491,0.0018,0.8667,50.0
train,passive,3,384,55,11746.4921,55.0219,42.7564,50.1309,13056.4115,290.8835,0.0,12.9953,0.5968,50.0
train,passive,2,512,60,12301.7219,60.0282,60.1012,30.7365,14190.2311,302.3333,0.0,0.7667,0.5302,50.0
train,passive,3,896,95,16093.5054,94.9029,48.7435,31.5259,21673.3018,302.3333,4.5691,0.0807,0.0665,50.0
train,passive,4,512,25,8462.2777,25.0026,28.2384,33.702,11186.6321,302.3333,0.0,0.1058,0.9983,50.0
train,passive,4,1024,90,15552.2811,89.9757,32.7703,31.1258,14362.4466,285.8294,0.0,0.0244,0.1332,50.0
train,passive,2,512,30,9029.1655,30.0667,57.5653,31.0049,11971.7568,302.3333,0.0,1.3311,0.9278,50.0
train,passive,4,640,70,13364.018,69.9921,31.0681,32.3673,16509.2648,300.6202,14.5514,0.0493,0.3994,50.0
train,passive,1,256,80,14472.6861,80.1861,89.8716,64.4085,13481.6576,302.3333,2534.6671,0.0104,0.2667,50.0
train,passive,4,256,75,13944.5714,74.9737,33.4059,67.2853,14089.9781,302.3333,0.0,0.0095,0.3333,50.0
train,passive,3,256,25,8486.9212,24.9887,36.4169,68.1063,8482.9333,286.3164,8.4927,42.303,0.989,50.0
train,passive,2,384,45,10704.794,45.017,59.5131,48.4322,10710.5627,289.3706,0.1609,3.5973,0.7303,50.0
train,passive,1,512,95,16085.9737,94.988,84.6018,32.7947,21724.3734,298.4024,285.6259,0.0126,0.0667,50.0
train,passive,3,256,35,9572.699,34.998,39.2902,67.6721,9854.7997,302.3333,7.3275,36.6645,0.8576,50.0
train,passive,2,384,35,9618.5715,35.0026,58.8887,48.3366,11391.5509,302.3333,20.9543,4.2488,0.863,50.0
train,passive,1,256,70,13374.1444,70.1438,90.2039,65.0659,12458.8323,302.3333,2283.4318,0.0085,0.4,50.0
train,passive,2,896,60,12274.2624,59.9674,57.4,29.7862,11395.5023,285.502,49.5614,0.1967,0.5325,50.0
train,passive,4,768,90,15544.2765,89.9897,32.9508,31.9927,17735.0146,298.741,17.8204,0.0254,0.1332,50.0
train,passive,2,384,90,15556.4867,89.9506,64.7391,47.5864,15490.1028,302.3333,27.3366,0.6655,0.1328,50.0
train,passive,2,640,99999,18968.2263,126.8877,63.4357,29.876,17206.7255,279.0913,7.8334,0.0014,0.0,50.0
train,passive,1,896,50,11205.7083,49.9603,77.9901,28.7044,13246.0003,302.3333,543.3645,0.0046,0.6667,50.0
train,passive,1,512,100,16620.6549,99.9872,85.5151,33.2288,21058.4804,298.9539,293.0825,0.0135,0.0,50.0
train,passive,1,768,100,16632.6015,100.0179,85.5495,30.4423,19334.9268,300.7373,507.605,0.0137,0.0,50.0
train,passive,4,384,25,8523.2923,25.0134,29.657,50.7165,10144.9224,302.3333,0.0,0.0529,0.9991,50.0
train,passive,3,1024,50,11193.9601,49.9704,43.9741,29.4593,15319.0084,295.5293,0.0,0.6818,0.6645,50.0
train,passive,1,768,90,15549.7782,90.0257,84.5393,30.7867,17225.528,298.6347,509.0534,0.0119,0.1333,50.0
train,passive,3,768,60,12278.6845,59.9632,44.1799,31.5714,15981.6106,302.3333,0.6754,0.543,0.532,50.0
train,passive,4,1024,40,10105.2464,39.9891,28.5694,30.6542,9083.5782,279.0442,0.0,0.0755,0.7994,50.0
train,passive,4,640,90,15547.9777,89.9883,30.2509,31.9143,17728.6701,277.8889,0.0,0.0259,0.1331,50.0
train,passive,4,384,30,9065.5628,30.0096,29.7286,50.4202,10389.4005,300.5619,0.0756,0.0503,0.9325,50.0
train,passive,4,640,50,11183.8192,49.986,30.0554,32.4504,14181.8692,302.3333,18.5971,0.0727,0.6657,50.0
train,passive,2,512,75,13932.997,74.9956,61.3815,30.5317,15114.5056,302.3333,20.0974,0.4845,0.3314,50.0
train,passive,2,768,25,8468.4566,25.0479,55.2023,30.3596,8482.9333,274.2669,0.0,0.7126,0.997,50.0
train,passive,2,256,50,11278.3237,49.9872,61.1575,66.0777,9559.6493,279.636,0.0,5.5882,0.665,50.0
train,passive,2,512,95,16117.0158,94.9733,62.5449,30.366,16558.1503,302.3333,4.4879,0.1082,0.0663,50.0
train,passive,1,256,40,10109.0891,40.0441,86.071,66.1272,11292.987,302.3333,1339.0328,0.0028,0.8,50.0
train,passive,1,256,25,8474.0689,25.0109,85.0609,67.3128,10601.0268,302.3333,881.744,0.0,1.0,50.0
train,passive,1,256,90,15566.1347,90.2295,91.0056,63.9815,12878.0185,302.3333,2841.4757,0.0123,0.1333,50.0
train,passive,1,768,50,11215.3903,49.9871,79.5805,29.9727,12365.6062,287.8231,537.254,0.0045,0.6667,50.0
train,passive,3,768,100,16640.6896,99.9315,47.8326,32.7971,20872.0094,285.5159,0.0,0.0143,0.0,50.0
train,passive,3,512,45,10640.0482,45.0091,43.0421,33.6912,12448.269,302.3333,24.7665,0.7339,0.7321,50.0
train,passive,4,896,100,16640.9072,100.0068,33.8302,32.062,16102.2363,276.0505,0.0,0.0141,0.0,50.0
train,passive,1,384,60,12301.0463,60.0502,85.3412,48.3708,15173.1977,302.3333,1194.1368,0.0065,0.5333,50.0
train,passive,2,640,65,12836.9252,65.0163,59.645,30.8713,12427.8278,282.7228,16.5621,0.5063,0.4646,50.0
train,passive,3,384,95,16102.9131,95.0604,50.8586,50.1797,20681.4281,302.3333,0.0,1.4565,0.0678,50.0
train,passive,1,896,99999,19009.1228,127.1237,94.3192,28.599,15092.0488,209.1241,3768.3962,0.0015,0.0,50.0
test,passive,4,256,99999,18917.6,126.7689,38.7111,66.7808,12661.2222,200.6667,0.0,0.0015,0.0,50.0
train,passive,2,1024,45,10630.0371,44.9745,55.5242,29.5641,9228.1389,280.3167,35.4997,0.0038,0.7333,50.0
train,passive,1,896,30,9036.768,29.9445,74.397,28.7283,10471.5709,291.5445,498.968,0.0009,0.9333,50.0
train,passive,2,768,60,12280.7589,59.9802,58.8132,30.0082,14407.1286,302.3333,30.8363,0.3867,0.5318,50.0
train,passive,3,256,35,9574.9598,35.0204,39.8754,68.0704,8806.7581,292.8812,14.5804,36.6645,0.8576,50.0
train,passive,2,896,70,13358.8056,69.9548,60.3374,30.0436,13943.4183,302.3333,96.7487,0.151,0.3994,50.0
train,passive,2,896,95,16083.1821,94.9252,61.6858,30.4491,15159.2282,291.4158,118.3179,0.0371,0.0666,50.0
train,passive,1,896,75,13922.6758,75.0047,81.5722,29.09,14323.4991,289.9116,584.3067,0.0092,0.3333,50.0
train,passive,3,896,50,11191.5721,49.9828,43.7982,30.7838,14719.53,302.3333,0.0,0.6784,0.6647,50.0
train,passive,3,512,35,9552.1295,35.0064,41.8307,33.0508,10662.965,302.3333,27.4009,0.8647,0.8652,50.0
train,passive,4,896,25,8465.302,24.9902,28.3615,31.3473,9370.1831,302.3333,0.0,0.0946,0.999,50.0
train,passive,2,768,95,16092.9366,94.9423,63.0719,30.4321,16469.2452,302.3333,98.557,0.0607,0.0665,50.0
train,passive,1,384,45,10673.6543,45.0331,84.4709,48.8257,13421.763,302.3333,1004.4805,0.0037,0.7333,50.0
train,passive,3,640,75,13910.3867,74.9722,45.8738,33.3,18134.4264,302.3333,9.0356,0.343,0.3326,50.0
train,passive,2,1024,99999,18949.953,126.7074,56.0624,28.0087,14274.9434,204.7815,6.9013,0.0016,0.0,50.0
train,passive,1,256,35,9561.6362,35.0314,86.0754,66.5926,10731.6746,300.5552,1204.5083,0.0019,0.8667,50.0
train,passive,2,640,35,9565.6438,35.0403,57.2523,30.5593,11651.2587,302.3333,1.4905,0.9283,0.8628,50.0
train,passive,1,512,65,12843.1217,64.9741,83.6643,31.8277,16754.4547,302.3333,474.1743,0.0072,0.4667,50.0
train,passive,1,896,95,16095.6916,95.0448,84.7444,29.5236,15059.735,276.6733,618.4578,0.0129,0.0667,50.0
train,passive,2,1024,45,10629.7122,44.9671,56.475,29.2582,11624.9217,302.3333,41.4641,0.0038,0.7333,50.0
train,passive,3,1024,100,16635.1763,99.8432,48.0431,30.376,21780.1212,290.7371,0.0,0.0143,0.0,50.0
train,passive,3,256,90,15559.2629,90.0879,52.3991,65.5019,15828.2514,302.3333,23.9279,5.6526,0.1347,50.0
train,passive,2,640,50,11196.4032,50.0096,58.8388,30.4644,12786.5719,302.3333,32.0081,0.7173,0.6637,50.0
train,passive,3,896,100,16634.4975,99.878,47.8937,31.5907,21564.9318,295.631,0.0,0.0143,0.0,50.0
train,passive,3,256,50,11210.1713,50.0517,43.0166,67.5355,9987.8235,285.4299,4.5152,28.2067,0.6604,50.0
train,passive,2,768,90,15550.4218,89.9424,61.8584,30.1195,18289.6107,302.3333,56.6022,0.1073,0.1329,50.0
train,passive,3,1024,90,15544.3307,89.8598,47.7331,30.0791,22004.6634,302.3333,0.0,0.1478,0.1329,50.0
train,passive,2,640,50,11203.3954,50.0101,56.8575,30.1318,10895.472,279.133,4.2676,0.7173,0.6637,50.0
train,passive,1,768,75,13922.6813,74.9875,82.7522,29.8411,17912.6805,302.3333,521.8993,0.0091,0.3333,50.0
train,passive,3,256,35,9575.9963,35.0009,39.3374,67.4832,11513.2202,302.3333,0.0,36.6645,0.8576,50.0
train,passive,2,1024,80,14439.6305,79.9231,60.2897,29.9375,14714.0385,302.3333,119.0717,0.0105,0.2667,50.0
train,passive,1,1024,60,12289.195,59.9887,78.189,28.1425,11974.623,284.2986,586.0464,0.0065,0.5333,50.0
train,passive,2,896,65,12818.7041,64.9804,59.1032,30.2829,12073.8556,288.395,63.6165,0.1738,0.466,50.0
train,passive,3,256,80,14477.1049,80.0949,49.6654,66.1287,14025.229,290.5403,0.0,11.2911,0.2662,50.0
train,passive,2,1024,50,11168.1642,49.9448,56.5263,29.4024,11449.7803,302.3333,57.9137,0.0048,0.6667,50.0
train,passive,1,384,85,15011.4274,85.0903,86.6375,48.3307,15247.0271,292.2028,1521.0581,0.0111,0.2,50.0
train,passive,4,896,40,10102.5363,39.9962,28.9433,31.5044,10164.9495,290.2161,0.0,0.0785,0.7992,50.0
train,passive,2,768,70,13368.7671,69.9627,59.1318,30.1427,13698.6154,299.8944,44.2687,0.2936,0.3988,50.0
train,passive,1,896,35,9578.9203,34.9671,76.3333,29.3166,12089.2041,302.3333,503.8562,0.0018,0.8667,50.0
train,passive,1,1024,30,9024.13,29.9362,72.7799,28.1766,10376.819,289.7946,465.543,0.0009,0.9333,50.0
train,passive,1,384,25,8500.6211,24.9818,82.4131,48.7615,10994.7365,302.3333,757.623,0.0,1.0,50.0
train,passive,4,640,99999,18977.6457,126.992,37.6708,32.8042,22512.781,284.7973,0.0,0.0015,0.0,50.0
train,passive,1,384,65,12843.8666,65.0611,84.9657,48.478,13301.9347,288.2187,1260.3089,0.0074,0.4667,50.0
train,passive,3,1024,65,12825.9649,64.9269,45.5778,29.5685,17351.4398,302.3333,3.8328,0.4815,0.4651,50.0
train,passive,4,256,90,15548.8272,89.9383,33.4083,66.8816,15563.3434,302.3333,0.0,0.0123,0.1333,50.0
train,passive,3,896,60,12281.3905,59.9477,44.844,30.2873,19241.0854,302.3333,0.0,0.5456,0.5318,50.0
train,passive,1,1024,35,9568.2832,34.9425,73.556,28.1615,10890.9596,293.774,482.0087,0.0019,0.8667,50.0
train,passive,2,640,45,10655.3266,45.0181,57.8514,30.2506,13168.772,301.6007,4.7958,0.7876,0.7301,50.0
train,passive,3,1024,75,13912.8868,74.8992,46.3798,29.7887,19788.8047,302.3333,0.0,0.348,0.3322,50.0
train,passive,2,384,99999,19049.6117,127.5485,68.4471,48.3165,22094.9113,302.3333,5.5688,0.0015,0.0,50.0
train,passive,2,256,95,16088.4641,94.9361,67.0163,64.3212,15597.8682,297.2127,0.0,0.5712,0.0665,50.0
train,passive,2,256,85,15010.5943,84.9184,65.8224,64.5431,15411.557,302.3333,12.7223,1.6862,0.1995,50.0
train,passive,4,640,99999,18977.2308,126.9786,37.1709,32.512,22844.6896,289.1993,0.0,0.0015,0.0,50.0
train,passive,3,1024,70,13364.2521,69.8975,45.5966,29.6723,18136.2138,302.3333,5.0042,0.4148,0.3987,50.0
train,passive,1,640,90,15545.8587,89.9902,84.5271,31.3455,20082.6687,302.3333,420.5059,0.0118,0.1333,50.0
train,passive,1,1024,40,10113.6368,39.9517,75.4583,27.9324,12188.2423,302.3333,516.4161,0.0028,0.8,50.0
train,passive,1,1024,100,16641.0977,100.0652,86.4437,28.3869,15515.1377,299.0303,747.9055,0.0139,0.0,50.0
train,passive,2,896,95,16087.1535,94.9469,61.4589,30.7933,13908.6027,272.2791,102.3857,0.037,0.0666,50.0
train,passive,1,512,65,12848.6089,64.9777,82.8664,31.6062,17787.5617,302.3333,438.1996,0.0072,0.4667,50.0
train,passive,3,384,99999,18970.2241,126.9648,51.0569,48.835,22311.2046,302.3333,0.0,0.0015,0.0,50.0
train,passive,1,256,95,16107.2119,95.2425,91.5335,64.0202,13221.4647,302.3333,2994.8179,0.0133,0.0667,50.0
train,passive,2,384,50,11242.3842,49.9902,59.9736,47.9061,13898.5971,302.3333,0.0,3.2716,0.6639,50.0
train,passive,3,640,70,13367.563,69.9892,45.7754,33.3496,16901.6895,302.2658,14.4243,0.4088,0.3992,50.0
train,passive,3,512,60,12282.4511,60.0145,44.33,33.8014,15223.1032,302.3333,6.2073,0.5376,0.5324,50.0
train,passive,4,512,25,8464.309,24.9828,27.9389,33.074,9390.6708,275.8744,0.0,0.1058,0.9983,50.0
train,passive,4,640,80,14456.2688,79.9915,32.0146,31.9854,18484.9362,302.3333,19.9577,0.0375,0.2663,50.0
train,passive,2,512,85,15025.1436,85.0049,61.955,31.0177,14043.7993,282.0553,10.6251,0.2963,0.1988,50.0
train,passive,2,384,60,12322.3624,59.988,61.0264,47.9612,13673.6572,300.3656,0.0,2.62,0.5311,50.0
train,passive,4,768,65,12824.4004,64.9905,30.1902,31.8704,14048.0005,287.8285,0.0,0.0534,0.4661,50.0
train,passive,3,1024,40,10104.6074,39.9893,43.0969,29.2559,14344.7287,302.3333,0.0,0.8153,0.7974,50.0
train,passive,3,768,85,15003.2526,84.9605,47.4452,32.8572,18789.5161,290.0746,6.1806,0.2125,0.1995,50.0
train,passive,1,896,65,12837.8701,65.0066,80.3279,29.3237,12743.088,280.4034,565.6176,0.0073,0.4667,50.0
train,passive,4,896,40,10105.1938,39.9982,30.2531,31.1254,11397.7652,302.3333,9.4026,0.0784,0.7992,50.0
train,passive,2,256,95,16086.5791,94.9534,67.5842,64.8957,14636.5526,283.4637,4.9915,0.5712,0.0665,50.0
train,passive,4,1024,85,15005.4438,84.9756,33.4536,31.0877,16445.6575,302.3333,0.0,0.0295,0.1998,50.0
train,passive,4,256,70,13405.5421,69.9804,33.637,67.498,12821.8323,296.92,19.1014,0.0085,0.4,50.0
train,passive,2,768,50,11188.8614,50.0011,58.3239,30.3942,12373.9171,302.3333,33.4016,0.4798,0.6647,50.0
train,passive,4,512,85,14992.2504,84.9857,31.964,32.4724,20338.2141,302.3333,39.6629,0.0324,0.1997,50.0
train,passive,3,256,50,11206.8853,50.0194,42.4101,66.927,12036.2213,302.3333,0.0,28.2067,0.6604,50.0
train,passive,1,896,65,12836.7721,64.9869,80.5983,28.7923,15983.2779,302.3333,559.4945,0.0074,0.4667,50.0
train,passive,3,512,99999,18975.1283,126.9942,48.345,33.0389,16806.7528,273.2747,0.0,0.0016,0.0,50.0
train,passive,3,512,99999,18970.8959,126.9719,49.0681,32.6474,19896.7943,302.3333,0.0,0.0016,0.0,50.0
train,passive,4,512,60,12275.967,60.0122,29.8652,33.21,14831.1002,281.8624,3.6976,0.063,0.5324,50.0
train,passive,3,896,25,8470.6,25.0279,41.3335,30.1252,11406.6945,302.3333,0.0,1.0105,0.9971,50.0
train,passive,1,512,30,9073.9326,29.9754,81.0317,30.2764,13149.3266,302.3333,612.5747,0.0009,0.9333,50.0
train,passive,4,896,99999,18983.3162,126.992,36.9502,31.6384,20839.8713,302.3333,0.0,0.0016,0.0,50.0
train,passive,4,512,50,11186.5011,49.9881,28.3495,32.8158,13996.4159,289.0756,0.0,0.0753,0.6655,50.0
train,passive,2,640,90,15558.5144,89.9511,61.6068,30.2097,17316.0997,302.3333,26.9901,0.1548,0.1327,50.0
train,passive,4,256,35,9661.1396,35.0333,32.0808,67.7279,9383.843,301.9634,4.1374,0.0019,0.8667,50.0
train,passive,3,512,70,13372.5857,70.03,45.2519,34.6127,16485.5959,286.175,0.0,0.4067,0.3993,50.0
train,passive,4,640,30,9008.4464,29.9978,28.3466,32.7615,10606.7826,292.0775,0.0,0.0962,0.932,50.0
train,passive,2,512,99999,18971.7045,126.9402,65.0752,30.5848,18514.654,291.2517,0.0,0.0014,0.0,50.0
train,passive,2,1024,55,11717.4551,54.9594,57.5209,29.7152,12529.9413,302.3333,56.9459,0.0057,0.6,50.0
train,passive,4,768,80,14456.7692,79.9815,31.6956,31.6833,17105.1567,302.3333,1.0976,0.0366,0.2663,50.0
train,passive,1,512,80,14464.3766,79.9774,83.49,32.3792,19010.5542,302.3333,363.1557,0.0099,0.2667,50.0
train,passive,4,896,50,11191.9028,49.9946,30.4781,31.4012,12122.6134,301.1836,2.4558,0.0677,0.666,50.0
train,passive,3,768,75,13911.3506,74.9489,45.9177,32.1712,18278.4744,302.3333,3.3015,0.3447,0.3325,50.0
train,passive,4,1024,70,13371.975,69.9953,32.2241,31.36,12660.443,290.4428,0.0,0.0448,0.3997,50.0
train,passive,3,768,50,11191.0379,49.9829,43.3035,31.3909,14200.4725,302.3333,1.6716,0.6751,0.665,50.0
train,passive,4,1024,35,9550.7332,34.9851,30.7262,30.9061,9902.0119,302.3333,41.9893,0.0806,0.866,50.0
train,passive,1,384,100,16640.314,100.1326,88.1668,48.5448,16547.8615,289.5971,1701.2322,0.0138,0.0,50.0
train,passive,4,256,65,12867.7863,64.9639,32.5867,67.1545,13183.533,302.3333,5.7043,0.0076,0.4667,50.0
train,passive,1,512,75,13928.6302,74.9956,83.4103,32.3618,17046.7872,289.7861,392.5836,0.009,0.3333,50.0
train,passive,1,896,40,10119.8876,39.9534,76.5339,28.8456,12366.481,302.3333,521.1412,0.0028,0.8,50.0
train,passive,2,384,90,15555.6973,89.9319,63.4894,47.2574,16158.5201,302.3333,0.0,0.6655,0.1328,50.0
train,passive,3,768,60,12284.0508,59.9787,44.2906,31.5875,15246.8934,300.6674,1.7125,0.5429,0.532,50.0
train,passive,4,768,100,16639.6465,99.9902,33.5312,31.5525,19744.8123,302.3333,7.3408,0.0141,0.0,50.0
train,passive,3,384,85,15012.1121,85.0557,48.9178,50.487,17432.3957,302.3333,0.0,4.3412,0.2,50.0
train,passive,1,768,40,10127.6313,39.952,78.2086,29.3977,12643.4367,302.3333,547.9347,0.0028,0.8,50.0
train,passive,3,640,65,12826.0502,64.9937,44.8516,33.012,17194.238,300.9934,0.0,0.4745,0.4657,50.0
train,passive,1,384,100,16641.7255,100.1477,88.277,48.8849,15744.5826,280.2663,1696.4832,0.0138,0.0,50.0
train,passive,3,512,55,11733.164,55.0119,43.2895,34.06,14347.5051,302.3333,0.0,0.6031,0.599,50.0
train,passive,4,896,90,15545.6898,89.9757,33.2449,31.523,16988.9165,302.3333,9.937,0.0249,0.1332,50.0
train,passive,4,896,50,11189.3848,49.9816,29.6895,31.3112,11876.1571,297.7841,0.0,0.0678,0.666,50.0
train,passive,1,256,45,10657.6984,45.094,86.6346,66.5865,9428.7786,275.2938,1482.9391,0.0038,0.7333,50.0
train,passive,4,1024,45,10643.1049,44.9841,31.0489,30.8857,11414.2112,302.3333,22.9801,0.0704,0.7327,50.0
train,passive,1,256,65,12837.6458,65.1517,88.5012,65.4954,10920.1441,286.4986,2087.5287,0.0076,0.4667,50.0
train,passive,4,768,45,10645.4108,44.9939,28.9932,32.0138,11713.0784,291.8176,0.0,0.0759,0.7324,50.0
train,passive,2,384,65,12863.5356,65.0022,61.5897,48.3536,12218.8024,284.339,0.0,2.2942,0.4647,50.0
train,passive,3,768,95,16093.3491,94.9438,48.6381,33.0083,22862.3131,302.3333,0.0,0.0803,0.0665,50.0
train,passive,3,256,100,16653.5642,100.1196,54.4228,65.2223,17662.6276,302.3333,0.0,0.0141,0.0033,50.0
train,passive,2,896,85,14995.8839,84.9444,61.278,30.325,15221.7545,302.3333,97.2987,0.0826,0.1997,50.0
train,passive,3,384,70,13378.175,70.0557,46.6589,50.7515,13830.6133,286.7835,10.5383,8.6682,0.3984,50.0
train,passive,2,384,80,14478.8944,79.9594,63.0622,47.637,15012.0523,302.3333,3.5182,1.317,0.2655,50.0
train,passive,4,640,60,12278.8276,59.9881,30.441,31.9941,17123.1577,302.3333,0.0,0.061,0.5325,50.0
train,passive,3,256,25,8489.9542,25.0002,37.4664,68.1094,8757.0484,302.3333,3.7162,42.303,0.989,50.0
test,passive,3,1024,100,16628.8444,99.9813,51.7481,31.4039,11104.2222,201.1556,0.0,0.0146,0.0,50.0
train,passive,4,512,75,13910.1941,75.0073,30.5912,32.9253,18518.7044,302.3333,0.0,0.0447,0.3328,50.0
train,passive,3,256,75,13932.9987,75.0767,47.6981,66.1204,12806.4657,285.8979,0.0,14.1104,0.3319,50.0
train,passive,3,512,85,15001.3358,85.0135,47.7787,35.0633,19391.1889,302.3333,25.8412,0.2105,0.1997,50.0
train,passive,2,896,75,13906.6842,74.9544,60.2057,30.1142,14243.0122,302.3333,82.9809,0.1283,0.3328,50.0
train,passive,3,256,99999,18967.1657,126.9429,52.7028,64.8011,25374.3556,302.3333,0.0,0.0014,0.0,50.0
train,passive,3,1024,75,13910.4338,74.8896,46.002,29.7465,19253.366,302.3333,0.0,0.3481,0.3322,50.0
train,passive,1,896,60,12291.8408,59.9901,80.0539,29.177,13145.3188,293.6954,571.1358,0.0064,0.5333,50.0
train,passive,3,768,60,12281.7661,59.9766,44.0951,31.7441,15203.3176,296.675,0.0,0.5429,0.532,50.0
train,passive,2,640,40,10111.2837,40.0238,56.8307,30.2209,11154.7506,292.8052,5.6444,0.858,0.7965,50.0
train,passive,1,384,35,9589.4864,35.0115,82.9507,48.7472,10905.1846,294.0328,882.6068,0.0019,0.8667,50.0
train,passive,2,896,60,12272.5879,59.9668,58.6075,29.7605,13794.0459,302.3333,53.5968,0.1967,0.5325,50.0
train,passive,3,384,100,16649.1425,100.0631,51.891,49.9365,21441.2714,302.3333,0.0,0.0141,0.0016,50.0
train,passive,1,896,95,16095.3688,95.02,84.0753,28.8988,16850.1628,288.9093,610.401,0.0129,0.0667,50.0
train,passive,4,896,80,14458.0774,79.9713,31.2486,31.3046,14907.0916,292.8727,0.0,0.0356,0.2664,50.0
train,passive,1,512,95,16082.2962,94.9834,84.94,32.9235,20710.3094,302.2123,309.4039,0.0126,0.0667,50.0
train,passive,4,256,60,12339.3665,60.0032,32.0253,67.64,10463.2676,276.0903,0.0,0.0066,0.5333,50.0
train,passive,2,640,75,13924.0961,74.974,60.3567,30.2476,14897.9563,302.3333,28.2996,0.3657,0.3319,50.0
train,passive,2,512,60,12299.9066,60.0303,59.9574,31.0313,14580.4313,302.3333,0.0,0.7667,0.5302,50.0
train,passive,3,896,45,10644.7044,44.967,42.6844,30.0826,14528.8363,302.3333,0.0,0.7449,0.7312,50.0
train,passive,2,768,40,10099.9614,40.0063,56.7165,30.0955,11398.4388,302.3333,12.5525,0.5729,0.7976,50.0
train,passive,4,1024,90,15549.543,89.9819,33.8395,31.4791,15714.1193,302.3333,0.0,0.0244,0.1332,50.0
train,passive,1,640,99999,19015.1518,127.2178,94.2832,30.8349,10696.5555,198.4889,2891.5462,0.0015,0.0,50.0
train,passive,2,640,85,15016.7344,84.9775,61.5628,30.4995,15210.1079,299.5802,34.1688,0.2251,0.1991,50.0
train,passive,3,768,65,12823.1962,64.9681,45.8772,31.889,16793.9908,302.3333,25.2482,0.4768,0.4655,50.0
train,passive,1,1024,95,16099.1938,95.0392,84.1672,27.9324,14161.468,283.8654,727.1249,0.013,0.0667,50.0
train,passive,1,896,55,11749.9909,54.9695,78.2031,28.7836,12827.5329,294.1783,546.9858,0.0055,0.6,50.0
train,passive,4,256,100,16623.0973,99.928,34.2835,66.5482,18747.2723,302.3333,0.0,0.0142,0.0,50.0
train,passive,2,256,40,10204.0925,39.9646,59.8233,65.9162,10070.4142,302.0606,11.8476,6.7032,0.798,50.0
train,passive,3,1024,40,10103.1964,39.9706,42.7955,28.7772,15780.5863,302.3333,0.0,0.8153,0.7974,50.0
train,passive,2,256,50,11277.8688,49.9883,61.0547,66.1615,9351.0107,275.7522,0.0,5.5882,0.665,50.0
train,passive,3,1024,70,13369.7277,69.9065,46.0616,29.4347,20917.738,302.3333,0.0,0.4148,0.3987,50.0
train,passive,2,1024,25,8451.0272,24.9987,53.7142,29.3744,8482.9333,298.2926,0.0,0.0,1.0,50.0
train,passive,2,512,70,13391.3904,70.0107,60.686,30.6052,14762.9901,302.3333,1.7532,0.5785,0.3976,50.0
train,passive,4,384,100,16625.2071,99.9461,32.4465,49.1535,20884.4838,302.3333,0.0,0.0142,0.0,50.0
train,passive,1,640,85,15007.74,84.9935,84.0419,31.201,18889.8289,302.3333,432.8346,0.0109,0.2,50.0
train,passive,1,640,35,9602.3028,34.9724,79.4751,29.968,13406.2455,300.9959,556.0266,0.0018,0.8667,50.0
train,passive,1,384,90,15556.1941,90.103,87.7324,48.1461,17461.0678,302.3333,1578.1369,0.012,0.1333,50.0
train,passive,4,384,40,10144.4339,40.0,29.9583,50.3279,11316.016,295.5927,2.8239,0.0452,0.7993,50.0
train,passive,1,640,35,9600.3242,34.9745,79.4657,30.3061,12278.4048,302.3333,561.0173,0.0018,0.8667,50.0
train,passive,3,512,30,9007.5926,30.0001,39.9973,32.8234,9570.4891,302.3333,0.0,0.9302,0.9317,50.0
train,passive,1,768,95,16092.2732,95.0122,83.8663,30.3632,16975.6929,285.6173,504.6556,0.0128,0.0667,50.0
train,passive,3,256,50,11208.5097,50.0347,42.7484,67.2704,11432.4554,302.3333,0.0,28.2067,0.6604,50.0
train,passive,1,512,85,15003.9839,84.9683,83.0901,32.2668,19087.1173,300.5649,339.2578,0.0108,0.2,50.0
train,passive,4,256,50,11266.6859,50.0097,32.601,67.622,11489.2283,302.3333,0.0,0.0047,0.6667,50.0
train,passive,1,768,100,16630.6528,100.0082,85.0932,30.3723,18667.7398,302.2111,510.2296,0.0137,0.0,50.0
train,passive,3,256,45,10664.0029,45.0182,41.493,67.1922,11594.9873,302.3333,0.0,31.026,0.7261,50.0
train,passive,2,384,45,10704.2807,45.0023,59.4308,48.0604,11699.355,302.3333,3.3221,3.5973,0.7303,50.0
train,passive,2,1024,100,16614.7788,99.8943,62.1693,30.4165,16751.7362,302.3333,156.3317,0.0143,0.0,50.0
train,passive,2,896,25,8459.3456,25.0047,53.7914,29.3883,8482.9333,286.7435,0.0,0.3563,0.9985,50.0
train,passive,4,256,50,11264.8656,50.0057,32.3201,67.688,11399.452,302.3333,0.0,0.0047,0.6667,50.0
train,passive,1,896,55,11745.7911,54.9635,79.0914,28.8245,13692.4835,302.3333,564.9696,0.0055,0.6,50.0
train,passive,4,896,95,16090.4021,94.9742,33.9281,31.4739,18399.9679,302.3333,12.3573,0.0195,0.0666,50.0
train,passive,4,640,60,12278.6696,59.9965,30.3371,32.2812,15313.6066,302.3333,3.1316,0.061,0.5325,50.0
train,passive,2,384,99999,19054.4632,127.566,68.7744,48.4118,22268.228,295.3839,1.8275,0.0015,0.0,50.0
train,passive,3,896,30,9011.863,30.0153,42.2667,30.3093,11700.9642,302.3333,9.5134,0.9441,0.9306,50.0
train,passive,2,384,30,9078.5356,29.9969,57.3511,48.2412,10672.1057,302.3333,3.0474,4.5746,0.9294,50.0
train,passive,4,384,35,9607.1955,35.0137,29.1223,50.5352,9369.0926,276.8824,0.0,0.0477,0.8659,50.0
train,passive,4,512,35,9553.7191,34.9834,27.9389,32.8925,11500.8979,280.4778,0.0,0.0936,0.8652,50.0
train,passive,1,512,50,11233.2248,49.9861,82.4595,31.0987,14689.3562,302.3333,524.3691,0.0045,0.6667,50.0
train,passive,1,640,85,15007.4516,85.0013,83.6012,31.6016,17937.8873,300.2327,422.1921,0.0109,0.2,50.0
train,passive,1,896,45,10664.7867,44.9734,77.4626,29.0544,11785.7882,291.111,534.1968,0.0037,0.7333,50.0
train,passive,2,1024,75,13892.9422,74.9286,59.4705,30.1,14119.8392,302.3333,100.5236,0.0096,0.3333,50.0
train,passive,2,896,50,11179.7836,49.9817,57.7386,30.0328,11826.5184,302.3333,47.929,0.2423,0.6657,50.0
train,passive,4,768,95,16094.3441,95.0156,32.8468,32.4276,17067.4798,279.8529,0.0,0.0197,0.0666,50.0
train,passive,2,256,70,13414.5581,69.9488,63.101,65.0583,12563.8617,289.9312,0.0,3.3585,0.399,50.0
train,passive,2,384,100,16634.7705,99.9347,65.7986,47.3699,16962.5244,302.3333,22.911,0.014,0.0,50.0
train,passive,3,896,100,16637.5282,99.8891,49.2045,31.5163,23361.2021,302.3333,0.0,0.0143,0.0,50.0
train,passive,1,768,90,15550.2188,90.001,83.6779,30.0166,18489.4765,296.6967,503.7905,0.0119,0.1333,50.0
train,passive,2,1024,55,11718.3464,54.9696,57.792,29.984,11982.1133,302.3333,57.5921,0.0057,0.6,50.0
train,passive,3,256,90,15565.2185,90.1061,51.7742,65.7314,15322.9418,300.7212,0.0,5.6526,0.1347,50.0
train,passive,1,640,95,16088.1162,94.9966,84.9438,31.5084,21534.2557,302.3333,392.414,0.0127,0.0667,50.0
train,passive,2,640,30,9022.2689,30.0566,56.1317,30.6765,9031.91,274.1452,0.0,0.9986,0.9292,50.0
train,passive,3,512,90,15551.5331,90.0126,47.3709,34.9286,21216.0981,300.1366,0.0,0.1451,0.1331,50.0
train,passive,4,384,50,11226.7394,50.0006,30.9706,50.1939,13299.9468,302.3333,1.7889,0.04,0.6661,50.0
train,passive,3,768,99999,18973.7369,126.9615,50.0825,31.8608,21363.4224,294.9683,0.0,0.0015,0.0,50.0
train,passive,4,512,75,13909.1586,74.9895,29.7735,32.4726,17651.5055,290.7401,3.8548,0.0447,0.3328,50.0
train,passive,1,256,30,9019.7745,30.0137,85.2576,66.5658,12140.4386,302.3333,1028.7583,0.0009,0.9333,50.0
train,passive,2,768,65,12827.4801,64.9727,58.2606,29.9681,13410.3895,288.4268,28.9599,0.3401,0.4653,50.0
train,passive,3,768,60,12277.8961,59.9703,44.4322,31.8102,15127.1386,298.0458,15.4416,0.543,0.532,50.0
train,passive,4,1024,25,8469.5898,24.9964,28.2423,30.6323,8482.9333,291.2691,0.0,0.0908,0.9992,50.0
train,passive,1,640,75,13926.2747,74.9903,82.4322,31.1379,16442.8207,294.7139,452.7109,0.0091,0.3333,50.0
train,passive,4,1024,30,9013.1963,30.0039,29.291,31.0475,9243.6815,302.3333,0.0,0.0857,0.9326,50.0
train,passive,1,640,100,16628.6313,99.9983,84.5801,31.6807,19445.113,292.1376,388.806,0.0136,0.0,50.0
train,passive,3,256,70,13388.0817,70.0615,46.0707,66.2011,11611.2801,278.9349,0.0,16.9297,0.3976,50.0
train,passive,3,384,80,14470.4117,80.0499,47.5594,50.2028,15876.3342,294.2806,0.0,5.7835,0.2662,50.0
train,passive,1,384,60,12300.4463,60.0599,85.462,48.797,13940.7862,302.3333,1197.3547,0.0065,0.5333,50.0
train,passive,1,1024,95,16094.0462,95.0452,85.7385,28.1657,15072.2965,297.1967,749.0088,0.013,0.0667,50.0
train,passive,4,640,85,15002.3557,85.0023,31.9123,32.308,19098.983,302.3333,0.0,0.0317,0.1997,50.0
train,passive,4,1024,65,12827.0565,64.9838,31.9557,30.9197,13773.9713,302.3333,0.0,0.0499,0.4663,50.0
train,passive,3,640,25,8466.8118,25.0156,39.9142,31.8938,8942.5416,299.4678,0.0,1.0006,0.9979,50.0
train,passive,1,640,65,12846.5871,64.9917,82.3329,30.8111,15592.4074,302.3201,489.6498,0.0072,0.4667,50.0
train,passive,1,1024,65,12831.5728,64.9879,79.7271,27.9324,13730.4675,302.3333,614.0287,0.0074,0.4667,50.0
train,passive,3,896,90,15541.2191,89.8991,48.7079,31.5755,20868.8344,302.3333,31.3988,0.1471,0.1329,50.0
train,passive,2,640,70,13381.7869,69.9898,59.1078,30.4355,13097.488,286.6018,14.3948,0.4361,0.3982,50.0
train,passive,1,512,40,10152.3688,39.9955,81.1675,31.2659,11301.2302,282.434,563.0035,0.0027,0.8,50.0
train,passive,2,256,40,10207.488,39.9704,59.868,65.8168,10358.7914,302.3333,3.2135,6.7031,0.798,50.0
train,passive,2,512,30,9027.5513,30.0442,57.0902,30.3881,13411.5886,302.3333,0.0,1.3311,0.9278,50.0
train,passive,1,768,85,15004.6384,84.9896,83.3657,30.0076,17460.4574,302.3333,518.9876,0.011,0.2,50.0
train,passive,1,640,60,12303.9917,59.9789,81.7158,30.5795,16672.0656,302.3333,491.4041,0.0063,0.5333,50.0
train,passive,4,896,30,9012.7041,29.9934,28.1751,31.3196,8975.7145,287.6944,0.0,0.0892,0.9324,50.0
train,passive,2,1024,85,14977.2944,84.9125,61.7859,30.3031,15236.0659,302.3333,161.9099,0.0114,0.2,50.0
train,passive,4,1024,99999,18986.8602,126.9974,36.2076,31.0859,18432.8581,297.3505,0.0,0.0016,0.0,50.0
train,passive,1,896,100,16630.5367,100.0216,86.8732,29.1535,18476.727,302.3333,662.6993,0.0138,0.0,50.0
train,passive,4,384,65,12847.8744,65.0094,31.5697,50.5415,14145.2705,292.8113,0.0,0.0322,0.4663,50.0
train,passive,1,640,95,16083.9361,94.982,84.3418,31.4396,19789.2644,302.3333,405.7014,0.0127,0.0667,50.0
train,passive,2,384,100,16639.2525,99.9534,65.8045,47.644,16829.1711,302.3333,5.9658,0.014,0.0,50.0
train,passive,1,384,85,15012.9287,85.0941,87.1664,48.2566,17349.0501,302.3333,1507.0979,0.0111,0.2,50.0
train,passive,3,640,99999,18968.0897,126.9645,50.4168,32.4578,20389.4808,302.3333,21.6731,0.0016,0.0,50.0
train,passive,2,640,25,8477.4326,25.0455,54.6981,30.2647,8565.6778,273.2649,0.0,1.0689,0.9956,50.0
train,passive,1,512,99999,19015.7267,127.2419,94.7839,31.4909,11178.327,203.8604,2446.4784,0.0015,0.0,50.0
train,passive,3,768,75,13911.0512,74.9398,45.6317,31.9476,19268.5117,302.3333,0.0,0.3447,0.3325,50.0
train,passive,4,256,99999,19018.0582,127.4479,39.0017,67.2037,19285.989,302.3333,24.4565,0.0016,0.0,50.0
train,passive,3,768,30,9013.5159,30.0209,41.2083,31.3159,10712.7968,302.3333,0.0,0.9395,0.931,50.0
train,passive,1,256,99999,18997.018,126.9995,93.8683,64.3248,14322.6013,294.0298,3931.2282,0.0014,0.0,50.0
train,passive,4,1024,95,16094.1085,94.9628,34.1039,30.937,18537.5701,302.3333,0.0,0.0193,0.0666,50.0
train,passive,3,384,65,12831.5105,65.0368,45.8914,50.5291,14507.9611,302.3333,12.5532,10.1106,0.4646,50.0
train,passive,3,896,55,11737.308,54.9645,44.2643,30.3898,17137.1952,302.3333,0.0,0.612,0.5983,50.0
train,passive,1,640,99999,19012.8098,127.2005,94.2226,30.5408,12704.9269,204.4428,2883.9227,0.0015,0.0,50.0
train,passive,4,896,50,11191.1625,49.9973,30.1984,31.6505,11978.398,299.8198,0.0,0.0678,0.666,50.0
train,passive,3,384,99999,18973.4776,126.9734,50.8194,48.8568,21532.61,294.1408,0.0,0.0015,0.0,50.0
train,passive,3,640,40,10101.3514,40.0002,41.9625,32.0568,13327.3115,302.3333,0.0,0.8033,0.7983,50.0
train,passive,2,896,30,9004.0861,30.003,55.214,29.443,10936.3563,298.3704,0.0,0.3335,0.932,50.0
train,passive,2,256,80,14479.8813,79.9371,65.1326,64.8308,13781.0174,295.8714,16.3483,2.2436,0.266,50.0
train,passive,1,1024,99999,19007.5516,127.0921,93.1818,28.0481,13616.4975,198.4889,4198.5869,0.0015,0.0,50.0
train,passive,1,1024,35,9566.8275,34.9271,74.1476,27.9324,14266.2229,302.3333,477.0408,0.0019,0.8667,50.0
train,passive,1,896,35,9581.9612,34.9507,75.3807,28.5085,10983.0979,295.3276,514.4515,0.0018,0.8667,50.0
train,passive,1,256,75,13919.6388,75.161,90.6303,64.8378,12640.601,302.3333,2432.6565,0.0095,0.3333,50.0
train,passive,2,640,60,12292.4181,60.0144,58.5376,30.6335,11584.7341,275.9663,11.6824,0.5767,0.531,50.0
train,passive,2,640,75,13924.3365,74.9962,60.8741,30.8065,13479.9964,287.6101,37.4126,0.3657,0.3319,50.0
train,passive,2,896,70,13361.8776,69.9585,59.6529,30.0087,13791.7458,302.3333,75.2625,0.1511,0.3994,50.0
train,passive,2,640,100,16648.7376,99.9496,62.3875,30.5591,16259.92,298.2126,37.0348,0.0142,0.0,50.0
train,passive,4,768,45,10644.4272,44.9856,29.6874,31.7093,14194.7781,302.3333,0.0,0.0759,0.7324,50.0
train,passive,2,896,90,15541.6119,89.9364,61.2253,30.2932,15020.2038,295.649,101.7348,0.0599,0.1331,50.0
train,passive,4,640,30,9009.4464,29.9916,27.9389,32.5763,10281.6078,287.0664,0.0,0.0962,0.932,50.0
train,passive,2,384,100,16639.6841,99.9394,65.8177,47.1088,19238.9762,302.3333,0.0,0.014,0.0,50.0
train,passive,2,256,25,8602.4,24.9776,57.5444,66.3091,8618.6444,301.7111,0.0,8.3755,0.9975,50.0
train,passive,1,896,35,9576.3418,34.9605,76.4683,29.1011,10713.9623,291.7105,533.5183,0.0018,0.8667,50.0
train,passive,4,256,55,11799.2381,54.9968,32.4548,67.7319,12201.4818,302.3333,0.0,0.0057,0.6,50.0
train,passive,3,768,35,9556.3348,35.0071,41.8821,31.2148,11218.8162,298.7073,7.4032,0.8734,0.8645,50.0
train,passive,4,512,90,15543.4514,89.988,31.008,32.1015,22181.6982,302.3333,0.0,0.0263,0.1331,50.0
train,passive,3,384,85,15009.4396,85.0397,48.4691,50.2468,17584.1716,302.3333,0.0,4.3412,0.2,50.0
train,passive,2,640,70,13380.4752,69.9932,59.9023,30.5703,14021.583,299.5287,19.2303,0.4361,0.3982,50.0
train,passive,4,640,25,8463.8593,24.9945,28.3408,32.7119,10791.3363,302.3333,0.0,0.102,0.9985,50.0
train,passive,3,640,40,10102.5586,40.0037,42.1359,32.0434,12121.261,302.3333,5.2965,0.8033,0.7983,50.0
train,passive,2,768,65,12826.7986,64.9832,58.687,30.2949,12416.5716,286.1906,37.4933,0.3401,0.4653,50.0
train,passive,4,512,100,16629.9138,99.9794,30.9891,31.9747,22489.5442,302.3333,0.0,0.0141,0.0,50.0
train,passive,4,256,90,15552.3767,89.9557,33.4853,67.105,14636.2625,288.388,0.0,0.0123,0.1333,50.0
train,passive,2,256,70,13416.0616,69.9782,63.9127,65.7097,11581.7134,277.852,0.0,3.3584,0.399,50.0
train,passive,3,640,40,10103.3035,40.0056,42.2513,32.0222,12152.6412,302.3333,6.5904,0.8033,0.7983,50.0
train,passive,2,640,75,13925.2295,74.9857,60.6165,30.5249,15258.7245,302.3333,21.359,0.3657,0.3319,50.0
train,passive,1,1024,70,13374.0653,69.9862,79.8412,27.9324,13551.9004,299.2857,627.7347,0.0084,0.4,50.0
train,passive,2,1024,30,8992.4935,29.9715,54.1619,28.9746,9700.5953,302.3333,6.5623,0.001,0.9333,50.0
train,passive,4,640,85,15001.9171,84.9972,31.0506,32.2028,17841.6234,288.4523,0.0,0.0317,0.1997,50.0
train,passive,1,768,99999,19009.2544,127.17,94.2572,29.9326,12109.1435,198.4889,3338.223,0.0015,0.0,50.0
train,passive,2,256,90,15550.4968,89.9261,66.5031,64.311,17234.7119,302.3333,0.0,1.1287,0.133,50.0
train,passive,3,896,60,12281.9376,59.9557,43.8571,30.6245,15256.0535,289.7273,0.0,0.5456,0.5318,50.0
train,passive,3,640,55,11728.8194,54.9909,44.7571,32.9101,14420.1206,302.3333,39.2308,0.606,0.5987,50.0
train,passive,1,384,90,15553.3597,90.1043,87.0795,48.4809,15686.4311,293.2582,1574.0151,0.012,0.1333,50.0
train,passive,3,640,80,14459.1491,79.9754,46.4758,33.3139,20459.215,302.3333,0.0,0.2773,0.2661,50.0
train,passive,2,256,40,10204.6638,39.9578,59.0584,65.7658,10012.9475,301.3331,0.0,6.7032,0.798,50.0
train,passive,3,640,95,16096.288,94.9984,48.2728,34.491,19816.4704,280.4266,0.0,0.08,0.0665,50.0
train,passive,1,1024,80,14465.2736,80.0313,82.4935,28.3141,13417.3734,285.6837,670.6876,0.0102,0.2667,50.0
train,passive,3,256,65,12844.1073,65.0551,45.5897,66.354,13038.1173,294.109,0.0,19.7489,0.4633,50.0
train,passive,1,1024,50,11193.0925,49.9549,77.9699,28.0802,13195.6335,302.3333,585.6166,0.0046,0.6667,50.0
train,passive,4,384,60,12304.3445,59.9842,30.8777,50.0253,14363.3876,302.3333,0.0,0.0348,0.5329,50.0
train,passive,1,256,99999,18994.5199,126.9973,94.2224,64.4124,15360.8374,302.3333,3934.4799,0.0014,0.0,50.0
train,passive,2,256,45,10743.723,44.9685,60.5976,65.5718,10805.0069,302.3333,4.7429,6.1457,0.7315,50.0
train,passive,4,1024,35,9557.7224,34.995,30.2549,30.7101,9906.8912,302.3333,18.8343,0.0806,0.866,50.0
train,passive,4,640,45,10644.5274,44.9939,28.2907,32.5344,12159.1868,287.3187,0.0,0.0786,0.7323,50.0
train,passive,1,512,99999,19013.8595,127.2353,93.9918,31.3999,12238.8647,208.8291,2449.2622,0.0015,0.0,50.0
train,passive,3,384,65,12835.4088,65.0467,45.7978,50.5725,14612.2368,302.3333,0.0,10.1105,0.4646,50.0
train,passive,2,512,85,15027.566,84.9876,61.4313,30.4043,15341.7801,299.6018,1.6443,0.2963,0.1988,50.0
train,passive,4,1024,30,9016.2943,30.0013,29.6001,30.5865,9346.551,302.3333,6.7525,0.0857,0.9326,50.0
train,passive,4,640,85,15001.3662,84.9823,31.6154,31.7208,21642.8877,302.3333,0.0,0.0317,0.1997,50.0
train,passive,4,640,55,11731.6135,55.0006,30.0593,32.7788,15056.9902,302.3333,0.0,0.0669,0.5991,50.0
train,passive,1,384,100,16636.057,100.1165,88.6724,48.3462,17545.2682,302.3333,1721.1167,0.0139,0.0,50.0
test,passive,1,1024,25,8528.0222,25.0551,81.1111,28.3287,7904.0444,298.1556,485.7333,0.0,1.0,50.0
train,passive,2,896,70,13363.8683,69.9559,58.2672,29.9268,12137.0001,282.3217,63.5445,0.1511,0.3994,50.0
train,passive,3,896,75,13915.6298,74.9299,45.0548,31.0037,16943.9973,283.0436,0.0,0.3464,0.3324,50.0
train,passive,1,1024,35,9568.5804,34.9583,74.2367,28.5127,10627.7425,290.3118,484.4791,0.0018,0.8667,50.0
train,passive,1,512,90,15546.4401,89.9785,83.7361,32.4411,20594.4516,297.3614,310.3074,0.0117,0.1333,50.0
train,passive,4,768,35,9554.7467,34.9924,29.0839,31.9632,12036.5553,302.3333,0.0,0.0871,0.8656,50.0
train,passive,3,384,40,10113.685,40.0259,41.4374,50.4015,10437.8476,301.8901,4.8925,17.3222,0.7953,50.0
train,passive,3,640,25,8462.1387,24.9912,39.4913,31.5387,9505.4591,302.3333,0.0,1.0006,0.9979,50.0
train,passive,3,512,55,11737.4374,55.0288,42.9132,34.1451,12210.3392,277.0843,0.0,0.603,0.599,50.0
train,passive,4,1024,100,16638.623,99.9693,34.6903,31.225,17770.489,302.3333,0.0,0.0142,0.0,50.0
train,passive,1,640,40,10142.5273,39.9736,80.1737,30.0812,12876.4195,302.3333,561.5309,0.0027,0.8,50.0
train,passive,3,512,70,13369.5912,70.0163,45.1972,34.5428,16900.4169,302.3333,0.0,0.4068,0.3993,50.0
train,passive,1,896,95,16090.1045,95.0076,84.2423,28.9385,16787.9627,302.3333,619.8198,0.0129,0.0667,50.0
train,passive,4,512,75,13910.74,75.0105,30.2123,32.9017,17114.1421,282.8446,0.0,0.0446,0.3328,50.0
train,passive,3,256,30,9033.3673,30.019,38.725,68.2152,9404.0895,302.3333,0.0,39.4837,0.9233,50.0
train,passive,1,256,80,14474.5642,80.2064,89.7598,64.8641,11250.8539,283.4769,2533.8684,0.0104,0.2667,50.0
train,passive,4,512,40,10097.6673,39.986,27.9389,32.903,12508.8719,286.3534,0.0,0.0875,0.7986,50.0
train,passive,4,768,55,11734.9743,54.9846,29.6454,31.6736,14234.1759,295.2944,0.0,0.0647,0.5992,50.0
train,passive,1,768,25,8507.977,24.9698,76.3959,29.617,9449.8361,283.377,542.6849,0.0,1.0,50.0
train,passive,2,512,40,10119.0296,40.037,57.7105,30.4642,13206.0746,301.2992,0.0,1.143,0.7953,50.0
train,passive,3,640,90,15545.9999,89.9731,48.3086,33.8644,21318.6443,302.3333,16.8888,0.1457,0.1331,50.0
train,passive,1,768,60,12297.6898,59.9783,80.3085,29.7792,13922.2097,294.9791,534.4709,0.0064,0.5333,50.0
train,passive,3,896,100,16632.6561,99.8913,49.4905,31.9955,22414.8302,302.3333,13.0157,0.0143,0.0,50.0
train,passive,1,512,100,16626.52,99.9823,83.836,32.8368,20403.3826,286.8676,263.3438,0.0135,0.0,50.0
train,passive,4,640,99999,18970.9959,126.9529,37.2265,32.2318,24135.0958,302.3333,2.3299,0.0016,0.0,50.0
train,passive,3,640,65,12826.3911,64.9955,44.9975,33.0461,16284.052,302.3333,2.2744,0.4745,0.4657,50.0
train,passive,4,640,65,12818.4379,64.9739,29.9052,32.0485,16381.8842,302.3333,0.0,0.0552,0.466,50.0
train,passive,4,896,99999,18985.7841,127.0043,37.0195,31.7253,19799.6946,291.2578,0.0,0.0016,0.0,50.0
train,passive,3,512,35,9557.3309,35.0187,41.4315,33.1146,10679.3447,302.3333,2.2492,0.8647,0.8652,50.0
train,passive,3,768,35,9558.9247,35.0062,41.9,30.984,11703.1543,302.3333,3.7195,0.8734,0.8645,50.0
train,passive,3,256,55,11748.8528,55.0418,44.9126,67.1538,11553.0747,302.3333,33.0221,25.3874,0.5947,50.0
train,passive,1,896,95,16090.9768,95.0184,84.6898,29.1365,16680.1176,301.7276,621.859,0.0129,0.0667,50.0
train,passive,4,1024,25,8469.1635,24.9961,28.924,30.5973,10386.7588,302.3333,0.0,0.0908,0.9992,50.0
train,passive,4,256,90,15551.8648,89.9391,33.9537,66.58,18461.1192,302.3333,0.0,0.0123,0.1333,50.0
train,passive,4,256,80,14482.2804,79.9649,32.2255,67.1051,12682.6348,276.7733,0.0,0.0104,0.2667,50.0
train,passive,4,384,50,11224.2195,49.9854,29.8868,50.0509,12663.8518,297.9443,0.0,0.04,0.6661,50.0
train,passive,3,384,50,11197.2335,50.0057,42.4144,50.0909,13565.6973,302.3333,0.0,14.4376,0.663,50.0
train,passive,3,1024,30,9015.9995,30.009,42.491,28.8431,12284.095,302.3333,14.2043,0.9487,0.9303,50.0
train,passive,4,256,85,15013.2675,84.9476,33.2946,66.9863,14098.3283,292.3435,14.3233,0.0114,0.2,50.0
train,passive,1,256,25,8471.3004,24.9877,84.4723,66.8185,10710.2353,302.3333,886.7054,0.0,1.0,50.0
train,passive,4,640,95,16090.6802,95.0053,32.3579,32.4654,20402.1827,302.3333,0.0,0.02,0.0666,50.0
train,passive,3,256,55,11755.339,55.059,43.8983,67.2833,10561.4777,285.034,0.0,25.3874,0.5947,50.0
train,passive,4,896,90,15547.7669,89.9836,32.8507,31.6341,16316.0638,295.3601,0.0,0.0249,0.1332,50.0
train,passive,2,256,100,16621.9256,99.9461,68.0132,64.6229,15601.1529,287.538,0.0,0.0138,0.0,50.0
train,passive,1,896,40,10123.6434,39.9626,75.713,28.8583,10460.313,278.7919,516.231,0.0028,0.8,50.0
train,passive,4,256,35,9659.1828,35.0236,31.0736,67.7483,8905.5914,292.0239,0.0,0.0019,0.8667,50.0
train,passive,3,640,85,15003.7998,84.9775,47.0029,33.6495,19749.5198,302.3333,0.4285,0.2115,0.1996,50.0
train,passive,3,256,35,9578.5483,35.0123,38.3853,67.7693,8482.9333,285.4167,0.0,36.6645,0.8576,50.0
train,passive,4,640,99999,18975.7881,126.9777,37.5513,32.555,23349.7995,296.91,0.0,0.0015,0.0,50.0
train,passive,2,256,35,9666.7796,34.9622,59.4534,66.0498,9414.5304,302.3333,28.7297,7.2606,0.8645,50.0
train,passive,3,512,75,13916.0607,75.0269,45.6341,34.8537,16449.1721,286.0088,0.0,0.3413,0.3328,50.0
train,passive,1,512,80,14468.2905,79.9972,83.4779,32.5764,17374.9214,284.0389,365.3169,0.0099,0.2667,50.0
train,passive,3,896,75,13909.7166,74.9089,45.2484,30.8224,18284.8129,302.3333,0.0,0.3464,0.3324,50.0
train,passive,4,256,40,10195.7801,40.0418,32.1387,68.2152,9162.1002,291.1216,0.0,0.0028,0.8,50.0
train,passive,3,896,65,12823.2419,64.9357,44.9582,30.5795,18152.8994,302.3333,0.0,0.4792,0.4653,50.0
train,passive,4,256,65,12869.9526,64.9774,32.6738,67.4744,13283.9871,302.3333,0.0,0.0076,0.4667,50.0
train,passive,1,1024,60,12289.4996,59.9935,78.2979,28.2441,11753.4663,281.358,585.9723,0.0065,0.5333,50.0
train,passive,1,384,55,11754.654,55.0496,85.6493,48.8588,12501.7076,294.3508,1164.442,0.0055,0.6,50.0
train,passive,1,512,50,11232.0223,49.9798,82.2508,31.0151,15442.2687,302.3333,518.0203,0.0045,0.6667,50.0
train,passive,2,640,50,11202.1759,50.0364,58.2407,30.835,10823.4064,276.5689,9.4389,0.7173,0.6637,50.0
train,passive,4,256,85,15013.0565,84.9477,33.3646,67.0711,15323.3843,302.3333,0.0,0.0114,0.2,50.0
test,passive,1,1024,100,16617.5778,99.9057,86.7111,27.6564,14260.7556,298.0222,1553.1333,0.0142,0.0,50.0
train,passive,4,384,50,11224.4173,49.9852,29.7832,50.0394,12539.1335,296.2729,0.0,0.04,0.6661,50.0
train,passive,1,768,75,13926.5508,74.9905,80.66,29.8751,13979.4395,273.0058,509.755,0.0092,0.3333,50.0
train,passive,3,768,100,16634.9251,99.9213,48.5091,32.8862,22361.1085,302.3333,0.0,0.0143,0.0,50.0
train,passive,4,768,80,14455.8016,79.9778,31.553,31.6693,17559.7066,302.3333,0.0,0.0366,0.2663,50.0
train,passive,4,384,60,12306.5503,60.0043,31.4199,50.4875,14379.9869,302.3333,0.0,0.0348,0.5329,50.0
train,passive,1,512,55,11770.8444,54.9861,81.8292,31.5037,14175.1848,289.7457,489.7214,0.0054,0.6,50.0
train,passive,4,512,30,9004.4023,29.9847,29.0057,33.1062,12397.0792,302.3333,22.9705,0.0997,0.9317,50.0
train,passive,2,896,30,9003.2683,30.005,55.3452,29.6419,10758.3777,302.3333,0.0,0.3335,0.932,50.0
train,passive,2,384,55,11784.2382,55.0045,59.92,48.2999,10946.5659,278.5688,0.0,2.9458,0.5975,50.0
train,passive,3,384,45,10656.5663,45.0177,40.964,50.3433,10344.2702,286.3254,0.0,15.8799,0.7291,50.0
train,passive,4,1024,60,12279.8554,59.9742,30.6535,30.8516,11990.6751,298.0849,0.0,0.0551,0.5329,50.0
train,passive,4,1024,100,16639.8442,99.9909,34.9579,31.9173,16963.9571,302.3333,0.0,0.0142,0.0,50.0
train,passive,2,896,30,9003.6709,30.0117,55.0521,29.7673,8781.0382,287.4041,5.6444,0.3335,0.932,50.0
train,passive,4,896,70,13370.5606,69.986,31.7934,31.3348,16092.7888,302.1164,0.0,0.0463,0.3996,50.0
train,passive,3,640,80,14460.8385,80.0017,46.7094,34.0091,18184.4151,296.1913,0.0,0.2772,0.2661,50.0
train,passive,2,256,35,9668.2194,34.9523,58.4628,65.7769,10362.0671,302.3333,0.0,7.2606,0.8645,50.0
train,passive,4,896,75,13913.1373,74.978,31.8856,31.365,15768.2362,302.3333,0.0,0.041,0.333,50.0
train,passive,3,1024,90,15547.9745,89.8691,48.2973,29.9855,22207.1217,302.3333,0.0,0.1478,0.1329,50.0
train,passive,2,384,70,13401.9381,69.989,61.8494,48.1509,12615.7509,284.8899,0.0,1.9685,0.3983,50.0
train,passive,3,896,85,15005.4634,84.9457,47.2918,31.9827,17610.0366,271.3206,0.0,0.2135,0.1994,50.0
train,passive,3,256,75,13930.0815,75.0798,48.9043,66.3665,14128.2412,302.3333,5.7098,14.1104,0.3319,50.0
train,passive,1,640,70,13385.6629,69.9998,82.6243,31.3105,15945.97,297.5161,467.2429,0.0081,0.4,50.0
train,passive,1,512,25,8535.7916,24.9797,80.9221,30.1214,11110.5197,302.3333,649.7586,0.0,1.0,50.0
train,passive,3,384,100,16647.6295,100.0675,52.2115,50.1543,19748.5844,302.3333,17.0954,0.0141,0.0016,50.0
train,passive,4,384,25,8524.4246,25.0187,29.9053,50.7813,10774.4095,302.3333,0.0,0.0529,0.9991,50.0
train,passive,1,384,85,15008.2868,85.0873,87.752,48.3513,16791.0929,302.3333,1535.5539,0.0111,0.2,50.0
train,passive,1,512,70,13388.6096,69.9783,82.2035,31.8499,16083.2467,287.0668,416.4293,0.0081,0.4,50.0
train,passive,3,256,40,10122.2431,40.0425,40.7373,68.0767,8482.9333,278.5585,2.6268,33.8452,0.7919,50.0
train,passive,4,768,35,9555.072,34.9939,29.0078,31.9578,11644.2899,298.8483,0.0,0.0871,0.8656,50.0
train,passive,1,512,65,12845.7838,64.9732,82.5663,31.7136,15599.1204,293.8074,461.2775,0.0072,0.4667,50.0
train,passive,2,768,25,8462.3679,25.0011,54.7111,29.5324,10854.6004,302.3333,0.0,0.7126,0.997,50.0
train,passive,4,768,85,14999.5595,84.9793,32.0997,31.766,17673.66,302.3333,6.3261,0.031,0.1997,50.0
train,passive,3,640,95,16090.446,94.9627,47.8163,34.0121,21731.481,302.3333,0.0,0.08,0.0665,50.0
train,passive,4,1024,70,13370.0831,69.9912,32.3792,31.5068,13778.1431,302.3333,0.0,0.0449,0.3997,50.0
train,passive,4,1024,95,16096.2798,94.9711,34.4298,30.9718,18129.1022,302.3333,0.0,0.0193,0.0666,50.0
train,passive,2,384,55,11782.7067,55.0057,60.6876,48.4803,12450.7576,302.3087,0.0,2.9458,0.5975,50.0
train,passive,4,512,55,11731.2738,55.0014,29.7408,33.0787,15957.8337,302.3333,0.0,0.0691,0.599,50.0
train,passive,4,512,65,12821.5669,65.0023,30.2928,32.8412,17444.84,302.3333,0.0,0.0569,0.4659,50.0
train,passive,2,384,100,16643.5705,99.9464,63.776,47.2679,14760.179,275.3441,0.0,0.014,0.0,50.0
train,passive,1,1024,55,11743.5773,54.9764,77.9916,28.1293,13590.2576,302.3333,565.7487,0.0056,0.6,50.0
train,passive,2,384,80,14480.7368,79.9625,62.6929,47.6272,14557.1503,297.9771,0.0,1.317,0.2655,50.0
train,passive,3,1024,45,10650.2555,44.9771,43.7057,29.1578,14398.2358,302.3333,4.3822,0.7485,0.7309,50.0
train,passive,4,1024,75,13916.2078,74.9925,32.7561,31.4483,13810.8905,300.9174,0.0,0.0397,0.3331,50.0
train,passive,3,768,75,13915.9152,74.9588,46.37,32.0369,19264.0608,302.3333,0.0,0.3447,0.3325,50.0
train,passive,4,384,45,10684.1647,45.0041,30.8144,50.4964,12651.69,302.3333,2.035,0.0426,0.7327,50.0
train,passive,2,512,90,15573.0799,90.0051,61.9419,31.0374,14100.3119,275.3644,0.0,0.2022,0.1325,50.0
train,passive,2,512,70,13387.3741,70.0082,60.8356,30.7775,14051.8657,297.3359,17.0151,0.5785,0.3976,50.0
train,passive,2,384,45,10704.223,45.0184,59.196,48.5585,10201.1452,280.6483,0.0,3.5973,0.7303,50.0
train,passive,3,384,45,10655.6287,45.0307,41.738,50.695,10298.2394,287.0606,0.0,15.8799,0.7291,50.0
train,passive,1,512,90,15542.0568,89.9622,83.2264,32.3672,19948.0721,302.3333,313.7437,0.0117,0.1333,50.0
train,passive,3,896,95,16090.5012,94.903,48.4346,31.8881,21644.6742,302.3333,0.0,0.0807,0.0665,50.0
train,passive,2,896,25,8458.4015,25.0144,54.4234,29.6618,8482.9333,288.2873,0.0,0.3563,0.9985,50.0
train,passive,2,768,50,11189.5304,49.9846,56.958,29.932,11691.8396,296.712,21.7159,0.4798,0.6647,50.0
train,passive,3,896,100,16635.9152,99.8876,48.2751,31.7201,21413.4014,291.6381,0.0,0.0143,0.0,50.0
train,passive,4,256,95,16084.6232,94.9347,33.8208,66.8625,15385.2035,294.8179,14.4586,0.0133,0.0667,50.0
train,passive,4,1024,50,11193.579,49.9919,29.9605,30.9395,10195.6433,285.045,0.0,0.0653,0.6661,50.0
train,passive,4,384,100,16628.7519,99.9608,33.0353,49.2561,21798.0,302.3333,0.0,0.0141,0.0,50.0
train,passive,3,640,70,13371.2409,69.9946,44.8706,33.3922,16365.1197,294.6621,0.0,0.4088,0.3992,50.0
train,passive,1,640,60,12304.6952,59.9944,81.6377,30.9945,14425.9197,292.6619,496.2742,0.0063,0.5333,50.0
train,passive,1,256,65,12838.3168,65.1451,87.9314,65.4075,11258.2509,293.6086,2075.9785,0.0076,0.4667,50.0
train,passive,3,768,60,12273.046,59.9658,45.6416,31.9065,15947.8118,302.3333,42.2655,0.5429,0.532,50.0
train,passive,2,512,65,12837.9726,65.0013,60.9948,30.6602,14439.2244,302.3333,38.0625,0.6726,0.4639,50.0
train,passive,2,896,60,12272.7989,59.9792,58.4162,30.1225,12631.3831,290.0537,47.9449,0.1967,0.5325,50.0
train,passive,3,512,100,16641.3636,100.0213,49.0665,35.5489,23320.0626,302.3333,0.0,0.0142,0.0,50.0
train,passive,2,896,99999,18957.8534,126.7683,57.8531,28.5942,13367.6516,218.5149,10.5563,0.0015,0.0,50.0
train,passive,3,640,50,11192.6666,50.0211,43.0193,33.0253,11947.4716,279.9243,0.0,0.6718,0.6653,50.0
train,passive,1,768,30,9045.6453,29.9448,76.6807,29.2063,11533.5504,302.3333,542.555,0.0009,0.9333,50.0
train,passive,3,896,80,14456.7502,79.9153,47.151,31.009,21101.8977,302.3333,0.5797,0.2799,0.2659,50.0
train,passive,3,384,70,13379.1575,70.0553,46.6419,50.8338,15335.8995,302.3333,0.0,8.6682,0.3984,50.0
train,passive,3,1024,99999,18979.9778,126.9401,51.6148,30.3133,18964.5556,301.3333,56.7333,0.0014,0.0,50.0
train,passive,1,1024,50,11198.8297,49.9706,76.6123,28.2577,11547.8025,290.2149,546.7276,0.0046,0.6667,50.0
train,passive,1,640,40,10142.0322,39.9637,79.9474,29.8399,15273.5712,302.3333,541.5858,0.0027,0.8,50.0
train,passive,4,768,30,9010.599,29.9937,28.2338,32.0153,10053.8819,293.9177,0.0,0.0927,0.9322,50.0
train,passive,2,1024,25,8453.1048,24.995,54.4084,28.9171,8836.8146,302.3333,5.5041,0.0,1.0,50.0
train,passive,4,896,65,12826.8386,64.9867,30.6417,31.342,13049.1046,289.6881,0.0,0.0517,0.4662,50.0
train,passive,2,896,25,8455.534,25.0002,55.0463,29.3955,10023.4994,302.3333,12.3302,0.3563,0.9985,50.0
train,passive,2,256,90,15547.643,89.935,67.2995,64.705,15531.0716,302.3333,23.0715,1.1287,0.133,50.0
train,passive,1,768,99999,19012.8483,127.1619,92.628,29.6195,10669.1457,198.4889,3318.878,0.0015,0.0,50.0
train,passive,3,1024,100,16632.4748,99.8366,48.1206,30.3886,21780.3666,298.7234,0.0,0.0143,0.0,50.0
train,passive,2,640,35,9564.8316,35.0386,57.1064,30.5857,11560.7578,302.3333,0.4008,0.9283,0.8628,50.0
train,passive,3,768,40,10101.5607,39.9898,42.4908,30.9418,14658.886,302.3333,0.0,0.8073,0.798,50.0
train,passive,4,256,65,12866.0941,64.9733,33.8896,67.3979,13147.6936,302.3333,36.4827,0.0076,0.4667,50.0
train,passive,1,256,25,8476.74,25.0141,83.9844,67.2113,8482.9333,270.5966,878.3257,0.0,1.0,50.0
train,passive,1,512,35,9613.3463,34.9735,79.7436,30.5663,10353.2711,279.1676,590.0893,0.0018,0.8667,50.0
train,passive,4,256,55,11801.2982,54.9984,32.6216,67.5265,12677.1218,302.3333,0.0,0.0057,0.6,50.0
train,passive,1,512,50,11231.8939,49.9872,82.3091,31.2908,14605.6511,302.3333,519.2028,0.0045,0.6667,50.0
train,passive,2,512,85,15022.7007,84.9768,62.123,30.3702,17297.6979,302.3333,10.4576,0.2963,0.1988,50.0
train,passive,1,256,50,11200.7301,50.1007,87.3258,66.2145,10287.3894,285.9904,1643.0475,0.0047,0.6667,50.0
train,passive,1,640,55,11760.4782,54.9744,81.3752,30.5891,14389.1519,302.3333,528.3555,0.0054,0.6,50.0
train,passive,1,384,99999,19001.8051,127.112,94.7986,47.8545,12785.3242,255.0111,3218.4717,0.0014,0.0,50.0
train,passive,1,640,99999,19011.6954,127.2067,93.9249,30.8475,10561.0338,198.4889,2886.1902,0.0015,0.0,50.0
train,passive,4,384,50,11226.4481,50.0182,31.1738,50.8661,13134.4718,302.3333,0.0,0.04,0.6661,50.0
train,passive,4,384,70,13385.4116,69.9915,31.8918,50.1536,15006.5048,294.8243,9.5276,0.0296,0.3997,50.0
train,passive,3,640,50,11191.5758,49.9908,42.9463,32.222,15886.4967,302.3333,0.0,0.6718,0.6653,50.0
train,passive,2,768,40,10100.7705,39.9999,55.9821,29.878,10608.2167,292.9524,10.9579,0.5729,0.7976,50.0
train,passive,2,768,45,10639.1521,44.9918,58.3631,30.1216,11958.2375,302.3333,60.0543,0.5264,0.7312,50.0
train,passive,3,896,50,11194.8257,50.0043,43.6171,31.0438,12290.3163,272.7029,0.0,0.6784,0.6647,50.0
train,passive,4,1024,80,14461.4226,79.9818,33.5669,31.049,14760.6245,302.3333,13.1521,0.0346,0.2665,50.0
train,passive,1,768,40,10132.7205,39.9824,78.3826,29.931,11645.7269,293.782,532.964,0.0027,0.8,50.0
train,passive,3,384,80,14466.1902,80.0509,48.4494,50.5024,16679.4771,302.3333,9.6775,5.7835,0.2662,50.0
train,passive,4,256,55,11799.6528,54.9817,32.294,67.1381,13635.873,302.3333,0.0,0.0057,0.6,50.0
train,passive,1,384,80,14472.177,80.0877,86.6292,48.2486,15343.7933,300.6913,1454.6658,0.0101,0.2667,50.0
train,passive,4,896,45,10642.85,44.987,30.4172,31.4351,11891.7249,302.3333,15.5774,0.0731,0.7326,50.0
train,passive,2,256,30,9138.1187,29.9724,58.3837,65.9716,10945.0558,302.3333,0.0,7.818,0.931,50.0
train,passive,3,640,35,9558.1334,35.0042,39.9869,31.977,9431.2497,281.1361,0.0,0.8691,0.8648,50.0
train,passive,3,512,30,9008.3243,30.0005,40.1138,32.7568,9660.9623,302.3333,0.7333,0.9302,0.9317,50.0
train,passive,1,896,50,11209.6069,49.9747,78.6375,28.7624,13334.4928,302.3333,547.3163,0.0046,0.6667,50.0
train,passive,1,640,55,11761.9255,54.9627,79.7861,30.3141,13647.0404,293.3339,504.0572,0.0055,0.6,50.0
train,passive,3,256,25,8483.1697,24.972,36.412,67.9234,8887.5083,302.3333,0.0,42.303,0.989,50.0
train,passive,3,384,45,10651.1279,45.0107,42.2175,50.4114,11618.8257,302.3333,16.1868,15.8799,0.7291,50.0
train,passive,3,896,85,14999.1576,84.9012,46.8551,31.2676,20154.3054,302.3333,0.0,0.2136,0.1994,50.0
train,passive,4,768,80,14458.8154,79.9846,32.0283,31.5635,18452.4616,302.3333,0.0,0.0366,0.2663,50.0
train,passive,3,896,80,14461.0156,79.92,45.0219,31.0719,17051.7936,274.1458,0.0,0.28,0.2659,50.0
train,passive,3,1024,30,9017.6925,30.0099,41.7328,28.8362,11726.7022,299.9113,0.0,0.9487,0.9303,50.0
train,passive,4,1024,30,9015.7109,30.0209,29.1342,31.256,8482.9333,274.4377,0.0,0.0857,0.9326,50.0
train,passive,4,512,95,16087.0432,94.9948,31.7947,32.2407,21661.6676,302.3333,15.2851,0.0202,0.0666,50.0
train,passive,3,256,65,12840.5118,65.0611,46.7189,66.7332,13047.8704,302.3333,11.2392,19.7489,0.4633,50.0
train,passive,4,256,65,12868.2585,64.9612,32.2164,67.0851,13194.2571,302.3333,0.0,0.0076,0.4667,50.0
train,passive,3,640,70,13367.1627,69.9898,45.9228,33.4176,17192.8501,302.3333,13.9235,0.4088,0.3992,50.0
train,passive,4,768,99999,18974.9585,126.9569,36.5547,31.6759,22604.6899,302.3333,0.0,0.0016,0.0,50.0
train,passive,4,640,50,11181.6043,49.98,30.5141,32.3764,14966.8515,302.3333,29.4876,0.0727,0.6657,50.0
train,passive,4,1024,35,9559.0129,34.9895,29.7047,30.5118,11757.8936,302.3333,0.0,0.0806,0.866,50.0
train,passive,2,512,60,12300.9993,60.0193,59.8054,30.4813,13988.8582,302.3333,5.1686,0.7667,0.5302,50.0
train,passive,4,256,80,14480.4642,79.9586,32.5682,67.0269,13379.9328,286.9579,0.0,0.0104,0.2667,50.0
train,passive,3,896,70,13365.0831,69.9334,46.4386,30.9751,18199.7196,302.3333,22.3302,0.4128,0.3988,50.0
train,passive,4,512,40,10096.5832,39.9794,28.8438,32.6314,16521.9023,302.3333,0.0,0.0875,0.7986,50.0
train,passive,2,256,35,9669.128,34.9762,59.6593,66.3598,9977.4313,302.3333,9.8164,7.2606,0.8645,50.0
train,passive,2,640,60,12290.9067,60.0091,59.1534,30.5342,13139.438,292.3949,15.1519,0.5767,0.531,50.0
train,passive,3,640,90,15548.3263,89.9739,47.5363,33.8117,20618.124,302.3333,0.0,0.1457,0.1331,50.0
train,passive,2,1024,90,15525.592,89.9216,62.1523,30.5654,15150.8456,301.3774,159.4547,0.0124,0.1333,50.0
train,passive,4,1024,99999,18989.4287,126.9909,36.8157,30.6088,22178.3842,302.3333,0.0,0.0016,0.0,50.0
train,passive,2,256,85,15015.3302,84.9358,65.717,64.6989,14346.0267,295.1561,10.8274,1.6862,0.1995,50.0
train,passive,1,896,50,11205.3009,49.9598,78.6409,28.6239,15012.2733,302.3333,546.6294,0.0046,0.6667,50.0
train,passive,1,640,99999,19014.447,127.2109,94.8912,30.718,11628.1134,207.0489,2891.7617,0.0015,0.0,50.0
train,passive,1,512,99999,19012.9272,127.231,93.6753,31.4823,10122.7733,200.2141,2445.7872,0.0015,0.0,50.0
train,passive,2,640,30,9019.9329,30.0304,56.5349,30.0526,12746.3925,302.3333,0.0,0.9986,0.9292,50.0
train,passive,1,384,75,13928.7292,75.0955,86.513,48.8783,14392.8641,293.2269,1384.1458,0.0092,0.3333,50.0
train,passive,2,768,45,10643.3389,45.0033,57.8409,30.2639,11895.8343,302.3333,33.0955,0.5264,0.7312,50.0
train,passive,3,256,75,13933.122,75.0876,48.6056,66.3174,13208.3113,292.4488,0.9528,14.1104,0.3319,50.0
train,passive,2,384,60,12319.937,59.9819,61.3254,47.9365,13777.1934,302.3333,8.5158,2.62,0.5311,50.0
train,passive,2,256,55,11809.3589,54.9631,61.8269,65.7042,11988.8247,302.3333,0.0,5.0308,0.5985,50.0
train,passive,2,512,90,15571.228,89.9816,62.2213,30.539,17800.2172,302.3333,0.0,0.2022,0.1325,50.0
train,passive,3,1024,75,13912.8422,74.8981,45.6473,29.8518,17978.0211,295.5384,0.0,0.3481,0.3322,50.0
train,passive,4,768,80,14458.0597,79.979,31.9302,31.4605,19643.2755,302.3333,0.0,0.0366,0.2663,50.0
train,passive,2,640,45,10655.6483,45.0315,57.9174,30.6707,11700.6704,295.5427,6.3903,0.7876,0.7301,50.0
train,passive,1,512,65,12845.211,64.9629,82.3446,31.495,16893.3734,302.3333,443.0296,0.0072,0.4667,50.0
train,passive,2,1024,95,16072.736,94.9076,61.4229,30.3762,15585.5742,297.9833,143.7505,0.0134,0.0667,50.0
train,passive,1,1024,95,16097.6409,95.0389,85.5615,27.9324,15922.936,302.3333,740.3053,0.013,0.0667,50.0
train,passive,4,768,95,16091.3791,94.9797,31.8338,31.6785,17370.5211,284.6584,4.5032,0.0198,0.0666,50.0
train,passive,4,896,25,8468.6664,25.018,28.4292,31.8458,8482.9333,274.3807,0.0,0.0945,0.999,50.0
train,passive,3,768,80,14459.0413,79.9625,46.8356,32.6818,19063.4606,302.3333,0.0,0.2786,0.266,50.0
train,passive,2,768,80,14456.4698,79.9548,60.9958,30.379,14474.5827,300.456,79.7585,0.2004,0.2659,50.0
train,passive,3,1024,50,11191.8511,49.9699,44.0776,29.7478,15258.3671,302.3333,0.0,0.6818,0.6645,50.0
train,passive,2,256,60,12347.9635,59.9587,62.3562,65.1432,12007.572,301.5645,2.1295,4.4734,0.532,50.0
train,passive,3,384,75,13923.7993,75.0424,47.0443,50.2282,16543.9326,302.2104,0.0,7.2259,0.3323,50.0
train,passive,2,384,45,10703.4295,44.998,59.5511,47.9827,12052.5443,302.3333,5.1795,3.5973,0.7303,50.0
train,passive,1,512,75,13926.4213,74.978,83.5651,32.0018,18995.1639,302.3333,394.7939,0.009,0.3333,50.0
train,passive,2,256,100,16619.1194,99.9303,68.4396,64.3331,16761.5556,302.3333,12.9711,0.0138,0.0,50.0
train,passive,4,1024,35,9551.0892,34.9856,30.6651,30.9029,9886.6351,302.3333,39.9037,0.0806,0.866,50.0
train,passive,4,896,85,15002.2005,84.9717,31.9968,31.3673,15945.6132,298.9223,0.0,0.0303,0.1998,50.0
train,passive,1,768,30,9045.1726,29.9513,77.9424,29.2623,11703.829,302.3333,571.6409,0.0009,0.9333,50.0
train,passive,1,768,90,15546.8346,89.9983,84.0405,30.1793,18094.5949,302.3333,514.6058,0.0119,0.1333,50.0
train,passive,2,896,40,10095.1376,39.9894,54.6849,29.5842,8680.0204,272.8228,11.8344,0.2879,0.7988,50.0
train,passive,1,896,40,10122.6959,39.9598,76.751,28.7146,13392.042,299.7022,513.7904,0.0027,0.8,50.0
train,passive,2,1024,85,14986.9939,84.9231,59.4355,30.146,13177.3999,277.7452,115.5482,0.0115,0.2,50.0
train,passive,1,896,25,8492.6785,24.9335,74.383,28.5296,12026.185,302.3333,492.4089,0.0,1.0,50.0
train,passive,1,640,25,8516.7122,24.9681,79.2182,30.099,11093.7171,302.3333,608.2118,0.0,1.0,50.0
train,passive,4,768,45,10641.3213,44.9831,30.1515,31.8198,13719.3627,302.3333,11.7238,0.0759,0.7324,50.0
train,passive,4,896,50,11187.0148,49.9733,29.7728,31.2396,12418.3449,302.3333,0.0,0.0678,0.666,50.0
train,passive,3,640,55,11736.9769,54.9921,42.8902,32.5388,14587.1413,293.2428,0.0,0.6061,0.5987,50.0
train,passive,2,384,100,16642.223,99.9527,65.4963,47.343,17960.9585,299.4692,0.0,0.0139,0.0,50.0
train,passive,2,384,50,11243.9114,50.0049,59.3666,48.289,10812.3393,282.777,0.0,3.2715,0.6639,50.0
train,passive,2,1024,75,13897.4977,74.9374,58.656,30.0419,12351.2937,280.5407,96.9023,0.0096,0.3333,50.0
train,passive,2,768,25,8467.5123,25.0164,53.8852,29.6787,8485.6826,282.0068,0.0,0.7126,0.997,50.0
train,passive,1,640,50,11224.9719,49.9838,81.0177,30.3958,13807.6863,302.3333,530.8445,0.0045,0.6667,50.0
train,passive,1,384,65,12843.4996,65.0662,85.8633,48.6031,14408.0197,302.3333,1264.1051,0.0074,0.4667,50.0
train,passive,3,512,100,16638.3483,100.014,49.2881,35.4839,22578.3,302.3333,13.5599,0.0142,0.0,50.0
train,passive,1,640,90,15548.1556,89.9969,84.3698,31.3685,20262.779,301.5949,407.8834,0.0118,0.1333,50.0
train,passive,4,256,99999,19019.225,127.4444,38.5966,67.0065,19112.4017,302.3333,20.1581,0.0016,0.0,50.0
train,passive,2,256,40,10208.5048,39.9665,60.051,65.5796,11810.6336,302.3333,0.0,6.7031,0.798,50.0
train,passive,2,512,99999,18971.4475,126.962,66.1119,31.2463,18603.7501,301.721,0.0,0.0014,0.0,50.0
train,passive,1,768,40,10132.9765,39.9676,78.5109,29.4137,12618.2545,302.3333,542.6745,0.0027,0.8,50.0
train,passive,2,768,99999,18959.6589,126.8366,61.1402,29.843,16039.542,260.2392,0.0,0.0015,0.0,50.0
train,passive,4,768,55,11735.4879,54.9951,29.4718,31.966,12369.1336,282.1573,0.0,0.0646,0.5992,50.0
train,passive,4,1024,99999,18987.5655,126.9879,36.5125,30.7137,20892.2486,302.3333,0.0,0.0016,0.0,50.0
train,passive,2,768,70,13369.0761,69.984,60.3597,30.7328,14235.9814,302.3333,48.3109,0.2936,0.3988,50.0
train,passive,2,1024,65,12803.0507,64.9423,59.5462,29.8351,13097.2267,302.3333,114.5301,0.0076,0.4667,50.0
train,passive,4,768,60,12279.8399,59.9875,30.7807,31.6517,14706.6931,302.3333,5.1087,0.059,0.5327,50.0
train,passive,4,256,75,13944.3912,74.9696,33.5336,67.1143,14112.9279,302.3333,7.1401,0.0095,0.3333,50.0
train,passive,2,512,55,11754.4982,55.0236,59.5048,30.5244,13635.482,302.3333,9.8483,0.8607,0.5965,50.0
train,passive,4,512,55,11728.7135,54.989,29.9335,32.7911,15905.7649,302.3333,16.1154,0.0691,0.599,50.0
train,passive,4,256,80,14481.7701,79.9772,33.1083,67.4015,12960.0154,280.495,0.0,0.0104,0.2667,50.0
train,passive,1,768,50,11211.3882,49.9696,80.0226,29.7438,13651.8852,302.3333,553.3146,0.0046,0.6667,50.0
train,passive,3,896,100,16635.6149,99.8866,48.8955,31.6403,22377.3332,302.3333,2.0683,0.0143,0.0,50.0
train,passive,1,512,75,13929.2997,74.9907,82.686,32.2476,16429.0801,281.0928,387.1993,0.009,0.3333,50.0
train,passive,3,768,55,11737.0051,54.9971,43.9742,32.0379,14085.2874,293.1333,0.0,0.609,0.5985,50.0
train,passive,4,1024,60,12278.9619,59.9859,31.9182,31.1411,12455.1448,302.3333,13.5007,0.0551,0.5329,50.0
train,passive,1,384,100,16635.6193,100.1177,88.7921,48.3969,17403.3161,302.3333,1724.6785,0.0138,0.0,50.0
train,passive,1,1024,60,12286.1643,59.9801,79.3272,27.9935,13461.7358,302.3333,607.9119,0.0065,0.5333,50.0
train,passive,1,768,99999,19007.9265,127.1549,93.8843,29.6658,12686.1703,204.6122,3329.6743,0.0015,0.0,50.0
train,passive,1,768,99999,19010.5545,127.161,94.2219,29.5781,12813.4953,208.5584,3334.3771,0.0015,0.0,50.0
train,passive,2,768,30,9011.6837,30.0138,55.721,29.7143,11580.1906,302.3333,0.0,0.666,0.9306,50.0
train,passive,4,1024,65,12826.2374,64.9824,31.8205,30.9627,13004.6244,302.3333,1.4816,0.0499,0.4663,50.0
train,passive,4,512,25,8460.3147,24.9876,27.9578,33.4183,11614.9728,302.3333,0.0,0.1058,0.9983,50.0
train,passive,4,768,99999,18981.723,126.99,36.8148,32.1774,21510.9402,295.6246,0.0,0.0016,0.0,50.0
train,passive,3,1024,35,9560.8652,35.0022,42.6058,29.1361,12893.0677,302.3333,0.0,0.882,0.8638,50.0
train,passive,3,896,95,16087.1809,94.8904,48.6325,31.6464,21043.4196,301.3223,23.3844,0.0807,0.0665,50.0
train,passive,3,256,100,16651.5777,100.1017,53.9922,64.8228,18146.8786,302.3333,0.0,0.0141,0.0033,50.0
test,passive,4,256,100,16666.5556,100.1977,31.1944,67.6337,22185.8,302.8889,14.2222,0.0143,0.0033,50.0
train,passive,1,1024,40,10110.9397,39.9431,74.3421,27.995,10802.9051,288.538,513.5934,0.0028,0.8,50.0
train,passive,4,256,70,13403.5492,69.974,33.9751,67.4854,13726.4731,302.3333,24.0432,0.0085,0.4,50.0
train,passive,2,640,35,9566.5698,35.0328,57.2049,30.1703,11598.7842,302.3333,10.881,0.9282,0.8628,50.0
train,passive,2,640,45,10656.5216,45.0159,56.7032,30.2332,10934.41,283.3696,3.0634,0.7877,0.7301,50.0
train,passive,3,512,85,15002.4989,85.0053,46.6752,34.93,19826.4019,302.3333,0.0,0.2105,0.1997,50.0
train,passive,2,256,65,12880.4871,64.9757,63.4055,65.8261,12134.2022,295.1338,0.0,3.9159,0.4655,50.0
train,passive,1,640,80,14468.4736,80.0041,83.6128,31.339,16987.4414,295.1343,446.9504,0.0099,0.2667,50.0
train,passive,3,512,45,10646.1039,45.0254,42.1037,33.7663,11123.6066,287.0677,0.0,0.7339,0.7321,50.0
train,passive,1,256,45,10656.2523,45.0683,86.7445,65.932,12877.1423,302.3333,1476.9171,0.0038,0.7333,50.0
train,passive,4,256,60,12337.961,59.9896,32.8501,67.2655,12540.6927,302.3333,3.5654,0.0066,0.5333,50.0
train,passive,3,256,30,9036.0041,30.0189,38.6639,68.0477,8482.9333,296.9112,3.6999,39.4837,0.9233,50.0
train,passive,2,640,99999,18964.6812,126.8889,63.1195,30.234,16587.4911,268.089,1.073,0.0014,0.0,50.0
train,passive,4,512,85,14997.4993,84.9887,30.5977,32.347,20188.5088,302.3333,0.0,0.0325,0.1997,50.0
train,passive,1,768,95,16091.1532,95.0284,85.2183,30.8703,18134.9129,302.3333,505.7663,0.0128,0.0667,50.0
train,passive,2,512,95,16114.9988,94.9625,61.3499,30.3466,15645.9131,293.5631,0.0,0.1082,0.0663,50.0
train,passive,2,896,25,8457.2989,24.9975,54.4717,29.2471,10424.1775,302.3333,0.0,0.3563,0.9985,50.0
train,passive,1,896,99999,19008.5961,127.1277,94.8287,28.7691,13827.8705,205.1877,3777.2828,0.0015,0.0,50.0
train,passive,1,256,99999,18989.059,126.9749,93.7954,63.9762,15299.005,302.3333,3971.0038,0.0014,0.0,50.0
train,passive,1,512,90,15546.4086,89.991,84.2644,32.7496,20116.2334,294.4983,314.44,0.0117,0.1333,50.0
train,passive,3,640,50,11191.5592,50.004,43.2401,32.6279,13684.5714,302.3333,0.3844,0.6718,0.6653,50.0
train,passive,4,384,75,13927.931,74.98,31.0343,49.7947,15411.6338,289.656,0.0,0.0271,0.3331,50.0
train,passive,4,640,35,9553.511,34.9806,28.8721,32.1395,14944.2423,302.3333,0.0,0.0903,0.8654,50.0
train,passive,3,256,99999,18971.7111,126.967,53.3778,65.0889,25316.8889,300.3778,0.0,0.0014,0.0,50.0
train,passive,3,896,99999,18959.5849,126.9295,52.1926,31.7054,19846.2284,302.3333,85.4357,0.0015,0.0,50.0
train,passive,4,640,90,15543.2274,89.9928,32.219,32.2385,19646.3382,302.3333,10.2019,0.0258,0.1331,50.0
train,passive,4,1024,35,9554.1629,34.9903,30.1373,30.8756,9753.9034,302.3333,21.9011,0.0806,0.866,50.0
train,passive,1,384,75,13930.6098,75.0751,85.0303,48.2343,13526.0021,280.5489,1381.3407,0.0093,0.3333,50.0
train,passive,2,640,90,15560.6059,89.9701,61.7519,30.6581,15695.1969,300.4826,29.8039,0.1548,0.1327,50.0
train,passive,4,512,65,12818.2189,64.9828,29.6223,32.5317,17361.1966,302.3333,0.0,0.0569,0.4659,50.0
train,passive,2,1024,60,12260.383,59.947,57.6664,29.7352,11488.321,292.4177,83.1957,0.0067,0.5333,50.0
train,passive,2,768,70,13365.9526,69.9699,60.5335,30.4299,14152.7269,302.3333,71.094,0.2936,0.3988,50.0
train,passive,1,896,40,10121.8627,39.9592,76.3727,28.8771,11836.7312,298.5703,519.7122,0.0028,0.8,50.0
train,passive,2,640,100,16650.2871,99.9537,63.1198,30.4724,16814.2824,302.3333,49.9713,0.0141,0.0,50.0
train,passive,2,512,99999,18967.0564,126.9447,66.4523,30.9085,18529.9795,300.3713,21.429,0.0014,0.0,50.0
train,passive,4,768,25,8464.6413,24.9846,28.3284,31.7577,11496.6509,302.3333,0.0,0.0983,0.9988,50.0
validation,passive,3,1024,100,16648.6222,99.984,47.8741,30.2584,16637.4889,301.7778,0.0,0.0149,0.0,50.0
train,passive,4,640,25,8464.6343,24.9956,28.317,32.6417,10446.5059,300.1772,1.6147,0.102,0.9985,50.0
train,passive,2,640,99999,18961.7256,126.8848,64.0267,30.2869,17558.5321,284.5874,20.6337,0.0014,0.0,50.0
train,passive,1,512,65,12846.4513,64.9801,82.74,31.968,16906.2123,302.3333,435.4215,0.0072,0.4667,50.0
train,passive,3,384,55,11743.5594,55.0196,43.0064,50.2815,12530.9441,298.0843,0.0,12.9953,0.5968,50.0
train,passive,3,384,25,8471.6208,24.9814,37.6585,50.2674,8587.6361,302.3333,0.0,21.6493,0.9936,50.0
train,passive,4,896,75,13912.2958,74.9802,31.8572,31.554,15343.3722,302.3333,0.0,0.041,0.333,50.0
train,passive,2,384,95,16101.6667,94.9506,64.9452,47.2755,18079.1284,302.3333,0.0,0.3397,0.0664,50.0
train,passive,2,512,45,10665.9152,45.044,57.5764,30.7664,11068.4994,278.6167,0.0,1.0489,0.729,50.0
train,passive,1,896,75,13923.0793,74.9925,81.5804,28.6785,16711.8784,301.211,573.5971,0.0092,0.3333,50.0
train,passive,3,768,80,14459.0266,79.9513,46.6894,32.2804,20008.6044,302.3333,0.0,0.2786,0.266,50.0
train,passive,1,384,45,10673.6533,45.0235,83.6047,48.5436,11725.4189,291.5626,1013.2178,0.0037,0.7333,50.0
train,passive,3,256,25,8488.8252,24.9952,37.2144,68.0569,9960.6389,302.3333,0.0,42.303,0.989,50.0
train,passive,4,768,45,10642.9737,44.9885,29.3616,31.957,12200.8577,298.586,0.0,0.0759,0.7324,50.0
train,passive,1,384,30,9044.5776,29.9882,82.8651,48.4514,12140.4726,302.3333,822.1953,0.0009,0.9333,50.0
train,passive,2,256,95,16086.3703,94.9419,67.5365,64.6827,16579.9464,302.3333,0.0,0.5712,0.0665,50.0
train,passive,2,768,60,12278.4954,59.9741,58.4543,30.0562,13354.6744,302.3333,35.2028,0.3867,0.5318,50.0
train,passive,4,1024,55,11731.2668,54.9785,31.7579,31.0067,12017.219,302.3333,27.6616,0.0602,0.5995,50.0
train,passive,2,1024,35,9540.8395,34.9867,54.4937,29.4029,8482.9333,280.6342,15.1739,0.0019,0.8667,50.0
train,passive,1,896,50,11205.7029,49.9765,78.7066,29.2004,13298.3791,302.3333,545.6859,0.0046,0.6667,50.0
train,passive,2,256,25,8603.134,24.9782,57.9356,66.2076,8804.6036,302.3333,8.3197,8.3755,0.9975,50.0
train,passive,2,384,90,15563.0442,89.9739,64.382,47.8049,14798.521,289.0275,0.0,0.6654,0.1328,50.0
train,passive,4,384,55,11762.1522,54.9787,30.3232,50.0217,13636.1168,302.3333,0.0,0.0374,0.5995,50.0
train,passive,4,384,80,14462.293,79.9696,32.8278,49.7674,17687.0433,302.3333,25.0366,0.0245,0.2664,50.0
train,passive,4,640,30,9010.4839,30.0146,28.4348,33.071,9498.8365,276.6692,0.0,0.0962,0.932,50.0
train,passive,3,896,30,9012.3581,29.9947,41.2256,29.6795,12518.1321,302.3333,0.0,0.9441,0.9306,50.0
train,passive,3,1024,50,11191.6978,49.9618,44.2892,29.3637,15081.8806,302.3333,10.9854,0.6818,0.6645,50.0
train,passive,3,1024,65,12820.3634,64.9169,46.2614,29.6147,18599.5823,302.3333,21.3777,0.4815,0.4651,50.0
train,passive,1,512,35,9610.1564,34.9643,80.1799,30.5052,11822.4969,300.6666,587.5572,0.0018,0.8667,50.0
train,passive,4,384,99999,18997.5916,127.2147,37.9193,50.1197,21453.8868,292.9644,0.0,0.0015,0.0,50.0
train,passive,4,768,65,12823.3423,64.9962,30.7164,32.0538,14243.0512,291.4798,0.0,0.0534,0.4661,50.0
train,passive,1,1024,85,15008.935,85.0376,83.3584,28.2801,13766.5746,286.4555,690.7089,0.0111,0.2,50.0
train,passive,1,512,90,15546.3743,89.9811,83.5742,32.5514,19595.8774,292.1894,313.6669,0.0117,0.1333,50.0
train,passive,4,768,99999,18978.4879,126.9783,37.6671,31.8993,23099.0711,302.3333,6.5701,0.0016,0.0,50.0
train,passive,1,640,50,11223.3615,49.9692,79.4611,30.28,12724.7637,287.1245,517.8261,0.0046,0.6667,50.0
train,passive,1,512,99999,19014.8444,127.2441,94.2667,31.6589,10226.2444,198.4889,2449.4444,0.0015,0.0,50.0
train,passive,3,768,75,13913.823,74.9669,46.3793,32.5332,18266.5964,302.3333,0.0,0.3447,0.3325,50.0
train,passive,3,640,55,11733.6185,54.9853,43.349,32.5567,14679.5457,302.3333,0.0737,0.606,0.5987,50.0
train,passive,2,768,30,9011.9047,30.0239,55.7915,29.991,10285.8068,294.6707,2.4631,0.666,0.9306,50.0
train,passive,3,512,99999,18974.0134,127.0009,49.2192,33.2246,17504.9346,282.5981,0.0,0.0016,0.0,50.0
train,passive,2,768,35,9556.9247,35.0138,56.8594,29.8179,11067.5616,302.3333,24.419,0.6195,0.8641,50.0
train,passive,2,1024,55,11718.9328,54.9583,56.4898,29.6435,10455.1451,282.8643,56.0923,0.0057,0.6,50.0
train,passive,2,1024,80,14440.9242,79.9259,60.0268,29.9472,15478.2292,300.8576,106.0294,0.0105,0.2667,50.0
train,passive,4,1024,50,11193.6609,49.9949,30.7732,30.9024,12304.0308,295.969,0.0,0.0653,0.6661,50.0
train,passive,2,384,55,11783.7388,54.9947,59.6333,48.1552,11623.4821,289.789,0.0,2.9458,0.5975,50.0
train,passive,1,512,85,15002.4379,84.9781,84.4911,32.5105,19565.6393,302.3333,364.0654,0.0108,0.2,50.0
train,passive,1,1024,99999,19007.1136,127.1018,94.2410,28.2452,15214.5807,213.5751,4207.065,0.0015,0.0,50.0
train,passive,2,896,100,16628.5501,99.9202,62.8421,30.4155,17903.9878,302.3333,115.9261,0.0143,0.0,50.0
train,passive,1,640,70,13387.3667,70.0137,82.5509,31.5409,14598.5377,278.3377,466.1603,0.0081,0.4,50.0
train,passive,1,896,75,13922.958,75.0108,81.7565,29.2206,14111.4271,287.0945,584.6125,0.0092,0.3333,50.0
train,passive,4,256,80,14478.2036,79.9493,33.2067,66.8528,14846.3272,302.3333,1.0903,0.0104,0.2667,50.0
train,passive,4,256,30,9120.1778,30.0253,31.8988,67.7816,9771.0475,302.3333,9.9902,0.0009,0.9333,50.0
train,passive,2,256,55,11805.4911,54.9464,61.853,65.4343,12058.8857,302.3333,12.1887,5.0308,0.5985,50.0
train,passive,4,896,100,16641.1314,100.0121,33.7728,32.2025,15630.211,269.1006,0.0,0.0141,0.0,50.0
train,passive,2,640,55,11746.6401,55.0091,58.9776,30.2532,13197.1672,302.3333,20.9795,0.647,0.5973,50.0
train,passive,4,640,40,10092.3063,39.968,28.5922,32.2724,13044.865,302.3333,4.2549,0.0845,0.7988,50.0
train,passive,1,896,85,15008.27,85.0135,83.7143,28.9895,16616.8437,302.3333,606.3851,0.011,0.2,50.0
train,passive,4,512,90,15545.4685,89.9927,30.2923,32.1661,20448.7502,291.1702,0.0,0.0263,0.1331,50.0
train,passive,2,896,65,12817.0114,64.9569,57.5625,29.9083,11292.245,277.3908,60.5046,0.1739,0.466,50.0
train,passive,4,512,35,9552.5864,34.9885,28.6905,32.935,13069.7383,302.3333,4.4528,0.0936,0.8652,50.0
train,passive,4,896,85,15004.2236,84.9985,32.899,31.8771,15055.8314,285.5645,2.979,0.0302,0.1998,50.0
train,passive,2,384,60,12322.3022,59.9962,61.3186,48.2949,13856.5277,302.3333,0.0,2.62,0.5311,50.0
train,passive,4,768,100,16637.5525,99.9874,33.5458,31.6345,19690.0678,302.3333,11.1891,0.0141,0.0,50.0
train,passive,3,512,60,12280.5846,60.0098,44.1052,33.8598,16742.7526,302.3333,0.0,0.5376,0.5324,50.0
train,passive,4,384,100,16630.7318,99.9699,33.2693,49.3296,19693.8476,302.3333,6.0255,0.0141,0.0,50.0
train,passive,3,768,25,8469.2313,25.0307,40.7142,31.306,9902.8122,302.3333,0.0,1.0056,0.9975,50.0
train,passive,2,1024,75,13897.5869,74.9426,58.8811,30.1563,12269.6686,279.4615,97.7485,0.0095,0.3333,50.0
train,passive,4,384,60,12299.2422,59.9798,32.0822,50.1259,14412.4154,302.3333,38.8855,0.0348,0.5329,50.0
train,passive,4,896,60,12282.2925,60.014,30.9039,31.9923,11251.0635,272.8282,0.0,0.057,0.5328,50.0
train,passive,3,1024,99999,18971.2653,126.9522,50.2873,31.9346,18331.2275,295.9634,3.6998,0.0015,0.0,50.0
train,passive,1,896,80,14461.9913,79.9928,82.1537,28.8913,15561.6934,302.3333,593.9802,0.0101,0.2667,50.0
train,passive,2,1024,100,16614.6283,99.9022,62.7185,30.5781,15834.6338,297.4809,180.4361,0.0143,0.0,50.0
train,passive,4,256,70,13409.7083,69.9798,33.139,67.2046,14535.028,298.4228,0.0,0.0085,0.4,50.0
test,passive,3,256,25,8515.0889,24.9816,35.3037,66.1764,11385.0667,301.7111,0.0,0.0,1.0,50.0
train,passive,4,256,95,16087.3126,94.9547,34.3249,67.3331,16362.5006,302.3333,0.0,0.0133,0.0667,50.0
train,passive,1,384,55,11758.4413,55.0511,85.2234,48.7908,14374.1763,302.3333,1128.931,0.0055,0.6,50.0
train,passive,1,896,70,13378.7083,69.9902,80.6581,28.919,14234.4933,295.3461,575.2873,0.0083,0.4,50.0
train,passive,3,512,85,15005.0296,85.0096,46.9487,34.7688,20499.5845,302.3333,0.0,0.2105,0.1997,50.0
train,passive,2,1024,85,14986.4834,84.937,61.0795,30.3985,14350.6462,295.4071,127.8526,0.0114,0.2,50.0
train,passive,4,768,100,16636.6388,99.9839,33.0973,31.6768,20481.6432,302.3333,0.0,0.0141,0.0,50.0
train,passive,4,896,99999,18983.694,126.999,37.2305,31.7067,20037.8461,295.5544,7.1415,0.0016,0.0,50.0
train,passive,2,1024,90,15523.8329,89.9112,62.4181,30.3598,16370.3526,302.3333,164.9492,0.0124,0.1333,50.0
train,passive,4,384,99999,18994.1179,127.1868,37.5766,49.6033,23478.4202,302.3333,0.0,0.0016,0.0,50.0
train,passive,3,896,95,16091.9885,94.8954,48.4876,31.4402,21699.3955,302.3333,3.8635,0.0807,0.0665,50.0
train,passive,4,512,100,16633.8456,99.9929,30.8096,32.0862,21556.2173,293.2036,0.0,0.0141,0.0,50.0
train,passive,2,768,60,12280.9795,59.999,59.1257,30.6634,13295.813,302.3333,27.4803,0.3867,0.5318,50.0
train,passive,4,768,50,11188.0452,49.9813,29.81,31.6957,13412.982,302.3333,1.7098,0.0703,0.6658,50.0
train,passive,1,512,70,13388.3115,69.9829,83.3258,31.9306,18861.3056,302.3333,408.1599,0.0081,0.4,50.0
train,passive,4,768,80,14459.4185,79.9888,32.1082,31.6336,17600.3934,302.3333,1.9582,0.0366,0.2663,50.0
train,passive,4,768,35,9553.6161,34.9782,27.9389,31.747,10418.4343,292.5279,0.0,0.0871,0.8656,50.0
train,passive,4,1024,80,14461.2456,79.9954,33.0842,31.5202,13325.0597,285.6313,1.0612,0.0346,0.2665,50.0
train,passive,4,640,90,15548.5807,89.9988,30.5137,32.1359,17286.8072,272.0153,0.0,0.0259,0.1331,50.0
train,passive,4,1024,80,14461.7204,79.9844,33.1449,31.1647,14427.6575,301.616,2.2792,0.0346,0.2665,50.0
train,passive,4,896,60,12281.4257,59.9795,30.6378,31.0806,15197.2049,301.8939,0.0,0.0571,0.5328,50.0
train,passive,2,384,95,16097.2823,94.9545,65.5262,47.6682,15937.7889,301.4718,23.3233,0.3397,0.0664,50.0
train,passive,1,384,55,11757.3118,55.0359,85.1278,48.3202,15090.9482,302.3333,1137.6731,0.0055,0.6,50.0
train,passive,3,1024,95,16091.6654,94.851,47.4581,30.0976,21914.2036,292.4683,0.0,0.0811,0.0664,50.0
train,passive,4,384,35,9605.2542,35.0019,30.1771,50.2126,13047.9474,302.3333,0.0,0.0477,0.8659,50.0
train,passive,2,384,99999,19055.2657,127.5718,69.3403,48.4545,21982.9095,302.3333,12.5029,0.0014,0.0,50.0
train,passive,2,384,35,9624.1134,35.0173,57.7044,48.5814,10105.0911,295.1062,0.0,4.2488,0.863,50.0
train,passive,3,640,60,12282.1932,59.9907,44.5268,32.5697,17323.4172,302.3333,0.0,0.5403,0.5322,50.0
train,passive,3,256,65,12844.8199,65.081,46.2268,66.9766,11293.2975,280.0713,0.0,19.7489,0.4633,50.0
train,passive,2,1024,85,14985.4419,84.9397,60.7979,30.5889,13710.9099,285.7863,123.2383,0.0114,0.2,50.0
train,passive,1,768,85,15008.3461,85.0046,83.6411,30.1321,17021.0693,301.476,520.3623,0.011,0.2,50.0
train,passive,1,1024,100,16639.0339,100.0529,86.463,28.0948,15545.302,297.7699,762.9646,0.0139,0.0,50.0
train,passive,4,256,100,16622.4126,99.9374,34.0459,66.9205,16225.0971,296.1057,0.0,0.0142,0.0,50.0
train,passive,1,1024,30,9023.8058,29.931,73.3387,27.9829,11446.2287,302.3333,472.6468,0.0009,0.9333,50.0
train,passive,4,384,75,13929.1597,74.9835,31.7866,49.703,16120.2762,302.3333,2.0861,0.0271,0.3331,50.0
train,passive,3,1024,65,12825.8113,64.9435,45.608,30.156,16739.4939,300.1874,0.0,0.4815,0.4651,50.0
train,passive,4,1024,85,15008.0102,84.9828,33.8117,31.0393,15298.4586,302.3333,6.6273,0.0295,0.1998,50.0
train,passive,2,896,35,9549.9469,35.0195,55.6525,30.086,8482.9333,275.3556,11.5703,0.3107,0.8654,50.0
train,passive,4,896,75,13914.8513,74.9977,32.3863,31.8763,15355.6275,302.3333,0.0,0.041,0.333,50.0
train,passive,3,512,65,12824.8034,65.0199,44.821,34.4423,15959.8002,302.3333,0.0,0.4722,0.4659,50.0
train,passive,3,384,65,12835.8521,65.0499,45.4554,50.569,14142.9092,288.7222,0.0,10.1105,0.4646,50.0
train,passive,1,384,99999,19005.5692,127.1255,94.1718,48.0453,11701.5784,237.4217,3194.3361,0.0014,0.0,50.0
train,passive,3,896,60,12281.7783,59.9565,43.8999,30.6578,15128.333,289.8297,0.0,0.5456,0.5318,50.0
train,passive,2,896,95,16081.1276,94.9176,61.8522,30.3768,16261.108,302.3333,112.2717,0.0371,0.0666,50.0
train,passive,3,384,60,12291.9374,60.0323,43.867,50.2237,12734.1391,291.2864,0.0,11.5529,0.5307,50.0
train,passive,1,512,45,10694.0233,44.9845,82.1686,30.8546,13958.8826,302.3333,550.9243,0.0036,0.7333,50.0
train,passive,1,640,35,9598.142,34.953,78.9698,29.8019,12969.8832,302.3333,562.2111,0.0018,0.8667,50.0
train,passive,1,768,55,11757.1998,54.9854,80.4232,29.9703,15350.831,302.3333,519.2191,0.0055,0.6,50.0
train,passive,1,768,65,12841.7631,64.9821,80.2822,29.7308,14387.0597,287.9008,518.1757,0.0073,0.4667,50.0
train,passive,4,512,55,11732.4825,55.0018,29.6012,32.9083,15193.5339,297.2896,1.3846,0.0691,0.599,50.0
train,passive,4,512,75,13905.6131,74.9904,31.012,32.6282,18623.5061,302.3333,23.0068,0.0447,0.3328,50.0
train,passive,4,1024,99999,18983.8739,126.9924,37.2507,31.0536,19263.3886,302.3333,23.763,0.0016,0.0,50.0
train,passive,2,896,100,16631.3344,99.9264,63.0849,30.3452,16889.5149,302.3333,125.6654,0.0142,0.0,50.0
train,passive,3,768,85,15002.8186,84.9428,46.4978,32.4793,18519.3337,287.537,6.0545,0.2125,0.1995,50.0
train,passive,4,1024,30,9014.6465,30.0185,29.4804,31.374,8693.0723,297.937,0.0,0.0857,0.9326,50.0
train,passive,3,256,95,16106.1382,95.0968,53.6924,65.091,18173.3417,302.3333,10.9416,2.8334,0.069,50.0
train,passive,3,512,30,9011.6816,30.015,39.3978,33.0007,8482.9333,279.8858,0.0,0.9302,0.9317,50.0
train,passive,3,768,55,11737.6218,54.9796,42.7777,31.5735,13543.0484,284.2874,0.0,0.6091,0.5985,50.0
train,passive,1,256,70,13380.8658,70.1649,89.4708,65.3901,12421.8938,302.3333,2238.852,0.0085,0.4,50.0
train,passive,2,896,95,16080.8829,94.9259,62.8934,30.5065,16290.531,302.3333,135.2065,0.037,0.0666,50.0
train,passive,4,640,50,11186.086,49.9811,29.3861,32.2085,14318.9448,302.3333,1.0134,0.0727,0.6657,50.0
train,passive,2,768,55,11736.8331,55.0032,58.2424,30.4053,11612.9794,287.2495,29.7894,0.4332,0.5982,50.0
train,passive,3,768,45,10648.5502,45.0128,42.7586,31.7805,11707.9976,281.7924,0.0,0.7412,0.7315,50.0
train,passive,4,1024,40,10100.5366,39.9928,30.2993,30.9604,10262.331,302.3333,11.3386,0.0755,0.7994,50.0
train,passive,4,384,65,12848.8211,64.9898,31.7775,49.7829,15634.0651,302.3333,4.0711,0.0322,0.4663,50.0
train,passive,3,384,75,13918.7342,75.0432,48.0721,50.5663,16087.5648,302.3333,25.209,7.2259,0.3323,50.0
train,passive,4,896,30,9015.1855,29.9997,29.473,31.1371,10172.4589,302.3333,8.224,0.0892,0.9324,50.0
train,passive,3,384,65,12832.1055,65.0318,45.7538,50.3093,15169.2864,302.3333,8.2804,10.1106,0.4646,50.0
train,passive,3,384,25,8474.893,25.0001,38.2929,50.5464,8692.5422,302.3333,0.0,21.6493,0.9936,50.0
train,passive,3,1024,35,9561.3139,34.9959,42.6094,28.8681,13026.358,302.3333,4.0173,0.882,0.8638,50.0
train,passive,1,640,25,8520.0074,24.9624,78.5531,29.6864,12030.1107,302.3333,588.1693,0.0,1.0,50.0
train,passive,1,640,80,14467.0058,80.0042,83.8185,31.5751,17985.2495,302.3333,438.6763,0.01,0.2667,50.0
train,passive,2,256,100,16618.0044,99.9259,68.035,64.3265,16092.4725,297.7966,16.0523,0.0138,0.0,50.0
train,passive,1,384,55,11757.1538,55.0434,84.8748,48.6486,13466.1035,302.3333,1137.0593,0.0055,0.6,50.0
train,passive,4,640,55,11734.6187,55.0172,29.8106,32.8918,12749.4943,274.8224,0.0,0.0668,0.5991,50.0
train,passive,1,1024,70,13375.9885,69.9957,80.5259,27.9324,14637.7926,302.3333,627.4083,0.0083,0.4,50.0
train,passive,3,896,70,13372.1322,69.952,46.3198,31.0643,17952.7279,302.3333,0.4244,0.4127,0.3988,50.0
train,passive,4,640,99999,18977.4605,126.97,36.9646,32.2571,23829.1859,293.6524,0.0,0.0015,0.0,50.0
train,passive,2,384,75,13943.7645,74.9769,61.6258,47.8064,12765.1777,278.7817,0.0,1.6428,0.3319,50.0
train,passive,2,1024,60,12263.1025,59.9649,57.976,30.0109,11517.3281,287.5101,70.1255,0.0067,0.5333,50.0
validation,passive,1,1024,99999,18926.6889,127.1588,94.8222,28.2672,17152.9778,301.5556,1454.3556,0.0014,0.0,50.0
train,passive,4,768,55,11732.8261,54.9911,29.972,31.9993,13169.4251,294.9381,0.0,0.0646,0.5992,50.0
train,passive,3,640,60,12283.5242,60.0104,43.3409,33.1863,12961.4049,270.2269,0.0,0.5403,0.5322,50.0
train,passive,2,384,85,15024.0107,84.9791,63.0832,47.9098,13286.1149,273.738,0.0,0.9912,0.1992,50.0
train,passive,2,512,25,8479.8816,25.0436,56.0807,30.476,11328.5072,302.3333,0.0,1.4252,0.9941,50.0
train,passive,4,1024,55,11738.7641,54.9835,29.5355,30.8259,9811.8934,274.0412,0.0,0.0602,0.5995,50.0
train,passive,3,256,30,9029.0018,29.9878,37.7711,67.8116,9313.9459,302.3333,0.0,39.4838,0.9233,50.0
train,passive,4,768,60,12279.741,59.9868,30.7772,31.638,15821.1793,302.3333,0.0,0.059,0.5327,50.0
train,passive,4,768,99999,18976.0517,126.9758,38.0498,31.9636,22890.9919,302.3333,21.7852,0.0016,0.0,50.0
train,passive,4,1024,45,10648.7565,44.9865,29.0425,30.7568,9383.8516,282.0289,0.0,0.0704,0.7327,50.0
train,passive,3,256,75,13932.8992,75.0838,48.5726,66.2175,14271.4428,294.1252,0.0,14.1104,0.3319,50.0
train,passive,4,768,40,10098.9118,39.9976,29.4345,32.2296,12074.6875,302.3333,0.0,0.0815,0.799,50.0
train,passive,3,1024,99999,18972.5111,126.9045,50.5556,29.9615,25320.8,302.0444,0.6444,0.0015,0.0,50.0
train,passive,1,896,70,13381.0319,70.0184,81.2541,29.4741,12979.5339,277.7957,574.924,0.0082,0.4,50.0
train,passive,4,1024,55,11738.895,54.9831,30.1043,30.737,11684.9349,287.5229,0.0,0.0602,0.5995,50.0
train,passive,1,512,45,10686.0412,44.9735,82.4536,31.125,13846.7286,302.3333,571.1891,0.0036,0.7333,50.0
train,passive,4,384,85,15008.6161,84.9757,31.9477,49.6378,17176.1945,297.5673,0.0,0.0219,0.1998,50.0
train,passive,2,256,25,8601.5899,24.9833,57.9503,66.5597,8814.1647,302.3333,1.4412,8.3755,0.9975,50.0
train,passive,2,384,99999,19049.6697,127.5568,69.1881,48.471,22305.1345,302.3333,16.5003,0.0015,0.0,50.0
train,passive,4,512,25,8461.7817,24.9878,28.1376,33.253,12574.7557,302.3333,0.0,0.1058,0.9983,50.0
train,passive,2,896,75,13907.1862,74.9601,59.351,30.4424,13233.3592,292.6364,65.5899,0.1283,0.3328,50.0
train,passive,1,1024,90,15551.6704,90.0421,84.5792,28.2276,14437.5088,291.7645,720.0583,0.012,0.1333,50.0
train,passive,4,768,95,16086.9455,94.9765,33.1972,31.7795,19018.4211,302.3333,21.0718,0.0198,0.0666,50.0
train,passive,2,768,35,9553.2483,34.9971,55.8576,29.7412,11067.6941,302.3333,9.8959,0.6195,0.8641,50.0
train,passive,1,768,70,13381.979,70.0006,82.1287,30.3211,15783.8655,302.3333,519.0122,0.0082,0.4,50.0
train,passive,1,512,55,11770.1234,54.9815,82.8567,31.2894,15376.6361,302.3333,508.5064,0.0054,0.6,50.0
train,passive,1,768,35,9586.4101,34.9602,78.2969,29.6156,12143.2743,302.3333,557.1812,0.0018,0.8667,50.0
train,passive,2,384,70,13402.2516,69.9746,61.346,47.7787,13010.4843,288.7522,0.0,1.9685,0.3983,50.0
train,passive,4,640,35,9553.903,35.0019,29.1113,32.8404,12297.8233,302.3333,0.0,0.0903,0.8654,50.0
train,passive,4,640,30,9008.5734,29.987,28.544,32.4112,12477.2234,302.3333,0.0,0.0962,0.932,50.0
train,passive,1,640,70,13383.3652,69.9845,82.4049,31.0721,16649.3925,302.3333,467.534,0.0082,0.4,50.0
train,passive,3,1024,50,11187.9644,49.9588,44.6926,29.5079,14922.9934,302.3333,26.9423,0.6818,0.6645,50.0
train,passive,1,512,55,11765.3933,54.9626,81.8705,31.2325,15378.4049,302.3333,496.3024,0.0054,0.6,50.0
train,passive,4,1024,65,12827.263,64.9815,31.9994,30.823,14463.0343,302.3333,0.0,0.0499,0.4663,50.0
train,passive,3,768,40,10103.0238,39.9937,41.184,31.1139,11296.5721,287.8999,0.0,0.8073,0.798,50.0
train,passive,4,768,70,13366.5555,69.9799,30.968,31.7078,15844.6447,302.3333,0.1679,0.0478,0.3995,50.0
train,passive,2,768,100,16642.293,99.9385,61.2552,30.4926,14854.1145,278.5501,65.88,0.0142,0.0,50.0
train,passive,3,896,85,15002.2337,84.9216,47.0597,31.57,18956.8294,291.1676,0.0,0.2135,0.1994,50.0
train,passive,3,384,50,11193.6414,50.0069,43.0749,50.3291,12485.2865,302.3333,21.0082,14.4376,0.663,50.0
train,passive,1,896,100,16637.4281,100.0487,85.8066,29.5476,16041.7177,284.4835,630.3001,0.0138,0.0,50.0
train,passive,2,384,45,10699.0489,44.9938,59.8876,48.1622,12458.5708,302.3333,16.0499,3.5973,0.7303,50.0
train,passive,1,768,85,15001.2815,84.9952,84.8355,30.2471,17498.8193,302.3333,556.9906,0.011,0.2,50.0
train,passive,1,896,100,16632.6326,100.0364,86.7258,29.5499,17653.8859,302.3333,649.2828,0.0138,0.0,50.0
train,passive,1,256,30,9020.1604,30.0137,85.0085,66.5633,11683.9281,298.3476,1027.7128,0.001,0.9333,50.0
train,passive,2,1024,90,15532.1109,89.9172,59.7135,30.2143,13343.9343,273.062,123.687,0.0124,0.1333,50.0
train,passive,3,896,30,9015.2292,30.016,41.5234,30.0497,11200.5886,295.6204,0.0,0.9441,0.9306,50.0
train,passive,2,384,50,11238.3255,49.9901,60.8588,48.1072,12501.8558,302.3333,30.7289,3.2715,0.6639,50.0
train,passive,1,256,95,16105.5189,95.2252,90.5103,63.7092,12986.8228,302.3333,2983.0554,0.0133,0.0667,50.0
train,passive,4,512,100,16635.3134,99.9999,30.7311,32.1821,20999.4346,284.8313,0.0,0.0141,0.0,50.0
train,passive,1,384,45,10673.877,45.0244,84.2866,48.4663,13123.862,302.3333,1014.1345,0.0037,0.7333,50.0
train,passive,2,512,99999,18970.2,126.9437,65.7778,30.7392,18880.3778,300.8889,0.0,0.0014,0.0,50.0
train,passive,4,640,25,8462.5832,24.9856,27.9389,32.5724,9889.0595,292.761,4.8107,0.1021,0.9985,50.0
train,passive,3,1024,70,13372.4411,69.9191,45.8733,29.6224,17575.225,302.3333,2.7129,0.4148,0.3987,50.0
train,passive,1,256,55,11748.3938,55.1227,87.5777,65.9681,10803.6821,281.5472,1779.4903,0.0057,0.6,50.0
train,passive,4,896,30,9013.7483,30.0096,29.0316,31.5983,8892.2336,288.0927,0.0,0.0892,0.9324,50.0
train,passive,3,384,40,10109.5911,40.0101,41.2384,50.2907,11987.9432,302.3333,0.0,17.3223,0.7953,50.0
train,passive,1,768,30,9041.0213,29.9443,78.1674,29.3521,11981.3576,302.3333,582.2083,0.0009,0.9333,50.0
train,passive,4,768,50,11185.8512,49.9847,30.4283,31.8953,13710.6826,302.3333,15.0418,0.0703,0.6658,50.0
train,passive,2,512,95,16112.3971,94.9533,61.8554,30.2158,17365.8618,302.3333,0.0,0.1082,0.0663,50.0
train,passive,2,896,100,16630.7748,99.9215,63.0204,30.2434,18453.1891,302.3333,114.075,0.0142,0.0,50.0
train,passive,1,640,65,12846.5872,64.9928,82.5451,30.8835,16134.9549,302.3333,487.048,0.0072,0.4667,50.0
train,passive,4,384,30,9061.9945,30.0,29.4437,50.4447,10438.9244,302.3333,0.0,0.0503,0.9325,50.0
train,passive,4,768,45,10639.3735,44.971,29.2199,31.7354,12788.3039,302.3333,3.1352,0.0759,0.7324,50.0
train,passive,1,512,85,15006.4236,84.9983,84.3554,32.9756,19723.6449,302.3333,333.9276,0.0108,0.2,50.0
train,passive,3,768,35,9556.2553,35.0091,41.7737,31.4332,11922.2096,302.3333,0.0,0.8734,0.8645,50.0
train,passive,2,256,50,11275.7885,49.9686,61.3503,65.8242,12417.1633,302.3333,0.0,5.5883,0.665,50.0
train,passive,3,1024,90,15543.545,89.8721,48.3025,30.4904,20895.6168,302.3333,7.9195,0.1478,0.1329,50.0
train,passive,4,1024,30,9013.7114,29.9919,29.2207,30.5603,10769.4784,302.3333,0.0,0.0857,0.9326,50.0
train,passive,4,768,65,12820.9164,64.9923,31.402,32.1194,15224.9528,302.3333,9.0765,0.0534,0.4661,50.0
train,passive,1,1024,95,16097.6336,95.0384,85.5722,27.9324,17030.322,302.3333,731.4764,0.013,0.0667,50.0
train,passive,2,768,35,9559.5077,35.0263,56.6496,30.0013,10239.3974,296.5507,14.5892,0.6194,0.8641,50.0
train,passive,4,512,55,11731.619,55.0052,29.3834,33.1056,14676.7131,288.0547,0.0,0.0691,0.599,50.0
train,passive,1,256,55,11746.7553,55.0994,87.6662,65.4133,13306.7825,302.3333,1779.7986,0.0057,0.6,50.0
validation,passive,1,512,25,8439.2889,25.0206,82.7556,33.7185,7674.2889,298.0444,740.5333,0.0768,0.9992,50.0
train,passive,1,896,25,8494.383,24.9561,74.3295,29.0578,9472.8886,282.9593,494.1628,0.0,1.0,50.0
train,passive,2,896,45,10639.7034,44.9857,57.1784,29.4845,12146.0983,302.3333,34.2584,0.2651,0.7323,50.0
train,passive,2,256,35,9673.8019,34.9829,59.4959,66.2077,10045.7093,302.3333,0.0,7.2606,0.8645,50.0
train,passive,1,1024,45,10649.7876,44.9291,75.1863,27.9324,12670.4004,302.3333,527.0599,0.0037,0.7333,50.0
train,passive,4,768,100,16632.7733,99.9799,33.5221,31.7994,19583.2572,302.3333,18.8831,0.0142,0.0,50.0
train,passive,1,384,40,10130.0072,40.0096,83.2289,48.5158,11632.2515,297.5062,949.3846,0.0028,0.8,50.0
train,passive,1,640,100,16628.5118,100.0099,85.4716,32.0386,20836.4306,302.3333,381.454,0.0136,0.0,50.0
train,passive,4,768,30,9007.9296,29.9868,29.0377,31.8899,11542.012,302.3333,7.2406,0.0927,0.9322,50.0
train,passive,2,512,40,10115.7877,40.0327,57.3912,30.6212,11921.1121,299.3985,0.0,1.143,0.7953,50.0
train,passive,3,384,85,15010.9097,85.0433,48.614,50.1871,17449.8167,302.3333,0.0779,4.3412,0.2,50.0
train,passive,3,896,90,15548.4901,89.9084,46.9459,31.4969,19383.941,284.5924,0.0,0.1471,0.1329,50.0
train,passive,4,512,95,16083.4416,94.9699,30.5044,31.9406,21895.5755,302.3333,0.0,0.0203,0.0666,50.0
train,passive,3,768,100,16633.9689,99.9245,49.0665,32.9834,22360.0856,302.3333,12.0642,0.0143,0.0,50.0
train,passive,4,1024,65,12828.5926,64.9826,30.465,30.9367,11256.0496,278.2176,0.0,0.05,0.4663,50.0
train,passive,3,256,60,12298.0639,60.0547,44.9264,66.865,11806.5731,295.3711,0.0,22.5682,0.529,50.0
train,passive,2,896,100,16630.513,99.9339,62.8349,30.6663,16104.92,296.8939,120.0196,0.0142,0.0,50.0
train,passive,2,896,45,10635.2795,44.9783,56.4312,29.7195,11039.1002,300.4158,29.9485,0.2651,0.7323,50.0
train,passive,3,512,70,13364.7213,70.0046,45.9218,34.4182,16975.268,302.3333,28.368,0.4068,0.3993,50.0
train,passive,4,256,60,12339.3921,60.0138,32.6727,67.8648,10736.1444,277.0784,0.0,0.0066,0.5333,50.0
train,passive,1,384,40,10129.9346,40.0201,84.0373,48.787,12084.342,302.3333,954.8454,0.0028,0.8,50.0
train,passive,3,896,50,11192.8324,49.9846,43.6116,30.6437,13924.3007,292.5448,0.0,0.6784,0.6647,50.0
train,passive,4,384,60,12307.738,60.0007,31.5966,50.2333,14695.893,302.3333,0.0,0.0348,0.5329,50.0
train,passive,2,896,100,16627.0846,99.921,63.0005,30.5401,17146.5569,302.3333,126.989,0.0143,0.0,50.0
train,passive,2,896,95,16083.0492,94.9199,61.9981,30.2707,16380.4636,302.3333,112.6407,0.0371,0.0666,50.0
train,passive,3,384,100,16647.6959,100.0825,51.7001,50.6515,18208.0857,285.6362,3.8475,0.0141,0.0016,50.0
train,passive,2,384,40,10161.0394,39.9925,57.8959,48.0904,10793.7403,297.2854,0.0,3.9231,0.7966,50.0
train,passive,2,1024,99999,18951.8174,126.7323,56.0031,28.5891,11465.6204,198.4889,8.8779,0.0016,0.0,50.0
train,passive,4,640,85,14996.3358,84.967,30.8247,31.7694,19675.8239,302.3333,0.0,0.0317,0.1997,50.0
train,passive,2,256,100,16615.4539,99.925,68.8608,64.4039,16832.225,302.3333,29.36,0.0138,0.0,50.0
train,passive,2,1024,100,16617.0489,99.9199,63.195,30.984,16778.8004,302.3333,159.309,0.0143,0.0,50.0
train,passive,3,384,95,16102.9094,95.0636,50.9865,50.2302,18873.988,302.3333,8.4934,1.4565,0.0678,50.0
train,passive,2,1024,40,10084.6367,39.9798,55.9022,29.4819,10286.3907,302.3333,30.1786,0.0028,0.8,50.0
train,passive,2,256,60,12344.9146,59.9506,62.6115,65.1311,14648.819,302.3333,0.0,4.4734,0.532,50.0
train,passive,4,768,90,15548.0754,89.9825,31.2995,31.6844,16719.292,282.7001,0.0,0.0254,0.1332,50.0
train,passive,2,512,25,8485.9795,25.0764,55.9349,30.9583,8981.8898,270.2322,0.0,1.4252,0.9941,50.0
train,passive,3,768,100,16639.288,99.9332,48.5273,32.8839,21707.7561,296.5051,0.0,0.0142,0.0,50.0
train,passive,1,1024,85,15008.509,85.0306,83.7746,28.1675,16305.1728,302.3333,681.0619,0.0111,0.2,50.0
train,passive,1,256,60,12293.6431,60.128,88.2612,65.3935,11630.0858,300.9157,1940.7467,0.0066,0.5333,50.0
train,passive,2,256,99999,19136.1111,128.1969,72.83,67.0563,22968.8521,270.3005,14.9918,0.0015,0.0,50.0
train,passive,1,768,40,10133.7936,39.9837,78.2752,29.8135,11612.0765,283.1057,531.2077,0.0027,0.8,50.0
train,passive,4,256,99999,19020.9841,127.4429,37.8188,66.9558,19162.1858,302.3333,0.0,0.0016,0.0,50.0
test,passive,3,1024,25,8557.4,25.0068,42.6593,30.3092,11423.6889,301.8667,0.0,0.5663,0.995,50.0
train,passive,3,512,95,16095.7407,95.0121,47.4377,35.2063,20028.6891,285.5734,2.9932,0.0797,0.0666,50.0
train,passive,4,640,100,16634.5293,99.9969,31.9788,32.1637,19832.2992,290.5061,0.0,0.0141,0.0,50.0
train,passive,1,896,25,8492.0093,24.9419,74.4454,28.9187,11117.0715,302.3333,491.3111,0.0,1.0,50.0
train,passive,3,768,80,14460.3127,79.9537,46.8814,32.2201,19200.0621,302.3333,4.6224,0.2786,0.266,50.0
train,passive,4,256,45,10722.0509,44.9957,33.05,67.6323,11071.437,302.3333,37.4008,0.0038,0.7333,50.0
train,passive,2,256,70,13412.6886,69.9588,64.0515,65.5368,13798.9851,302.3333,0.0,3.3585,0.399,50.0
train,passive,1,1024,85,15002.87,85.0085,83.5177,27.9324,15192.0581,302.3333,707.5033,0.0111,0.2,50.0
train,passive,4,896,90,15543.7292,89.9754,33.9189,31.5749,17090.9899,302.3333,28.7584,0.0249,0.1332,50.0
train,passive,1,384,60,12299.8484,60.048,84.8442,48.471,13101.1556,292.9775,1206.3213,0.0065,0.5333,50.0
train,passive,3,768,70,13366.665,69.9625,46.0325,32.1979,17418.9808,302.3333,16.0172,0.4108,0.399,50.0
train,passive,2,1024,30,8995.0092,29.9759,54.5701,28.8437,11368.226,302.3333,0.0,0.001,0.9333,50.0
train,passive,3,768,90,15545.7606,89.9396,48.1299,32.7115,20921.9079,302.3333,11.7833,0.1464,0.133,50.0
train,passive,1,896,80,14462.7545,80.0137,83.2315,29.3077,14959.6992,295.446,611.14,0.0101,0.2667,50.0
train,passive,2,384,95,16097.2327,94.9394,64.3772,47.4185,16574.8329,302.3333,0.0,0.3397,0.0664,50.0
train,passive,4,896,60,12279.0065,59.9937,31.3388,31.7004,13511.3248,302.3333,1.7836,0.057,0.5328,50.0
train,passive,4,768,65,12815.6533,64.9784,32.0756,31.9563,15313.7672,302.3333,42.7518,0.0534,0.4661,50.0
train,passive,4,512,100,16636.9311,99.9935,29.6329,31.9871,19971.6021,271.112,0.0,0.0141,0.0,50.0
train,passive,2,640,25,8471.6131,25.0324,55.9772,30.1988,10760.5135,302.3333,7.4834,1.0689,0.9956,50.0
train,passive,1,896,60,12294.6872,59.9912,80.1629,29.058,14196.5256,302.3333,559.9577,0.0064,0.5333,50.0
train,passive,3,256,80,14476.1298,80.0921,49.7871,66.185,14416.8583,302.3333,0.0,11.2911,0.2662,50.0
train,passive,3,640,75,13917.4488,74.9854,44.7535,33.2639,16434.2644,282.508,0.0,0.343,0.3326,50.0
train,passive,3,896,99999,18973.3771,126.9542,51.5571,31.4848,19258.5445,302.3333,46.2762,0.0015,0.0,50.0
train,passive,4,896,80,14460.2997,79.9861,32.4934,31.4008,17132.8646,300.2204,0.0,0.0356,0.2664,50.0
train,passive,2,896,70,13361.5713,69.9522,59.1016,29.9031,14539.0179,299.3491,61.5989,0.1511,0.3994,50.0
train,passive,4,768,55,11735.6227,54.9975,29.5361,32.0179,12269.8991,280.8383,0.0,0.0646,0.5992,50.0
train,passive,2,512,65,12845.0484,65.0058,60.0497,30.3571,15824.3594,302.3333,0.0,0.6726,0.4639,50.0
train,passive,3,768,25,8469.0943,25.0074,40.4159,30.4765,11767.9251,302.3333,0.0,1.0056,0.9975,50.0
train,passive,1,256,100,16651.1822,100.2378,91.0838,63.3141,13641.6931,302.3333,3135.9143,0.0142,0.0,50.0
train,passive,1,256,100,16654.638,100.2686,91.7035,63.8756,12380.1583,290.3101,3139.9308,0.0142,0.0,50.0
train,passive,4,384,95,16089.6255,94.994,32.9456,50.2115,18020.4647,294.8945,0.0,0.0167,0.0666,50.0
train,passive,1,1024,85,15007.8662,85.0242,83.7861,27.9324,15070.5431,302.3333,703.0008,0.0111,0.2,50.0
train,passive,4,768,45,10644.3695,44.9997,29.7793,32.2066,12511.5638,302.3333,0.0,0.0759,0.7324,50.0
train,passive,2,640,85,15013.6961,84.9693,61.8481,30.4619,15595.0648,302.3333,46.3715,0.2251,0.1991,50.0
train,passive,3,384,35,9565.4355,35.0031,40.3721,50.1685,12185.5567,302.3333,0.0,18.7646,0.8614,50.0
train,passive,1,384,65,12840.4826,65.0436,85.3264,48.1743,15692.9223,302.3333,1257.8506,0.0074,0.4667,50.0
train,passive,2,896,50,11179.7249,49.9663,56.6022,29.665,11466.0166,300.3038,35.8373,0.2423,0.6657,50.0
train,passive,1,896,95,16095.6408,95.0453,84.7949,29.5367,15090.6218,277.0861,618.7787,0.0129,0.0667,50.0
train,passive,4,256,30,9124.2074,30.035,31.8581,67.7821,9339.8735,302.3333,2.5796,0.0009,0.9333,50.0
train,passive,1,640,40,10142.0582,39.9674,79.6433,29.9942,13729.613,302.3333,545.9876,0.0027,0.8,50.0
train,passive,1,1024,45,10654.181,44.9463,75.8622,27.9324,13593.3241,302.3333,524.1011,0.0037,0.7333,50.0
train,passive,2,512,80,14478.8825,79.9828,60.9678,30.3742,16168.3826,302.3333,0.0,0.3904,0.2651,50.0
train,passive,1,256,90,15562.7039,90.2174,90.5217,63.9651,13022.0036,302.3333,2837.137,0.0123,0.1333,50.0
train,passive,1,256,85,15017.0361,85.1958,90.0457,64.0741,13856.6762,302.3333,2680.837,0.0114,0.2,50.0
train,passive,4,512,100,16633.7921,100.003,31.6907,32.3473,22568.2021,302.3333,0.0,0.0141,0.0,50.0
train,passive,2,640,95,16101.0701,94.9591,63.0685,30.7053,15948.413,301.5812,63.7558,0.0845,0.0664,50.0
train,passive,4,1024,60,12282.4327,60.0024,31.689,31.4588,12094.2586,300.118,0.0,0.055,0.5329,50.0
train,passive,3,640,99999,18970.6641,126.9592,49.3203,32.186,18996.1939,302.3333,8.8236,0.0016,0.0,50.0
train,passive,1,640,45,10678.9865,44.9557,79.3907,30.0793,13173.1002,302.3333,535.4036,0.0037,0.7333,50.0
train,passive,3,896,60,12282.6406,59.973,44.7683,30.9578,15046.9429,290.0015,0.0,0.5456,0.5318,50.0
train,passive,4,1024,70,13366.45,69.9825,33.0529,31.2892,13153.2152,301.9212,28.3722,0.0448,0.3997,50.0
train,passive,1,896,90,15547.9303,90.0089,83.9835,29.021,16633.1447,302.3333,614.2104,0.012,0.1333,50.0
train,passive,2,384,75,13941.906,74.9694,62.4862,47.6373,15174.3505,301.7198,0.0,1.6428,0.3319,50.0
train,passive,3,512,90,15552.1756,90.0153,46.7463,35.0372,19350.9016,286.599,0.0,0.1451,0.1331,50.0
train,passive,1,256,40,10112.2915,40.08,86.3497,66.9493,9564.1542,281.669,1329.3916,0.0028,0.8,50.0
train,passive,3,896,35,9557.8806,34.9937,41.5477,29.9746,11912.9656,300.2663,0.0,0.8777,0.8642,50.0
train,passive,3,256,95,16106.9075,95.1103,53.5373,65.5307,16307.6598,302.3333,9.8714,2.8334,0.069,50.0
train,passive,2,640,95,16107.7569,94.9626,63.0118,30.2896,16628.0423,302.3333,51.4753,0.0844,0.0664,50.0
train,passive,1,512,40,10149.329,39.9696,81.0641,30.7805,13079.0068,302.3333,567.1137,0.0027,0.8,50.0
train,passive,2,512,55,11746.8311,55.0124,60.3111,30.6864,13751.8301,302.3333,42.3047,0.8608,0.5965,50.0
train,passive,3,640,70,13371.8622,69.9983,45.5547,33.3019,16654.0296,298.5123,1.7308,0.4087,0.3992,50.0
train,passive,4,640,60,12278.1583,60.0095,30.2545,32.7807,14625.0597,293.2884,0.0,0.061,0.5325,50.0
train,passive,4,640,40,10095.185,39.9767,28.6366,32.3012,13283.1631,302.3333,0.0,0.0845,0.7988,50.0
train,passive,2,512,85,15028.2997,85.0006,61.8141,30.6716,14875.102,293.5597,2.3222,0.2963,0.1988,50.0
train,passive,3,256,85,15021.2849,85.0901,50.0387,65.6639,14169.1473,289.7497,0.0,8.4719,0.2004,50.0
train,passive,2,768,60,12282.9558,59.9843,57.4544,30.1439,11464.2996,280.473,24.835,0.3867,0.5318,50.0
train,passive,3,384,25,8476.0718,24.9949,38.4113,50.2275,10250.1098,302.3333,0.0,21.6493,0.9936,50.0
train,passive,3,768,100,16638.7905,99.9311,49.1155,32.7839,23380.628,302.3333,0.0,0.0142,0.0,50.0
train,passive,4,768,70,13366.887,69.9935,31.4971,32.086,15799.8298,302.3333,2.0931,0.0478,0.3995,50.0
train,passive,3,896,50,11193.995,49.9985,43.7002,30.9727,13034.0328,283.8709,0.0,0.6784,0.6647,50.0
train,passive,2,768,55,11738.31,55.0131,58.2928,30.5535,11323.033,277.7064,24.5105,0.4332,0.5982,50.0
train,passive,4,640,30,9009.671,29.9955,28.6416,32.5639,11203.3768,301.7611,2.4382,0.0962,0.932,50.0
test,passive,2,256,99999,18896.0444,126.4511,69.4444,64.5455,25292.6,298.1333,25.5111,0.0014,0.0,50.0
train,passive,1,768,25,8506.6083,24.9386,74.802,28.9934,9423.345,285.316,534.6425,0.0,1.0,50.0
train,passive,2,896,90,15540.1164,89.9424,61.8317,30.5825,15730.9935,302.3333,100.7821,0.0599,0.1331,50.0
train,passive,3,1024,65,12825.8735,64.9405,45.4377,30.0181,16383.5599,293.06,0.0,0.4815,0.4651,50.0
train,passive,1,384,60,12292.4788,60.0401,86.5324,48.5962,14105.6644,302.3333,1247.7077,0.0065,0.5333,50.0
train,passive,2,768,95,16096.321,94.968,62.3474,31.0038,14381.2761,277.9902,74.3031,0.0607,0.0665,50.0
train,passive,3,384,70,13376.8864,70.0385,46.1689,50.504,15366.3497,302.3333,0.0,8.6682,0.3984,50.0
train,passive,1,768,50,11215.4355,49.964,79.5894,29.28,16226.7758,302.3333,521.8783,0.0046,0.6667,50.0
train,passive,1,256,95,16110.2273,95.2468,90.7597,63.9532,12156.2446,288.6301,2982.9943,0.0133,0.0667,50.0
train,passive,1,896,65,12837.2509,64.9937,80.6654,28.9632,14161.335,301.3982,572.4828,0.0073,0.4667,50.0
train,passive,1,256,90,15558.1507,90.2155,91.8098,64.0897,13203.0189,302.3333,2874.5193,0.0123,0.1333,50.0
train,passive,3,640,100,16635.6344,99.9559,48.3474,33.9752,22556.3409,302.3333,0.0,0.0143,0.0,50.0
train,passive,4,896,75,13911.3743,74.97,31.4484,31.3182,15163.944,302.3333,0.0,0.041,0.333,50.0
train,passive,4,256,55,11797.868,54.9891,32.7197,67.4591,11956.2527,302.3333,12.6833,0.0057,0.6,50.0
train,passive,3,640,45,10648.9376,45.0036,42.1497,32.2217,12140.429,297.827,0.0205,0.7375,0.7318,50.0
train,passive,4,384,45,10684.5465,45.0062,30.6543,50.6026,12780.6097,302.3333,0.0,0.0426,0.7327,50.0
train,passive,2,896,50,11184.6782,49.9795,57.765,29.5077,12935.6924,302.3333,41.1984,0.2423,0.6657,50.0
train,passive,4,256,25,8588.807,25.0393,31.6759,67.7239,9003.5584,302.3333,3.9928,0.0,1.0,50.0
train,passive,1,512,40,10155.3493,39.985,81.9949,30.6311,13303.5565,302.3333,577.3303,0.0027,0.8,50.0
train,passive,4,1024,50,11192.965,49.9877,30.8141,30.7579,12456.3149,302.3333,0.0,0.0653,0.6661,50.0
train,passive,1,256,30,9019.5537,30.0162,85.2127,66.6681,11414.5038,299.9352,1032.2734,0.0009,0.9333,50.0
train,passive,1,640,65,12844.3607,64.9777,81.0625,30.7188,14336.7643,284.404,488.0304,0.0073,0.4667,50.0
train,passive,2,256,65,12871.5734,64.9428,64.3449,65.3326,13191.6184,302.3333,41.7538,3.9159,0.4655,50.0
train,passive,4,640,95,16086.3838,94.9751,31.3429,31.8782,20025.266,302.3333,0.0,0.02,0.0666,50.0
train,passive,2,512,65,12846.6894,65.0119,58.8248,30.5994,12821.8811,284.1156,0.0,0.6726,0.4639,50.0
train,passive,4,1024,99999,18986.6509,126.9953,36.5122,31.0054,18444.3935,296.9209,12.5316,0.0016,0.0,50.0
train,passive,2,384,85,15020.8456,84.9563,62.9823,47.5188,14742.99,294.7053,0.0,0.9913,0.1992,50.0
train,passive,2,768,75,13914.861,74.9669,61.0329,30.1975,14699.3811,302.3333,73.6285,0.247,0.3324,50.0
train,passive,1,896,95,16091.4279,95.0242,85.5291,29.1757,17037.4455,302.3333,638.6082,0.0129,0.0667,50.0
train,passive,3,640,100,16634.6254,99.9667,49.3634,34.2513,22409.7358,302.3333,20.9121,0.0142,0.0,50.0
train,passive,1,1024,30,9024.7344,29.952,73.3079,28.5648,10132.5302,288.1724,463.6734,0.0009,0.9333,50.0
train,passive,3,512,55,11732.8367,55.0043,43.1791,33.7719,14117.814,302.3333,1.7993,0.6031,0.599,50.0
train,passive,1,896,85,15009.0595,85.021,83.937,29.172,16290.4767,302.3333,606.7544,0.011,0.2,50.0
train,passive,3,640,100,16633.1696,99.9669,50.025,34.2783,22530.0844,302.3333,38.6522,0.0142,0.0,50.0
train,passive,3,512,55,11731.3779,55.0047,44.0047,33.7821,14949.2933,302.3333,17.7996,0.603,0.599,50.0
train,passive,1,256,25,8476.7245,25.0018,84.1204,66.8418,9474.4352,287.3098,883.4567,0.0,1.0,50.0
train,passive,4,256,35,9656.8283,35.0274,31.9934,67.9133,9237.923,297.7599,9.2034,0.0019,0.8667,50.0
train,passive,4,768,75,13907.9434,74.9757,31.7231,31.789,16512.1563,302.3333,16.2442,0.0422,0.3329,50.0
train,passive,1,896,70,13379.0975,70.0005,81.5165,29.1724,15707.2193,302.3333,569.8157,0.0083,0.4,50.0
train,passive,2,256,35,9670.5613,34.9695,59.7989,65.9281,10020.41,302.3333,22.516,7.2606,0.8645,50.0
train,passive,4,896,65,12825.7856,64.9798,31.119,31.1537,15660.265,302.3333,0.0,0.0517,0.4662,50.0
train,passive,3,640,80,14459.9546,79.9889,46.6912,33.6942,19428.2197,302.3333,0.0,0.2773,0.2661,50.0
train,passive,3,256,70,13390.2043,70.0985,47.3749,66.958,11114.2439,270.5426,0.0,16.9296,0.3976,50.0
train,passive,3,512,95,16093.3175,95.0002,47.8912,34.9949,22576.5944,302.3333,0.0,0.0796,0.0666,50.0
train,passive,1,256,30,9017.7939,30.025,85.774,67.0849,10848.9209,302.3333,1041.543,0.0009,0.9333,50.0
train,passive,4,640,60,12278.2528,60.0066,30.075,32.6404,14229.1591,285.4958,0.0,0.061,0.5325,50.0
train,passive,2,1024,70,13349.4369,69.9407,59.0763,30.1153,13545.3553,302.3333,89.4008,0.0086,0.4,50.0
train,passive,3,384,70,13379.9129,70.0382,45.3234,50.2757,13881.7893,285.5179,0.0,8.6682,0.3984,50.0
train,passive,3,384,70,13376.7382,70.0315,46.7818,50.1358,17095.6115,302.3333,5.303,8.6682,0.3984,50.0
train,passive,3,384,30,9022.4541,29.9976,37.5526,50.241,8482.9333,278.9322,0.0,20.207,0.9275,50.0
train,passive,4,768,70,13365.7817,69.9894,31.5424,31.9747,15434.7823,300.4865,13.0469,0.0478,0.3995,50.0
train,passive,2,256,60,12343.6114,59.9505,62.3487,65.26,12529.3991,302.3333,0.7152,4.4734,0.532,50.0
train,passive,2,384,80,14483.451,79.9661,62.0998,47.5827,13572.3415,283.9866,0.0,1.317,0.2655,50.0
train,passive,4,512,70,13367.5024,70.0052,30.3988,32.6706,17369.8592,298.0003,2.4039,0.0507,0.3993,50.0
train,passive,3,512,35,9551.6827,35.0096,41.4086,33.2401,10165.9834,302.1161,17.6958,0.8647,0.8652,50.0
train,passive,3,256,25,8485.1455,24.9921,37.8546,68.1824,8772.3306,302.3333,22.8909,42.303,0.989,50.0
train,passive,2,896,55,11725.8827,54.9764,57.8574,30.062,12286.0081,302.3333,43.5392,0.2195,0.5991,50.0
train,passive,4,768,85,15004.4274,85.0065,31.9009,32.1885,15852.1535,278.4981,0.0,0.031,0.1997,50.0
train,passive,1,1024,90,15553.776,90.0321,83.3579,27.9324,13929.5185,283.5484,706.3658,0.0121,0.1333,50.0
train,passive,3,256,99999,18975.4808,126.9847,53.729,65.2365,24382.8735,291.5009,1.6903,0.0014,0.0,50.0
train,passive,4,384,55,11763.0162,54.9895,31.9603,50.0675,14128.1672,302.3333,29.8779,0.0374,0.5995,50.0
train,passive,1,896,90,15550.1572,90.0152,83.6124,29.0616,15349.1466,288.175,618.4132,0.012,0.1333,50.0
train,passive,4,768,65,12822.4583,64.9825,30.7654,31.7207,15931.1447,302.3333,0.0,0.0534,0.4661,50.0
train,passive,1,1024,90,15548.1335,90.0271,85.0462,28.0102,15428.8694,302.3333,737.7973,0.012,0.1333,50.0
train,passive,2,896,35,9546.937,35.002,55.868,29.7967,9604.7653,292.9941,22.4508,0.3107,0.8654,50.0
train,passive,2,384,50,11242.962,49.9999,59.5426,48.2606,11731.4929,297.0196,0.0,3.2716,0.6639,50.0
train,passive,3,384,99999,18973.3063,126.9785,51.5848,48.9583,22335.9131,302.3333,1.0576,0.0015,0.0,50.0
train,passive,4,768,70,13365.4681,69.9851,32.0214,31.804,15939.0812,302.3333,25.4096,0.0478,0.3995,50.0
train,passive,3,512,95,16096.3998,95.0337,48.6676,35.8257,21603.0424,302.3333,0.0,0.0796,0.0666,50.0
train,passive,3,256,25,8489.0774,25.015,37.4217,68.2152,8482.9333,300.4414,0.0,42.303,0.989,50.0
train,passive,3,256,90,15565.3983,90.0998,52.0788,65.4198,16032.8265,302.3333,2.3374,5.6526,0.1347,50.0
train,passive,1,896,65,12836.6239,64.9837,80.6532,28.7106,16004.7012,302.3333,563.8129,0.0074,0.4667,50.0
train,passive,1,1024,40,10110.6594,39.9391,75.0218,27.9324,13588.1492,302.3333,502.3099,0.0028,0.8,50.0
train,passive,1,768,80,14465.5134,80.0081,83.2492,30.4168,16609.6022,302.3333,516.5287,0.01,0.2667,50.0
train,passive,4,896,35,9555.9938,34.9901,29.3656,31.2765,11411.3621,302.3333,0.0,0.0838,0.8658,50.0
train,passive,4,1024,50,11190.6095,49.9821,30.4395,30.8314,11384.0865,302.3333,0.0,0.0653,0.6661,50.0
train,passive,2,512,70,13387.8535,70.0001,60.1786,30.6503,14781.9457,302.3333,0.0,0.5786,0.3976,50.0
train,passive,4,384,75,13923.5763,74.969,31.2026,49.7797,16017.9594,302.3333,0.0,0.0271,0.3331,50.0
train,passive,2,256,60,12341.1552,59.95,62.7705,65.3876,12498.8627,302.3333,14.1222,4.4734,0.532,50.0
train,passive,1,640,50,11220.1219,49.9822,81.3922,30.7866,14221.041,302.3333,535.9431,0.0045,0.6667,50.0
train,passive,2,384,90,15563.1781,89.9553,63.1077,47.4009,14729.2281,283.4254,0.0,0.6655,0.1328,50.0
train,passive,3,384,50,11202.7278,50.0201,41.0602,50.2433,10144.0792,273.9528,0.0,14.4376,0.663,50.0
train,passive,4,640,25,8463.6398,24.9873,28.2436,32.483,11633.3004,302.3333,0.0,0.102,0.9985,50.0
train,passive,1,384,45,10668.0198,45.0161,85.0395,48.5764,13174.6664,302.3333,1042.8535,0.0037,0.7333,50.0
train,passive,1,768,75,13922.4961,74.9936,82.8139,30.0416,16242.3604,302.3333,534.0004,0.0091,0.3333,50.0
train,passive,1,896,60,12291.7121,59.9797,79.4528,28.9627,13536.5065,298.9215,558.8815,0.0064,0.5333,50.0
train,passive,3,768,80,14457.7934,79.9606,46.9398,32.6151,18357.2573,295.6032,8.9875,0.2786,0.266,50.0
train,passive,4,512,99999,18972.383,126.9744,38.2899,33.164,25374.3556,302.3333,0.0,0.0015,0.0,50.0
train,passive,3,384,99999,18964.7129,126.9633,52.5059,49.0279,22455.7118,302.3333,41.5093,0.0015,0.0,50.0
train,passive,1,256,99999,18993.8762,126.9928,94.2821,64.2157,15154.2831,302.3333,3950.3123,0.0014,0.0,50.0
train,passive,1,640,35,9599.4371,34.9652,79.1865,30.0356,11509.588,297.1773,576.6019,0.0018,0.8667,50.0
train,passive,3,512,85,15002.4063,85.0005,46.5405,34.7584,19703.6054,302.3333,0.0,0.2105,0.1997,50.0
train,passive,3,896,55,11737.8063,54.9763,44.2546,30.715,14687.4548,295.7035,0.1998,0.612,0.5983,50.0
train,passive,4,768,30,9010.7233,30.0018,28.5757,32.281,10352.615,300.924,0.0,0.0927,0.9322,50.0
train,passive,3,896,40,10104.2311,39.9908,41.8589,30.14,12111.1232,290.9228,0.0,0.8113,0.7977,50.0
validation,passive,3,512,99999,18976.5111,126.9049,43.1926,33.4746,12664.4889,201.4444,12.4667,0.0015,0.0,50.0
train,passive,1,512,45,10691.5769,44.9919,81.5332,31.3406,12507.0844,288.0426,539.9469,0.0036,0.7333,50.0
train,passive,1,1024,25,8476.413,24.9232,72.6997,28.071,11574.2878,302.3333,461.2469,0.0,1.0,50.0
train,passive,3,640,75,13917.9149,74.9849,44.5153,33.2351,16148.7443,278.7352,0.0,0.343,0.3326,50.0
train,passive,1,1024,50,11198.1043,49.9602,76.6044,28.0164,11880.6327,294.3809,559.2552,0.0046,0.6667,50.0
train,passive,1,512,80,14466.9891,79.9939,83.7691,32.5494,17818.767,290.6817,371.2426,0.0099,0.2667,50.0
train,passive,2,896,30,9002.6284,29.9925,55.36,29.2328,12004.37,302.3333,1.5078,0.3335,0.932,50.0
train,passive,2,512,65,12846.8224,65.0104,58.6871,30.5476,12675.2793,281.6778,0.0,0.6726,0.4639,50.0
train,passive,3,640,100,16636.8545,99.9692,48.751,34.2176,21561.4845,295.5893,14.2578,0.0142,0.0,50.0
train,passive,1,640,25,8521.6971,24.9602,77.4777,29.595,10370.7848,289.0686,583.0084,0.0,1.0,50.0
train,passive,1,896,85,15006.7644,85.0222,83.9537,29.4374,16259.7393,302.3333,605.0912,0.011,0.2,50.0
train,passive,4,768,100,16632.467,99.9794,33.5289,31.8024,19384.2772,302.3333,22.847,0.0142,0.0,50.0
train,passive,4,768,40,10099.9308,39.9831,29.4322,31.6007,14443.2033,302.3333,0.0,0.0815,0.799,50.0
train,passive,3,256,99999,18971.8787,126.9755,53.5413,65.2891,24615.6913,291.9993,3.3251,0.0014,0.0,50.0
train,passive,1,384,70,13385.5573,70.0853,86.4219,49.0063,15009.1869,302.3333,1316.7018,0.0083,0.4,50.0
train,passive,2,384,55,11784.4015,54.9983,60.917,48.0341,12947.213,302.3333,3.1001,2.9458,0.5975,50.0
train,passive,4,256,50,11267.144,49.9993,32.5972,67.2111,13122.0503,302.3333,0.0,0.0047,0.6667,50.0
train,passive,2,256,100,16620.4667,99.9326,68.0,64.3593,16615.7556,301.0444,0.0,0.0138,0.0,50.0
train,passive,1,384,80,14469.2091,80.076,86.6571,48.1275,15981.4134,302.3333,1456.0465,0.0102,0.2667,50.0
test,passive,1,512,99999,18954.0667,126.846,94.0889,31.8763,17404.9556,200.8889,545.7111,0.0014,0.0,50.0
train,passive,1,256,99999,18993.2787,126.9735,93.337,63.792,14569.0118,296.4731,3939.1358,0.0014,0.0,50.0
train,passive,1,512,95,16085.179,94.999,84.9261,33.3271,21169.5777,302.3333,284.1319,0.0126,0.0667,50.0
train,passive,2,768,99999,18956.2728,126.8212,61.8112,29.4257,16067.6775,261.9547,37.3814,0.0015,0.0,50.0
train,passive,2,256,99999,19136.1111,128.1969,72.8,66.4562,25278.3333,301.0444,21.0,0.0015,0.0,50.0
train,passive,2,256,80,14483.0334,79.94,64.4404,64.7666,13705.1008,291.5666,0.0,2.2436,0.266,50.0
train,passive,3,896,85,15001.4963,84.9147,47.2339,31.4589,20006.6396,302.3333,0.0,0.2135,0.1994,50.0
train,passive,1,256,65,12837.0302,65.1469,88.6317,65.4869,12091.5845,302.3333,2081.4947,0.0076,0.4667,50.0
train,passive,2,768,75,13917.1571,74.9696,60.3251,30.1958,14324.5458,302.3333,55.952,0.247,0.3324,50.0
train,passive,1,1024,50,11198.8832,49.9571,76.1294,27.9324,12009.4095,295.3854,545.8556,0.0047,0.6667,50.0
train,passive,2,1024,35,9539.8186,34.9826,54.7526,29.3979,9176.8605,295.4184,14.3685,0.0019,0.8667,50.0
train,passive,1,256,70,13379.3315,70.1517,89.3132,65.0197,12234.8363,302.3333,2253.051,0.0085,0.4,50.0
train,passive,1,512,30,9073.5493,29.9851,80.8376,30.6238,11481.0597,297.0771,614.2971,0.0009,0.9333,50.0
train,passive,4,384,55,11767.095,55.0063,30.757,50.5453,13388.9247,301.9133,0.0,0.0374,0.5995,50.0
train,passive,3,768,25,8469.5253,25.0081,40.0757,30.507,10931.3605,299.4939,0.0,1.0056,0.9975,50.0
train,passive,1,640,95,16083.3878,94.9904,85.1392,31.6221,19347.2334,302.3333,429.0003,0.0127,0.0667,50.0
train,passive,4,512,90,15541.7808,89.9875,30.8795,32.2439,20912.437,302.3333,1.4646,0.0263,0.1331,50.0
train,passive,4,512,80,14450.0681,79.9886,31.6428,32.452,19657.3249,302.3333,33.2556,0.0385,0.2662,50.0
train,passive,4,1024,99999,18988.9825,126.9996,36.768,30.951,20366.4777,302.3333,0.0,0.0016,0.0,50.0
train,passive,4,256,55,11802.4356,55.0123,32.5166,67.8254,10815.9173,288.8876,0.0,0.0057,0.6,50.0
train,passive,1,256,35,9566.2251,35.0531,85.7332,66.9087,9562.0786,281.6604,1184.3747,0.0019,0.8667,50.0
train,passive,4,512,90,15539.1363,89.9869,31.9278,32.2864,21683.7658,302.3333,25.3807,0.0263,0.1331,50.0
train,passive,4,640,25,8466.3816,24.9866,27.9389,32.4295,8798.5233,276.9753,0.0,0.1021,0.9985,50.0
train,passive,4,1024,80,14457.0607,79.975,33.4079,31.2176,14614.6267,302.3333,16.8897,0.0346,0.2665,50.0
train,passive,3,768,80,14457.9372,79.9432,46.5238,32.1392,19293.7915,302.3333,2.1032,0.2786,0.266,50.0
train,passive,1,256,65,12833.8436,65.1261,88.0461,65.1311,12218.1894,302.3333,2082.9898,0.0076,0.4667,50.0
train,passive,2,1024,30,8995.0969,29.9964,54.8573,29.5693,9794.1761,302.3333,0.0,0.001,0.9333,50.0
train,passive,1,768,55,11757.2092,54.9968,80.5684,30.3746,14387.3128,302.3333,519.1673,0.0055,0.6,50.0
train,passive,4,384,65,12848.1435,64.9887,31.6685,49.8184,15288.8997,302.3333,5.1703,0.0322,0.4663,50.0
train,passive,2,512,55,11746.4758,55.0082,60.0581,30.6187,13800.9515,302.3333,37.9138,0.8608,0.5965,50.0
train,passive,3,1024,30,9019.9436,30.0142,42.5385,28.6749,12418.79,302.3333,8.7872,0.9487,0.9303,50.0
train,passive,1,1024,30,9023.9268,29.9264,72.843,27.9324,12038.3842,300.2001,460.4867,0.0009,0.9333,50.0
train,passive,3,1024,40,10107.2337,39.998,42.0408,29.3578,11402.953,274.3274,0.0,0.8153,0.7974,50.0
train,passive,2,384,65,12864.1015,64.9977,61.0912,48.2103,11758.4961,277.3895,0.0,2.2943,0.4647,50.0
train,passive,4,512,99999,18969.7715,126.9693,38.5369,33.1691,25374.3556,302.3333,7.7721,0.0015,0.0,50.0
train,passive,3,1024,90,15546.2258,89.8626,47.825,29.9898,22785.8221,302.3333,0.0,0.1478,0.1329,50.0
train,passive,2,256,50,11276.6723,49.959,61.3036,65.3701,12892.0595,302.3333,0.0,5.5883,0.665,50.0
train,passive,2,768,100,16642.0052,99.9575,62.8205,30.8539,15392.0313,286.0105,77.9715,0.0142,0.0,50.0
train,passive,4,512,75,13910.0242,74.9959,30.5628,32.5579,19976.0063,302.3333,0.0,0.0447,0.3328,50.0
train,passive,4,384,99999,18999.6625,127.2217,38.2048,50.1188,21355.1672,292.8289,0.2087,0.0015,0.0,50.0
train,passive,4,896,80,14462.3159,80.0064,32.5879,31.8299,14283.1749,284.0813,0.0,0.0356,0.2664,50.0
train,passive,2,256,85,15018.0926,84.9616,66.3273,65.3285,14899.9739,302.3333,0.0,1.6861,0.1995,50.0
train,passive,4,640,75,13910.8147,74.9836,31.1403,31.9267,19511.1546,302.3333,0.0,0.0434,0.3328,50.0
train,passive,4,640,80,14456.1382,80.0009,31.4212,32.4654,18291.7926,302.3333,0.0,0.0376,0.2663,50.0
train,passive,4,768,55,11732.7998,54.9851,29.7518,31.8484,12857.9166,290.93,6.0384,0.0647,0.5992,50.0
train,passive,1,384,99999,19006.7616,127.1102,93.6409,47.5561,13205.849,242.6811,3184.6028,0.0015,0.0,50.0
train,passive,4,384,55,11767.0872,55.0166,31.2992,50.7804,13342.7953,301.2864,0.0,0.0374,0.5995,50.0
train,passive,3,640,85,15005.625,84.9993,47.3264,34.1905,19162.5169,298.1007,0.0,0.2115,0.1996,50.0
train,passive,2,512,50,11209.3083,50.031,58.9517,30.6481,14493.3798,302.3333,0.0,0.9548,0.6627,50.0
train,passive,1,896,30,9035.9414,29.9591,75.5181,29.2273,11628.4727,302.3333,495.9433,0.0009,0.9333,50.0
train,passive,2,768,100,16642.4437,99.9389,63.1808,30.2238,18037.467,302.3333,79.6992,0.0142,0.0,50.0
train,passive,4,768,60,12281.3116,60.0141,30.626,32.3242,12658.0235,278.659,0.0,0.059,0.5327,50.0
train,passive,2,1024,25,8450.2228,24.9837,53.9322,28.8519,10039.7012,302.3333,0.0,0.0,1.0,50.0
train,passive,1,640,25,8516.4362,24.9498,77.9322,29.6554,10855.0888,302.3333,591.6426,0.0,1.0,50.0
train,passive,4,1024,35,9554.4529,34.9894,30.1268,30.826,10087.4766,302.3333,19.1576,0.0806,0.866,50.0
train,passive,4,512,99999,18964.2359,126.955,39.2607,33.0115,25374.3556,302.3333,43.0015,0.0015,0.0,50.0
train,passive,4,896,99999,18986.5591,126.9929,37.3353,31.2862,21475.4315,302.3333,1.4742,0.0016,0.0,50.0
train,passive,3,640,99999,18971.4511,126.9469,48.8328,31.7794,21297.0751,302.3333,0.0,0.0016,0.0,50.0
train,passive,3,640,95,16088.3716,94.9729,49.3668,34.2655,21657.0289,302.3333,32.0125,0.08,0.0665,50.0
train,passive,2,1024,100,16615.8273,99.8998,62.325,30.4828,16670.3305,302.3333,157.1116,0.0143,0.0,50.0
train,passive,4,1024,70,13371.1688,69.9798,31.5948,31.034,12837.2112,293.1051,0.0,0.0449,0.3997,50.0
train,passive,1,1024,25,8479.9443,24.9302,72.2997,28.2046,10961.5788,295.2809,444.0627,0.0,1.0,50.0
train,passive,4,256,25,8587.8309,25.0354,30.5461,67.828,8482.9333,289.4518,0.0,0.0,1.0,50.0
train,passive,3,768,55,11730.4405,54.9743,44.7432,31.7407,15042.114,302.3333,30.5316,0.609,0.5985,50.0
train,passive,3,512,80,14458.1008,80.0084,46.2112,34.7122,17735.3788,293.5664,15.676,0.2759,0.2662,50.0
train,passive,4,896,70,13372.0153,69.9843,32.1128,31.1325,16230.3952,302.3333,0.0,0.0463,0.3996,50.0
train,passive,2,256,95,16085.8824,94.9328,66.9521,64.4391,15502.1196,294.4217,1.7815,0.5713,0.0665,50.0
train,passive,4,512,45,10642.3907,45.0135,29.2016,33.5741,13486.0167,295.6961,0.0,0.0813,0.7321,50.0
train,passive,2,256,85,15019.484,84.9512,66.4678,64.8088,15372.3464,302.3333,0.2373,1.6861,0.1995,50.0
train,passive,3,384,100,16644.158,100.0667,52.0639,50.4273,19240.3973,301.7132,19.1113,0.0141,0.0016,50.0
train,passive,1,768,30,9044.0869,29.95,77.7002,29.3507,11570.329,302.3333,567.5416,0.0009,0.9333,50.0
train,passive,3,768,50,11191.7732,49.9859,43.3864,31.4028,15200.7951,302.3333,0.0,0.6751,0.665,50.0
train,passive,1,256,65,12838.345,65.1531,88.4289,65.4873,11005.3626,285.219,2083.3678,0.0076,0.4667,50.0
train,passive,3,896,40,10096.3391,39.9732,42.9044,30.101,13291.0116,302.3333,22.917,0.8113,0.7977,50.0
train,passive,3,640,40,10101.5439,40.0016,41.5203,32.1432,12091.342,298.3091,0.0,0.8033,0.7983,50.0
train,passive,3,1024,85,15001.5899,84.877,47.4478,29.9977,21520.4714,302.3333,0.0,0.2145,0.1993,50.0
train,passive,3,512,60,12283.6734,60.0138,43.3459,33.7993,14008.5317,292.2143,0.0,0.5376,0.5324,50.0
train,passive,2,768,55,11733.0661,54.9864,59.07,30.0992,12853.433,302.3333,56.7613,0.4332,0.5982,50.0
train,passive,4,512,45,10638.3697,44.9778,28.5782,32.8132,14470.0723,302.3333,0.0,0.0814,0.7321,50.0
train,passive,4,640,60,12273.8276,59.9741,29.658,32.0841,15714.9222,302.3333,0.0,0.061,0.5325,50.0
train,passive,3,384,30,9016.042,29.9939,39.5253,50.4062,9497.598,302.3333,16.7331,20.207,0.9275,50.0
train,passive,3,768,95,16093.3305,94.9436,48.1526,33.0343,21134.2268,300.0547,0.0,0.0803,0.0665,50.0
train,passive,2,256,99999,19136.1111,128.1968,72.4453,66.3274,24762.1767,295.8541,19.1517,0.0015,0.0,50.0
train,passive,1,768,100,16633.8115,100.0189,85.9802,30.3217,19006.442,302.3333,521.4872,0.0137,0.0,50.0
train,passive,4,640,85,14998.8058,84.9965,32.0095,32.3951,19030.2733,302.3333,6.4702,0.0317,0.1997,50.0
train,passive,4,384,70,13387.6442,69.9852,31.7621,49.8175,16085.3053,302.3333,1.1366,0.0296,0.3997,50.0
train,passive,1,768,40,10132.6133,39.9884,78.4591,30.0226,10524.4395,277.9501,542.461,0.0027,0.8,50.0
train,passive,3,256,55,11755.003,55.059,44.146,67.3661,11367.9137,298.2468,0.0,25.3874,0.5947,50.0
train,passive,4,256,60,12337.0056,59.9954,32.8495,67.5928,12820.3534,302.3333,0.0,0.0066,0.5333,50.0
train,passive,4,1024,95,16094.2737,94.9694,34.0967,31.1342,16348.7298,302.3333,1.9836,0.0193,0.0666,50.0
train,passive,3,768,65,12823.7497,64.959,44.8147,31.7133,17864.7982,302.3333,0.0,0.4769,0.4655,50.0
train,passive,3,896,25,8472.2195,25.0376,41.0048,30.1818,9370.5571,282.4926,0.0,1.0105,0.9971,50.0
train,passive,3,896,45,10648.321,44.9816,42.61,30.245,13475.6125,295.5178,0.0,0.7449,0.7312,50.0
train,passive,2,512,85,15026.0833,84.9765,61.7054,30.1448,18588.5422,302.3333,0.0,0.2963,0.1988,50.0
train,passive,3,256,40,10119.2125,40.0172,41.3909,67.5016,10477.4733,302.3333,24.5654,33.8452,0.7919,50.0
train,passive,2,768,60,12274.3105,59.9741,59.5582,30.2286,12948.3578,302.3333,73.7111,0.3867,0.5318,50.0
train,passive,4,512,25,8461.675,24.9902,28.13,33.3458,12114.7962,302.3333,0.0,0.1058,0.9983,50.0
train,passive,4,512,45,10643.1885,44.9912,28.7748,32.7987,13947.5926,300.9375,0.8547,0.0813,0.7321,50.0
train,passive,4,512,60,12267.9632,59.9816,30.808,32.8285,16734.2016,302.3333,40.911,0.063,0.5324,50.0
train,passive,2,512,90,15572.6057,89.9931,62.0779,30.7157,15176.2744,291.2603,0.4186,0.2022,0.1325,50.0
train,passive,4,384,50,11219.9048,49.9925,31.7418,50.4059,13438.4985,302.3333,29.4065,0.04,0.6661,50.0
train,passive,3,512,95,16096.4568,95.035,48.7034,35.8668,21628.0007,302.3333,0.0,0.0796,0.0666,50.0
train,passive,2,512,60,12296.4834,60.0187,60.172,30.8376,14051.5999,302.3333,13.5548,0.7667,0.5302,50.0
test,passive,2,512,25,8403.2,24.9797,55.4444,30.7688,8424.3778,298.0889,0.0,0.0572,0.9992,50.0
train,passive,4,512,100,16634.8718,99.9963,30.7527,32.1135,21304.3426,288.891,0.0,0.0141,0.0,50.0
train,passive,3,1024,80,14458.7488,79.8911,47.1382,29.8292,19632.8472,302.3333,5.3625,0.2813,0.2658,50.0
train,passive,3,768,65,12828.5945,64.9813,45.4413,31.9044,16265.2252,302.3333,5.3629,0.4768,0.4655,50.0
train,passive,3,640,60,12280.1816,59.9898,44.2003,32.7598,16469.0037,302.3333,0.0,0.5403,0.5322,50.0
train,passive,3,768,60,12280.8791,59.9874,44.2364,32.0982,14446.9488,287.029,0.0,0.5429,0.532,50.0
train,passive,3,1024,95,16091.198,94.8759,48.3583,30.7726,20166.1401,284.5383,0.0,0.081,0.0664,50.0
train,passive,2,384,45,10703.9368,45.0099,59.7806,48.348,12041.8618,302.3333,0.0,3.5973,0.7303,50.0
train,passive,1,512,30,9073.2478,29.9725,80.933,30.2554,13640.6753,302.3333,607.9466,0.0009,0.9333,50.0
train,passive,2,512,100,16662.5148,99.9672,62.9982,30.3253,17593.654,302.3333,0.0,0.0141,0.0,50.0
train,passive,4,256,30,9121.3963,30.0258,31.176,67.7855,8482.9333,294.2324,6.4715,0.001,0.9333,50.0
train,passive,4,640,90,15546.4942,90.003,31.7195,32.2952,18630.9585,289.9491,0.0,0.0258,0.1331,50.0
train,passive,2,1024,60,12264.5255,59.9511,57.019,29.6055,11035.5519,285.2829,67.6445,0.0067,0.5333,50.0
train,passive,4,768,25,8466.9809,24.9957,28.6667,31.8647,10143.4262,302.3333,4.6072,0.0983,0.9988,50.0
train,passive,3,512,35,9553.0857,35.0082,41.3842,33.0941,10502.8741,302.3333,14.913,0.8647,0.8652,50.0
train,passive,2,768,70,13368.646,69.9669,59.4595,30.2358,13856.6912,301.7941,46.2786,0.2936,0.3988,50.0
train,passive,2,896,100,16623.3286,99.9155,63.4364,30.612,16794.6913,302.3333,147.5204,0.0143,0.0,50.0
train,passive,3,640,99999,18973.007,126.9671,50.1913,32.1041,19205.3409,302.3333,25.7968,0.0015,0.0,50.0
train,passive,3,640,35,9553.2411,34.9949,40.8212,31.993,10937.4085,302.3333,0.0,0.8691,0.8648,50.0
train,passive,1,640,90,15541.7713,89.9868,85.1421,31.4859,19494.026,302.3333,446.7573,0.0118,0.1333,50.0
train,passive,4,1024,80,14463.2552,79.9821,33.4309,30.9248,15378.8982,302.3333,2.9921,0.0346,0.2665,50.0
train,passive,1,1024,85,15009.3618,85.043,83.5784,28.44,14025.7766,291.4815,687.5885,0.0111,0.2,50.0
train,passive,2,640,100,16645.7203,99.9472,63.4596,30.5947,16824.4567,302.3333,65.8757,0.0141,0.0,50.0
train,passive,1,512,60,12310.7368,59.9881,82.6278,31.5999,16661.2645,296.5565,458.0827,0.0063,0.5333,50.0
train,passive,1,384,25,8506.2487,25.0167,82.6919,49.2163,8652.2218,274.1743,760.4353,0.0,1.0,50.0
train,passive,3,384,35,9567.9907,35.035,40.1417,50.93,8482.9333,277.127,0.0,18.7646,0.8614,50.0
train,passive,4,1024,45,10644.9919,44.9902,30.7052,30.9844,10802.1706,302.3333,13.0701,0.0704,0.7327,50.0
train,passive,3,384,70,13380.0818,70.0454,45.7227,50.4273,14035.3961,287.0665,0.0,8.6682,0.3984,50.0
train,passive,2,256,90,15552.9625,89.9303,66.2296,64.2657,17050.7583,301.4502,0.0,1.1287,0.133,50.0
train,passive,4,768,85,14998.9581,84.9698,31.6221,31.5841,18114.8252,302.3333,0.0,0.031,0.1997,50.0
train,passive,1,768,60,12299.9664,59.9829,80.9341,29.6598,15029.3772,302.3333,532.9845,0.0064,0.5333,50.0
train,passive,1,896,80,14460.3031,80.0016,83.4545,29.1219,15779.7466,302.3333,621.0657,0.0101,0.2667,50.0
train,passive,1,768,25,8502.8357,24.9325,75.9212,28.9848,11544.6206,302.3333,541.7591,0.0,1.0,50.0
test,passive,3,512,99999,18972.9556,126.9143,51.0889,31.0683,12660.1111,201.6222,0.0,0.0016,0.0,50.0
train,passive,3,640,60,12277.9197,59.9853,43.7839,32.8539,15177.6486,302.3333,0.0,0.5403,0.5322,50.0
train,passive,3,768,50,11192.6624,49.989,42.5842,31.5606,13108.2862,290.7148,0.0,0.6751,0.665,50.0
train,passive,2,256,70,13408.2228,69.9396,64.3893,65.1185,13664.7704,302.3333,23.4082,3.3585,0.399,50.0
train,passive,2,768,50,11191.8474,49.99,57.3853,29.8478,13102.4313,298.8556,16.2223,0.4798,0.6647,50.0
train,passive,4,896,50,11191.4631,49.9926,29.8195,31.4882,11584.2984,292.9724,0.0,0.0678,0.666,50.0
train,passive,2,384,25,8543.7172,25.0156,56.5517,48.3615,9728.4742,293.8418,0.0,4.9004,0.9958,50.0
train,passive,4,896,70,13371.4086,69.9891,31.9927,31.3545,14710.1034,302.3333,4.636,0.0463,0.3996,50.0
train,passive,3,256,60,12292.6658,60.0437,46.0205,66.8239,12560.8793,302.3333,33.5582,22.5682,0.529,50.0
train,passive,1,896,55,11745.232,54.9703,79.7645,29.0013,13697.6644,302.3333,578.1337,0.0055,0.6,50.0
train,passive,4,640,50,11188.8097,49.9861,29.8267,32.0731,16031.0631,302.3333,0.0,0.0727,0.6657,50.0
train,passive,4,896,90,15551.7526,89.9816,32.2296,31.324,15736.3786,288.4207,0.0,0.0249,0.1332,50.0
train,passive,4,384,50,11223.2361,49.9925,30.8474,50.2239,12912.9688,301.3445,12.3835,0.04,0.6661,50.0
train,passive,2,1024,80,14439.6399,79.918,60.324,29.7707,17112.4393,302.3333,102.7995,0.0105,0.2667,50.0
train,passive,1,1024,30,9017.7026,29.9047,72.4189,27.9324,11666.5985,302.3333,466.0052,0.001,0.9333,50.0
train,passive,1,768,25,8507.7062,24.9508,75.9553,29.141,10276.3009,295.6046,543.6843,0.0,1.0,50.0
train,passive,1,1024,100,16642.2503,100.0593,86.4379,28.0266,15441.358,297.2206,756.8976,0.0139,0.0,50.0
train,passive,1,768,50,11215.3705,49.9854,79.6758,30.0245,13417.1447,302.3333,528.0107,0.0046,0.6667,50.0
train,passive,1,896,95,16092.3377,95.0201,84.9825,29.0504,17077.8311,302.3333,625.5041,0.0129,0.0667,50.0
train,passive,1,1024,65,12830.4184,64.9863,79.9379,27.9459,14402.4729,302.3333,615.7145,0.0074,0.4667,50.0
train,passive,2,384,35,9625.954,35.0045,56.1935,48.128,8482.9333,269.152,0.0,4.2489,0.863,50.0
train,passive,2,512,55,11753.8178,55.0202,58.7445,30.5724,12854.522,293.8101,2.9258,0.8608,0.5965,50.0
train,passive,4,512,99999,18972.0281,126.9762,38.283,33.2709,25374.3556,302.3333,0.0,0.0015,0.0,50.0
train,passive,3,384,75,13920.7918,75.0444,47.6082,50.4549,15693.2609,302.3333,16.5002,7.2259,0.3323,50.0
train,passive,3,1024,75,13910.0861,74.9035,46.9442,30.0979,18732.3835,302.3333,15.3246,0.348,0.3322,50.0
train,passive,4,256,80,14482.8494,79.9596,32.0986,66.9187,12888.6292,280.7313,0.0,0.0104,0.2667,50.0
train,passive,4,256,30,9121.0936,30.0307,31.4972,68.0039,9376.5027,302.3333,0.0,0.001,0.9333,50.0
train,passive,3,1024,60,12273.0793,59.9285,46.1622,29.7068,16702.4865,302.3333,43.9189,0.5483,0.5316,50.0
train,passive,4,256,75,13947.8115,74.9702,32.8205,66.9325,13265.9918,296.0537,0.0,0.0095,0.3333,50.0
train,passive,2,256,90,15548.5113,89.9324,66.9416,64.6091,15690.9211,302.3333,13.5936,1.1287,0.133,50.0
train,passive,4,896,95,16095.0784,94.9768,32.3591,31.3701,16708.6171,286.0443,0.0,0.0196,0.0666,50.0
train,passive,2,768,25,8469.5813,25.0474,54.8433,30.2994,8482.9333,268.3028,0.0,0.7126,0.997,50.0
train,passive,1,1024,30,9019.3675,29.9254,73.6358,28.1257,11213.0517,302.3333,490.3862,0.0009,0.9333,50.0
train,passive,4,256,95,16087.9467,94.9385,34.1724,66.6765,17473.0324,302.3333,0.0,0.0132,0.0667,50.0
train,passive,4,640,35,9551.5397,34.9821,29.0742,32.3201,13829.6272,302.3333,1.0462,0.0903,0.8654,50.0
train,passive,2,896,30,9001.2405,30.0118,55.6314,29.8732,8665.4353,288.7175,23.3211,0.3335,0.932,50.0
train,passive,2,896,100,16629.3573,99.9401,63.0804,31.0757,16837.4151,302.3333,108.7126,0.0143,0.0,50.0
train,passive,1,640,60,12302.9882,59.9836,81.3417,30.8182,14527.9958,295.2503,496.7043,0.0063,0.5333,50.0
train,passive,4,1024,90,15552.5043,89.9836,32.6916,31.3425,13674.209,275.5483,0.0,0.0244,0.1332,50.0
train,passive,3,768,90,15547.8502,89.9484,47.5493,32.8684,19806.36,292.7458,0.0,0.1464,0.133,50.0
train,passive,3,768,25,8469.5945,25.0167,41.0743,30.6407,10180.5887,302.3333,10.8102,1.0055,0.9975,50.0
train,passive,3,768,60,12281.5087,59.9852,44.4714,31.9705,15076.0853,294.429,0.0,0.5429,0.532,50.0
train,passive,4,256,100,16624.4165,99.9364,34.4616,66.6772,17081.2499,302.3333,2.8466,0.0142,0.0,50.0
train,passive,4,896,45,10647.2787,45.0036,29.7076,31.7982,11136.6452,298.6163,0.0,0.0731,0.7326,50.0
train,passive,4,1024,95,16092.0952,94.9668,33.8457,31.3046,16361.1388,302.3333,0.0,0.0193,0.0666,50.0
train,passive,1,256,75,13928.4906,75.184,89.2666,64.9976,11376.9198,287.8243,2384.473,0.0095,0.3333,50.0
train,passive,2,512,45,10661.471,45.0352,58.7014,30.7311,12573.7891,301.1653,14.18,1.0489,0.729,50.0
train,passive,1,640,100,16628.5755,99.9968,85.2624,31.5528,21423.7074,302.3333,386.2023,0.0136,0.0,50.0
train,passive,2,640,100,16651.7005,99.9755,62.8826,31.0134,14942.5478,278.7923,40.9255,0.0141,0.0,50.0
train,passive,4,640,45,10639.2096,44.9832,29.3713,32.4383,12882.0262,298.8972,19.1461,0.0786,0.7323,50.0
train,passive,1,896,95,16090.4441,95.0224,86.0648,29.1171,17234.2798,302.3333,653.3189,0.0129,0.0667,50.0
train,passive,2,896,35,9546.5871,34.9967,55.6557,29.7718,10385.5302,302.3333,10.6115,0.3107,0.8654,50.0
train,passive,2,256,85,15019.1432,84.9385,64.6637,64.6087,13534.3423,281.4077,0.0,1.6862,0.1995,50.0
train,passive,4,512,90,15541.3294,89.9786,30.686,32.0248,21976.1785,302.3333,0.0,0.0263,0.1331,50.0
train,passive,3,896,80,14454.8954,79.9062,46.3028,31.0005,19425.042,302.3333,0.0,0.28,0.2659,50.0
train,passive,2,1024,99999,18948.2941,126.6998,55.1624,28.038,12125.6104,198.4889,11.8144,0.0016,0.0,50.0
train,passive,4,384,85,15008.898,84.9733,31.2359,49.6269,16402.3915,285.9194,0.0,0.0219,0.1998,50.0
train,passive,2,768,95,16093.301,94.9334,62.0273,30.2768,17366.1475,302.3333,67.8871,0.0608,0.0665,50.0
train,passive,3,384,60,12293.2168,60.0378,45.1511,50.1226,14002.1702,302.3333,9.5417,11.5529,0.5307,50.0
train,passive,2,256,55,11810.3041,54.9746,62.1523,66.0176,12114.3351,302.3333,0.0,5.0308,0.5985,50.0
train,passive,4,1024,80,14462.642,79.9909,32.3425,31.3647,12866.3889,278.7565,0.0,0.0346,0.2665,50.0
train,passive,1,384,60,12301.3085,60.0537,85.3327,48.453,14774.235,299.5159,1194.4285,0.0065,0.5333,50.0
train,passive,2,896,65,12818.6909,64.9819,59.0739,30.3297,11927.7062,286.1221,62.8571,0.1738,0.466,50.0
train,passive,2,768,75,13917.5657,74.9758,59.4047,30.4458,12639.4296,277.4098,44.9407,0.247,0.3324,50.0
train,passive,1,384,35,9588.8738,35.0096,83.4531,48.625,12003.3668,299.3851,885.9296,0.0018,0.8667,50.0
train,passive,2,512,45,10665.1604,45.0397,58.5277,30.5951,12668.9835,302.3333,3.8211,1.0489,0.729,50.0
train,passive,1,384,95,16095.9171,95.1176,88.1721,48.5799,17144.0748,302.3333,1642.4111,0.0129,0.0667,50.0
train,passive,1,1024,25,8475.7681,24.9232,71.8107,27.9324,11232.3887,302.3333,447.7332,0.0,1.0,50.0
train,passive,4,512,60,12276.7326,59.9889,29.9142,32.4635,18058.0411,302.3333,0.0,0.063,0.5324,50.0
train,passive,3,256,70,13387.7958,70.0769,47.7656,66.6143,14733.1299,302.3333,0.0,16.9297,0.3976,50.0
train,passive,2,512,35,9569.9129,35.044,58.0664,30.7309,12171.8042,302.3333,18.8222,1.2371,0.8616,50.0
train,passive,3,640,50,11190.5781,49.9891,43.0732,32.2368,16014.3859,302.3333,0.0,0.6718,0.6653,50.0
train,passive,1,1024,95,16096.2767,95.0365,85.3596,27.9324,16983.2728,302.3333,728.0554,0.013,0.0667,50.0
train,passive,4,256,25,8581.3937,25.0106,30.5499,67.5933,8965.0711,302.3333,0.0,0.0,1.0,50.0
train,passive,1,384,80,14470.9709,80.0801,86.2698,48.1555,16477.9043,298.6135,1442.0606,0.0102,0.2667,50.0
train,passive,2,256,40,10204.8651,39.959,59.4785,65.7329,11036.4411,302.3333,0.0,6.7032,0.798,50.0
train,passive,2,512,65,12846.2287,65.0238,60.4484,30.8723,14522.8823,302.3333,0.0,0.6726,0.4639,50.0
train,passive,4,640,75,13914.1693,74.9953,31.3945,31.983,17740.4427,302.3333,7.0516,0.0434,0.3328,50.0
train,passive,1,896,45,10661.5419,44.9552,77.1759,28.8833,12955.3364,302.3333,527.2596,0.0037,0.7333,50.0
train,passive,2,1024,30,8988.372,29.9728,55.4981,29.156,9791.7425,302.3333,43.7583,0.001,0.9333,50.0
train,passive,3,384,70,13379.9089,70.0375,46.4299,50.1015,17413.7791,302.3333,0.0,8.6682,0.3984,50.0
train,passive,1,256,70,13379.6083,70.1367,88.5125,64.6396,13606.1291,302.3333,2229.0059,0.0085,0.4,50.0
train,passive,4,896,30,9011.9426,29.9893,28.9904,31.1506,11582.0721,302.3333,0.0,0.0892,0.9324,50.0
train,passive,4,512,30,9003.0797,29.972,27.9389,33.0026,12328.027,302.3333,0.0,0.0997,0.9317,50.0
train,passive,1,1024,60,12285.2521,59.9714,78.4556,27.9324,13411.8254,302.3333,590.6284,0.0065,0.5333,50.0
train,passive,1,384,95,16099.5875,95.1238,87.018,48.5193,15016.9862,275.1707,1632.134,0.0129,0.0667,50.0
train,passive,2,256,65,12878.6703,64.9467,62.236,65.1439,11440.0062,284.6779,3.9301,3.916,0.4655,50.0
train,passive,2,512,100,16658.5597,99.9709,63.3576,30.7763,16922.5987,302.3333,10.8834,0.0141,0.0,50.0
train,passive,4,1024,80,14462.1369,79.9827,33.1147,31.0809,14508.5449,302.3333,2.8911,0.0346,0.2665,50.0
train,passive,2,256,30,9135.4537,29.975,58.2545,66.405,9517.9109,302.3333,0.0,7.8181,0.931,50.0
train,passive,1,256,95,16109.7417,95.2524,91.2521,64.2268,13085.6087,302.3333,2977.157,0.0133,0.0667,50.0
train,passive,1,896,35,9579.9822,34.9621,75.612,28.981,10498.695,285.0856,511.5554,0.0018,0.8667,50.0
train,passive,2,640,40,10108.2303,40.0109,57.1568,30.0334,13317.077,302.3333,0.9439,0.858,0.7965,50.0
train,passive,4,512,50,11185.0795,49.9992,29.3726,33.2719,15303.1234,302.3333,0.0,0.0752,0.6655,50.0
train,passive,3,640,85,14999.272,84.9646,47.052,33.6073,19917.9202,302.3333,11.1782,0.2115,0.1996,50.0
train,passive,2,896,40,10090.1386,39.98,55.8787,29.5741,10810.6028,302.3333,22.6597,0.2879,0.7988,50.0
train,passive,1,1024,75,13921.3915,75.0057,80.7378,27.9324,13254.4423,288.4313,647.1866,0.0093,0.3333,50.0
train,passive,4,640,35,9551.0634,34.9957,29.2529,32.8366,12259.5608,302.3333,5.4931,0.0903,0.8654,50.0
train,passive,1,768,75,13924.8991,74.9939,81.888,29.9727,15397.6023,292.7071,519.8883,0.0091,0.3333,50.0
train,passive,1,512,100,16624.7602,99.9784,83.8296,32.8673,20631.5633,289.6017,262.9123,0.0135,0.0,50.0
train,passive,2,896,40,10093.665,40.0035,56.1982,29.9371,9842.4139,286.2615,20.3393,0.2879,0.7988,50.0
train,passive,1,896,60,12286.8873,59.972,80.5292,28.9709,13886.9801,302.3333,595.9459,0.0064,0.5333,50.0
train,passive,3,256,95,16108.7596,95.0997,53.0889,65.0563,17931.1111,302.3333,0.0,2.8334,0.069,50.0
train,passive,4,512,65,12817.5855,64.9829,30.4273,32.4681,19065.0614,302.3333,7.2685,0.0569,0.4659,50.0
train,passive,2,512,35,9573.3263,35.0461,57.5912,30.5867,12927.58,302.3333,0.0,1.2371,0.8616,50.0
train,passive,1,512,75,13929.8606,75.0025,83.0401,32.5017,16008.5703,275.5065,387.7526,0.009,0.3333,50.0
train,passive,4,1024,90,15548.1951,89.9626,33.5119,30.9676,15964.3542,302.3333,1.3836,0.0244,0.1332,50.0
train,passive,2,1024,75,13896.8123,74.94,59.9366,30.0258,13878.2581,302.3333,108.7259,0.0095,0.3333,50.0
train,passive,3,1024,40,10105.1226,39.9873,43.1744,29.0915,13629.2708,302.3333,5.2084,0.8152,0.7974,50.0
train,passive,1,256,35,9561.4724,35.0165,85.2944,66.2551,11952.6284,302.3333,1180.9128,0.0019,0.8667,50.0
train,passive,3,896,99999,18961.9489,126.9071,48.747,31.3259,18866.7598,302.3333,9.6079,0.0016,0.0,50.0
train,passive,4,256,99999,19026.0821,127.4488,37.203,66.7543,17869.8166,289.3749,0.0,0.0016,0.0,50.0
train,passive,4,640,90,15546.5116,89.9978,31.9998,32.1616,19652.2026,302.3333,0.0,0.0258,0.1331,50.0
train,passive,3,512,80,14463.0253,80.0341,46.0654,35.1007,16736.2524,276.2463,0.0,0.2759,0.2662,50.0
train,passive,4,384,40,10145.4708,40.0011,30.395,50.2264,12061.7271,302.3333,2.746,0.0451,0.7993,50.0
train,passive,4,640,95,16090.445,94.9955,32.1531,32.1331,20695.0563,302.3333,0.0,0.02,0.0666,50.0
train,passive,4,1024,75,13916.8265,74.9743,32.3818,30.8175,15778.5722,302.3333,0.0,0.0397,0.3331,50.0
train,passive,1,1024,30,9020.2329,29.9272,73.5448,28.1261,11269.1085,302.3333,485.0752,0.0009,0.9333,50.0
train,passive,4,256,100,16624.28,99.9485,34.6894,67.143,17003.9019,302.3333,0.0,0.0142,0.0,50.0
train,passive,3,512,75,13913.2883,75.01,45.7782,34.5604,17183.1554,297.4692,12.9827,0.3413,0.3328,50.0
train,passive,4,1024,50,11194.6505,50.0083,30.7977,31.2248,10068.7891,284.8115,0.0,0.0652,0.6661,50.0
train,passive,4,1024,100,16640.4363,99.9766,34.5958,31.2952,17689.9906,299.719,0.0,0.0142,0.0,50.0
train,passive,2,1024,100,16616.3434,99.9052,62.4768,30.6185,16711.0513,302.3333,154.9103,0.0143,0.0,50.0
train,passive,1,640,95,16087.9488,94.9933,83.9409,31.5069,18805.132,292.3394,399.3202,0.0127,0.0667,50.0
train,passive,1,256,60,12291.9653,60.1241,87.9991,65.4467,12050.2483,297.3303,1933.371,0.0066,0.5333,50.0
train,passive,2,1024,60,12262.7239,59.9587,57.7103,29.9775,11845.8025,297.3112,65.4879,0.0067,0.5333,50.0
train,passive,1,768,100,16633.461,100.018,85.5493,30.383,18696.4791,302.3333,514.3772,0.0137,0.0,50.0
train,passive,2,768,85,15008.0785,84.9645,61.8117,30.3569,15632.1058,302.3333,67.649,0.1538,0.1994,50.0
train,passive,3,640,45,10646.7616,44.999,41.5606,32.34,11716.0524,288.7523,0.0,0.7376,0.7318,50.0
train,passive,4,1024,55,11732.5979,54.9811,31.4992,31.0084,11547.256,301.1684,25.2048,0.0602,0.5995,50.0
train,passive,2,512,50,11210.1139,50.0497,58.8757,31.0683,11485.7056,280.3052,2.1271,0.9548,0.6627,50.0
train,passive,2,512,70,13387.6379,69.9867,59.1919,30.3236,13983.3348,297.2632,0.0,0.5786,0.3976,50.0
train,passive,2,640,35,9566.4681,35.0369,56.2671,30.4071,10054.1551,282.3845,0.0,0.9283,0.8628,50.0
train,passive,4,768,95,16094.039,94.9813,31.467,31.5661,17946.4052,283.5154,0.0,0.0198,0.0666,50.0
train,passive,4,640,70,13369.7776,69.9999,29.3375,32.3354,14342.2886,268.9109,0.0,0.0493,0.3994,50.0
train,passive,4,768,80,14458.7232,80.0043,31.6805,32.1897,15467.669,282.5631,0.0,0.0366,0.2663,50.0
train,passive,2,384,55,11779.7878,54.984,60.2103,48.0716,12878.5348,302.3333,0.0,2.9458,0.5975,50.0
train,passive,1,384,80,14469.9416,80.0921,86.6139,48.5595,14978.2206,293.386,1451.1958,0.0101,0.2667,50.0
train,passive,4,640,70,13363.1781,69.9838,30.8599,32.2184,16910.2848,302.3333,12.039,0.0493,0.3994,50.0
train,passive,1,512,45,10691.2046,44.9738,81.7406,30.8111,14001.7417,302.3333,547.3683,0.0036,0.7333,50.0
train,passive,4,640,60,12273.5575,59.9751,29.6125,32.1456,15633.3887,302.3333,0.0,0.061,0.5325,50.0
train,passive,3,896,95,16091.9788,94.8997,48.7353,31.5392,21617.2248,302.3333,8.5897,0.0807,0.0665,50.0
train,passive,2,640,70,13376.9927,69.9878,60.6094,30.573,14406.8371,302.3333,39.6306,0.4361,0.3982,50.0
train,passive,1,384,25,8499.0256,24.9842,83.4273,48.751,10786.0546,302.3333,791.435,0.0,1.0,50.0
train,passive,3,512,100,16643.8182,100.0223,49.3129,35.2887,22495.7484,302.3333,6.5769,0.0142,0.0,50.0
train,passive,1,256,50,11200.9801,50.0854,87.1824,65.7922,12588.8809,302.3333,1630.5332,0.0047,0.6667,50.0
train,passive,3,640,30,9007.8951,29.9973,40.3159,31.9075,10417.6982,302.3333,0.0,0.9348,0.9314,50.0
train,passive,2,1024,45,10629.696,44.9801,56.2779,29.6659,9827.6764,289.2083,41.2862,0.0038,0.7333,50.0
train,passive,1,1024,70,13372.3066,69.9943,81.1566,28.061,14050.7241,302.3333,651.2983,0.0083,0.4,50.0
train,passive,2,640,25,8473.3647,25.0435,56.0164,30.4757,10871.2575,302.3333,0.0,1.0689,0.9956,50.0
train,passive,1,512,99999,19017.4945,127.2523,93.7113,31.6302,9988.453,198.7065,2452.7447,0.0015,0.0,50.0
train,passive,1,256,55,11747.5678,55.1199,87.5215,65.9745,10410.947,283.7763,1784.4054,0.0057,0.6,50.0
train,passive,1,640,70,13385.3773,70.0043,82.9664,31.5596,16775.6012,302.3333,459.9929,0.0082,0.4,50.0
train,passive,2,768,40,10097.4118,40.0106,57.6507,30.341,11569.5864,302.3333,32.3944,0.5729,0.7976,50.0
train,passive,4,1024,90,15550.1433,89.9731,33.0634,31.1907,14919.5469,292.8998,0.0,0.0244,0.1332,50.0
train,passive,2,896,80,14452.3503,79.9475,60.1976,30.1312,14084.2684,296.2989,86.5212,0.1055,0.2663,50.0
train,passive,4,640,30,9009.4154,29.9921,28.6588,32.4848,11485.2608,302.3333,3.4257,0.0962,0.932,50.0
train,passive,3,384,99999,18969.3751,126.9613,50.9288,48.8113,22337.9271,302.3333,0.0,0.0015,0.0,50.0
train,passive,2,384,100,16643.8212,99.971,65.5481,47.7522,15288.2437,284.2037,0.0,0.0139,0.0,50.0
train,passive,3,768,70,13368.5525,69.9529,45.4046,31.817,19031.7975,302.3333,0.0,0.4108,0.399,50.0
train,passive,1,768,85,15007.9769,85.0117,84.0109,30.3979,17391.0598,302.3333,516.6422,0.011,0.2,50.0
validation,passive,1,256,25,8423.4444,24.9316,84.7,68.7008,10267.8,300.9556,1019.7111,0.0,0.9992,49.0
train,passive,4,768,45,10645.0606,45.0117,29.8168,32.3991,10844.5932,279.9172,3.0374,0.0758,0.7324,50.0
train,passive,1,384,35,9591.6659,35.0151,83.8936,48.5045,11564.4396,302.3333,896.7378,0.0018,0.8667,50.0
train,passive,1,512,25,8534.9475,24.9828,79.8774,30.4118,9611.8132,286.9607,637.2064,0.0,1.0,50.0
train,passive,2,640,30,9018.0847,30.0336,57.2753,30.1955,11314.4781,302.3333,26.6686,0.9986,0.9292,50.0
train,passive,2,1024,95,16068.5934,94.8908,61.3388,30.2095,16344.1508,302.3333,144.5332,0.0134,0.0667,50.0
train,passive,2,1024,75,13897.9453,74.965,59.8669,30.71,12193.6558,280.3665,97.864,0.0095,0.3333,50.0
train,passive,3,1024,90,15545.5255,89.8792,47.632,30.5587,19567.2122,288.2943,0.0,0.1478,0.1329,50.0
train,passive,3,640,100,16637.0667,99.9702,49.2477,34.1779,23024.0974,302.3333,8.8829,0.0142,0.0,50.0
train,passive,4,896,40,10097.6227,39.9934,30.338,31.6417,11250.6145,302.3333,16.5195,0.0785,0.7992,50.0
train,passive,1,256,85,15016.126,85.19,89.9042,63.9863,13097.3391,302.3333,2687.6973,0.0114,0.2,50.0
train,passive,3,896,70,13366.0802,69.9367,46.2135,31.0306,17682.8657,302.3333,17.9213,0.4128,0.3988,50.0
train,passive,3,640,99999,18975.1895,126.9781,48.5131,32.4482,17260.9588,267.4627,0.0,0.0016,0.0,50.0
train,passive,2,384,95,16103.1754,94.9771,64.8331,47.9501,14532.7417,278.3646,0.0,0.3397,0.0664,50.0
train,passive,1,768,55,11754.4578,54.9718,79.8647,29.796,14283.7342,302.3333,527.2712,0.0055,0.6,50.0
train,passive,4,1024,25,8472.3597,25.0019,28.7849,30.4985,8482.9333,299.7318,3.3305,0.0908,0.9992,50.0
train,passive,4,384,30,9064.5241,30.0181,30.0881,50.8084,10781.3411,302.3333,0.0,0.0503,0.9325,50.0
train,passive,1,384,30,9045.7655,30.0088,83.2944,49.0533,11346.1546,302.3333,818.6393,0.0009,0.9333,50.0
train,passive,3,640,90,15547.381,89.9646,46.7431,33.6972,20076.9259,299.1594,0.0,0.1458,0.1331,50.0
train,passive,2,640,75,13926.0924,74.9834,59.8853,30.4485,13912.0401,291.5318,20.9463,0.3657,0.3319,50.0
train,passive,4,512,45,10640.9504,44.9851,28.9876,32.7699,15752.9176,302.3333,0.0,0.0813,0.7321,50.0
train,passive,3,768,85,15004.1252,84.9576,47.4655,32.798,19928.5015,302.3333,0.0,0.2125,0.1995,50.0
train,passive,2,640,45,10656.0236,45.0361,57.975,30.7858,11538.8554,294.1463,4.4905,0.7876,0.7301,50.0
train,passive,1,256,35,9566.1391,35.0295,86.0263,66.1702,13379.4836,302.3333,1177.7721,0.0019,0.8667,50.0
train,passive,4,640,40,10096.9919,39.9832,28.9168,32.3158,13783.774,302.3333,0.0,0.0845,0.7988,50.0
train,passive,2,896,35,9550.0337,35.0018,56.1098,29.5459,10465.7968,302.3333,19.5625,0.3107,0.8654,50.0
train,passive,3,1024,50,11187.0268,49.943,43.7829,29.2299,15269.874,302.3333,10.2668,0.6818,0.6645,50.0
train,passive,2,768,60,12279.5813,59.9871,58.7904,30.3999,13267.1479,302.3333,30.8314,0.3867,0.5318,50.0
train,passive,3,640,55,11737.3274,54.9987,42.6476,32.782,13233.5666,286.8785,0.0,0.6061,0.5987,50.0
train,passive,1,640,99999,19013.0183,127.2156,93.7332,31.0481,11397.3682,202.8003,2883.7701,0.0015,0.0,50.0
train,passive,2,1024,25,8450.3063,24.9987,53.9479,29.285,8482.9333,288.2576,1.4595,0.0,1.0,50.0
train,passive,3,512,30,9004.5539,30.0075,41.2542,33.1678,9726.3625,302.3333,25.5125,0.9302,0.9317,50.0
train,passive,4,640,25,8466.0921,24.997,28.6899,32.5521,11002.2809,302.3333,3.757,0.102,0.9985,50.0
train,passive,3,768,30,9011.4563,29.9977,40.9184,30.6929,11056.5801,302.3333,1.183,0.9395,0.931,50.0
train,passive,3,768,60,12278.7328,59.9721,44.0567,31.8452,15229.7346,298.9639,0.0,0.543,0.532,50.0
train,passive,2,512,35,9568.2441,35.0387,58.1696,30.6743,12232.4267,302.3333,26.2674,1.2371,0.8616,50.0
train,passive,2,384,80,14482.7591,79.97,63.8774,47.53,15210.5211,302.3333,15.121,1.317,0.2655,50.0
train,passive,4,384,90,15547.9416,89.9843,32.7344,50.0417,18398.9595,302.3333,0.0,0.0193,0.1332,50.0
train,passive,1,1024,90,15549.7598,90.0219,84.9227,27.9324,17420.4527,302.3333,719.9275,0.012,0.1333,50.0
train,passive,1,1024,80,14466.2478,80.0175,82.9014,27.9324,15224.1686,302.3333,677.2251,0.0102,0.2667,50.0
train,passive,1,256,40,10104.9944,40.046,87.3053,66.3428,11335.9499,302.3333,1373.4156,0.0028,0.8,50.0
train,passive,3,1024,80,14454.0772,79.878,46.4184,29.9105,19503.7789,302.3333,0.0,0.2813,0.2658,50.0
train,passive,3,256,25,8486.9628,24.9993,37.3984,68.2152,8662.5163,302.3333,2.7657,42.303,0.989,50.0
train,passive,3,768,90,15549.8338,89.9377,46.9719,32.4582,20819.276,292.7367,0.0,0.1464,0.133,50.0
train,passive,1,896,99999,19003.6995,127.1193,94.8646,28.8727,13549.7981,203.3514,3795.3574,0.0015,0.0,50.0
train,passive,2,1024,85,14985.5976,84.917,60.8244,29.8931,17397.5436,302.3333,111.7408,0.0114,0.2,50.0
train,passive,3,1024,25,8466.9085,25.0136,42.2473,28.8839,11521.0965,302.3333,28.6494,1.0155,0.9967,50.0
train,passive,3,384,30,9020.833,30.0029,38.6603,50.4015,8482.9333,289.9378,1.7568,20.207,0.9275,50.0
train,passive,4,1024,75,13911.46,74.9646,32.2713,30.9804,14209.1707,302.3333,3.4421,0.0398,0.3331,50.0
train,passive,2,512,30,9029.0087,30.061,57.4175,30.8091,11867.165,302.3333,0.0,1.3311,0.9278,50.0
train,passive,3,768,35,9557.9953,35.0031,41.8903,31.0093,13472.5444,302.3333,0.0,0.8734,0.8645,50.0
train,passive,1,896,60,12289.8115,59.979,80.2373,29.0148,14048.675,302.3333,577.5072,0.0064,0.5333,50.0
train,passive,2,640,40,10110.3781,40.0264,57.0045,30.386,11382.7506,295.8715,3.6261,0.858,0.7965,50.0
train,passive,1,384,60,12303.7548,60.0618,85.7013,48.4536,13558.6619,302.3333,1208.3672,0.0064,0.5333,50.0
train,passive,3,896,45,10649.1255,44.998,43.6135,30.6739,14057.9831,302.3333,0.0,0.7448,0.7312,50.0
train,passive,3,256,65,12842.907,65.0568,46.2689,66.4261,13050.64,302.3333,3.2434,19.7489,0.4633,50.0
train,passive,1,384,80,14469.831,80.0863,87.1046,48.3377,15777.7746,302.3333,1462.9919,0.0101,0.2667,50.0
train,passive,2,1024,45,10630.5371,44.9746,55.2929,29.5512,8900.9865,275.9538,33.5358,0.0038,0.7333,50.0
train,passive,2,1024,99999,18950.0158,126.71,56.1129,28.0924,12784.9917,205.7586,19.9805,0.0016,0.0,50.0
train,passive,2,256,85,15019.9701,84.9495,66.3228,64.6634,14901.4389,302.3333,4.7125,1.6861,0.1995,50.0
train,passive,1,256,60,12292.4186,60.1255,88.1871,65.4646,11891.842,302.3333,1937.6706,0.0066,0.5333,50.0
train,passive,4,896,55,11729.4172,54.969,30.5505,31.28,13102.6415,302.3333,11.7929,0.0624,0.5994,50.0
train,passive,4,768,55,11732.4713,54.9811,29.6262,31.7829,13454.036,298.6988,0.0,0.0647,0.5992,50.0
train,passive,3,384,40,10111.9648,40.007,40.5044,50.0869,12088.9574,299.3109,0.0,17.3223,0.7953,50.0
train,passive,3,512,25,8464.5396,25.0055,39.7089,32.6138,9625.4052,302.3333,0.0,0.9956,0.9983,50.0
train,passive,4,512,85,15001.4698,84.9965,30.531,32.2499,19584.759,297.6508,0.0,0.0324,0.1997,50.0
train,passive,3,512,35,9555.3006,35.0161,41.2453,33.2738,11932.9059,302.3333,0.0,0.8647,0.8652,50.0
train,passive,1,896,45,10665.9144,44.9621,77.7016,28.5994,12922.7292,302.3333,539.4798,0.0037,0.7333,50.0
train,passive,4,384,35,9606.3352,35.0098,30.3856,50.3638,11442.5883,302.3333,3.027,0.0477,0.8659,50.0
train,passive,2,640,50,11196.3998,49.9957,57.7404,30.1684,12855.2685,302.3333,11.686,0.7173,0.6637,50.0
train,passive,3,896,25,8471.4498,25.0177,40.5953,29.7229,10103.8945,296.2761,0.0,1.0105,0.9971,50.0
train,passive,1,640,95,16088.0756,95.0056,84.9534,31.8165,19722.0328,302.3333,400.9191,0.0127,0.0667,50.0
train,passive,3,384,60,12288.4849,60.0239,44.8488,50.1187,15811.649,302.3333,0.0,11.5529,0.5307,50.0
train,passive,2,512,35,9576.2034,35.0672,57.7086,30.9299,10771.8043,286.478,0.5132,1.237,0.8616,50.0
train,passive,1,896,45,10665.3733,44.9578,76.2977,28.6887,11429.8329,286.5438,525.7607,0.0037,0.7333,50.0
train,passive,2,256,99999,19136.1111,128.1923,73.0813,66.1318,25374.3556,302.3333,14.719,0.0015,0.0,50.0
train,passive,1,768,45,10674.1724,44.9855,79.048,30.016,12475.3947,298.6108,529.8612,0.0036,0.7333,50.0
train,passive,2,512,40,10118.1075,40.0332,57.0799,30.5027,11721.2565,293.8206,0.0,1.143,0.7953,50.0
train,passive,1,768,80,14467.365,80.0022,83.4346,29.9946,16865.6482,302.3333,526.8452,0.01,0.2667,50.0
train,passive,4,384,30,9062.7199,29.9957,29.6493,50.2311,11976.7439,302.3333,0.0,0.0503,0.9325,50.0
train,passive,3,512,60,12282.73,60.0143,42.6387,34.0218,13297.8448,280.9494,0.0,0.5376,0.5324,50.0
train,passive,3,512,35,9551.8879,34.9923,40.4993,32.8221,10719.3527,302.3333,0.0,0.8648,0.8652,50.0
train,passive,3,256,80,14477.679,80.0833,49.0976,65.8173,13783.7595,293.1957,0.0,11.2911,0.2662,50.0
train,passive,4,640,45,10646.2439,44.9943,29.5667,32.1885,13429.4976,302.3333,5.9815,0.0786,0.7323,50.0
validation,passive,3,512,100,16654.8444,99.9917,49.3481,31.5558,22207.7778,298.1333,0.0,0.0139,0.0,50.0
train,passive,3,384,100,16648.74,100.0593,50.9323,49.9714,20480.781,297.2888,0.0,0.0142,0.0016,50.0
train,passive,3,640,65,12822.5853,64.9865,44.9329,33.0785,16258.5707,302.3333,9.2744,0.4745,0.4657,50.0
train,passive,2,640,35,9566.6459,35.0325,57.6383,30.0877,11783.3746,302.3333,21.3275,0.9282,0.8628,50.0
train,passive,3,768,55,11734.5371,54.9714,43.1648,31.5304,14477.8847,299.2106,0.0,0.6091,0.5985,50.0
train,passive,1,1024,25,8478.7111,24.9232,72.2444,28.1231,10940.9556,301.7778,449.4,0.0,1.0,50.0
train,passive,2,640,25,8476.639,25.0506,56.4646,30.3393,10903.9298,302.3333,1.1187,1.0689,0.9956,50.0
train,passive,3,768,75,13914.9271,74.9567,45.8036,32.1305,18572.6116,299.5017,0.0,0.3447,0.3325,50.0
train,passive,3,1024,25,8471.8,25.021,41.4074,28.8404,11309.8667,302.1556,0.0,1.0155,0.9967,50.0
train,passive,2,384,99999,19053.6925,127.5765,69.5548,48.7809,22811.1098,302.3333,1.9859,0.0014,0.0,50.0
train,passive,2,1024,70,13352.1052,69.9418,59.2684,29.8216,15005.5646,302.0187,83.1322,0.0086,0.4,50.0
train,passive,3,384,95,16102.7383,95.0585,50.6121,50.1354,19855.7452,302.3333,0.0,1.4565,0.0678,50.0
train,passive,3,256,30,9029.3225,29.9996,39.2374,67.9387,9411.6927,302.3333,29.2812,39.4837,0.9233,50.0
train,passive,2,512,30,9020.7726,30.0371,57.7915,30.6225,12009.8199,302.3333,32.0464,1.3311,0.9278,50.0
train,passive,2,640,85,15013.9442,84.9664,61.6437,30.3782,16436.481,302.3333,35.3738,0.2251,0.1991,50.0
train,passive,2,768,55,11737.9001,54.9925,58.6188,29.9598,13026.1359,302.3333,36.3402,0.4332,0.5982,50.0
train,passive,1,768,100,16631.4528,100.0105,85.0058,30.3858,18436.0241,298.4592,509.3249,0.0137,0.0,50.0
train,passive,1,896,99999,19003.3666,127.1199,94.1371,28.8346,14010.3992,212.3402,3805.4018,0.0015,0.0,50.0
train,passive,4,1024,45,10646.1368,44.9983,30.6408,31.1188,10092.086,292.9576,10.8408,0.0704,0.7327,50.0
train,passive,4,640,80,14455.4632,79.9983,31.3477,32.4593,18372.9644,302.3333,0.0,0.0376,0.2663,50.0
train,passive,2,640,30,9019.4066,30.0328,55.9822,30.2362,10277.9793,291.9872,5.5404,0.9986,0.9292,50.0
train,passive,3,384,85,15008.2976,85.0451,49.42,50.3394,17461.5788,302.3333,22.2976,4.3412,0.2,50.0
train,passive,4,256,70,13410.2385,69.973,31.8242,67.1373,12005.6038,282.1815,0.0,0.0085,0.4,50.0
train,passive,1,896,30,9035.9023,29.9397,74.9606,28.5559,12153.5257,302.3333,500.3961,0.0009,0.9333,50.0
train,passive,2,512,30,9030.6504,30.0523,57.5657,30.3178,13196.1256,302.3333,0.5042,1.3311,0.9278,50.0
train,passive,2,896,50,11178.9243,49.9657,56.865,29.683,11842.2514,302.3333,38.0191,0.2423,0.6657,50.0
train,passive,4,768,95,16092.7637,94.996,32.722,31.9567,18357.7048,291.8352,0.0,0.0197,0.0666,50.0
train,passive,4,256,95,16088.4396,94.9395,33.0314,66.8096,15002.8084,286.0354,0.0,0.0133,0.0667,50.0
train,passive,2,768,100,16638.4972,99.9306,62.5569,30.3838,16837.519,302.3333,80.3912,0.0142,0.0,50.0
train,passive,2,896,25,8459.2582,25.017,54.4692,29.6697,8482.9333,286.7865,0.0,0.3563,0.9985,50.0
train,passive,1,1024,50,11201.1272,49.9626,75.804,27.9498,11293.3151,284.1317,542.733,0.0047,0.6667,50.0
train,passive,1,896,99999,19009.4349,127.1375,94.2881,29.0021,13006.2971,198.4889,3771.9039,0.0015,0.0,50.0
train,passive,4,768,95,16092.2438,94.9847,32.8159,31.6594,19603.5429,302.3333,0.0,0.0198,0.0666,50.0
train,passive,4,768,50,11190.8947,50.0152,30.0924,32.4983,11891.0531,286.7231,0.0,0.0702,0.6658,50.0
train,passive,3,384,55,11743.9874,55.0321,43.3754,50.561,12052.0428,292.0348,0.0,12.9952,0.5968,50.0
train,passive,1,896,80,14465.2996,80.0135,83.0311,29.1913,15778.8195,302.3333,595.9039,0.0101,0.2667,50.0
train,passive,3,768,50,11187.2411,49.982,43.9469,31.5802,14162.064,302.3333,22.2763,0.6751,0.665,50.0
train,passive,4,256,35,9654.4234,35.0065,31.1143,67.5893,9710.5893,302.3333,0.0,0.0019,0.8667,50.0
train,passive,4,896,75,13915.1022,74.9834,32.1838,31.3277,15343.6179,302.3333,3.5798,0.041,0.333,50.0
train,passive,3,384,30,9018.2461,29.9929,38.8784,50.2891,9478.9603,302.3333,0.0,20.207,0.9275,50.0
train,passive,1,256,100,16654.8474,100.2613,91.7783,63.7101,14327.6229,302.3333,3127.6297,0.0142,0.0,50.0
train,passive,1,512,35,9612.2914,34.987,81.2789,30.962,12338.3899,302.3333,588.5032,0.0018,0.8667,50.0
train,passive,2,768,50,11193.6001,49.9948,56.8557,29.9157,10975.2555,286.4141,21.0965,0.4798,0.6647,50.0
train,passive,3,1024,40,10105.175,40.0018,43.1833,29.6161,13271.3933,302.3333,0.0,0.8153,0.7974,50.0
train,passive,1,640,90,15548.2857,90.0,84.4336,31.4622,18819.8758,302.1398,420.5806,0.0118,0.1333,50.0
train,passive,4,1024,85,15005.3251,84.9753,33.4076,31.0838,16194.8867,302.3333,0.0,0.0295,0.1998,50.0
train,passive,2,768,85,15006.0416,84.974,61.4789,30.9024,14850.2411,298.8828,55.4669,0.1539,0.1994,50.0
train,passive,4,256,40,10195.8006,40.0175,30.8884,67.6496,8778.603,282.4946,0.0,0.0029,0.8,50.0
train,passive,3,896,65,12827.1754,64.9625,45.3596,31.0113,16042.3098,293.6654,0.3515,0.4792,0.4653,50.0
train,passive,2,640,60,12287.7784,59.9927,58.884,30.3641,13623.256,302.3333,15.8683,0.5767,0.531,50.0
train,passive,2,768,40,10099.4691,40.0052,57.1548,29.9957,11362.4514,302.3333,28.7165,0.5729,0.7976,50.0
train,passive,3,1024,80,14456.0593,79.8852,47.2331,29.852,21182.1255,302.3333,0.0056,0.2813,0.2658,50.0
train,passive,4,640,30,9007.3146,29.9989,28.6586,33.0074,11726.9596,302.3333,0.0,0.0962,0.932,50.0
train,passive,2,512,65,12842.6458,64.9939,58.8121,30.3459,13597.5416,296.6978,0.0,0.6727,0.4639,50.0
train,passive,3,1024,65,12825.1057,64.9251,45.444,29.6028,17302.3772,302.3333,2.2336,0.4815,0.4651,50.0
train,passive,2,896,45,10640.0126,45.0077,56.8664,30.1387,9597.7841,280.1222,29.6413,0.265,0.7323,50.0
train,passive,4,640,85,15002.2507,85.0038,31.5247,32.3101,17974.4917,291.076,0.0,0.0317,0.1997,50.0
train,passive,3,1024,35,9561.8668,34.9994,42.6916,28.9203,13101.412,302.3333,3.0771,0.882,0.8638,50.0
train,passive,1,512,90,15542.6026,89.9792,85.0787,32.5978,20438.476,302.3333,345.2709,0.0117,0.1333,50.0
train,passive,4,640,35,9554.1765,35.0107,28.9904,33.0838,11470.0102,297.9509,0.0,0.0903,0.8654,50.0
train,passive,1,256,55,11743.4275,55.0885,87.1483,65.4196,12388.3668,302.3333,1782.39,0.0057,0.6,50.0
train,passive,1,384,30,9048.6122,30.0029,83.4713,48.4924,11314.9933,302.3333,834.0857,0.0009,0.9333,50.0
train,passive,3,640,35,9557.9831,35.0204,41.8244,32.3642,11309.6391,302.3333,0.0,0.869,0.8648,50.0
train,passive,2,640,65,12838.1963,64.9936,58.5837,30.2064,12532.1707,285.3032,15.3184,0.5064,0.4646,50.0
train,passive,3,1024,95,16090.6575,94.8529,47.9641,30.1821,22344.6577,299.9468,0.0,0.0811,0.0664,50.0
train,passive,3,896,95,16093.2511,94.8984,48.6834,31.3995,21758.6024,302.3333,6.1066,0.0807,0.0665,50.0
train,passive,3,384,95,16101.3148,95.0607,50.4231,50.3389,18411.4521,298.8255,0.0,1.4565,0.0678,50.0
train,passive,1,896,30,9030.8217,29.9324,75.9756,28.6009,12713.0977,302.3333,529.2149,0.0009,0.9333,50.0
train,passive,1,768,85,15008.6459,85.0005,82.6632,30.098,16163.6614,286.0395,510.3826,0.011,0.2,50.0
train,passive,1,512,85,15007.1092,84.9958,83.9368,32.729,18469.3653,288.9522,342.2565,0.0108,0.2,50.0
train,passive,1,512,65,12849.0081,64.9711,81.3545,31.5526,15200.4786,285.9671,433.5595,0.0072,0.4667,50.0
train,passive,3,896,35,9555.9606,34.9947,42.1744,30.0675,11782.3988,300.5552,16.8233,0.8777,0.8642,50.0
train,passive,4,512,55,11733.5747,54.9956,29.9126,32.5984,16038.3268,302.3333,7.4992,0.0691,0.599,50.0
train,passive,3,896,90,15543.3577,89.8863,47.3236,31.1999,21682.4512,302.3333,0.0,0.1471,0.1329,50.0
train,passive,3,512,100,16641.9866,100.0297,48.8477,35.7125,21382.4683,289.2363,0.0,0.0142,0.0,50.0
train,passive,4,512,30,9006.7383,29.9803,28.3212,32.8737,14359.3366,302.3333,0.0,0.0997,0.9317,50.0
train,passive,4,768,99999,18981.5573,126.996,37.3566,32.2146,21334.2905,290.542,0.0,0.0015,0.0,50.0
train,passive,2,768,80,14457.4004,79.9637,61.2512,30.5401,14469.9259,299.2958,75.8084,0.2004,0.2659,50.0
train,passive,3,1024,25,8474.7936,25.0285,40.3824,28.9207,9319.8185,275.6293,0.0,1.0155,0.9967,50.0
train,passive,4,256,45,10730.0525,45.0054,32.2361,67.4135,12714.5045,302.3333,0.0,0.0038,0.7333,50.0
train,passive,2,1024,50,11174.6271,49.9798,56.6358,29.9043,9688.0089,279.566,48.358,0.0047,0.6667,50.0
train,passive,1,256,100,16658.3218,100.2591,91.1571,63.3638,12552.1353,295.9347,3136.3327,0.0142,0.0,50.0
train,passive,1,640,60,12304.5451,59.9825,82.208,30.5572,15473.786,302.3333,513.7305,0.0063,0.5333,50.0
train,passive,3,896,95,16084.7041,94.8863,49.1328,31.6579,21705.186,302.3333,31.3665,0.0807,0.0665,50.0
train,passive,1,256,90,15562.8768,90.225,90.3859,64.1785,12222.541,294.1519,2833.634,0.0123,0.1333,50.0
train,passive,2,768,30,9012.0166,30.0079,55.9628,29.4665,13591.755,302.3333,0.0,0.666,0.9306,50.0
train,passive,2,896,45,10637.7199,44.9977,56.931,30.1204,10909.1551,299.1217,25.6519,0.2651,0.7323,50.0
train,passive,4,512,50,11186.554,49.9935,29.2294,32.8537,15851.8101,300.1148,0.0,0.0752,0.6655,50.0
train,passive,4,256,30,9124.411,30.0417,31.6848,67.9511,8488.5583,295.047,0.6495,0.0009,0.9333,50.0
train,passive,4,512,80,14457.8664,79.9961,30.1975,32.2399,18674.9296,296.5786,0.0,0.0385,0.2662,50.0
train,passive,2,384,70,13404.7069,69.9758,60.9747,47.6545,12580.6175,284.0176,0.0,1.9685,0.3983,50.0
train,passive,2,256,100,16622.3701,99.9317,67.4339,64.2371,15880.3256,292.3461,0.0,0.0138,0.0,50.0
train,passive,4,768,75,13909.5001,74.9766,30.8688,31.7857,15900.2523,301.0114,0.0,0.0422,0.3329,50.0
train,passive,1,640,45,10679.2446,44.9611,79.8479,30.1711,13497.7528,302.3333,538.6435,0.0036,0.7333,50.0
train,passive,2,256,75,13941.7174,74.9415,65.6745,65.1718,14283.4113,302.3333,34.0212,2.801,0.3325,50.0
validation,passive,2,1024,99999,18967.0,126.9224,62.9,28.2253,18809.7778,301.4889,51.8222,0.0015,0.0,50.0
train,passive,3,640,70,13370.2353,69.9939,45.5241,33.3703,17672.6231,302.3333,0.0,0.4088,0.3992,50.0
train,passive,4,256,75,13944.4349,74.9819,33.3666,67.4846,12927.9679,288.238,2.44,0.0094,0.3333,50.0
train,passive,4,256,90,15553.0598,89.9502,34.0993,66.8126,16010.5567,302.3333,3.1211,0.0123,0.1333,50.0
train,passive,3,384,30,9024.0734,30.0093,39.2642,50.2547,9022.522,302.1812,2.7057,20.2069,0.9275,50.0
train,passive,2,640,65,12834.7297,65.0003,59.3661,30.5857,12969.3509,290.9178,18.3397,0.5064,0.4646,50.0
train,passive,3,640,45,10642.9201,44.9932,42.1554,32.4593,13005.346,302.3333,0.0,0.7376,0.7318,50.0
train,passive,3,1024,30,9017.0112,30.0054,41.0378,28.8391,11102.5719,290.1973,0.0,0.9488,0.9303,50.0
train,passive,3,256,55,11749.0432,55.0236,43.6355,66.7703,12108.5902,302.3333,6.0367,25.3875,0.5947,50.0
train,passive,1,768,99999,19011.3364,127.1653,93.8472,29.7077,12067.9648,198.4889,3329.0311,0.0015,0.0,50.0
train,passive,1,896,80,14464.8912,80.0011,82.8949,28.808,17590.804,302.3333,588.1244,0.0101,0.2667,50.0
train,passive,3,768,55,11735.9206,54.9914,43.6162,31.9398,13593.1136,287.2041,0.0,0.609,0.5985,50.0
train,passive,2,896,99999,18956.7497,126.7646,57.0171,28.6783,12561.4764,204.3531,2.0435,0.0016,0.0,50.0
train,passive,4,1024,70,13372.5073,69.9843,32.4509,30.9518,14037.6713,302.3333,0.8202,0.0448,0.3997,50.0
test,passive,1,512,100,16553.9778,99.5309,86.7778,30.5222,19506.9333,298.0222,2700.0667,0.0141,0.0,50.0
train,passive,1,512,50,11227.3682,49.9737,82.4968,31.1702,15309.9494,302.3333,532.3961,0.0045,0.6667,50.0
train,passive,2,640,95,16106.1543,94.9662,62.0609,30.7331,15897.3558,298.773,28.9912,0.0845,0.0664,50.0
train,passive,4,1024,80,14462.1001,79.974,32.2941,30.9112,15093.9001,294.2282,0.0,0.0346,0.2665,50.0
train,passive,2,512,65,12846.0464,65.0105,60.186,30.4041,14434.6071,302.3333,5.588,0.6726,0.4639,50.0
train,passive,1,512,90,15543.9902,89.9699,83.2548,32.443,19585.0649,297.1019,313.299,0.0117,0.1333,50.0
train,passive,2,768,99999,18958.0959,126.8151,60.6554,29.2518,16677.9622,258.2129,3.569,0.0015,0.0,50.0
train,passive,2,896,100,16630.8898,99.9485,62.8146,31.1088,15259.8903,285.7421,112.2387,0.0142,0.0,50.0
train,passive,4,1024,60,12282.7615,60.004,31.9558,31.5135,12669.3901,302.3333,0.0,0.055,0.5329,50.0
validation,passive,4,512,100,16622.9778,100.0726,36.8111,33.3121,22191.2667,301.7111,0.0,0.0143,0.0,50.0
train,passive,3,768,100,16634.3882,99.9235,48.856,32.9484,22356.883,302.3333,6.7527,0.0143,0.0,50.0
train,passive,1,384,90,15556.4735,90.1063,87.7635,48.2222,16711.5316,302.3333,1583.118,0.012,0.1333,50.0
train,passive,4,768,90,15543.7728,89.9713,31.9347,31.6273,18390.7513,302.3333,0.0,0.0254,0.1332,50.0
train,passive,2,512,25,8482.5556,25.0598,56.6889,30.6833,11294.5556,301.0444,1.4444,1.4252,0.9941,50.0
train,passive,4,384,25,8524.5702,25.0041,29.7731,50.2482,12391.7534,302.3333,0.0,0.0529,0.9991,50.0
train,passive,2,256,55,11810.0734,54.9695,62.0073,65.8512,12013.2178,302.3333,0.0,5.0308,0.5985,50.0
train,passive,4,896,85,15000.8937,84.9707,32.3423,31.4143,16497.9275,302.3333,0.0,0.0303,0.1998,50.0
train,passive,2,896,70,13353.4879,69.9423,60.1682,30.1114,13947.8295,302.3333,103.138,0.1511,0.3994,50.0
train,passive,2,896,80,14447.5296,79.942,60.9433,30.2602,15112.5035,302.3333,99.6629,0.1055,0.2663,50.0
train,passive,2,768,25,8468.301,25.0379,55.3969,30.0687,9016.1283,289.2003,0.0,0.7126,0.997,50.0
train,passive,4,640,65,12820.982,64.9807,30.3117,31.9937,17877.8362,302.3333,0.0,0.0552,0.466,50.0
train,passive,3,640,65,12825.6146,65.0025,45.1009,33.4094,16829.5075,302.3333,0.0,0.4745,0.4657,50.0
train,passive,2,384,95,16104.8489,94.9563,64.499,47.2452,15578.7133,296.7827,0.3528,0.3397,0.0664,50.0
train,passive,1,896,90,15550.3462,90.0171,83.7923,29.0899,15685.684,291.8553,616.4134,0.012,0.1333,50.0
train,passive,2,640,25,8477.5162,25.0394,54.6993,30.0811,9015.0781,280.2968,0.0,1.0689,0.9956,50.0
train,passive,2,640,55,11743.2048,55.0104,59.144,30.6105,13208.4066,302.3333,22.4097,0.647,0.5973,50.0
train,passive,2,256,35,9672.2458,34.9837,59.1846,66.397,9587.0944,302.3333,0.0,7.2606,0.8645,50.0
train,passive,2,256,99999,19136.1111,128.1969,73.0165,66.7047,25374.3556,302.3333,15.5679,0.0015,0.0,50.0
train,passive,4,256,50,11267.5375,50.0091,32.5754,67.4828,11197.1138,302.3333,3.7695,0.0047,0.6667,50.0
train,passive,3,1024,55,11736.4679,54.9511,44.818,29.4452,15839.2471,302.3333,10.7033,0.615,0.598,50.0
train,passive,1,896,75,13922.8826,75.0022,82.012,28.9492,15084.9524,302.0131,589.7973,0.0092,0.3333,50.0
train,passive,2,640,65,12837.4224,65.0028,60.0841,30.4146,14142.1819,302.3333,23.756,0.5063,0.4646,50.0
train,passive,4,640,70,13368.4877,70.0087,30.7096,32.5408,15545.623,285.8584,0.0,0.0493,0.3994,50.0
train,passive,4,896,60,12277.1209,59.9768,30.4818,31.3737,13185.0957,302.1209,0.0,0.0571,0.5328,50.0
train,passive,4,640,100,16633.3441,99.9867,31.9412,31.9721,20537.7033,300.1501,0.0,0.0141,0.0,50.0
train,passive,3,896,60,12281.3643,59.9595,44.7225,30.6704,16849.9391,301.2136,0.0,0.5456,0.5318,50.0
train,passive,3,768,35,9559.0141,35.0054,41.918,30.9489,11946.7758,302.3333,2.5901,0.8734,0.8645,50.0
train,passive,1,384,25,8503.5108,24.9862,82.686,48.5533,10801.4844,302.3333,767.2801,0.0,1.0,50.0
train,passive,2,1024,25,8451.2021,24.9958,54.1785,29.1668,8706.2952,302.3333,0.0,0.0,1.0,50.0
train,passive,1,640,25,8520.3732,24.9644,78.5713,29.7054,10953.4394,302.3333,597.1243,0.0,1.0,50.0
train,passive,4,1024,75,13918.446,75.0108,32.6619,31.7529,12044.8407,275.8077,0.0,0.0397,0.3331,50.0
train,passive,2,1024,60,12263.5388,59.9715,58.0048,30.1815,10949.3976,283.1718,69.5958,0.0066,0.5333,50.0
train,passive,3,768,55,11734.6039,54.98,43.7863,31.7568,14999.5947,302.3333,0.0,0.609,0.5985,50.0
train,passive,3,1024,75,13916.9829,74.9101,47.0025,29.7002,18939.5762,302.3333,8.8727,0.348,0.3322,50.0
train,passive,1,512,35,9608.3989,34.9654,80.673,30.6774,12610.6904,302.3333,586.5647,0.0018,0.8667,50.0
train,passive,3,640,80,14460.6893,79.9775,46.7253,33.2155,21338.231,302.3333,0.0,0.2772,0.2661,50.0
train,passive,1,768,80,14468.5329,80.0004,82.7371,29.9236,16043.7005,297.2812,521.2559,0.01,0.2667,50.0
train,passive,2,768,85,15006.0161,84.965,61.2695,30.5639,14692.2471,293.6912,63.1523,0.1539,0.1994,50.0
train,passive,2,512,99999,18965.8583,126.9207,65.133,30.4643,19217.4522,302.3333,0.0,0.0014,0.0,50.0
train,passive,4,512,80,14451.049,79.9803,30.0288,32.3375,19281.3794,302.3333,0.0,0.0386,0.2662,50.0
train,passive,1,1024,60,12289.9579,59.9786,77.3017,27.9324,11522.1227,278.2454,580.649,0.0065,0.5333,50.0
train,passive,3,768,80,14459.4154,79.9509,46.4654,32.2632,19691.166,301.7191,0.0,0.2786,0.266,50.0
train,passive,4,384,80,14468.8307,79.9851,32.2126,49.7927,16705.881,300.9015,2.3129,0.0245,0.2664,50.0
train,passive,3,384,75,13919.2208,75.0323,47.1976,50.2687,16032.9857,302.3333,11.5744,7.2259,0.3323,50.0
train,passive,4,640,40,10100.3646,39.9883,27.9389,32.3869,10866.3356,277.4339,0.0,0.0845,0.7988,50.0
train,passive,2,384,25,8543.2088,25.0192,57.5628,48.3847,10165.6056,302.3333,10.3881,4.9003,0.9958,50.0
train,passive,1,640,95,16085.6149,94.9946,84.8636,31.6173,19424.4789,301.9885,415.5071,0.0127,0.0667,50.0
train,passive,4,512,99999,18972.4809,126.9644,38.2942,32.8178,25374.3556,302.3333,0.0,0.0015,0.0,50.0
train,passive,4,512,35,9551.3972,34.9878,28.59,33.0565,14122.538,302.3333,0.0,0.0936,0.8652,50.0
train,passive,3,768,45,10645.5945,44.9969,42.8461,31.6625,13492.8671,302.3333,0.0,0.7412,0.7315,50.0
train,passive,2,256,99999,19136.1111,128.1969,72.8919,66.9872,23589.3925,279.5173,14.74,0.0015,0.0,50.0
train,passive,1,512,85,15002.4665,84.9779,84.7183,32.4677,19662.0969,302.3333,369.5615,0.0108,0.2,50.0
train,passive,3,512,45,10646.1232,45.0271,42.1767,33.8334,11243.5884,289.6843,0.0,0.7339,0.7321,50.0
train,passive,1,512,25,8533.7,24.9767,80.0017,30.3198,10040.6137,293.3847,642.2427,0.0,1.0,50.0
train,passive,1,768,75,13922.6019,74.9978,82.5326,30.2797,16353.9423,302.3333,517.2976,0.0091,0.3333,50.0
train,passive,4,1024,70,13372.5928,69.9973,32.0352,31.3722,12184.7993,283.6465,0.0,0.0448,0.3997,50.0
train,passive,1,384,35,9588.7477,35.0151,83.3388,48.812,10839.558,291.945,888.3883,0.0018,0.8667,50.0
train,passive,2,256,25,8603.8445,24.9769,57.1124,66.2164,8482.9333,295.0708,0.0,8.3755,0.9975,50.0
train,passive,2,256,35,9672.4221,34.9686,58.5557,65.9201,9767.3019,297.2817,0.0,7.2606,0.8645,50.0
train,passive,1,768,60,12299.3087,59.9959,80.7645,30.1622,13896.998,294.8806,525.5973,0.0064,0.5333,50.0
train,passive,3,640,40,10097.2767,40.0045,42.5255,32.4309,11543.5626,301.992,22.3839,0.8033,0.7983,50.0
train,passive,3,896,90,15547.6267,89.9237,47.9568,31.8847,19332.2229,284.8759,1.688,0.1471,0.1329,50.0
train,passive,2,256,45,10735.9386,44.9471,60.1516,65.6108,11055.0809,302.3333,6.9579,6.1457,0.7315,50.0
train,passive,3,256,100,16653.5771,100.1286,54.5404,65.5442,16907.2688,302.3333,0.0,0.0141,0.0033,50.0
train,passive,3,896,55,11733.1873,54.9535,43.8401,30.4627,15442.3458,302.3333,1.018,0.612,0.5983,50.0
validation,passive,1,512,100,16649.2889,100.1034,89.4,30.2871,17849.0444,302.0889,4356.7333,0.0141,0.0,50.0
train,passive,2,768,25,8467.1342,25.0197,54.9856,29.6788,10606.8208,298.5129,0.0,0.7126,0.997,50.0
train,passive,4,384,25,8526.2929,25.025,30.2279,50.7912,10369.1182,302.3333,0.0,0.0529,0.9991,50.0
train,passive,1,896,99999,19007.0656,127.1255,94.1241,28.8044,13844.2733,206.0583,3783.3661,0.0015,0.0,50.0
train,passive,4,896,85,15005.971,85.0043,32.743,31.9231,14955.2096,279.861,0.0,0.0302,0.1998,50.0
train,passive,3,1024,35,9562.5989,35.0009,42.8043,28.8901,13003.9846,302.3333,5.6149,0.882,0.8638,50.0
train,passive,2,896,55,11727.3423,54.9693,57.4624,29.7155,12803.2014,297.8469,39.1214,0.2195,0.5991,50.0
train,passive,2,1024,50,11168.8574,49.9451,56.1815,29.397,11224.3782,302.3333,49.3105,0.0048,0.6667,50.0
train,passive,4,640,55,11727.2863,54.9779,30.0297,32.3003,14973.0218,302.3333,15.462,0.0669,0.5991,50.0
train,passive,4,512,90,15544.7939,90.0099,31.2545,32.6941,20480.3777,300.2456,0.0,0.0263,0.1331,50.0
train,passive,4,1024,50,11191.6789,49.9941,30.4195,31.0909,10465.1259,290.769,0.0,0.0653,0.6661,50.0
train,passive,4,384,55,11763.061,54.9811,30.5438,50.0071,13944.9358,302.3333,0.0,0.0374,0.5995,50.0
train,passive,4,512,85,14997.9224,84.9897,30.3988,32.3386,19133.4303,291.9776,8.9278,0.0325,0.1997,50.0
train,passive,1,1024,35,9566.8312,34.948,74.4244,28.388,11791.3879,302.3333,486.5718,0.0019,0.8667,50.0
train,passive,1,1024,80,14461.8268,80.0058,82.2166,27.9324,14849.3488,302.3333,671.7131,0.0102,0.2667,50.0
train,passive,2,768,45,10646.3217,44.9987,57.3347,29.8941,12997.7518,302.3333,14.3899,0.5264,0.7312,50.0
train,passive,3,1024,99999,18977.9443,126.9384,51.0591,30.4571,19226.2418,288.338,38.7655,0.0014,0.0,50.0
train,passive,3,256,60,12297.589,60.0517,44.8734,66.8202,11921.1444,297.3563,0.0,22.5682,0.529,50.0
train,passive,1,1024,65,12833.8551,64.9916,80.0848,27.9324,13907.8638,302.3333,618.6669,0.0074,0.4667,50.0
train,passive,2,256,45,10741.1923,44.975,60.4198,65.9905,10011.2379,292.1636,0.6649,6.1457,0.7315,50.0
train,passive,2,1024,30,8995.7212,30.0034,54.5871,29.5909,8482.9333,278.6112,11.4553,0.0009,0.9333,50.0
train,passive,4,896,90,15546.671,89.984,33.4054,31.6652,16584.6774,299.3187,11.1369,0.0249,0.1332,50.0
train,passive,1,768,45,10673.755,44.9881,79.3558,30.2124,13336.0678,302.3333,523.5951,0.0037,0.7333,50.0
train,passive,3,256,65,12838.6959,65.0592,47.0625,66.7784,13145.4449,302.3333,21.4806,19.7489,0.4633,50.0
train,passive,1,640,75,13923.2068,74.9717,82.6464,30.7581,18640.3522,302.3333,450.6454,0.0091,0.3333,50.0
train,passive,1,896,70,13379.612,70.003,81.1044,29.2692,14471.2875,301.2307,569.9411,0.0083,0.4,50.0
train,passive,3,384,95,16103.8365,95.0774,51.1734,50.6793,19065.5671,302.3333,0.0,1.4565,0.0678,50.0
train,passive,2,1024,50,11172.208,49.9687,56.9645,29.7409,10646.9337,293.497,57.8311,0.0048,0.6667,50.0
train,passive,3,768,65,12825.6513,64.9672,44.7725,31.8133,17214.6135,301.4286,0.0,0.4769,0.4655,50.0
train,passive,1,640,80,14465.3282,80.0083,83.8233,31.6709,16188.7155,284.6475,456.9374,0.0099,0.2667,50.0
train,passive,1,896,50,11208.4816,49.976,78.3217,28.9064,12718.8794,299.0676,544.3758,0.0046,0.6667,50.0
train,passive,3,512,75,13916.3896,75.0301,45.6343,34.9155,16208.1566,282.8265,0.0,0.3413,0.3328,50.0
train,passive,2,768,95,16096.8449,94.9468,62.2132,30.3731,16004.2152,301.7972,76.2585,0.0607,0.0665,50.0
train,passive,1,256,99999,18995.5662,126.9955,93.6747,64.2049,15559.6316,302.3333,3938.2336,0.0014,0.0,50.0
train,passive,3,1024,80,14452.6536,79.868,46.2168,29.7383,20141.1786,302.3333,0.0,0.2813,0.2658,50.0
train,passive,1,768,90,15546.5227,90.0046,85.2151,30.2293,18031.5016,302.3333,543.3336,0.0119,0.1333,50.0
train,passive,4,768,75,13914.3955,75.0063,31.4618,32.2085,14926.4956,282.8631,0.0,0.0422,0.3329,50.0
train,passive,1,384,50,11215.869,50.0258,83.3909,48.4016,11850.3083,288.3636,1069.9308,0.0046,0.6667,50.0
train,passive,2,384,60,12322.327,59.9904,61.2547,48.0861,14419.3222,302.3333,0.0,2.62,0.5311,50.0
validation,passive,4,512,25,8573.8,25.0034,27.9,32.4779,11390.6,301.7111,0.0,0.3615,0.9966,50.0
train,passive,2,1024,45,10629.347,44.9697,56.5938,29.3514,10835.2978,302.3333,50.0147,0.0038,0.7333,50.0
train,passive,2,512,40,10120.0044,40.0364,57.1294,30.4319,12306.4223,291.4015,0.0,1.143,0.7953,50.0
train,passive,1,640,85,15000.5364,84.9828,84.8325,31.3405,19068.0447,302.3333,463.8018,0.0109,0.2,50.0
train,passive,3,1024,45,10647.1295,44.958,43.2649,28.8755,16548.3677,302.3333,0.0,0.7485,0.7309,50.0
train,passive,2,768,90,15552.2985,89.9473,60.2501,30.3204,13978.8209,277.6114,57.6967,0.1074,0.1329,50.0
train,passive,2,768,75,13915.9806,74.9658,60.3796,30.1672,15325.5069,302.3333,50.5411,0.247,0.3324,50.0
train,passive,4,256,30,9123.7186,30.0308,31.7362,67.6848,9323.5424,302.3333,3.8975,0.0009,0.9333,50.0
train,passive,4,640,90,15547.6101,89.9933,32.0795,31.8742,20043.1369,302.3333,3.0213,0.0258,0.1331,50.0
train,passive,2,640,40,10103.8727,40.0204,58.4629,30.5444,12148.4805,302.3333,39.7381,0.858,0.7965,50.0
train,passive,4,896,90,15550.0179,90.0044,33.3237,32.1066,16078.3584,294.0254,0.0,0.0249,0.1332,50.0
train,passive,4,896,99999,18985.9176,127.0108,36.8732,31.9099,19014.7679,281.3099,0.0,0.0016,0.0,50.0
train,passive,3,256,65,12842.8199,65.0598,46.8496,66.4403,13141.0278,302.3333,16.4722,19.7489,0.4633,50.0
train,passive,1,1024,70,13374.3302,69.9971,81.1041,27.9888,14087.4625,302.3333,646.6423,0.0083,0.4,50.0
train,passive,3,768,45,10648.9658,44.9975,43.1663,31.2696,13440.386,302.3333,4.4516,0.7412,0.7315,50.0
train,passive,4,512,50,11185.1966,49.9847,29.1342,32.7257,16117.7214,302.3333,0.0,0.0752,0.6655,50.0
train,passive,3,768,65,12828.9473,64.9735,44.8757,31.7157,16078.0583,301.2274,2.2043,0.4768,0.4655,50.0
train,passive,3,1024,50,11193.9226,49.961,43.0319,29.3154,13916.3031,288.4268,0.0,0.6818,0.6645,50.0
train,passive,1,256,90,15564.9926,90.2294,90.2268,64.167,11881.3691,287.2642,2832.4142,0.0123,0.1333,50.0
train,passive,2,896,55,11726.6709,54.9784,57.9938,30.0438,12757.8405,302.3333,41.2196,0.2195,0.5991,50.0
train,passive,4,896,50,11186.0936,49.9844,30.9979,31.4884,12343.345,302.3333,24.9083,0.0678,0.666,50.0
train,passive,1,1024,99999,19004.4467,127.0781,94.0347,27.9324,16079.7356,208.1637,4206.5474,0.0015,0.0,50.0
train,passive,2,640,30,9020.6636,30.0478,56.4349,30.5255,10120.6066,288.6484,1.4084,0.9986,0.9292,50.0
train,passive,2,256,90,15548.3056,89.9223,66.1477,64.4239,15789.0201,302.3333,0.0,1.1287,0.133,50.0
train,passive,2,640,100,16649.7128,99.9469,62.6517,30.3757,16866.5903,302.3333,41.4133,0.0142,0.0,50.0
train,passive,1,1024,60,12288.2957,59.9868,78.5045,28.1904,12874.7194,298.4953,584.858,0.0065,0.5333,50.0
train,passive,2,512,50,11210.8797,50.0309,59.0557,30.4465,13566.1377,302.3333,4.4976,0.9548,0.6627,50.0
train,passive,3,384,45,10654.8343,45.0315,42.1528,50.7304,10448.782,289.4139,6.7453,15.8799,0.7291,50.0
train,passive,1,768,55,11757.181,54.9776,80.3179,29.6902,15991.5785,302.3333,519.4513,0.0055,0.6,50.0
train,passive,4,768,65,12819.0794,64.9669,30.255,31.5791,15728.9467,302.3333,0.0,0.0535,0.4661,50.0
train,passive,2,256,50,11272.82,49.9577,61.2317,65.6529,11077.9651,301.6891,14.0775,5.5883,0.665,50.0
train,passive,4,1024,75,13912.1561,74.9725,33.2992,31.0188,15397.4661,302.3333,15.9067,0.0397,0.3331,50.0
train,passive,4,640,25,8465.2803,24.9917,28.4913,32.4504,11130.3685,302.3333,3.3824,0.102,0.9985,50.0
train,passive,2,896,80,14453.4371,79.9713,60.6998,30.6673,12969.0052,280.8146,85.46,0.1054,0.2663,50.0
train,passive,2,896,100,16629.5189,99.9261,63.1157,30.4815,16761.0942,302.3333,128.8109,0.0142,0.0,50.0
train,passive,2,256,45,10742.8141,44.9895,60.4931,66.3203,9433.8235,285.955,0.0,6.1457,0.7315,50.0
train,passive,2,512,100,16662.3426,99.9712,62.935,30.4698,16696.0069,302.3333,3.1471,0.0141,0.0,50.0
train,passive,3,256,30,9032.4807,30.0029,38.3404,67.9298,10043.1963,302.3333,0.0,39.4837,0.9233,50.0
train,passive,4,384,50,11224.4444,50.0106,31.1689,50.6012,11913.3336,288.2679,12.2647,0.04,0.6661,50.0
train,passive,4,640,99999,18975.5433,126.9643,37.6513,32.1522,25374.3556,302.3333,0.0,0.0015,0.0,50.0
train,passive,3,512,70,13373.0155,70.0183,45.6072,34.2098,16994.7054,302.3333,6.2224,0.4067,0.3993,50.0
train,passive,2,512,55,11754.1892,55.0302,59.3021,30.853,13587.1756,302.3333,0.0,0.8608,0.5965,50.0
train,passive,3,256,95,16109.3809,95.124,53.4971,65.8595,16432.2021,302.3333,0.0,2.8334,0.069,50.0
train,passive,1,896,80,14459.193,80.003,83.7669,29.2429,15900.9319,302.3333,626.0602,0.0101,0.2667,50.0
train,passive,2,640,60,12291.1201,59.9999,58.5866,30.3197,12752.03,292.0652,15.4181,0.5767,0.531,50.0
train,passive,3,768,50,11192.8889,50.0104,43.5784,32.1134,13205.6017,294.5269,0.0,0.6751,0.665,50.0
train,passive,2,640,75,13923.7685,74.9834,60.4645,30.6241,14886.0685,302.3333,20.4711,0.3657,0.3319,50.0
train,passive,3,256,65,12844.4365,65.0685,46.6408,66.6721,13142.8753,302.3333,0.0,19.7489,0.4633,50.0
train,passive,2,640,45,10655.152,45.012,57.8941,30.0774,14170.4851,302.3333,1.9987,0.7876,0.7301,50.0
train,passive,1,384,95,16095.579,95.1124,87.7929,48.5063,17228.3753,302.3333,1634.3249,0.0129,0.0667,50.0
train,passive,4,256,25,8585.1537,25.0273,30.7813,67.7725,8482.9333,301.49,0.0,0.0,1.0,50.0
train,passive,4,256,60,12337.9875,60.009,32.7938,67.8252,10821.7207,281.7747,0.8536,0.0066,0.5333,50.0
train,passive,4,512,45,10641.3128,44.9811,29.0643,32.6004,16960.6485,302.3333,0.0,0.0813,0.7321,50.0
train,passive,3,896,80,14458.3027,79.9341,47.0159,31.5847,19288.0005,302.3333,0.0,0.2799,0.2659,50.0
train,passive,2,896,35,9543.2331,34.9877,56.191,29.6263,10363.0501,302.3333,37.4039,0.3107,0.8654,50.0
train,passive,3,768,95,16086.4537,94.9273,49.3841,32.8615,22151.9412,302.3333,33.9881,0.0803,0.0665,50.0
train,passive,1,896,50,11207.794,49.959,78.3523,28.4348,16132.4967,302.3333,528.3188,0.0046,0.6667,50.0
train,passive,3,384,75,13921.5985,75.0416,47.1956,50.3575,15510.3532,299.4246,11.4182,7.2259,0.3323,50.0
train,passive,1,768,95,16093.2784,95.0278,84.2112,30.6625,16117.681,273.2635,506.1718,0.0128,0.0667,50.0
train,passive,4,768,80,14457.5345,79.9947,31.9439,32.0623,17026.2114,302.3333,0.0,0.0366,0.2663,50.0
train,passive,1,896,65,12834.7963,64.9869,80.9089,28.9275,14487.1803,302.3333,582.6627,0.0074,0.4667,50.0
train,passive,1,384,100,16635.5139,100.1005,87.6348,48.0369,18061.0443,302.3333,1699.0241,0.0139,0.0,50.0
train,passive,4,640,55,11728.379,54.9856,30.5527,32.3759,14946.2399,302.3333,24.4054,0.0669,0.5991,50.0
train,passive,2,640,85,15015.1289,84.9714,61.7215,30.4272,15583.4568,302.3333,40.894,0.2251,0.1991,50.0
train,passive,4,256,75,13941.5453,74.9532,32.8753,66.9264,14300.5944,302.3333,0.0,0.0095,0.3333,50.0
train,passive,3,640,90,15549.7481,89.9875,47.929,34.1404,21048.8597,302.3333,0.0,0.1457,0.1331,50.0
train,passive,1,384,75,13923.3609,75.0688,87.0769,48.3738,16120.3639,302.3333,1410.8305,0.0092,0.3333,50.0
train,passive,4,896,30,9013.0054,29.9958,29.1349,31.2474,10297.6712,302.3333,1.596,0.0892,0.9324,50.0
train,passive,2,384,90,15558.9788,89.9527,63.8566,47.5663,15371.563,299.1915,0.0,0.6655,0.1328,50.0
train,passive,1,384,50,11211.2404,50.0209,84.5924,48.4807,13109.831,302.3333,1089.6049,0.0046,0.6667,50.0
train,passive,2,384,70,13397.8615,69.9705,62.4307,47.8644,13737.1542,302.175,22.075,1.9685,0.3983,50.0
train,passive,2,896,50,11182.6977,49.9862,57.0292,30.0497,11265.5093,297.5356,30.9731,0.2423,0.6657,50.0
train,passive,4,640,40,10094.6755,39.9737,28.3131,32.291,12705.4411,302.3333,0.0,0.0845,0.7988,50.0
train,passive,3,896,90,15547.5132,89.9165,48.1187,31.7724,20860.5451,302.3333,0.0,0.1471,0.1329,50.0
train,passive,4,1024,30,9009.1647,29.9828,29.061,30.6699,9304.8223,302.3333,8.2994,0.0857,0.9326,50.0
train,passive,2,896,55,11728.7707,54.9717,56.6963,29.7656,10788.1786,282.407,39.5801,0.2195,0.5991,50.0
train,passive,2,384,30,9080.2575,30.0071,57.471,48.4529,10690.7223,302.3333,0.0,4.5746,0.9294,50.0
train,passive,1,384,95,16100.6494,95.1171,88.4135,48.0711,17338.1777,302.3333,1649.5777,0.0129,0.0667,50.0
train,passive,1,512,25,8528.753,24.9747,81.362,30.5002,10998.1893,302.3333,668.3868,0.0,1.0,50.0
train,passive,2,384,70,13402.2613,69.9764,62.2118,47.7301,14669.3642,302.3333,0.0,1.9685,0.3983,50.0
train,passive,4,256,35,9655.455,35.0127,32.322,67.5294,11690.0936,302.3333,8.5591,0.0019,0.8667,50.0
train,passive,3,768,90,15548.7601,89.9391,46.7873,32.6103,19222.465,284.6289,0.0,0.1464,0.133,50.0
train,passive,2,896,60,12270.6169,59.9679,58.7272,29.9404,12775.9022,302.3333,65.9543,0.1967,0.5325,50.0
train,passive,3,384,75,13918.756,75.0332,47.4145,50.3037,16038.3003,302.3333,17.1231,7.2259,0.3323,50.0
train,passive,2,768,70,13370.2741,69.9799,59.5449,30.4705,13037.5111,290.2212,44.6267,0.2936,0.3988,50.0
train,passive,2,640,80,14472.4209,79.9769,61.3181,30.1954,16181.4433,302.3333,29.9294,0.2954,0.2655,50.0
train,passive,2,512,45,10667.0064,45.0305,56.3545,30.4242,10417.1292,269.905,0.0,1.0489,0.729,50.0
train,passive,3,1024,25,8470.9881,25.01,40.5906,28.6636,10800.0575,297.7463,0.0,1.0155,0.9967,50.0
train,passive,2,896,55,11727.943,54.9709,56.9446,29.7814,11407.8097,287.111,39.5177,0.2195,0.5991,50.0
train,passive,3,384,90,15558.4478,90.0541,49.903,50.0749,20032.5168,302.3333,0.0,2.8988,0.1339,50.0
train,passive,1,384,100,16640.169,100.1189,87.6078,48.224,16973.8033,293.1264,1697.9534,0.0139,0.0,50.0
train,passive,3,640,95,16093.1686,94.9892,48.8917,34.5408,21659.6343,302.3333,0.0,0.08,0.0665,50.0
train,passive,3,512,75,13918.3964,75.0423,45.8208,35.084,15902.0542,273.9614,0.0,0.3413,0.3328,50.0
train,passive,2,896,90,15541.8597,89.939,62.349,30.202,15963.9196,302.3333,117.7123,0.0598,0.1331,50.0
train,passive,2,768,40,10104.6011,40.0146,57.4036,29.8539,11634.7084,302.3333,22.4904,0.5729,0.7976,50.0
train,passive,1,256,35,9564.2605,35.0281,84.9066,66.4326,10176.322,291.5375,1181.7802,0.0019,0.8667,50.0
train,passive,2,512,25,8476.5216,25.0538,57.7982,30.8137,11291.1792,302.3333,38.4235,1.4252,0.9941,50.0
train,passive,1,512,50,11233.02,50.0009,82.0889,31.5675,13026.4217,285.5782,517.0592,0.0045,0.6667,50.0
train,passive,3,768,75,13909.5983,74.9445,46.068,32.1528,18370.3455,302.3333,10.4599,0.3447,0.3325,50.0
train,passive,2,384,30,9080.6749,30.0082,57.5141,48.379,9759.3739,295.7924,12.3932,4.5746,0.9294,50.0
train,passive,1,512,60,12311.2431,59.9898,81.8035,31.7234,14214.3517,280.5947,461.5613,0.0063,0.5333,50.0
train,passive,3,512,40,10097.3177,39.9966,41.1562,33.0874,11526.1999,302.3333,0.0,0.7993,0.7986,50.0
train,passive,2,512,85,15025.7659,84.9841,61.6137,30.4256,15784.5522,302.3333,3.0232,0.2963,0.1988,50.0
train,passive,4,896,85,15006.7448,84.9823,31.8382,31.3301,15122.5803,287.4484,0.0,0.0303,0.1998,50.0
train,passive,4,640,85,14997.1187,84.9864,32.2223,32.114,19019.5912,302.3333,24.8884,0.0317,0.1997,50.0
train,passive,1,384,55,11757.5067,55.0485,85.0309,48.6986,12842.3497,295.0852,1144.8554,0.0055,0.6,50.0
train,passive,2,512,80,14482.7143,80.0056,61.3661,30.6868,14544.8907,293.5362,1.9075,0.3904,0.2651,50.0
train,passive,4,1024,80,14458.3213,79.9659,32.1646,30.9973,14209.5004,300.1455,0.0,0.0347,0.2665,50.0
train,passive,1,896,45,10662.4279,44.9498,76.6444,28.6434,12303.6123,300.5855,529.2744,0.0037,0.7333,50.0
train,passive,3,384,100,16649.924,100.0709,51.9842,50.1033,19719.6418,302.3333,7.723,0.0141,0.0016,50.0
train,passive,2,768,40,10101.893,40.0037,56.3282,29.8569,11439.3856,295.4032,9.1377,0.5729,0.7976,50.0
train,passive,2,640,80,14469.0874,79.9681,60.7958,30.27,15295.1804,302.3333,30.7681,0.2954,0.2655,50.0
train,passive,3,384,80,14465.5504,80.0386,47.6807,50.2614,16751.5356,302.3333,0.0,5.7835,0.2662,50.0
train,passive,4,384,45,10686.769,45.0112,30.5498,50.4512,12355.6849,291.042,0.0,0.0425,0.7327,50.0
train,passive,1,640,95,16086.1906,95.0039,85.1735,31.8938,19766.6917,302.3333,408.0422,0.0127,0.0667,50.0
train,passive,3,512,35,9553.4749,35.0237,41.3685,33.5049,9122.6319,287.8951,13.1936,0.8647,0.8652,50.0
train,passive,1,512,95,16080.2655,94.9697,84.5671,32.7213,21120.3926,302.3333,306.2984,0.0126,0.0667,50.0
train,passive,1,896,85,15002.4691,84.989,82.835,28.8229,16403.1403,302.3333,603.2349,0.0111,0.2,50.0
train,passive,1,1024,50,11194.5424,49.9547,77.7938,27.9801,13774.8057,302.3333,575.186,0.0046,0.6667,50.0
train,passive,1,896,60,12295.5879,60.009,79.7196,29.468,11867.8474,274.5178,556.1123,0.0064,0.5333,50.0
train,passive,2,896,55,11725.3948,54.9639,57.6889,29.6827,13393.5318,302.3333,41.3488,0.2195,0.5991,50.0
train,passive,1,640,85,15003.7768,84.9965,84.3752,31.5504,17825.4139,298.811,449.9829,0.0109,0.2,50.0
train,passive,3,640,30,9008.9592,29.9964,40.3728,31.7389,10335.827,302.3333,0.0,0.9348,0.9314,50.0
train,passive,3,896,45,10642.304,44.9703,43.4245,30.2789,13964.213,302.3333,19.1008,0.7449,0.7312,50.0
train,passive,4,384,55,11763.0835,54.9786,30.5528,49.926,14050.8388,302.3333,0.0,0.0374,0.5995,50.0
train,passive,2,384,25,8543.6274,25.0271,56.9861,48.7557,9670.534,301.2103,0.0,4.9004,0.9958,50.0
train,passive,3,256,80,14478.3695,80.0792,48.2001,65.7392,13118.0165,279.618,0.0,11.2912,0.2662,50.0
train,passive,1,512,100,16627.393,99.9883,85.3338,32.7608,21926.6801,302.3333,277.7952,0.0135,0.0,50.0
train,passive,1,512,85,15002.4669,84.9782,84.4861,32.5103,19564.3849,302.3333,363.8953,0.0108,0.2,50.0
train,passive,4,1024,40,10104.1345,40.0062,29.9325,31.0918,9284.7464,287.3365,0.0,0.0755,0.7994,50.0
train,passive,3,1024,65,12823.1161,64.9134,45.1512,29.4393,17505.8526,302.3333,1.1602,0.4815,0.4651,50.0
train,passive,4,384,45,10684.6785,44.9993,30.8684,50.242,12652.4346,302.3333,10.0031,0.0426,0.7327,50.0
train,passive,3,1024,55,11737.7579,54.9443,44.6217,29.1498,18105.1415,302.3333,0.0,0.615,0.598,50.0
train,passive,2,1024,70,13349.2062,69.939,58.7384,30.0415,12695.7094,295.5293,91.1709,0.0086,0.4,50.0
train,passive,4,896,80,14459.4675,79.9817,32.5689,31.3761,17627.311,302.3333,0.0,0.0356,0.2664,50.0
train,passive,1,256,75,13925.7969,75.1669,88.9661,64.7433,12026.9577,299.0873,2384.2914,0.0095,0.3333,50.0
train,passive,1,768,65,12834.6346,64.9658,81.0581,29.7183,15396.8492,302.3333,536.6616,0.0073,0.4667,50.0
train,passive,1,1024,35,9564.4209,34.934,74.3252,28.0795,11729.4835,302.3333,500.4033,0.0019,0.8667,50.0
train,passive,2,1024,95,16073.6578,94.9072,62.1312,30.1914,18126.8536,302.3333,137.5815,0.0134,0.0667,50.0
train,passive,4,896,25,8469.5995,24.9997,28.9912,31.1834,9504.2737,302.3333,6.3666,0.0945,0.999,50.0
train,passive,3,768,40,10101.7654,39.9982,42.5491,31.1861,12510.8303,302.3333,8.9817,0.8073,0.798,50.0
train,passive,4,1024,70,13371.323,69.9808,32.2648,30.9657,13597.4139,302.3333,2.4321,0.0448,0.3997,50.0
train,passive,2,640,80,14466.8586,79.9697,61.5281,30.3976,15977.2281,302.3333,45.1248,0.2954,0.2655,50.0
train,passive,1,1024,99999,19005.1111,127.0874,94.1111,27.9324,14827.6,201.0889,4212.9556,0.0015,0.0,50.0
train,passive,1,256,60,12293.227,60.1226,87.8743,65.3199,11521.1082,298.5597,1937.9945,0.0066,0.5333,50.0
train,passive,4,384,100,16624.2005,99.9512,32.6561,49.3691,19681.2704,302.3333,5.0734,0.0142,0.0,50.0
test,passive,2,512,99999,18972.0444,126.9709,62.8,31.2421,18963.7778,302.3556,0.0,0.0015,0.0,50.0
train,passive,3,896,85,15001.8051,84.929,47.659,31.7414,18710.152,288.3262,9.7123,0.2135,0.1994,50.0
train,passive,4,384,85,15008.5588,84.9791,32.3006,49.6795,18485.9678,298.7891,0.0,0.0219,0.1998,50.0
train,passive,2,896,50,11179.0663,49.9635,56.5773,29.6364,11577.1799,302.3333,35.8783,0.2423,0.6657,50.0
train,passive,1,640,65,12846.6481,64.9824,82.4481,30.5096,17309.0141,302.3333,484.9449,0.0072,0.4667,50.0
train,passive,2,256,25,8602.973,24.9713,57.6657,66.0412,10527.7013,302.3333,0.0,8.3755,0.9975,50.0
train,passive,3,896,70,13368.544,69.9397,46.4913,30.88,17871.3894,302.3333,20.5893,0.4128,0.3988,50.0
train,passive,1,640,45,10679.4665,44.981,81.0145,30.7051,13631.508,302.3333,549.4785,0.0036,0.7333,50.0
train,passive,4,1024,75,13916.0441,74.9908,32.8386,31.4263,14369.4697,302.3333,0.0,0.0397,0.3331,50.0
train,passive,3,384,90,15559.5214,90.0644,50.1553,50.3151,18226.182,302.3333,2.7379,2.8988,0.1339,50.0
train,passive,1,1024,90,15552.2755,90.042,84.6324,28.2879,15627.2167,302.3333,706.5045,0.012,0.1333,50.0
train,passive,3,768,85,14997.9002,84.9208,46.3711,32.2398,20151.8488,302.3333,0.0,0.2126,0.1995,50.0
train,passive,1,384,70,13386.8606,70.0754,85.309,48.6565,13791.4131,292.1264,1315.0627,0.0083,0.4,50.0
train,passive,4,384,55,11761.3098,54.9718,30.2837,49.8962,14080.8903,302.3333,0.0,0.0374,0.5995,50.0
train,passive,1,384,50,11217.1051,50.0351,84.7797,48.4159,13092.2234,302.3333,1082.4819,0.0046,0.6667,50.0
train,passive,2,640,85,15015.5909,84.9811,61.6941,30.7998,16051.1699,302.3333,22.496,0.2251,0.1991,50.0
train,passive,1,384,75,13928.0335,75.0779,86.622,48.3977,17105.9295,302.3333,1377.4659,0.0092,0.3333,50.0
train,passive,1,1024,45,10655.3512,44.9639,76.1633,28.3096,12400.538,302.3333,526.0115,0.0037,0.7333,50.0
train,passive,1,1024,30,9023.632,29.9404,73.1478,28.2939,10534.579,292.2347,467.6398,0.0009,0.9333,50.0
train,passive,1,256,70,13378.118,70.1498,89.5216,65.0305,12287.2422,302.3333,2260.1588,0.0085,0.4,50.0
train,passive,4,512,35,9553.5904,35.0081,28.1509,33.4845,10955.5363,277.3378,0.0,0.0936,0.8652,50.0
train,passive,2,768,100,16636.5818,99.9344,63.086,30.5831,16721.662,302.3333,94.4693,0.0142,0.0,50.0
train,passive,3,1024,35,9559.8283,34.9908,41.5636,28.9482,11357.8531,286.0866,4.7841,0.882,0.8638,50.0
train,passive,3,896,50,11192.8256,49.9716,43.7779,30.2341,14789.0033,302.3333,4.2562,0.6784,0.6647,50.0
train,passive,1,640,40,10143.099,39.9735,79.8035,30.0796,12565.1327,302.3333,555.6411,0.0027,0.8,50.0
train,passive,2,768,45,10648.2507,45.0013,56.6639,29.897,10882.5581,291.1774,18.2956,0.5264,0.7312,50.0
train,passive,4,640,85,14998.7825,84.9919,31.794,32.2039,18631.2008,301.1927,11.537,0.0317,0.1997,50.0
train,passive,2,384,75,13939.824,74.9607,62.418,47.548,15539.595,302.3333,0.0,1.6428,0.3319,50.0
validation,passive,3,1024,99999,18983.9111,126.9685,44.7037,31.7267,18980.6889,302.0222,9.7333,0.0015,0.0,50.0
train,passive,2,640,50,11201.3875,50.0358,58.5544,30.9724,11958.9687,296.1721,3.6365,0.7173,0.6637,50.0
train,passive,2,1024,65,12806.6219,64.9379,57.3411,29.6993,11684.1084,287.211,75.8158,0.0077,0.4667,50.0
train,passive,3,896,75,13914.993,74.9285,45.5766,30.9484,18280.7548,293.639,0.0,0.3464,0.3324,50.0
train,passive,2,512,45,10661.2421,45.0246,57.9428,30.5298,12768.735,302.3333,0.0,1.0489,0.729,50.0
train,passive,4,256,45,10728.6189,44.9942,30.722,67.3588,9777.8838,291.9261,0.0,0.0038,0.7333,50.0
train,passive,1,512,95,16083.8246,94.9931,85.0088,33.2025,21137.9102,302.3333,293.9199,0.0126,0.0667,50.0
train,passive,4,640,50,11186.9659,49.9801,28.4108,32.2231,13145.912,291.2173,0.0,0.0728,0.6657,50.0
train,passive,2,512,80,14479.3829,80.0089,61.6175,31.0029,13810.0303,284.203,13.2274,0.3904,0.2651,50.0
train,passive,2,256,50,11271.0687,49.9427,60.384,65.4455,11381.4089,302.3333,0.0,5.5883,0.665,50.0
train,passive,2,512,75,13935.6842,75.0143,60.8814,30.9229,13648.1063,284.8451,2.7538,0.4844,0.3314,50.0
train,passive,3,640,25,8463.4521,24.9997,39.8221,31.6525,9388.8826,302.3333,0.8293,1.0006,0.9979,50.0
train,passive,4,896,50,11192.2231,49.9965,30.6401,31.4489,12394.5823,302.3333,1.1696,0.0677,0.666,50.0
train,passive,3,768,35,9552.0498,34.9963,42.5183,31.1484,11763.4398,302.3333,30.269,0.8734,0.8645,50.0
train,passive,2,640,30,9020.0738,30.0315,56.3596,30.0969,12135.8763,302.3333,0.0,0.9986,0.9292,50.0
train,passive,2,256,65,12879.033,64.9551,63.2555,65.2993,13535.998,302.3333,0.0,3.9159,0.4655,50.0
train,passive,1,640,35,9599.257,34.9663,79.2348,30.1393,12283.4025,302.3333,562.7148,0.0018,0.8667,50.0
train,passive,4,640,80,14456.5441,80.0099,31.6762,32.7579,18469.6174,302.3333,0.0,0.0376,0.2663,50.0
train,passive,1,640,95,16089.6445,94.9968,83.9261,31.4711,18571.2785,289.6182,399.6103,0.0127,0.0667,50.0
train,passive,4,512,80,14455.1129,79.9838,29.0061,32.2358,17861.6278,283.8976,0.0,0.0386,0.2662,50.0
train,passive,3,256,95,16109.5742,95.1045,53.3196,65.1459,18593.6551,302.3333,0.0,2.8334,0.069,50.0
train,passive,4,384,99999,18994.5912,127.2024,38.4883,49.9226,22726.6989,302.3333,13.4698,0.0016,0.0,50.0
train,passive,3,512,45,10644.0197,45.011,41.9126,33.5347,11809.9779,297.8326,0.0,0.7339,0.7321,50.0
train,passive,2,384,40,10164.7139,40.0145,59.3183,48.3456,11646.736,302.3333,0.8545,3.923,0.7966,50.0
train,passive,3,768,55,11735.2425,54.9769,44.0619,31.5267,16095.0604,302.3333,0.0,0.609,0.5985,50.0
train,passive,3,768,35,9558.0014,35.0169,41.9028,31.4751,11480.2258,302.3333,0.0,0.8734,0.8645,50.0
train,passive,2,384,45,10702.9874,45.0025,58.94,48.2662,11250.23,295.8308,0.0,3.5973,0.7303,50.0
train,passive,2,768,99999,18961.9283,126.8327,61.3036,29.4247,16040.6974,259.8845,11.0553,0.0015,0.0,50.0
train,passive,3,256,99999,18968.4977,126.952,52.8298,64.945,25252.8194,302.3333,0.0,0.0014,0.0,50.0
train,passive,4,640,35,9552.0112,34.9922,28.4136,32.6632,11263.0697,293.6494,0.0,0.0903,0.8654,50.0
train,passive,3,512,80,14457.4061,79.999,45.9464,34.5345,18844.8556,302.3333,0.0,0.2759,0.2662,50.0
train,passive,4,384,25,8526.4797,25.01,28.5705,50.4215,8674.5108,285.4598,0.0,0.0529,0.9991,50.0
train,passive,1,640,40,10144.6297,39.9763,80.3148,29.9703,12996.913,302.3333,561.4666,0.0027,0.8,50.0
train,passive,3,640,75,13917.5358,74.9878,45.3796,33.2509,17090.8842,292.865,0.0,0.343,0.3326,50.0
train,passive,3,256,90,15563.1119,90.1061,52.4153,65.8334,15809.2988,302.3333,5.1023,5.6526,0.1347,50.0
train,passive,1,896,95,16094.8375,95.0397,85.6033,29.4709,17241.549,302.3333,619.7406,0.0129,0.0667,50.0
train,passive,3,256,90,15559.6884,90.0882,52.2979,65.4917,15812.8986,302.3333,20.857,5.6526,0.1347,50.0
train,passive,1,512,30,9068.7602,29.9726,81.3069,30.5724,11403.2474,302.3333,641.4709,0.0009,0.9333,50.0
train,passive,3,1024,55,11731.686,54.944,45.496,29.514,15985.4821,302.3333,35.2171,0.615,0.598,50.0
train,passive,2,896,50,11182.1207,49.9864,57.5436,30.0506,12431.4203,302.3333,30.6784,0.2423,0.6657,50.0
train,passive,2,768,60,12284.0471,59.9969,59.1683,30.1832,12620.6527,299.3922,41.8337,0.3866,0.5318,50.0
train,passive,2,896,90,15540.9153,89.9303,60.9723,30.1909,16019.9668,294.8718,91.7229,0.0599,0.1331,50.0
train,passive,4,384,60,12306.1889,59.9888,31.2402,49.9841,15567.1833,302.3333,0.0,0.0348,0.5329,50.0
train,passive,3,1024,45,10648.8218,44.9875,43.7514,29.7136,14459.3233,302.3333,0.0,0.7485,0.7309,50.0
train,passive,2,256,40,10207.6355,39.9777,60.0514,66.0754,10489.4455,302.3333,0.0,6.7031,0.798,50.0
train,passive,2,1024,25,8449.7556,24.9889,53.8333,29.0704,8482.9333,297.9778,0.0,0.0,1.0,50.0
train,passive,3,640,30,9011.9024,29.9993,40.8634,31.5127,13211.8721,302.3333,0.0,0.9348,0.9314,50.0
train,passive,2,256,45,10742.4137,44.9751,60.4924,65.8852,10216.6339,296.0204,0.4666,6.1457,0.7315,50.0
train,passive,3,512,35,9550.6114,34.9903,40.2991,32.8953,10617.6037,302.3333,0.0,0.8648,0.8652,50.0
train,passive,3,512,65,12819.6884,64.9995,44.8996,34.1465,16100.4597,302.3333,19.7697,0.4722,0.4659,50.0
train,passive,3,1024,65,12825.2144,64.9275,45.5432,29.6857,18422.3152,302.3333,0.0,0.4815,0.4651,50.0
train,passive,1,256,95,16109.844,95.2389,91.3926,63.7183,15481.3267,302.3333,2971.7629,0.0133,0.0667,50.0
train,passive,3,640,75,13916.7832,75.0039,46.0027,33.7076,16751.0571,286.6911,0.0,0.343,0.3326,50.0
train,passive,3,512,25,8467.5564,25.0321,39.8175,33.1264,8482.9333,282.1827,0.0,0.9956,0.9983,50.0
train,passive,3,1024,30,9012.9947,30.0016,42.1163,28.9158,12190.8226,302.3333,11.1616,0.9488,0.9303,50.0
train,passive,2,384,45,10699.8388,44.9891,58.9954,48.08,11907.7875,302.3333,0.0,3.5973,0.7303,50.0
train,passive,1,1024,25,8474.1731,24.9232,73.2941,28.1138,11250.7427,302.3333,482.578,0.0,1.0,50.0
train,passive,3,256,60,12295.392,60.0516,45.6406,66.8922,12124.827,301.8163,19.5662,22.5682,0.529,50.0
train,passive,4,256,85,15017.1622,84.9542,33.8953,66.8094,16154.3162,302.3333,0.0,0.0113,0.2,50.0
train,passive,1,1024,30,9023.4183,29.9247,73.3073,27.9324,13356.1851,302.3333,459.7475,0.0009,0.9333,50.0
train,passive,1,384,90,15550.6464,90.0843,86.8784,48.1392,16790.985,302.3333,1575.6909,0.012,0.1333,50.0
train,passive,1,384,90,15556.8956,90.1247,87.4754,48.7466,15277.6615,280.2976,1571.765,0.012,0.1333,50.0
train,passive,3,256,50,11211.8257,50.0389,43.1539,67.0261,11458.1378,302.3333,5.7832,28.2067,0.6604,50.0
train,passive,4,640,80,14458.2754,80.0084,31.2508,32.4066,17696.9208,285.0445,0.0,0.0375,0.2663,50.0
train,passive,1,768,99999,19012.8311,127.1658,93.7104,29.6083,11816.2863,198.4889,3328.8519,0.0015,0.0,50.0
train,passive,1,768,80,14466.7772,79.9992,82.7149,30.0425,16145.7723,296.3253,519.7797,0.01,0.2667,50.0
train,passive,2,640,50,11200.9176,50.0095,57.6199,30.2317,12350.0463,292.2774,6.7361,0.7173,0.6637,50.0
train,passive,4,768,95,16091.607,94.9777,32.7234,31.5005,19183.8725,302.3333,3.3812,0.0198,0.0666,50.0
train,passive,3,896,99999,18976.174,126.9589,50.2517,31.5929,18222.2142,292.2211,19.1918,0.0015,0.0,50.0
train,passive,4,896,25,8467.2683,25.0044,28.8402,31.6367,9910.4773,302.3333,0.0,0.0946,0.999,50.0
train,passive,1,512,50,11230.9076,49.972,82.1036,30.8821,17045.2373,302.3333,505.9625,0.0045,0.6667,50.0
validation,passive,3,256,25,8478.7111,24.9688,41.6593,71.7912,11334.4667,301.0222,0.0,0.5236,0.995,50.0
train,passive,3,512,80,14463.9954,80.0282,46.8128,34.7588,18141.1812,299.4058,4.0845,0.2759,0.2662,50.0
train,passive,2,512,99999,18966.8492,126.9374,66.2535,30.7465,19035.8035,302.3333,17.5701,0.0014,0.0,50.0
train,passive,2,384,99999,19050.9448,127.5645,69.3536,48.573,21663.5163,298.6757,24.7726,0.0015,0.0,50.0
train,passive,4,896,40,10102.9203,39.9878,28.6512,31.1981,10657.1504,287.0107,0.0,0.0785,0.7992,50.0
train,passive,2,512,75,13932.8989,74.9907,60.489,30.5389,15083.4068,302.3333,0.0,0.4845,0.3314,50.0
train,passive,3,896,80,14455.3625,79.9254,47.3594,31.4637,19317.9083,302.3333,12.2404,0.2799,0.2659,50.0
train,passive,2,512,70,13390.0783,69.9987,60.4252,30.337,16355.0367,302.3333,0.0,0.5785,0.3976,50.0
train,passive,1,512,75,13928.3511,74.9963,83.3908,32.5671,17814.8334,302.3333,381.0124,0.009,0.3333,50.0
train,passive,1,384,40,10131.6111,40.0118,83.9416,48.3548,12327.0021,302.3333,957.576,0.0028,0.8,50.0
train,passive,2,768,30,9010.9018,30.0312,56.2726,30.3745,10638.1063,302.3333,0.6822,0.666,0.9306,50.0
train,passive,2,256,70,13415.845,69.9537,64.2285,64.9585,13665.4979,302.3333,5.6765,3.3585,0.399,50.0
train,passive,4,512,50,11188.3528,49.9943,29.6099,32.6975,15276.8331,302.3333,6.612,0.0752,0.6655,50.0
train,passive,2,896,90,15538.0713,89.9357,61.5674,30.5955,15832.8482,302.3333,96.8386,0.0599,0.1331,50.0
train,passive,2,768,80,14456.9905,79.9614,61.3378,30.5418,15011.1847,302.3333,73.7645,0.2004,0.2659,50.0
train,passive,3,384,45,10657.6475,45.0279,40.9815,50.5421,9591.6854,276.3073,0.0,15.8799,0.7291,50.0
train,passive,1,256,85,15018.679,85.2076,90.3845,64.3007,13870.966,302.3333,2678.6229,0.0114,0.2,50.0
train,passive,2,640,100,16651.3738,99.9502,62.1809,30.3953,16647.8872,294.0973,32.2884,0.0142,0.0,50.0
train,passive,1,256,25,8474.892,25.0187,84.6539,67.4071,8804.2887,277.8577,882.2774,0.0,1.0,50.0
train,passive,1,1024,90,15545.9196,90.0265,85.4048,28.1089,15270.0696,302.3333,750.1154,0.012,0.1333,50.0
train,passive,3,640,70,13371.2364,70.0081,45.1853,33.665,15297.7201,279.7161,0.0,0.4087,0.3992,50.0
train,passive,2,1024,60,12259.0005,59.9403,57.5122,29.6694,12214.2577,302.3333,71.2578,0.0067,0.5333,50.0
train,passive,1,1024,55,11746.3589,54.9735,77.2103,27.9324,12045.4642,292.3092,568.3488,0.0056,0.6,50.0
train,passive,4,512,30,9006.666,29.996,28.3078,33.4099,11903.4197,301.4201,0.0,0.0997,0.9317,50.0
train,passive,3,384,65,12835.0689,65.053,45.2382,50.75,12802.2145,281.7501,0.0,10.1105,0.4646,50.0
train,passive,3,384,30,9019.0768,30.0043,39.8721,50.4326,9456.9664,302.3333,18.1645,20.2069,0.9275,50.0
train,passive,2,768,40,10100.3219,40.0035,56.9244,29.9067,12091.6445,302.3333,16.7976,0.5729,0.7976,50.0
train,passive,2,1024,90,15530.7898,89.9324,61.6117,30.5472,14771.3844,293.5236,137.4482,0.0124,0.1333,50.0
train,passive,3,256,40,10121.142,40.0205,40.6276,67.5832,10891.4767,302.3333,0.0,33.8452,0.7919,50.0
train,passive,4,1024,70,13371.9715,69.9855,31.7083,31.1509,12784.3796,292.632,0.0,0.0449,0.3997,50.0
train,passive,3,512,40,10098.3795,40.0012,41.3226,33.1195,12134.3365,302.3333,0.0,0.7993,0.7986,50.0
train,passive,3,256,45,10660.6178,45.0058,41.0223,67.1681,11100.2757,302.3333,0.0,31.026,0.7261,50.0
train,passive,3,512,75,13917.1975,75.0175,46.4174,34.3927,17964.8902,302.3333,12.5659,0.3413,0.3328,50.0
train,passive,4,256,45,10729.2729,45.0169,31.7799,67.8426,9566.824,288.4466,0.0,0.0038,0.7333,50.0
train,passive,3,1024,65,12828.5883,64.9291,44.911,29.496,16338.1353,295.5768,0.0,0.4815,0.4651,50.0
train,passive,2,640,55,11745.8724,55.0118,58.3543,30.4672,12196.7594,289.4816,13.0394,0.647,0.5973,50.0
train,passive,3,896,60,12279.7416,59.9696,45.2286,31.1793,16321.7,302.3333,0.0,0.5456,0.5318,50.0
train,passive,1,1024,80,14461.3709,80.0071,82.0392,27.9617,14274.8556,301.0593,670.0762,0.0102,0.2667,50.0
train,passive,1,768,30,9049.621,29.9747,77.0654,29.7388,10150.3521,286.5202,539.1803,0.0009,0.9333,50.0
train,passive,3,512,80,14457.4253,80.008,47.001,34.6646,19656.224,302.3333,14.3116,0.2759,0.2662,50.0
train,passive,3,1024,35,9559.8438,34.9907,41.7249,28.9411,12239.9783,296.6275,0.0,0.882,0.8638,50.0
train,passive,2,896,65,12817.0339,64.9647,59.3423,29.933,13347.2329,302.3333,72.8422,0.1739,0.466,50.0
train,passive,4,896,40,10101.8356,39.986,28.4556,31.2585,9875.7296,285.4876,0.0,0.0785,0.7992,50.0
train,passive,4,896,40,10103.6477,39.9862,28.3068,31.126,10455.7692,282.2155,0.0,0.0785,0.7992,50.0
train,passive,4,1024,40,10100.3736,39.9855,29.634,30.8609,10401.1381,302.3333,0.0,0.0755,0.7994,50.0
train,passive,2,896,60,12272.1772,59.9679,57.7151,29.9495,11873.2152,290.1238,50.2323,0.1967,0.5325,50.0
train,passive,4,640,100,16635.9491,99.9978,32.525,32.0809,20991.8273,302.3333,0.0,0.0141,0.0,50.0
train,passive,2,768,85,15004.7192,84.9484,61.2238,30.174,16923.5508,302.3333,55.5754,0.1539,0.1994,50.0
train,passive,3,384,35,9566.4168,35.0215,40.1791,50.6906,9385.2889,293.6735,0.0,18.7646,0.8614,50.0
train,passive,2,640,90,15557.1502,89.9551,61.7766,30.4265,16008.838,302.3333,40.9258,0.1548,0.1327,50.0
train,passive,4,768,50,11189.1443,49.9875,29.283,31.8581,12230.1438,289.6447,0.0,0.0703,0.6658,50.0
train,passive,1,512,45,10693.7347,45.0026,81.7836,31.4457,12125.2609,283.0001,541.1874,0.0036,0.7333,50.0
train,passive,1,1024,95,16091.8967,95.0225,84.6043,27.9324,15529.2388,302.3333,730.5064,0.013,0.0667,50.0
train,passive,3,256,80,14470.7661,80.0749,50.2378,65.9639,14345.8045,302.3333,30.9271,11.2911,0.2662,50.0
train,passive,1,384,50,11208.5477,50.024,85.6602,48.6412,13160.9782,302.3333,1117.8559,0.0046,0.6667,50.0
train,passive,3,384,30,9021.2456,30.014,39.515,50.6916,9889.9063,302.3333,0.0,20.207,0.9275,50.0
train,passive,4,768,65,12820.5507,64.991,31.4383,32.0984,15224.7858,302.3333,11.5473,0.0534,0.4661,50.0
train,passive,3,384,90,15553.3539,90.0492,50.5576,50.2542,19030.0818,302.3333,22.2923,2.8988,0.1339,50.0
train,passive,1,256,85,15017.5544,85.2059,90.0256,64.3415,12385.1245,297.793,2685.1893,0.0114,0.2,50.0
train,passive,1,256,80,14470.5461,80.1745,89.4256,64.286,13399.2831,302.3333,2531.8224,0.0104,0.2667,50.0
train,passive,3,768,40,10099.7281,39.9823,41.8852,30.9476,12744.0591,302.3333,0.2776,0.8073,0.798,50.0
train,passive,1,512,99999,19011.7997,127.2259,93.8226,31.3982,10898.6343,207.6504,2445.0319,0.0015,0.0,50.0
train,passive,3,896,55,11736.5616,54.9783,44.2757,30.8659,14318.6335,290.3189,2.6194,0.612,0.5983,50.0
train,passive,3,1024,75,13914.4381,74.9036,45.6622,29.8875,17702.6025,290.7508,0.0,0.348,0.3322,50.0
train,passive,2,896,50,11184.2462,49.9774,56.2088,29.6771,10340.4596,283.2017,32.293,0.2423,0.6657,50.0
train,passive,4,896,60,12274.9209,59.9773,31.4615,31.4429,13581.3703,302.3333,21.6273,0.0571,0.5328,50.0
train,passive,4,640,100,16629.9905,99.9846,33.3051,31.9981,21117.0815,302.3333,33.6793,0.0141,0.0,50.0
train,passive,4,640,75,13908.6899,74.9796,30.5511,32.0655,17605.8127,302.3333,0.0,0.0435,0.3328,50.0
train,passive,2,640,65,12838.0654,65.0255,59.5929,31.0229,11520.7132,269.7751,15.9046,0.5063,0.4646,50.0
train,passive,4,640,90,15546.2313,90.0018,31.7539,32.3908,19371.3603,302.3333,0.0,0.0259,0.1331,50.0
train,passive,3,896,40,10103.9495,40.0034,42.6405,30.4726,12415.9321,296.2967,0.0,0.8113,0.7977,50.0
train,passive,4,896,95,16094.3199,94.9865,33.4811,31.5758,17969.0352,296.4769,0.0,0.0195,0.0666,50.0
train,passive,4,512,50,11181.1863,49.9843,29.999,32.9157,15232.189,302.3333,28.0556,0.0752,0.6655,50.0
train,passive,3,640,65,12826.5969,64.9947,45.008,32.9948,16287.6581,302.3333,3.5621,0.4745,0.4657,50.0
train,passive,1,512,75,13927.7598,74.9886,83.2916,32.3226,17807.9301,302.1018,387.6678,0.009,0.3333,50.0
train,passive,1,1024,60,12287.2344,59.9776,78.1826,27.9713,12310.6072,290.4818,594.8631,0.0065,0.5333,50.0
train,passive,3,896,75,13913.8817,74.9507,46.5519,31.5554,16846.1161,283.7589,6.8234,0.3463,0.3324,50.0
train,passive,4,640,99999,18971.8043,126.9505,37.0729,32.1099,24799.4835,302.3333,0.0,0.0016,0.0,50.0
train,passive,4,640,30,9009.9762,29.992,28.7508,32.42,11749.1415,302.3333,3.4628,0.0962,0.932,50.0
train,passive,2,512,99999,18969.3558,126.9391,66.0228,30.627,19797.7036,302.3333,2.2835,0.0014,0.0,50.0
train,passive,1,512,99999,19012.7296,127.239,94.1220,31.6098,10817.4635,204.1733,2460.3209,0.0015,0.0,50.0
train,passive,4,384,90,15550.4329,89.9877,32.6699,49.8083,17337.3345,292.6058,0.926,0.0193,0.1332,50.0
train,passive,4,640,45,10645.3098,44.9977,29.662,32.3551,13330.2982,302.3333,5.0818,0.0786,0.7323,50.0
train,passive,1,256,70,13379.1802,70.1443,88.2969,64.9225,11773.1104,299.9934,2232.748,0.0085,0.4,50.0
train,passive,1,512,99999,19016.9796,127.2393,93.2548,31.4477,9629.6596,198.4889,2437.9584,0.0015,0.0,50.0
train,passive,1,512,95,16084.2877,94.99,84.7814,33.0635,21028.9706,302.3333,293.0381,0.0126,0.0667,50.0
train,passive,1,512,60,12310.3388,59.9763,81.2775,31.4575,14172.4083,281.2123,464.5118,0.0063,0.5333,50.0
train,passive,4,512,70,13365.5624,69.9955,29.7041,32.6669,17383.1233,296.0821,0.0,0.0508,0.3993,50.0
train,passive,3,512,45,10646.4471,45.0203,42.189,33.5654,12518.2633,293.0407,0.0,0.7339,0.7321,50.0
train,passive,1,512,35,9609.4406,34.9747,81.3333,30.7307,12013.9112,302.3333,609.1005,0.0018,0.8667,50.0
train,passive,1,640,99999,19006.3707,127.1957,94.7151,30.781,11637.4258,209.0524,2925.7006,0.0015,0.0,50.0
train,passive,1,256,40,10110.1925,40.0622,86.4083,66.6376,11165.7624,302.3333,1331.4427,0.0028,0.8,50.0
train,passive,4,384,45,10688.9043,45.0047,31.101,50.0285,12873.1849,302.3333,8.6306,0.0425,0.7327,50.0
train,passive,2,512,50,11211.7345,50.0275,57.1455,30.5257,11206.6399,276.4769,0.0,0.9549,0.6627,50.0
train,passive,1,1024,35,9568.5821,34.9377,73.1764,27.9983,10496.4961,286.91,482.8504,0.0019,0.8667,50.0
train,passive,3,256,75,13932.6081,75.0847,48.5336,66.2809,13753.237,292.7833,0.0,14.1104,0.3319,50.0
train,passive,4,768,80,14458.83,79.9922,31.2048,31.9597,16155.6778,293.2006,0.0,0.0366,0.2663,50.0
train,passive,4,384,55,11768.3621,55.0148,31.0357,50.5032,12318.4681,283.5149,0.0,0.0374,0.5995,50.0
train,passive,4,256,95,16089.2867,94.9599,34.0864,67.2022,14881.1201,285.6056,0.0,0.0132,0.0667,50.0
train,passive,4,256,75,13937.9823,74.9537,33.6415,67.126,14265.9003,302.3333,22.5651,0.0095,0.3333,50.0
train,passive,2,256,80,14486.647,79.9498,65.8948,64.5787,14896.5295,302.3333,9.4387,2.2435,0.266,50.0
train,passive,2,768,25,8468.9003,25.0423,54.8978,30.2029,8482.9333,274.5388,0.0,0.7126,0.997,50.0
train,passive,4,640,99999,18974.687,126.9648,37.5044,32.2633,24762.88,302.3333,0.0,0.0015,0.0,50.0
train,passive,1,1024,40,10103.1266,39.9366,76.3799,28.1628,12270.4548,302.3333,556.4272,0.0028,0.8,50.0
train,passive,3,768,25,8470.6313,25.0173,39.3813,30.8385,8482.9333,284.5467,0.0,1.0056,0.9975,50.0
train,passive,4,1024,65,12822.8017,64.9791,32.4238,31.0537,13450.7878,302.3333,18.1623,0.0499,0.4663,50.0
train,passive,3,256,50,11208.4297,50.0399,43.1827,67.3834,11408.6649,302.3333,4.5878,28.2067,0.6604,50.0
train,passive,3,256,80,14478.0713,80.0806,48.2829,65.8001,12893.2035,279.8888,0.0,11.2912,0.2662,50.0
train,passive,3,1024,80,14460.5473,79.906,47.2616,30.1047,18813.5731,299.7651,3.6574,0.2812,0.2658,50.0
train,passive,2,896,85,14992.8863,84.9427,61.4631,30.5132,15229.171,302.3333,103.4234,0.0827,0.1997,50.0
train,passive,2,256,75,13947.4901,74.9547,64.8544,65.2765,14137.0599,302.3333,0.0,2.801,0.3325,50.0
train,passive,4,1024,55,11732.7275,54.9787,31.3373,30.9554,11972.4111,302.3333,15.6065,0.0602,0.5995,50.0
train,passive,2,384,99999,19050.5271,127.5538,68.6244,48.3819,22057.8727,302.3333,6.5506,0.0015,0.0,50.0
train,passive,3,512,95,16097.6956,95.0379,48.3039,35.7325,20014.8219,284.1178,0.0,0.0796,0.0666,50.0
train,passive,2,768,99999,18959.9664,126.8266,61.4139,29.3493,16007.9024,259.1868,21.5298,0.0015,0.0,50.0
train,passive,2,768,30,9006.326,30.0182,56.8215,30.1993,10693.2683,302.3333,30.4139,0.666,0.9306,50.0
train,passive,2,1024,65,12809.3806,64.9497,59.0504,29.6201,13487.8365,302.3333,89.3502,0.0076,0.4667,50.0
train,passive,2,640,60,12292.4764,60.0023,57.8685,30.4093,11861.02,281.5012,4.9289,0.5767,0.531,50.0
train,passive,1,640,85,15008.0176,84.9879,82.4226,31.1955,16487.265,278.5373,426.0597,0.0109,0.2,50.0
train,passive,1,256,85,15014.0431,85.1829,89.5897,63.9817,13465.4393,302.3333,2681.6827,0.0114,0.2,50.0
train,passive,2,512,25,8485.3544,25.066,57.1951,30.5981,11608.9096,302.3333,5.0688,1.4252,0.9941,50.0
train,passive,4,384,70,13389.4829,69.9863,30.1295,49.8862,13572.5091,273.6091,0.0,0.0297,0.3997,50.0
train,passive,1,1024,45,10658.6506,44.9601,76.2209,27.9324,12274.4675,302.3333,535.935,0.0037,0.7333,50.0
train,passive,2,256,80,14483.6616,79.944,64.5391,64.8361,13666.8721,290.769,0.0,2.2436,0.266,50.0
train,passive,3,512,65,12822.8641,65.0027,44.2186,34.0876,15977.9229,302.3333,0.0,0.4722,0.4659,50.0
train,passive,1,768,25,8504.6965,24.9457,76.149,29.2071,10768.7723,302.3333,544.6428,0.0,1.0,50.0
train,passive,4,768,50,11190.5539,49.9823,28.2423,31.7086,11371.1369,278.3714,0.0,0.0703,0.6658,50.0
train,passive,2,896,65,12815.4479,64.9593,59.0294,29.9401,14116.2636,302.3333,62.0943,0.1739,0.466,50.0
train,passive,3,384,100,16645.9173,100.0801,52.0121,50.6742,18261.1857,288.2785,14.4121,0.0141,0.0016,50.0
train,passive,2,768,95,16092.4005,94.9418,62.7826,30.5069,16331.9223,302.3333,92.3931,0.0608,0.0665,50.0
validation,passive,2,512,99999,18945.7111,126.7915,65.4222,31.9736,25319.9556,297.9111,0.0,0.0013,0.0,50.0
train,passive,1,1024,35,9569.7192,34.9473,74.4834,28.024,11499.4109,302.3333,494.496,0.0018,0.8667,50.0
train,passive,1,768,75,13922.2541,75.0016,82.9397,30.3745,16345.3961,302.3333,525.8538,0.0091,0.3333,50.0
train,passive,4,768,80,14459.6584,79.9888,31.5358,31.685,16488.9892,297.9164,0.0,0.0366,0.2663,50.0
train,passive,3,512,30,9011.1354,30.0093,40.5508,32.738,10309.4037,302.3333,0.0,0.9302,0.9317,50.0
train,passive,3,256,90,15563.9557,90.0941,52.1218,65.3493,17010.0535,302.3333,0.0,5.6526,0.1347,50.0
test,passive,3,512,25,8404.4889,24.981,41.6296,32.0932,8403.1333,301.6444,0.0,0.0,0.9992,48.0
train,passive,3,512,99999,18973.3752,126.9767,48.5839,32.6462,19032.0839,295.0113,0.0,0.0016,0.0,50.0
train,passive,1,1024,65,12832.0549,65.006,80.1222,28.5419,13887.9505,302.3333,601.6218,0.0074,0.4667,50.0
train,passive,3,256,85,15020.7576,85.0987,51.0178,65.908,15200.59,302.3333,0.0,8.4719,0.2004,50.0
train,passive,4,640,90,15546.1825,89.9928,32.0304,32.0471,21483.8171,302.3333,0.0,0.0258,0.1331,50.0
train,passive,4,512,25,8462.0102,24.979,27.9389,33.084,10279.7479,289.118,0.0,0.1058,0.9983,50.0
train,passive,2,640,75,13926.4345,74.9817,59.7656,30.3659,13772.8112,289.3837,21.7935,0.3657,0.3319,50.0
train,passive,3,384,50,11200.0258,50.0202,42.8201,50.2586,12381.8049,302.3333,2.842,14.4376,0.663,50.0
train,passive,3,768,75,13915.0466,74.9744,46.3222,32.6757,17881.9775,301.7585,0.0,0.3447,0.3325,50.0
train,passive,2,1024,95,16076.301,94.9165,61.6003,30.3269,15279.9129,294.6043,145.997,0.0133,0.0667,50.0
train,passive,3,640,100,16638.2396,99.9625,48.7657,33.9083,24231.0626,302.3333,0.0,0.0142,0.0,50.0
train,passive,2,256,85,15018.3756,84.9386,65.1566,64.6153,14428.417,290.2254,0.0,1.6862,0.1995,50.0
train,passive,1,384,35,9586.3677,35.0097,83.8126,48.7793,11226.7403,299.0294,903.5225,0.0018,0.8667,50.0
train,passive,2,896,100,16629.4597,99.9424,63.1447,31.1495,16882.273,302.3333,107.0989,0.0143,0.0,50.0
train,passive,3,640,50,11191.1996,50.0038,43.0437,32.6399,13715.0705,297.6926,0.0,0.6718,0.6653,50.0
train,passive,4,256,50,11264.5089,50.0018,32.7903,67.4819,11473.6893,302.3333,14.1981,0.0047,0.6667,50.0
train,passive,3,1024,35,9561.7784,34.992,41.7147,28.815,13051.9865,294.7998,0.0,0.882,0.8638,50.0
train,passive,4,768,70,13368.0577,69.9968,31.2448,32.0522,15000.1807,292.8239,1.8036,0.0478,0.3995,50.0
train,passive,4,896,40,10101.6325,39.9961,29.6182,31.4374,11229.3301,296.4869,0.0,0.0785,0.7992,50.0
train,passive,1,768,100,16634.5508,100.014,85.9336,30.1082,20598.65,302.3333,509.4438,0.0137,0.0,50.0
train,passive,3,384,95,16100.7588,95.0526,50.4325,50.1424,19411.5138,302.3333,0.0,1.4565,0.0678,50.0
train,passive,2,256,45,10738.5203,44.9583,59.9103,65.7621,10374.4241,300.3342,0.0,6.1457,0.7315,50.0
train,passive,4,384,90,15549.9342,89.9682,31.1178,49.4651,16970.3688,281.6513,0.0,0.0193,0.1332,50.0
train,passive,3,896,35,9557.525,34.9989,41.9574,30.161,12347.6793,302.3333,0.0,0.8777,0.8642,50.0
train,passive,2,1024,50,11173.2483,49.9704,56.7805,29.8201,11057.7478,300.8939,45.575,0.0048,0.6667,50.0
train,passive,2,896,25,8458.7195,25.0108,54.8669,29.5671,10633.8726,302.3333,0.0,0.3563,0.9985,50.0
train,passive,2,640,70,13380.7205,69.9792,60.2026,30.0237,17221.0447,302.3333,9.9983,0.4361,0.3982,50.0
train,passive,2,768,45,10642.4406,44.9985,57.8377,30.1336,11674.4376,302.3333,41.6734,0.5264,0.7312,50.0
train,passive,4,896,100,16635.1551,99.9617,33.3861,31.2518,19300.5106,302.3333,0.0,0.0142,0.0,50.0
train,passive,2,768,55,11738.0104,55.0095,58.299,30.4711,11706.9646,281.4635,24.4316,0.4332,0.5982,50.0
train,passive,4,512,50,11183.4638,49.991,29.5216,32.9996,14808.9208,301.9222,12.4668,0.0752,0.6655,50.0
train,passive,3,640,75,13915.8035,74.9877,46.0343,33.3014,19193.5991,302.19,0.0,0.343,0.3326,50.0
train,passive,2,1024,65,12807.0287,64.9488,58.6094,29.8367,13510.1979,299.2419,78.2044,0.0076,0.4667,50.0
train,passive,4,896,70,13368.4452,69.9828,31.8795,31.4153,15236.1792,302.3333,2.8027,0.0463,0.3996,50.0
train,passive,3,512,90,15552.3902,90.016,46.8995,35.0209,19497.7477,289.1983,0.0,0.1451,0.1331,50.0
train,passive,4,896,95,16094.3988,94.9793,32.6063,31.4776,16503.4545,288.3561,0.0,0.0196,0.0666,50.0
train,passive,1,768,55,11757.2568,54.9766,80.332,29.6492,16257.6765,302.3333,518.2326,0.0055,0.6,50.0
train,passive,3,384,35,9567.001,35.0125,40.3676,50.337,10317.2659,302.3333,2.4128,18.7646,0.8614,50.0
train,passive,2,384,35,9623.3736,35.0129,58.439,48.3504,10989.0064,302.3333,1.4813,4.2488,0.863,50.0
train,passive,3,768,45,10647.6444,44.9933,42.9358,31.2722,13638.0425,302.3333,0.6961,0.7412,0.7315,50.0
train,passive,3,1024,60,12282.2532,59.9481,45.0243,29.7162,15929.9142,297.4115,0.5816,0.5483,0.5316,50.0
train,passive,1,896,40,10123.2437,39.9698,76.7063,28.9725,12024.402,289.1032,516.2887,0.0027,0.8,50.0
train,passive,4,384,70,13386.2509,69.98,31.7048,49.7743,16931.5331,302.3333,0.0,0.0297,0.3997,50.0
train,passive,1,512,25,8533.7203,24.9775,80.58,30.2685,11687.3019,302.3333,637.821,0.0,1.0,50.0
train,passive,4,384,80,14470.5843,79.9753,30.4026,49.5725,14976.4314,276.4351,0.0,0.0245,0.2664,50.0
train,passive,3,512,90,15550.9348,90.0194,47.7567,35.179,21034.9561,302.3333,0.0,0.1451,0.1331,50.0
train,passive,3,384,95,16102.91,95.0579,49.8106,50.2043,17880.5455,290.6378,0.0,1.4565,0.0678,50.0
train,passive,3,896,99999,18963.72,126.8911,48.0539,30.6674,19401.6494,295.1886,9.6557,0.0016,0.0,50.0
train,passive,1,512,99999,19017.8186,127.2516,94.8570,31.601,10574.4385,209.3951,2452.5554,0.0015,0.0,50.0
train,passive,4,896,40,10101.0258,39.9881,28.8832,31.3297,9901.159,286.4377,1.9327,0.0785,0.7992,50.0
train,passive,3,1024,65,12822.472,64.9166,45.0406,29.6139,17274.9034,302.3333,0.0,0.4815,0.4651,50.0
train,passive,3,512,99999,18971.8889,126.9812,49.2,32.8407,18982.4444,302.2667,0.0,0.0016,0.0,50.0
train,passive,1,256,85,15019.1716,85.2203,90.3889,64.6635,12314.8824,297.9832,2680.9434,0.0114,0.2,50.0
train,passive,3,1024,40,10102.6834,39.973,42.6995,28.911,14752.5689,302.3333,0.0,0.8153,0.7974,50.0
train,passive,2,640,45,10655.8227,45.0214,57.3233,30.3812,11365.8194,289.1332,7.1421,0.7876,0.7301,50.0
train,passive,2,896,45,10634.2819,44.9731,56.3786,29.6727,11392.8508,302.3333,28.6481,0.2651,0.7323,50.0
train,passive,3,256,90,15566.0049,90.0957,52.196,65.2191,17380.1862,302.3333,0.0,5.6526,0.1347,50.0
train,passive,3,384,35,9566.7826,35.008,39.1843,50.3585,8766.2072,285.2687,0.0,18.7646,0.8614,50.0
train,passive,4,384,95,16089.9142,94.97,32.9746,49.3646,19107.7837,302.3333,5.6402,0.0167,0.0666,50.0
train,passive,2,768,75,13915.0646,74.9737,60.3753,30.5609,14518.0924,302.3333,48.0219,0.247,0.3324,50.0
train,passive,4,256,85,15018.4263,84.9641,34.1876,67.0202,15412.7049,302.3333,2.7504,0.0113,0.2,50.0
train,passive,3,512,45,10642.2062,45.0006,41.672,33.3957,12078.0218,302.3333,0.0,0.7339,0.7321,50.0
train,passive,3,896,100,16636.1606,99.8907,49.4237,31.6474,22452.5444,302.3333,12.8784,0.0143,0.0,50.0
train,passive,3,896,45,10641.0829,44.9744,44.1385,30.4035,13962.684,302.3333,36.6477,0.7449,0.7312,50.0
train,passive,4,512,45,10641.2287,45.0004,29.0788,33.2662,14088.5484,302.1463,0.0,0.0813,0.7321,50.0
train,passive,3,256,95,16112.1286,95.1338,52.7475,65.8207,13723.0143,269.534,0.0,2.8333,0.069,50.0
train,passive,2,640,60,12290.7097,59.989,57.4752,30.1497,11864.1306,281.7506,7.0117,0.5767,0.531,50.0
train,passive,1,640,90,15547.2712,90.0003,84.4704,31.6148,19696.4699,302.3333,410.6893,0.0118,0.1333,50.0
train,passive,3,640,35,9552.7626,35.0061,41.9043,32.2675,11143.0996,302.3333,16.2368,0.8691,0.8648,50.0
train,passive,3,512,90,15548.2572,90.0071,47.321,35.0648,20620.9801,302.3333,0.0,0.1451,0.1331,50.0
train,passive,2,768,100,16633.706,99.9281,63.7524,30.5204,17624.4022,302.3333,110.6474,0.0142,0.0,50.0
train,passive,4,1024,45,10648.8058,44.9885,29.6145,30.7452,10565.5166,290.2753,0.0,0.0704,0.7327,50.0
train,passive,3,768,50,11189.973,49.9775,42.6547,31.392,13686.0822,299.4893,0.0,0.6751,0.665,50.0
train,passive,4,512,80,14450.9313,79.9728,30.0957,32.1109,20635.1805,302.3333,0.0,0.0386,0.2662,50.0
train,passive,4,640,65,12823.9229,64.9973,30.6836,32.2088,16026.2636,302.3333,4.1,0.0551,0.466,50.0
train,passive,2,512,90,15565.8578,89.9563,61.2423,30.2662,16313.0562,302.3333,0.0,0.2023,0.1325,50.0
train,passive,3,1024,100,16630.0455,99.8258,48.342,30.2276,23141.7849,302.3333,0.0,0.0143,0.0,50.0
train,passive,1,384,45,10673.6055,45.0219,84.3122,48.4252,14289.9758,302.3333,1005.1603,0.0037,0.7333,50.0
train,passive,2,1024,70,13351.9763,69.9339,59.3667,29.5882,16034.843,302.3333,83.2918,0.0086,0.4,50.0
train,passive,3,384,65,12833.6002,65.0387,45.252,50.4618,13943.5315,296.6876,0.0,10.1106,0.4646,50.0
train,passive,4,768,30,9006.4711,29.979,28.4327,31.8545,10791.1725,302.3333,2.9496,0.0927,0.9322,50.0
train,passive,1,512,40,10149.1932,39.9659,81.0506,30.6765,13213.9047,302.3333,568.044,0.0027,0.8,50.0
train,passive,1,384,85,15009.5279,85.0943,87.5871,48.5237,16224.344,302.3333,1528.627,0.0111,0.2,50.0
train,passive,4,1024,75,13914.0346,74.9753,32.3109,31.096,13918.9454,302.0324,0.0,0.0397,0.3331,50.0
train,passive,3,896,80,14460.0253,79.9443,46.7573,31.6568,17588.1674,281.3435,0.0,0.2799,0.2659,50.0
train,passive,1,640,45,10682.8773,44.9755,80.8757,30.171,13602.6792,302.3333,554.5583,0.0036,0.7333,50.0
train,passive,2,512,35,9573.9933,35.0591,57.6128,30.9403,11519.5117,295.8859,0.0,1.237,0.8616,50.0
train,passive,2,256,90,15550.1265,89.9341,66.3394,64.6054,15299.0796,300.2103,0.0,1.1287,0.133,50.0
train,passive,2,640,50,11196.1139,50.0047,58.8985,30.3072,13461.9321,302.3333,32.4404,0.7173,0.6637,50.0
train,passive,2,1024,35,9538.4015,34.9898,55.3646,29.5737,8564.5465,287.4117,30.0499,0.0019,0.8667,50.0
train,passive,4,256,70,13407.1278,69.9599,31.7187,67.0045,12540.4041,292.7312,0.0,0.0086,0.4,50.0
train,passive,2,768,65,12823.2802,64.9626,58.955,29.9237,14919.0554,302.3333,34.921,0.3401,0.4653,50.0
train,passive,1,384,60,12300.4787,60.0606,85.4824,48.8203,13954.9551,302.3333,1196.845,0.0065,0.5333,50.0
train,passive,4,512,75,13910.0088,75.0012,30.3648,32.7668,18549.6533,302.3333,0.0,0.0447,0.3328,50.0
train,passive,2,384,50,11243.906,49.9894,58.3722,47.952,10551.8678,280.0137,0.0,3.2716,0.6639,50.0
train,passive,2,1024,25,8450.1514,24.9822,52.9814,28.9314,8482.9333,288.7825,0.0,0.0,1.0,50.0
train,passive,2,768,85,14999.4876,84.9462,61.7929,30.4397,14972.3933,302.3333,96.023,0.1539,0.1994,50.0
train,passive,3,768,25,8468.3947,25.0107,40.6058,30.6219,11217.0769,302.3333,0.0,1.0055,0.9975,50.0
train,passive,4,640,35,9549.599,34.9743,28.2355,32.3589,12248.0238,302.3333,0.0,0.0904,0.8654,50.0
train,passive,2,512,50,11208.2748,50.0257,58.3883,30.5839,12494.1262,294.2332,4.9248,0.9548,0.6627,50.0
train,passive,1,256,45,10653.379,45.0572,86.3537,65.8895,11488.6166,302.3333,1487.5447,0.0038,0.7333,50.0
train,passive,4,896,70,13368.9338,69.9882,31.4835,31.5829,13992.9262,294.8609,0.0,0.0463,0.3996,50.0
train,passive,4,896,35,9555.9528,34.9858,29.225,31.1631,11933.0696,302.3333,0.0,0.0838,0.8658,50.0
train,passive,2,512,100,16663.7253,99.9735,61.6424,30.5707,14770.7151,274.5553,0.0,0.0141,0.0,50.0
train,passive,2,1024,70,13351.2928,69.9495,59.4221,30.2144,14096.7,302.3333,85.6543,0.0086,0.4,50.0
train,passive,4,256,90,15548.3496,89.9409,33.5556,67.0631,15967.472,302.3333,0.0,0.0123,0.1333,50.0
train,passive,2,768,35,9556.2948,35.0213,56.4844,30.2382,10945.2537,302.3333,5.3794,0.6195,0.8641,50.0
train,passive,4,768,55,11730.8145,54.9778,29.7681,31.7921,13745.6302,302.3333,0.0,0.0647,0.5992,50.0
train,passive,4,1024,25,8470.1643,24.9941,28.0434,30.536,8618.4074,289.604,0.0,0.0908,0.9992,50.0
train,passive,2,256,25,8602.4643,24.9643,56.1332,66.0573,8482.9333,288.6668,0.0,8.3755,0.9975,50.0
train,passive,2,256,45,10743.7912,44.9642,59.4078,65.5808,9540.4984,287.3682,0.0,6.1457,0.7315,50.0
train,passive,3,384,95,16098.4206,95.0391,49.6534,50.0118,18648.2547,302.3333,0.0,1.4565,0.0678,50.0
train,passive,3,384,60,12287.0685,60.0233,44.2951,50.3035,13753.4875,302.3333,0.9895,11.5529,0.5307,50.0
train,passive,2,384,60,12314.8459,59.9789,62.2202,48.1504,13426.6491,302.3333,39.0893,2.62,0.5311,50.0
train,passive,2,640,55,11746.8741,55.0199,58.7596,30.5544,12932.5561,288.0261,7.5113,0.647,0.5973,50.0
train,passive,2,768,85,15005.195,84.9592,61.3839,30.4983,16054.3537,302.3333,56.9146,0.1539,0.1994,50.0
train,passive,3,512,60,12281.4372,60.0175,44.1261,34.0072,14826.9047,301.7561,2.1939,0.5376,0.5324,50.0
train,passive,3,640,75,13915.9285,74.9857,46.0677,33.2207,19748.6144,302.3333,0.0,0.343,0.3326,50.0
train,passive,1,768,55,11757.7492,54.9807,79.5102,29.8311,13329.8623,294.5192,524.3318,0.0055,0.6,50.0
train,passive,3,1024,45,10649.4583,44.9913,43.6395,29.8308,14264.2618,302.3333,0.0,0.7485,0.7309,50.0
train,passive,3,512,70,13367.921,70.0049,44.8783,34.3399,16953.8876,302.3333,0.0,0.4068,0.3993,50.0
train,passive,1,896,55,11747.7723,54.9655,79.483,28.6654,15448.9066,302.3333,558.2763,0.0055,0.6,50.0
train,passive,3,768,99999,18973.1251,126.9415,48.8959,31.4034,18043.0145,290.671,16.2644,0.0016,0.0,50.0
train,passive,3,512,90,15548.7278,90.0141,48.3979,35.0652,20656.6091,302.3333,22.3152,0.145,0.1331,50.0
train,passive,4,1024,55,11735.7499,54.9963,31.3977,31.2236,11080.6519,292.0969,10.2041,0.0601,0.5995,50.0
train,passive,4,640,25,8464.0093,24.9863,27.9389,32.4746,11055.5154,298.483,0.0,0.1021,0.9985,50.0
train,passive,2,896,90,15538.7072,89.9437,61.7935,30.8161,15924.9703,302.3333,92.7838,0.0599,0.1331,50.0
train,passive,1,640,55,11759.5243,54.9724,81.7565,30.5545,15179.4527,302.3333,531.7936,0.0054,0.6,50.0
train,passive,4,384,90,15543.7392,89.966,32.9462,49.676,18337.6359,302.3333,19.6831,0.0193,0.1332,50.0
train,passive,1,896,65,12838.8658,64.9903,80.4235,28.7563,14046.1045,301.8932,572.4794,0.0073,0.4667,50.0
train,passive,1,768,95,16091.6474,95.0196,85.015,30.4715,17830.2957,297.4322,515.4839,0.0128,0.0667,50.0
train,passive,2,1024,75,13896.6263,74.9361,59.1877,30.0148,13180.3445,292.1534,102.0188,0.0095,0.3333,50.0
train,passive,4,768,95,16091.5316,94.9816,32.711,31.6349,19863.9301,302.3333,0.0,0.0198,0.0666,50.0
train,passive,3,896,55,11736.9486,54.9782,44.0121,30.8629,14132.1771,287.9436,0.0,0.612,0.5983,50.0
train,passive,3,512,55,11735.0355,55.0094,43.3564,33.7248,14160.3544,302.3333,1.7716,0.603,0.599,50.0
validation,passive,3,1024,25,8512.4,24.9888,31.3778,30.0912,5731.0667,200.9556,0.0,0.4445,0.9992,50.0
train,passive,3,512,99999,18968.5565,126.9715,49.3816,32.7823,19168.372,302.3333,11.4659,0.0016,0.0,50.0
train,passive,2,896,80,14451.0148,79.9594,60.4615,30.5529,13545.2204,287.0622,84.4491,0.1054,0.2663,50.0
train,passive,2,512,85,15025.9602,84.9899,61.8292,30.63,17137.3498,302.3333,0.0,0.2963,0.1988,50.0
train,passive,2,768,85,15007.36,84.9546,60.2094,30.2723,14016.7039,285.0051,56.5873,0.1539,0.1994,50.0
train,passive,2,640,35,9566.2116,35.0261,56.0653,30.1304,11034.4887,289.4047,0.0,0.9283,0.8628,50.0
train,passive,1,1024,55,11742.9719,54.9812,78.0372,28.3836,13204.2323,302.3333,563.1696,0.0056,0.6,50.0
train,passive,4,640,50,11183.3424,49.9687,28.974,32.1013,14445.1422,302.3333,0.0,0.0728,0.6657,50.0
train,passive,4,384,95,16085.0885,94.9576,32.1704,49.4799,18726.789,302.3333,0.0,0.0168,0.0666,50.0
train,passive,2,1024,99999,18947.2406,126.7067,56.4903,28.163,12827.4112,207.8461,33.5595,0.0016,0.0,50.0
train,passive,1,512,40,10150.474,39.97,81.256,30.67,14165.4388,302.3333,562.1756,0.0027,0.8,50.0
train,passive,2,384,25,8538.0793,25.012,57.8719,48.5353,10146.5419,302.3333,26.4843,4.9004,0.9958,50.0
train,passive,3,640,99999,18974.6109,126.9862,49.3365,32.7234,17620.0983,284.0558,0.0191,0.0016,0.0,50.0
train,passive,4,384,30,9066.6236,30.0057,28.4719,50.3628,8983.1657,280.1896,0.0,0.0503,0.9325,50.0
train,passive,2,896,80,14450.7108,79.9453,60.6445,30.1455,14787.228,302.3333,90.3879,0.1055,0.2663,50.0
train,passive,3,768,45,10642.9754,44.9879,43.3336,31.4292,13328.0576,302.3333,20.266,0.7412,0.7315,50.0
train,passive,1,896,55,11752.1895,54.9723,77.6088,28.757,11899.2224,280.6518,541.9218,0.0055,0.6,50.0
train,passive,3,640,35,9556.4927,34.9998,41.3906,31.8026,13187.574,302.3333,0.0,0.8691,0.8648,50.0
train,passive,2,256,50,11277.3753,49.96,61.4137,65.3268,12914.1971,302.3333,0.0,5.5882,0.665,50.0
train,passive,2,640,25,8476.3438,25.0362,54.4836,30.1002,8638.7761,275.4007,0.0,1.0689,0.9956,50.0
train,passive,3,896,85,15002.9924,84.9113,47.1045,31.2084,20745.5353,302.2862,0.0,0.2135,0.1994,50.0
train,passive,1,512,65,12848.1928,64.9712,82.8211,31.4412,18710.7557,302.3333,433.5015,0.0072,0.4667,50.0
train,passive,2,896,60,12265.7031,59.9545,58.7133,29.9266,12904.8855,302.3333,75.799,0.1967,0.5325,50.0
test,passive,3,1024,99999,18967.9556,126.9226,52.637,31.0213,12618.9333,201.1778,28.0,0.0016,0.0,50.0
train,passive,4,512,99999,18972.9808,126.9677,38.3968,32.8166,25374.3556,302.3333,7.3401,0.0015,0.0,50.0
train,passive,4,256,55,11799.5564,54.9881,32.2506,67.3574,11962.3856,302.3333,0.0,0.0057,0.6,50.0
train,passive,3,1024,75,13909.5367,74.8981,46.7712,29.9747,18714.8973,302.3333,16.286,0.348,0.3322,50.0
train,passive,1,384,25,8504.3966,24.9876,82.8348,48.5008,11866.8347,302.3333,760.8798,0.0,1.0,50.0
train,passive,1,256,75,13927.9924,75.1783,89.496,64.9085,12439.2187,302.3333,2384.3331,0.0095,0.3333,50.0
train,passive,2,1024,100,16620.0397,99.9183,62.8845,30.619,16247.808,300.4814,160.9232,0.0143,0.0,50.0
train,passive,2,768,70,13372.4917,69.9728,58.55,30.208,12356.2332,279.4972,38.4166,0.2936,0.3988,50.0
train,passive,3,256,30,9033.8101,29.9982,38.5368,67.6257,11400.3637,302.3333,0.0,39.4837,0.9233,50.0
train,passive,3,896,75,13911.0706,74.9228,46.0971,31.0359,18484.6475,302.3333,3.2414,0.3464,0.3324,50.0
train,passive,1,512,80,14468.369,80.007,83.925,32.902,17793.0844,293.3429,359.969,0.0099,0.2667,50.0
train,passive,2,768,30,9005.3056,30.0083,56.5168,29.943,10219.978,302.3333,40.5042,0.666,0.9306,50.0
train,passive,1,1024,80,14459.1269,80.0161,83.5183,28.2996,14932.3817,302.3333,696.5957,0.0102,0.2667,50.0
train,passive,4,1024,100,16640.7254,99.9893,34.4981,31.6684,15494.8534,285.8715,0.0,0.0142,0.0,50.0
train,passive,2,768,60,12281.1672,59.9895,58.7615,30.2591,13022.7587,295.6701,33.9895,0.3867,0.5318,50.0
train,passive,3,384,90,15560.068,90.0766,49.4483,50.6663,16179.9621,276.8957,0.0,2.8988,0.1339,50.0
train,passive,2,512,90,15572.1998,89.9729,61.3314,30.2349,16847.9832,295.929,0.0,0.2023,0.1325,50.0
train,passive,4,768,65,12824.8088,65.0066,30.839,32.2267,13707.6271,283.3187,0.0,0.0534,0.4661,50.0
train,passive,1,640,65,12841.7328,64.9751,81.7619,30.8249,16069.3422,302.3333,481.5538,0.0073,0.4667,50.0
train,passive,3,256,25,8487.7778,24.9964,37.0963,68.2152,8529.7556,300.4444,0.0,42.303,0.989,50.0
train,passive,1,1024,99999,19004.6835,127.0942,93.6131,28.2594,15138.5248,211.164,4203.75,0.0015,0.0,50.0
train,passive,4,384,65,12847.2236,64.9846,30.4752,49.916,13901.7245,287.0862,0.0,0.0323,0.4663,50.0
train,passive,4,768,25,8461.012,24.9792,28.3048,31.89,10182.4167,302.3333,8.3434,0.0983,0.9988,50.0
train,passive,4,256,45,10726.5197,44.9931,31.6386,67.3902,11021.4573,302.3333,0.0,0.0038,0.7333,50.0
train,passive,1,512,30,9072.5128,29.9719,80.811,30.3172,13002.1709,302.3333,610.8264,0.0009,0.9333,50.0
train,passive,3,1024,100,16633.5483,99.8525,48.6817,30.6999,21423.7629,293.0747,0.0,0.0143,0.0,50.0
train,passive,4,640,80,14451.3231,79.9845,32.3176,32.1297,18468.6567,302.3333,35.5987,0.0376,0.2663,50.0
train,passive,1,768,100,16632.55,100.0097,85.6265,30.1852,20909.9131,302.3333,502.2549,0.0137,0.0,50.0
train,passive,3,512,70,13373.4039,70.0236,44.0749,34.5074,14563.2435,271.7297,0.0,0.4068,0.3993,50.0
validation,passive,1,1024,25,8567.8889,25.0042,66.9556,28.6955,8603.2889,301.1111,0.0,0.0688,0.9983,50.0
train,passive,1,896,75,13922.8366,75.0232,82.2137,29.522,13449.024,279.4691,590.4842,0.0092,0.3333,50.0
train,passive,1,896,25,8488.8235,24.9305,74.7386,28.6948,10760.3073,302.3333,519.1911,0.0,1.0,50.0
train,passive,1,1024,100,16639.9333,100.0496,86.2,27.973,15898.0667,300.8667,755.2667,0.0139,0.0,50.0
train,passive,1,384,40,10132.4783,40.0168,82.8537,48.5985,10842.5167,286.269,943.7293,0.0028,0.8,50.0
train,passive,3,512,50,11184.5255,50.0015,43.343,33.67,13317.5173,302.3333,25.2483,0.6685,0.6655,50.0
train,passive,2,896,99999,18952.1271,126.7544,58.0898,28.6185,14471.1596,234.4398,12.2592,0.0016,0.0,50.0
train,passive,4,384,65,12845.4922,64.977,31.735,49.6568,17741.5656,302.3333,0.0,0.0322,0.4663,50.0
train,passive,3,768,70,13372.5391,69.9722,46.0542,32.028,17610.7296,302.3333,4.3496,0.4107,0.399,50.0
train,passive,1,384,70,13385.9462,70.0699,86.5823,48.3166,14981.6202,302.3333,1341.5961,0.0083,0.4,50.0
train,passive,3,256,70,13387.6375,70.0662,47.4719,66.2232,14200.1777,302.3333,0.0,16.9297,0.3976,50.0
train,passive,3,896,75,13913.9649,74.9389,46.2965,31.3304,18332.9738,302.3333,0.0,0.3464,0.3324,50.0
train,passive,3,1024,55,11735.0836,54.9492,43.997,29.587,14978.802,296.4134,0.0,0.615,0.598,50.0
train,passive,1,384,30,9043.8096,29.9987,83.4308,48.7573,10951.2857,301.2576,841.0037,0.0009,0.9333,50.0
train,passive,3,640,45,10647.9394,45.0022,42.8016,32.1808,13026.3247,302.3333,6.3402,0.7375,0.7318,50.0
train,passive,1,640,30,9062.2587,29.972,78.1215,29.9841,10026.0508,283.3847,573.8641,0.0009,0.9333,50.0
train,passive,4,640,50,11188.2115,50.007,30.0343,32.8955,14402.802,302.3333,0.0,0.0727,0.6657,50.0
train,passive,4,768,90,15548.1253,89.9954,32.4342,31.9225,18083.2932,293.1091,0.0,0.0254,0.1332,50.0
train,passive,1,256,65,12837.1789,65.1502,88.7252,65.5941,12156.7472,302.3333,2079.1506,0.0076,0.4667,50.0
train,passive,2,256,90,15555.1078,89.9383,65.8915,64.3763,14527.3738,290.5981,0.0,1.1287,0.133,50.0
train,passive,3,384,60,12282.9994,60.0225,45.4026,50.4438,13641.6787,302.3333,36.7388,11.5529,0.5307,50.0
train,passive,2,896,90,15535.8318,89.931,62.1707,30.4785,15713.6305,302.3333,123.4152,0.0599,0.1331,50.0
train,passive,3,384,40,10111.8529,40.0096,40.3779,50.1945,11174.7917,294.8376,0.0,17.3223,0.7953,50.0
train,passive,2,384,90,15564.0761,89.9766,63.6505,47.8806,13600.7411,271.9318,0.0,0.6655,0.1328,50.0
train,passive,2,640,55,11745.6798,55.0078,59.0376,30.281,13194.498,302.3333,24.045,0.647,0.5973,50.0
train,passive,4,640,65,12822.0383,64.9863,30.2749,32.0848,17270.426,302.3333,0.0,0.0552,0.466,50.0
train,passive,2,512,55,11753.8352,55.028,59.2408,30.8187,13605.3476,302.3333,0.0,0.8608,0.5965,50.0
train,passive,4,1024,25,8470.1868,24.9932,28.1022,30.4964,8978.2716,291.4737,0.0,0.0908,0.9992,50.0
train,passive,2,768,85,15003.9213,84.9559,60.9417,30.4952,14727.9724,295.8599,60.7825,0.1539,0.1994,50.0
train,passive,2,512,60,12296.879,60.0133,60.2251,30.5709,14045.6374,302.3333,22.2776,0.7667,0.5302,50.0
train,passive,3,384,40,10111.3351,40.0145,41.1896,50.2943,11479.0011,302.3333,0.0,17.3223,0.7953,50.0
train,passive,1,768,70,13377.8658,69.979,81.9574,29.9113,15799.2316,302.3333,536.9534,0.0082,0.4,50.0
train,passive,2,1024,99999,18948.8889,126.7095,55.9333,28.1986,12640.9556,201.3333,17.2222,0.0016,0.0,50.0
train,passive,2,896,30,9001.0049,29.9961,55.0415,29.5164,9207.893,295.374,19.4427,0.3335,0.932,50.0
train,passive,3,640,50,11190.1198,50.0024,43.0668,32.7448,13668.5407,302.3333,0.0,0.6718,0.6653,50.0
train,passive,1,896,100,16637.0791,100.0497,86.1271,29.6785,17010.8126,300.7028,625.7433,0.0138,0.0,50.0
train,passive,1,256,80,14466.8989,80.1786,90.8246,64.5088,13372.2883,302.3333,2569.6475,0.0104,0.2667,50.0
train,passive,1,384,50,11216.9051,50.0405,84.074,48.6751,11808.1419,286.2769,1073.3375,0.0046,0.6667,50.0
train,passive,1,1024,70,13376.4923,70.0115,81.0337,28.3813,14197.7631,302.3333,625.6479,0.0083,0.4,50.0
train,passive,1,384,65,12842.1466,65.046,84.2285,48.2455,13169.139,289.3492,1255.9224,0.0074,0.4667,50.0
train,passive,1,384,75,13925.4081,75.069,86.8151,48.2482,16822.4125,302.3333,1396.4523,0.0092,0.3333,50.0
train,passive,3,896,65,12828.3645,64.9518,45.1024,30.6307,16458.2597,301.7151,2.0342,0.4792,0.4653,50.0
train,passive,3,640,60,12278.9063,60.0013,44.6772,33.2324,15500.2482,302.3333,3.2405,0.5403,0.5322,50.0
train,passive,2,384,85,15016.3121,84.9391,63.0131,47.3586,15674.2097,302.3333,0.0,0.9913,0.1992,50.0
train,passive,1,768,99999,19009.2846,127.1596,93.652,29.7093,11492.0562,198.4889,3338.0178,0.0015,0.0,50.0
train,passive,2,512,35,9573.9708,35.0445,56.7804,30.5707,11230.5672,290.8192,0.0,1.2371,0.8616,50.0
train,passive,2,896,85,14993.2079,84.9359,60.7959,30.3268,14975.8243,301.4649,93.5671,0.0827,0.1997,50.0
train,passive,2,1024,70,13344.6941,69.9332,60.1494,30.0529,13554.0751,302.3333,130.3382,0.0086,0.4,50.0
train,passive,3,1024,50,11192.2659,49.9566,43.894,29.2096,16197.8587,302.3333,0.0,0.6818,0.6645,50.0
train,passive,2,640,85,15015.4699,84.97,61.5126,30.4114,16731.554,302.3333,24.3289,0.2251,0.1991,50.0
train,passive,1,1024,40,10110.4682,39.9444,75.2219,27.9746,12857.3688,302.3333,510.6973,0.0028,0.8,50.0
train,passive,2,896,99999,18955.3155,126.7637,58.0233,28.6446,14681.8441,223.308,4.6765,0.0016,0.0,50.0
train,passive,2,640,95,16106.5321,94.9578,61.4626,30.4478,15289.1219,287.7609,31.2135,0.0845,0.0664,50.0
train,passive,4,896,55,11738.0933,55.0057,30.8638,31.6351,11829.8744,289.9109,0.4936,0.0624,0.5994,50.0
train,passive,3,512,70,13369.8562,70.0173,44.9702,34.5079,16118.2506,294.2058,0.0,0.4068,0.3993,50.0
train,passive,4,512,70,13361.4945,69.989,30.615,32.6521,18011.0004,302.3333,18.0589,0.0508,0.3993,50.0
train,passive,3,640,65,12826.7971,64.9903,43.7525,32.9956,14944.153,285.0328,0.0,0.4745,0.4657,50.0
train,passive,2,640,70,13372.5756,69.973,60.8197,30.4115,14576.8077,302.3333,57.9122,0.4361,0.3982,50.0
train,passive,3,640,35,9558.647,35.007,39.884,32.0632,9262.2447,280.1833,0.0,0.8691,0.8648,50.0
train,passive,3,1024,95,16085.9267,94.8407,47.8325,30.2226,21713.6935,302.3333,0.0,0.0811,0.0664,50.0
train,passive,1,512,60,12310.2172,59.9797,81.7622,31.524,14930.6543,290.1291,463.2738,0.0063,0.5333,50.0
train,passive,3,256,85,15020.0727,85.0888,50.319,65.6849,14338.7498,293.0966,2.9029,8.4719,0.2004,50.0
train,passive,2,1024,30,8995.0449,30.0002,54.8864,29.708,9342.3775,302.3333,0.0,0.001,0.9333,50.0
train,passive,4,384,99999,18997.1287,127.1978,38.3104,49.5917,24885.8769,302.3333,0.0,0.0016,0.0,50.0
train,passive,4,384,45,10685.3807,44.9937,29.6441,50.1693,11723.0647,292.4407,0.0,0.0426,0.7327,50.0
train,passive,3,640,65,12825.6921,65.009,45.2088,33.6344,16451.489,302.3333,0.0,0.4745,0.4657,50.0
train,passive,2,1024,35,9539.8025,34.9749,54.1889,29.1759,8482.9333,284.5458,18.352,0.0019,0.8667,50.0
train,passive,3,384,70,13378.1835,70.0471,45.9349,50.5852,13921.7982,288.5297,0.0,8.6682,0.3984,50.0
train,passive,2,768,35,9556.7182,35.0265,56.3991,30.2619,9719.9127,286.3581,12.9631,0.6195,0.8641,50.0
validation,passive,2,1024,25,8584.2889,24.9988,55.5556,29.3478,8584.6889,301.0222,0.0,0.0,0.9983,50.0
train,passive,1,512,50,11224.0686,49.9597,81.9504,31.0818,14736.9895,302.3333,533.2039,0.0045,0.6667,50.0
train,passive,4,896,65,12821.3468,64.9813,31.9068,31.461,14475.1732,302.3333,17.4871,0.0517,0.4662,50.0
train,passive,3,256,60,12297.3707,60.0419,45.4856,66.4555,14760.1403,302.3333,0.0,22.5682,0.529,50.0
train,passive,2,256,55,11810.1417,54.9539,61.8357,65.2884,13533.315,302.3333,0.0,5.0308,0.5985,50.0
train,passive,1,640,100,16626.7652,99.9872,84.9837,31.4394,20563.1762,302.3333,393.1329,0.0136,0.0,50.0
train,passive,4,384,85,15006.8011,84.971,32.3767,49.5851,18676.0365,302.3333,0.0,0.0219,0.1998,50.0
train,passive,3,768,100,16637.6038,99.9391,48.9169,33.2212,22196.0778,302.3333,0.0,0.0143,0.0,50.0
train,passive,3,640,25,8466.8726,25.0172,39.961,31.9433,8977.0549,300.5167,0.0,1.0006,0.9979,50.0
train,passive,4,896,45,10645.1826,44.9868,29.4131,31.3595,10648.2738,289.1063,4.961,0.0731,0.7326,50.0
train,passive,4,640,50,11189.7767,49.9846,28.1886,32.1485,13251.5132,282.6219,0.0,0.0728,0.6657,50.0
train,passive,3,256,45,10662.2258,45.0181,41.6776,67.3101,10875.0681,302.3333,7.9687,31.026,0.7261,50.0
train,passive,3,384,40,10108.9229,40.0131,40.668,50.4977,10166.2781,296.6492,0.0,17.3223,0.7953,50.0
train,passive,2,256,65,12880.1729,64.9549,63.2176,65.1687,12881.2215,302.3333,1.9595,3.9159,0.4655,50.0
train,passive,1,512,100,16622.7,99.9808,84.6854,33.0424,21767.7097,302.3333,266.4608,0.0135,0.0,50.0
train,passive,4,896,99999,18985.3219,127.0005,36.9905,31.6557,20256.0196,294.0345,0.0,0.0016,0.0,50.0
train,passive,2,512,95,16117.1087,94.9879,62.3334,30.8123,15287.0923,286.3143,0.0,0.1082,0.0663,50.0
train,passive,2,1024,90,15528.2178,89.9168,61.1035,30.3507,14683.3381,293.0111,143.4553,0.0124,0.1333,50.0
train,passive,3,768,40,10101.9119,39.9895,42.2352,30.9418,14369.4881,302.3333,0.0,0.8073,0.798,50.0
train,passive,3,512,95,16096.6302,95.0286,48.3016,35.6509,21231.0333,302.3333,0.0,0.0796,0.0666,50.0
train,passive,1,256,45,10658.5722,45.0747,87.1473,65.8952,11506.8253,302.3333,1494.9021,0.0038,0.7333,50.0
train,passive,4,896,65,12824.5841,64.9871,31.963,31.3678,14196.1932,302.3333,15.8757,0.0517,0.4662,50.0
train,passive,4,256,100,16625.7794,99.9295,32.425,66.5987,14904.6326,274.3506,0.0,0.0142,0.0,50.0
train,passive,2,640,30,9020.8325,30.0417,56.513,30.3108,11526.064,295.6165,0.0,0.9986,0.9292,50.0
train,passive,1,1024,75,13915.0514,74.9838,80.8836,27.9324,14593.0826,302.3333,649.983,0.0093,0.3333,50.0
train,passive,2,256,50,11272.6538,49.9563,60.854,65.76,11673.4034,302.3333,0.0,5.5883,0.665,50.0
train,passive,1,1024,40,10110.2095,39.9433,75.2873,27.9518,13053.1634,302.3333,511.6545,0.0028,0.8,50.0
train,passive,4,384,95,16089.7969,94.9689,32.9582,49.3428,19135.6261,302.3333,5.7084,0.0167,0.0666,50.0
train,passive,1,768,70,13382.8746,70.0078,82.0827,30.4358,15061.9669,297.6984,518.6106,0.0082,0.4,50.0
train,passive,1,768,85,15008.3842,85.0004,82.844,30.0933,16536.2061,289.4187,510.9051,0.011,0.2,50.0
train,passive,3,640,60,12281.565,59.997,44.3967,32.8421,15404.3271,302.3333,3.1827,0.5403,0.5322,50.0
train,passive,1,896,90,15548.4531,90.0087,84.0677,28.9594,16716.0649,302.3333,615.6236,0.012,0.1333,50.0
train,passive,3,768,100,16637.9079,99.9428,49.2313,33.3208,23170.81,302.3333,0.0,0.0143,0.0,50.0
train,passive,1,256,30,9020.5024,30.0359,85.1772,67.1611,9152.2056,279.496,1033.1383,0.0009,0.9333,50.0
train,passive,1,512,95,16082.5715,94.9854,84.9293,32.9594,20566.5723,300.2209,308.6094,0.0126,0.0667,50.0
train,passive,2,768,50,11186.1122,49.9725,57.0725,29.8276,12469.0848,302.3333,23.6998,0.4798,0.6647,50.0
train,passive,3,512,65,12826.6644,65.015,44.4684,34.1182,15613.0754,299.8541,0.4726,0.4722,0.4659,50.0
train,passive,2,896,60,12270.2308,59.9612,57.8494,29.8839,12368.6682,298.1351,52.5164,0.1967,0.5325,50.0
train,passive,1,512,75,13929.6849,74.9805,82.3458,31.9608,16716.4139,285.9922,387.1284,0.009,0.3333,50.0
train,passive,2,384,25,8542.9855,25.03,57.4356,48.8622,10179.0516,302.3333,0.0,4.9004,0.9958,50.0
train,passive,3,1024,99999,18979.6789,126.9306,50.4499,30.2112,19768.4942,288.6636,30.4093,0.0015,0.0,50.0
train,passive,2,512,65,12844.1043,65.0014,59.9087,30.3177,15935.5562,302.3333,0.0,0.6726,0.4639,50.0
train,passive,3,768,35,9558.9059,35.0044,41.905,30.9262,12181.6565,302.3333,0.9732,0.8734,0.8645,50.0
train,passive,2,1024,40,10080.3942,39.9634,55.6549,29.3039,10265.9682,302.3333,39.9318,0.0029,0.8,50.0
train,passive,3,896,35,9559.3234,35.0087,42.3576,30.3108,13143.9408,302.3333,0.0,0.8777,0.8642,50.0
train,passive,1,512,65,12850.5584,64.9884,83.238,31.7629,16817.3126,302.3333,446.0828,0.0072,0.4667,50.0
train,passive,1,768,80,14463.2813,80.006,83.5666,30.4003,15936.6799,295.1435,536.4443,0.01,0.2667,50.0
train,passive,4,512,30,9009.3741,30.006,28.437,33.4039,11013.2391,290.3979,0.1644,0.0996,0.9317,50.0
train,passive,3,384,45,10653.7456,45.0318,42.5932,50.9343,11788.9211,302.3333,0.5622,15.8799,0.7291,50.0
train,passive,1,896,75,13925.0208,75.0038,82.0967,28.8038,15021.7125,302.3333,592.1273,0.0092,0.3333,50.0
train,passive,2,768,30,9006.2267,30.0144,56.6981,30.072,10613.0431,302.3333,32.7345,0.666,0.9306,50.0
train,passive,4,256,75,13945.3804,74.9616,33.4918,66.7847,16584.2258,302.3333,0.0,0.0095,0.3333,50.0
train,passive,2,1024,40,10085.653,39.9742,54.5737,29.3309,8611.1515,278.981,22.9841,0.0029,0.8,50.0
train,passive,2,896,95,16087.0476,94.9538,62.2507,30.9088,14455.1209,280.7013,108.3778,0.037,0.0666,50.0
train,passive,4,1024,35,9559.6261,35.0138,29.6031,31.2343,8562.4473,285.5394,0.0,0.0806,0.866,50.0
train,passive,3,768,99999,18975.8655,126.9573,47.6344,31.9067,16315.0067,258.6419,0.0,0.0016,0.0,50.0
train,passive,4,256,60,12332.9566,59.989,33.4462,67.6218,12613.2076,302.3333,18.885,0.0066,0.5333,50.0
train,passive,2,256,50,11271.5062,49.9409,60.5037,65.3426,11679.5545,302.3333,0.0,5.5883,0.665,50.0
train,passive,1,1024,95,16096.9903,95.0538,85.3568,28.3845,15484.7395,302.3333,723.0775,0.013,0.0667,50.0
test,passive,2,256,25,8412.5778,24.9345,52.4444,63.8788,8468.3333,298.0222,0.0,0.0,1.0,50.0
train,passive,1,640,45,10683.9398,44.9704,79.1755,30.144,12487.5878,286.6078,529.6979,0.0037,0.7333,50.0
train,passive,4,256,55,11798.4251,54.9925,33.0002,67.4804,11967.4059,302.3333,17.7166,0.0057,0.6,50.0
train,passive,2,512,65,12845.5221,65.0022,59.8003,30.2321,16292.7211,302.3333,0.0,0.6726,0.4639,50.0
train,passive,2,256,85,15018.6045,84.9501,66.0659,64.8281,14549.8725,296.5518,0.6209,1.6861,0.1995,50.0
train,passive,2,384,55,11774.5801,54.9805,61.6454,48.1402,12942.2235,302.3333,42.5229,2.9458,0.5975,50.0
train,passive,1,256,100,16653.6625,100.2568,91.9032,63.59,13378.5129,302.3333,3146.8987,0.0142,0.0,50.0
train,passive,1,384,45,10675.0947,45.0294,83.3137,48.6281,10996.3346,281.4358,1007.9898,0.0037,0.7333,50.0
train,passive,1,1024,25,8479.2328,24.9348,72.5722,28.4992,11169.5459,302.3333,441.1769,0.0,1.0,50.0
train,passive,4,896,60,12281.4172,59.9931,30.4315,31.5272,12265.8381,285.5544,0.0,0.057,0.5328,50.0
train,passive,1,384,90,15555.151,90.1221,87.6809,48.7841,15025.8461,282.767,1582.5082,0.012,0.1333,50.0
train,passive,2,1024,70,13352.8192,69.9363,58.2028,29.7391,13186.9633,288.6435,82.3278,0.0086,0.4,50.0
train,passive,4,384,25,8524.978,25.0105,29.8114,50.4118,10871.5202,302.3333,0.0,0.0529,0.9991,50.0
train,passive,1,896,100,16633.5331,100.0258,86.3713,29.1117,18458.6587,302.3333,644.8127,0.0138,0.0,50.0
train,passive,2,256,95,16082.4705,94.9277,67.5605,64.4726,15685.9895,300.4442,21.6699,0.5713,0.0665,50.0
train,passive,2,256,50,11279.3881,49.9677,61.7075,65.3609,11694.604,302.3333,9.3683,5.5882,0.665,50.0
train,passive,1,768,25,8506.3331,24.9594,76.608,29.5179,11008.5536,302.3333,540.5454,0.0,1.0,50.0
train,passive,2,384,30,9083.6704,30.0234,57.7315,48.574,9772.4801,293.5297,0.0,4.5746,0.9294,50.0
train,passive,1,1024,40,10111.4244,39.9487,75.4027,28.0067,12100.5113,302.3333,518.7488,0.0028,0.8,50.0
train,passive,2,640,45,10656.6693,45.0221,56.9405,30.4361,11132.9219,288.3608,0.0,0.7877,0.7301,50.0
train,passive,3,896,99999,18971.6064,126.9569,49.393,31.791,16986.2231,253.9676,7.8397,0.0015,0.0,50.0
train,passive,3,768,80,14456.5488,79.9593,47.2869,32.7253,19185.1299,302.3333,8.8945,0.2786,0.266,50.0
train,passive,3,896,40,10102.7181,39.9887,42.1457,30.1572,12220.3148,293.9136,3.3776,0.8113,0.7977,50.0
train,passive,4,896,25,8468.3332,24.9888,28.035,31.0669,10284.7781,296.1548,0.0,0.0946,0.999,50.0
train,passive,3,896,90,15541.8035,89.8819,47.078,31.2253,21008.167,302.3333,0.0,0.1471,0.1329,50.0
train,passive,2,1024,30,8996.4494,30.0091,54.7028,29.7906,8482.9333,288.419,0.7787,0.0009,0.9333,50.0
train,passive,2,256,25,8603.9228,24.9898,57.5771,66.5238,8482.9333,289.7186,0.0,8.3755,0.9975,50.0
train,passive,1,896,95,16091.6713,95.037,85.779,29.6386,17235.311,302.3333,626.8923,0.0129,0.0667,50.0
train,passive,1,768,45,10672.6915,44.9623,78.8003,29.3931,14111.1943,302.3333,531.582,0.0037,0.7333,50.0
train,passive,3,384,65,12835.465,65.0577,45.6387,50.9138,13638.3067,294.9571,0.0,10.1105,0.4646,50.0
train,passive,3,640,100,16634.8982,99.9518,47.9663,33.9564,22295.2533,302.3333,0.0,0.0143,0.0,50.0
train,passive,2,384,50,11242.2045,49.996,60.2835,48.056,12372.5594,302.3333,10.2249,3.2715,0.6639,50.0
train,passive,4,640,80,14457.1009,79.9963,31.4434,32.1809,18289.2665,302.3333,0.4639,0.0376,0.2663,50.0
train,passive,2,384,35,9620.1505,35.0123,58.7118,48.5196,10440.543,298.8668,15.9589,4.2488,0.863,50.0
train,passive,3,512,90,15551.8116,90.0154,47.7545,34.9304,22171.6772,302.3333,0.0,0.145,0.1331,50.0
train,passive,1,256,99999,18992.8386,126.9825,94.4645,63.9142,16088.9976,302.3333,3955.7194,0.0014,0.0,50.0
train,passive,2,384,75,13940.2221,74.9724,62.5953,47.9183,14644.6268,302.3333,0.0,1.6428,0.3319,50.0
test,passive,4,512,100,16628.6444,99.9774,34.9278,32.6467,22192.5111,302.1556,0.0,0.0143,0.0,50.0
train,passive,2,768,95,16097.3928,94.9521,62.5777,30.4366,16084.015,302.3333,78.9156,0.0607,0.0665,50.0
train,passive,4,384,70,13386.7615,69.9941,31.3691,50.1819,14529.3125,288.1206,0.0,0.0296,0.3997,50.0
train,passive,4,1024,55,11735.4398,54.9717,29.7225,30.7229,10940.6124,291.8056,0.0,0.0602,0.5995,50.0
train,passive,3,640,45,10647.7936,45.0122,42.6413,32.5111,12187.4151,297.0118,1.434,0.7375,0.7318,50.0
train,passive,2,640,35,9565.403,35.0375,56.7798,30.5401,11176.2497,300.4451,0.0,0.9283,0.8628,50.0
train,passive,4,256,100,16625.656,99.9495,34.4548,66.955,15896.9466,293.8541,1.6365,0.0142,0.0,50.0
train,passive,2,1024,100,16615.233,99.8932,62.2503,30.3319,17444.1066,302.3333,153.0852,0.0143,0.0,50.0
train,passive,3,256,25,8488.1792,25.0067,36.8668,68.2152,8482.9333,285.1826,0.0,42.303,0.989,50.0
train,passive,4,640,65,12822.7899,64.9973,30.4191,32.3234,16502.004,295.7718,0.0,0.0551,0.466,50.0
train,passive,2,768,99999,18955.4621,126.8256,61.7578,29.6888,16058.0246,261.8691,30.03,0.0015,0.0,50.0
train,passive,1,256,70,13379.9593,70.1437,88.5448,64.8281,12511.3531,302.3333,2234.5257,0.0085,0.4,50.0
train,passive,1,768,60,12295.7701,59.9774,80.8963,29.8327,14424.2067,302.3333,544.6289,0.0064,0.5333,50.0
train,passive,1,768,35,9587.991,34.9543,77.3852,29.3672,11226.4391,295.7114,552.1403,0.0018,0.8667,50.0
train,passive,2,640,100,16651.7724,99.9696,63.2701,30.9586,17015.3912,302.3333,31.9028,0.0141,0.0,50.0
train,passive,1,640,75,13927.923,75.0147,82.929,31.611,15096.1596,275.6517,454.1238,0.009,0.3333,50.0
train,passive,2,256,45,10741.8353,44.9619,59.7903,65.6265,10741.7289,294.9761,0.0,6.1457,0.7315,50.0
train,passive,1,1024,100,16642.4904,100.0422,85.1131,27.9324,15841.6883,287.6031,739.5663,0.0139,0.0,50.0
train,passive,3,896,65,12823.2471,64.9473,45.6714,30.8409,16948.3153,302.3333,14.952,0.4792,0.4653,50.0
train,passive,3,1024,25,8472.6384,25.0183,41.0723,28.724,11403.2335,298.4234,0.0,1.0155,0.9967,50.0
train,passive,2,384,85,15022.4918,84.9742,63.7883,47.817,14619.3108,292.2115,0.0,0.9912,0.1992,50.0
train,passive,4,1024,75,13910.996,74.9584,31.8877,30.88,14279.0617,302.3333,0.0,0.0398,0.3331,50.0
train,passive,1,640,60,12305.5379,59.9746,80.7748,30.4101,15605.8756,293.6261,485.7118,0.0064,0.5333,50.0
train,passive,1,1024,100,16641.166,100.0506,86.3149,27.9324,17103.0892,301.0076,745.743,0.0139,0.0,50.0
train,passive,3,768,80,14459.4932,79.9561,46.9131,32.4187,20695.2056,302.3333,0.0,0.2786,0.266,50.0
train,passive,3,896,65,12823.7319,64.935,45.0434,30.5054,18790.2951,302.3333,0.0,0.4792,0.4653,50.0
train,passive,3,256,100,16650.4379,100.1031,53.7661,64.9921,16715.1359,302.3333,0.0,0.0141,0.0033,50.0
train,passive,2,384,85,15019.4953,84.9516,63.5025,47.42,16326.7643,302.3333,0.0,0.9912,0.1992,50.0
train,passive,1,768,30,9046.7615,29.954,76.9414,29.4071,11548.9589,302.3333,540.1191,0.0009,0.9333,50.0
train,passive,4,512,85,15001.5455,85.0011,31.2458,32.3157,20320.6366,302.3333,3.7154,0.0324,0.1997,50.0
train,passive,4,768,75,13914.3459,74.9987,31.9173,32.0298,16570.8067,302.3333,0.0,0.0422,0.3329,50.0
train,passive,1,256,35,9562.786,35.0322,86.0576,66.5303,11388.7946,302.3333,1195.7243,0.0019,0.8667,50.0
train,passive,4,256,40,10194.7937,40.0143,32.0115,67.4865,11996.8813,302.3333,0.0,0.0028,0.8,50.0
train,passive,4,256,80,14481.2954,79.9631,33.3218,67.0097,14294.7839,300.387,0.6518,0.0104,0.2667,50.0
train,passive,1,1024,55,11745.2781,54.9809,78.2592,28.095,13198.4924,302.3333,572.2769,0.0055,0.6,50.0
train,passive,4,384,90,15549.5812,89.9947,32.519,50.1371,16837.1962,284.6033,0.0,0.0193,0.1332,50.0
train,passive,2,384,60,12322.6874,59.995,61.2876,48.1956,13293.7013,302.3333,0.0,2.62,0.5311,50.0
train,passive,1,384,99999,19007.8075,127.1203,93.9753,47.6484,12876.1839,256.7227,3203.6108,0.0014,0.0,50.0
train,passive,4,768,35,9555.069,34.9978,29.2639,32.1313,12334.148,302.3333,0.0,0.0871,0.8656,50.0
train,passive,1,512,55,11772.3185,54.986,82.6974,31.2897,15383.3074,302.3333,498.9525,0.0054,0.6,50.0
train,passive,1,256,60,12293.6085,60.1331,88.1611,65.5551,11123.4457,293.0528,1938.1331,0.0066,0.5333,50.0
test,passive,3,512,100,16592.4222,100.0521,48.8963,34.7891,16650.8,301.1333,0.0,0.014,0.0,50.0
train,passive,4,640,95,16093.5667,95.0243,32.015,32.6651,17719.3896,268.7903,0.0,0.0199,0.0666,50.0
train,passive,3,384,95,16103.4548,95.0612,49.9341,50.2465,17873.2731,289.743,0.0,1.4565,0.0678,50.0
train,passive,1,512,55,11766.3836,54.968,81.8472,31.3591,15425.4203,302.3333,488.6168,0.0054,0.6,50.0
train,passive,4,384,30,9061.6269,29.9959,29.4636,50.3587,10797.4355,302.3333,0.0,0.0503,0.9325,50.0
train,passive,1,896,35,9580.6988,34.9736,75.8719,29.2215,9978.2062,278.1652,511.3971,0.0018,0.8667,50.0
train,passive,1,512,90,15549.288,89.9884,84.867,32.3663,20543.7889,302.3333,328.9576,0.0117,0.1333,50.0
train,passive,1,256,65,12838.3011,65.1364,88.6786,64.9696,13220.4792,302.3333,2084.4557,0.0076,0.4667,50.0
train,passive,1,256,90,15563.8558,90.2178,89.8702,63.9614,12167.7403,292.1869,2831.2811,0.0123,0.1333,50.0
train,passive,4,768,55,11734.6104,54.9924,30.2992,31.8512,14673.2899,299.2926,0.0,0.0646,0.5992,50.0
train,passive,2,384,75,13942.2282,74.9679,62.3926,47.5736,15395.7026,301.308,0.0,1.6428,0.3319,50.0
train,passive,3,1024,40,10105.13,39.9882,42.9748,29.1314,14229.2832,300.8766,0.0,0.8153,0.7974,50.0
train,passive,3,256,100,16654.2169,100.116,53.6108,65.1166,15954.4929,292.7836,0.0,0.0141,0.0033,50.0
train,passive,1,1024,35,9569.7657,34.9574,74.3055,28.3324,10518.1737,289.184,489.6268,0.0018,0.8667,50.0
train,passive,3,640,95,16096.8719,95.0007,48.3362,34.4987,19719.5758,279.7882,0.0,0.0799,0.0665,50.0
train,passive,2,384,25,8542.8804,25.0276,57.3696,48.7865,10133.0102,302.3333,0.0,4.9004,0.9958,50.0
train,passive,1,640,100,16623.1698,99.9933,85.9427,31.7892,20370.6976,302.3333,419.0074,0.0136,0.0,50.0
train,passive,3,512,50,11189.6493,50.0278,43.3214,34.2323,13431.8453,302.3333,0.0,0.6685,0.6655,50.0
train,passive,1,896,75,13920.6534,74.9993,82.9473,28.9061,15556.0964,302.3333,612.9476,0.0092,0.3333,50.0
train,passive,4,768,95,16093.4352,94.9886,33.3331,31.6054,19118.0785,302.3333,12.517,0.0197,0.0666,50.0
train,passive,2,768,100,16635.1522,99.9255,62.7651,30.4681,16844.3408,302.3333,91.167,0.0142,0.0,50.0
train,passive,2,768,95,16094.3768,94.9403,61.5972,30.4443,15148.279,289.2579,77.8293,0.0608,0.0665,50.0
train,passive,4,640,75,13905.9416,74.9651,30.143,31.8915,17819.1803,302.3333,0.0,0.0435,0.3328,50.0
train,passive,1,256,65,12840.6351,65.1435,89.0276,64.9472,12309.9804,302.3333,2095.9251,0.0075,0.4667,50.0
train,passive,1,384,85,15008.4485,85.0912,87.7171,48.4828,16237.6508,302.3333,1535.6345,0.0111,0.2,50.0
train,passive,1,768,55,11758.9208,54.9806,80.4291,29.5688,14252.7104,302.3333,538.4928,0.0055,0.6,50.0
train,passive,1,384,50,11218.2701,50.0571,84.6042,48.9761,11253.4006,279.8184,1075.0106,0.0046,0.6667,50.0
train,passive,4,384,75,13927.5154,74.9781,31.9285,49.6583,17621.1159,302.3333,0.0,0.0271,0.3331,50.0
train,passive,4,768,75,13914.7339,74.988,30.9054,31.7147,15530.4927,292.5192,0.0,0.0422,0.3329,50.0
train,passive,1,384,70,13388.4438,70.0733,86.531,48.2251,15032.675,302.3333,1336.1806,0.0083,0.4,50.0
train,passive,1,384,30,9048.7315,30.0264,83.0588,49.2098,9031.3575,273.2424,822.772,0.0009,0.9333,50.0
train,passive,1,512,80,14469.9761,79.9931,84.0997,32.2412,18459.0265,302.3333,374.5312,0.0099,0.2667,50.0
test,passive,1,256,25,8769.5556,24.9804,69.5111,63.4755,8748.2444,301.4444,0.0,0.1033,0.9992,50.0
train,passive,1,512,65,12847.901,64.9709,82.7732,31.4613,18485.5911,302.3333,434.5053,0.0072,0.4667,50.0
train,passive,1,896,80,14456.3582,79.9956,84.1319,29.157,15950.1009,302.3333,644.1711,0.0101,0.2667,50.0
train,passive,2,256,25,8604.0634,24.9735,56.7837,66.1297,8482.9333,291.5268,0.0,8.3755,0.9975,50.0
train,passive,3,1024,85,15004.1495,84.8779,45.711,30.0261,18047.2336,275.6353,0.0,0.2146,0.1993,50.0
train,passive,3,896,80,14460.1565,79.9241,45.6437,31.1924,17594.2874,281.3882,0.0,0.28,0.2659,50.0
train,passive,1,640,95,16082.7514,94.9882,85.0903,31.6054,19117.9728,301.7082,433.3928,0.0127,0.0667,50.0
train,passive,4,1024,60,12282.8871,60.0051,31.2827,31.4298,10652.7696,278.5666,0.0,0.055,0.5329,50.0
train,passive,3,256,85,15021.4846,85.0987,50.3912,65.8536,13999.6493,287.505,0.0,8.4719,0.2004,50.0
train,passive,3,640,55,11728.8797,54.988,44.6759,32.8352,14673.1762,302.3333,37.2913,0.606,0.5987,50.0
train,passive,4,896,45,10647.4321,44.9936,29.1349,31.4622,10584.3202,287.6382,0.0,0.0731,0.7326,50.0
train,passive,2,768,75,13915.6711,74.9865,60.5049,30.7697,12839.9695,281.8148,58.5709,0.247,0.3324,50.0
train,passive,1,640,25,8522.5506,24.9641,77.6142,29.6287,9711.1694,289.3937,589.265,0.0,1.0,50.0
train,passive,1,640,40,10138.2053,39.9622,80.4721,30.0324,14272.9269,302.3333,567.522,0.0027,0.8,50.0
train,passive,1,640,45,10680.4026,44.9787,80.7089,30.5646,13503.9328,302.3333,545.7887,0.0036,0.7333,50.0
train,passive,1,896,85,15006.4362,85.0035,82.7473,28.9522,15538.2957,296.8554,601.2614,0.0111,0.2,50.0
train,passive,2,384,75,13942.086,74.9711,62.043,47.7288,13685.2961,291.3935,0.0,1.6428,0.3319,50.0
train,passive,3,256,65,12843.6872,65.072,46.2631,66.9456,12753.8689,302.3333,0.0,19.7489,0.4633,50.0
train,passive,4,384,95,16087.0015,94.9678,33.5339,49.4524,19164.4572,302.3333,23.4711,0.0167,0.0666,50.0
test,passive,3,256,99999,19008.9778,127.1996,58.1556,65.1655,18951.2889,298.0667,0.0,0.0016,0.0,50.0
train,passive,3,384,90,15557.8285,90.0544,49.8365,50.158,19252.3514,302.3333,0.0,2.8988,0.1339,50.0
train,passive,1,640,95,16089.1641,94.995,84.9884,31.3189,19942.9363,302.3333,410.8217,0.0127,0.0667,50.0
train,passive,1,256,80,14474.7058,80.1866,90.0721,64.2265,14150.4232,302.3333,2532.9906,0.0104,0.2667,50.0
train,passive,3,512,70,13373.107,70.0131,44.1488,34.2203,15444.1635,284.8672,0.0,0.4068,0.3993,50.0
train,passive,3,896,60,12281.8025,59.9634,44.7936,30.751,15805.0213,300.4623,1.3265,0.5456,0.5318,50.0
train,passive,1,256,45,10656.7992,45.0798,86.6847,66.2379,11210.5836,290.0969,1480.4761,0.0038,0.7333,50.0
train,passive,1,256,50,11198.2298,50.0771,86.6556,65.8069,11287.0779,301.3514,1634.6343,0.0048,0.6667,50.0
train,passive,4,1024,100,16634.8872,99.949,33.8707,31.0109,17574.2405,302.3333,0.0,0.0142,0.0,50.0
train,passive,3,896,99999,18975.8756,126.946,50.1913,31.0655,17545.5727,281.7355,43.4601,0.0015,0.0,50.0
train,passive,2,640,75,13920.1542,74.9721,61.3915,30.3603,15892.9104,302.3333,51.461,0.3657,0.3319,50.0
train,passive,1,256,95,16104.9348,95.2274,91.123,63.7508,13293.5438,302.3333,2996.8661,0.0133,0.0667,50.0
train,passive,1,384,25,8502.3591,24.9889,83.2326,48.652,10801.0414,302.3333,781.1254,0.0,1.0,50.0
train,passive,3,768,65,12827.3537,64.9786,45.4447,31.98,16762.5548,302.3333,1.7312,0.4768,0.4655,50.0
train,passive,4,768,40,10102.8513,39.991,27.9389,31.8377,9422.1579,267.9135,0.0,0.0815,0.799,50.0
train,passive,2,1024,50,11166.3151,49.9473,57.2972,29.521,11480.8594,302.3333,78.0876,0.0048,0.6667,50.0
train,passive,4,384,40,10145.368,40.0016,30.348,50.2464,12957.949,302.3333,0.0,0.0451,0.7993,50.0
train,passive,2,640,75,13926.3561,74.9803,60.7153,30.2072,16008.6964,302.3333,23.282,0.3657,0.3319,50.0
train,passive,4,512,60,12272.2225,59.9876,30.0112,32.7813,16444.1247,302.3333,16.2389,0.063,0.5324,50.0
train,passive,2,896,85,14997.1434,84.9657,61.064,30.8422,13268.8415,276.5443,90.703,0.0826,0.1997,50.0
train,passive,2,512,35,9571.9511,35.0431,57.7618,30.5659,12843.4036,302.3333,5.0546,1.2371,0.8616,50.0
train,passive,1,896,100,16631.0483,100.0075,85.1215,28.9229,17699.0562,302.3333,630.3567,0.0138,0.0,50.0
train,passive,1,768,80,14463.3841,79.9852,82.2343,29.9526,16279.5136,299.8356,516.1945,0.0101,0.2667,50.0
train,passive,3,256,35,9577.6344,35.0052,39.5943,67.447,11967.8313,302.3333,0.0,36.6645,0.8576,50.0
train,passive,2,640,80,14471.2419,79.9756,60.1909,30.401,14168.4546,288.9214,24.0004,0.2954,0.2655,50.0
train,passive,1,512,70,13388.1603,69.9922,83.19,32.176,16461.6922,291.8833,420.9166,0.0081,0.4,50.0
train,passive,4,768,25,8466.2971,25.0036,28.1731,32.3358,9587.758,299.7464,0.0,0.0983,0.9988,50.0
train,passive,4,896,35,9555.8731,34.9976,29.0089,31.5428,9640.2435,290.9295,0.0,0.0838,0.8658,50.0
train,passive,3,768,70,13372.4005,69.9666,45.9777,31.8462,17669.8537,302.3333,7.3311,0.4107,0.399,50.0
train,passive,4,384,80,14464.1091,79.9702,32.078,49.7464,17067.3822,302.3333,8.4886,0.0245,0.2664,50.0
train,passive,3,640,45,10646.8239,44.9949,42.1687,32.1239,14233.7872,302.3333,0.0,0.7376,0.7318,50.0
train,passive,3,640,30,9010.8204,30.0144,40.7958,32.1551,10239.5599,302.3333,0.0,0.9348,0.9314,50.0
train,passive,1,1024,40,10107.5583,39.9348,74.6521,28.0439,12326.2725,302.3333,503.8817,0.0028,0.8,50.0
train,passive,4,768,90,15547.7116,89.9946,32.6706,31.9887,18353.8184,302.3333,0.0,0.0254,0.1332,50.0
train,passive,3,640,25,8464.1912,25.0036,39.7425,31.7138,9108.4994,302.3333,0.0,1.0006,0.9979,50.0
train,passive,4,384,50,11223.6156,49.9892,30.4731,50.1587,13272.0561,302.3333,0.0,0.04,0.6661,50.0
train,passive,4,512,60,12273.5865,59.9896,30.4311,32.6703,16739.1375,302.3333,22.3399,0.063,0.5324,50.0
train,passive,2,384,65,12863.6087,64.9944,61.154,48.1506,12095.355,281.876,0.0,2.2943,0.4647,50.0
train,passive,2,768,40,10102.3861,40.0291,57.0968,30.5962,10747.5446,298.0483,6.0501,0.5729,0.7976,50.0
train,passive,1,1024,95,16096.3698,95.049,85.4176,28.2016,15469.7193,301.6288,730.7091,0.013,0.0667,50.0
train,passive,3,512,95,16092.2601,95.008,48.4001,35.2538,21486.1827,302.3333,11.5933,0.0796,0.0666,50.0
train,passive,3,896,65,12826.0084,64.9412,45.0395,30.5043,18849.8075,302.3333,0.0,0.4792,0.4653,50.0
train,passive,3,896,80,14456.7547,79.9205,46.6582,31.2374,18704.5638,298.1423,7.6061,0.28,0.2659,50.0
train,passive,2,768,85,15001.4142,84.9551,61.8585,30.5557,15087.6459,302.3333,85.3347,0.1539,0.1994,50.0
train,passive,4,256,99999,19025.8628,127.4606,37.0669,67.1297,16825.4814,272.9697,0.0,0.0016,0.0,50.0
train,passive,1,256,85,15016.376,85.197,90.7161,64.0669,14694.0729,302.3333,2691.5823,0.0114,0.2,50.0
train,passive,3,768,30,9013.6625,30.0253,41.2235,31.289,9492.2704,285.9537,1.1718,0.9394,0.931,50.0
train,passive,2,384,35,9620.3797,34.9957,57.9563,48.1055,11848.7709,302.3333,0.0,4.2488,0.863,50.0
train,passive,4,512,65,12817.6887,64.982,29.539,32.5641,17316.2505,302.3333,0.0,0.0569,0.4659,50.0
train,passive,3,640,85,15004.5012,84.9901,47.2841,34.0246,19786.4399,302.3333,0.0,0.2115,0.1996,50.0
train,passive,2,512,95,16114.4158,94.9682,61.9841,30.4783,15488.6878,291.8187,9.942,0.1082,0.0663,50.0
train,passive,4,1024,95,16093.1588,94.96,32.9448,31.0792,15385.7498,294.8325,0.0,0.0193,0.0666,50.0
train,passive,2,384,95,16098.6157,94.9472,64.5973,47.5263,16483.3619,302.3333,0.0,0.3397,0.0664,50.0
train,passive,4,896,50,11186.5951,49.9852,30.9117,31.4839,12321.6877,302.3333,21.9709,0.0678,0.666,50.0
train,passive,4,640,65,12820.8438,64.9924,30.3695,32.4132,16236.264,302.3333,0.0,0.0552,0.466,50.0
train,passive,4,1024,100,16641.2783,99.9747,34.2505,31.2274,16229.9805,297.9183,0.0,0.0142,0.0,50.0
train,passive,4,896,55,11733.3544,54.9758,29.8518,31.2629,12463.4824,299.0868,0.0,0.0624,0.5994,50.0
train,passive,4,512,25,8461.801,24.9875,28.14,33.2394,12650.3541,302.3333,0.0,0.1058,0.9983,50.0
train,passive,4,384,60,12305.8771,60.0029,31.4611,50.5432,14728.0879,302.3333,0.0,0.0348,0.5329,50.0
train,passive,1,1024,65,12831.9373,65.0001,79.8919,28.3207,13550.1705,302.3333,606.999,0.0074,0.4667,50.0
train,passive,1,896,30,9038.2458,29.9427,75.5731,28.3701,12797.9477,302.3333,506.7814,0.0009,0.9333,50.0
train,passive,2,512,90,15567.8874,89.9741,62.1507,30.5316,16090.1823,302.3333,11.2732,0.2023,0.1325,50.0
train,passive,3,768,99999,18977.7538,126.9625,51.0229,31.3904,19285.4606,302.3333,40.3482,0.0015,0.0,50.0
train,passive,2,384,99999,19055.4695,127.5939,69.2335,49.08,20132.1232,275.7661,4.9168,0.0014,0.0,50.0
train,passive,4,512,100,16635.7762,99.9951,30.2609,32.058,20719.0182,281.0827,0.0,0.0141,0.0,50.0
train,passive,4,1024,85,15006.9687,84.974,32.4394,31.0229,14739.1617,288.7019,0.0,0.0295,0.1998,50.0
train,passive,1,256,45,10650.4075,45.0612,87.1521,66.1339,10936.3238,301.2325,1516.6049,0.0038,0.7333,50.0
train,passive,1,384,70,13380.8627,70.0607,86.4481,48.4683,14878.7088,302.3333,1347.526,0.0083,0.4,50.0
train,passive,1,256,55,11744.9979,55.0938,87.3932,65.4214,12893.1489,302.3333,1780.4709,0.0057,0.6,50.0
train,passive,1,768,65,12836.9842,64.9784,81.2601,29.8728,14433.9265,297.5341,546.798,0.0073,0.4667,50.0
train,passive,1,384,55,11761.1742,55.0551,85.2628,48.5614,12871.15,298.603,1144.309,0.0055,0.6,50.0
train,passive,2,384,80,14483.203,79.9846,63.2121,48.0003,14042.8893,285.0961,0.0,1.317,0.2655,50.0
train,passive,4,384,75,13923.5699,74.9767,32.7445,49.8186,16603.3566,302.3333,29.0096,0.0271,0.3331,50.0
train,passive,1,896,85,15005.7147,85.0052,83.3192,28.9974,16191.692,302.3333,605.985,0.0111,0.2,50.0
train,passive,1,640,25,8521.0528,24.9819,78.3456,30.1768,9291.2437,283.0483,590.0952,0.0,1.0,50.0
train,passive,3,512,45,10641.0865,44.993,41.5646,33.2753,12425.7901,302.3333,0.0,0.7339,0.7321,50.0
train,passive,2,896,35,9541.8604,34.9804,55.9857,29.539,10469.7809,302.3333,36.3531,0.3107,0.8654,50.0
train,passive,2,768,25,8469.2627,25.0239,53.7668,29.7716,8482.9333,272.465,0.0,0.7126,0.997,50.0
train,passive,1,768,65,12843.5205,64.983,79.7184,29.6784,13185.2838,277.7628,517.0697,0.0073,0.4667,50.0
train,passive,1,512,40,10153.1632,39.9933,81.4183,31.1162,12405.9191,289.4548,562.7076,0.0027,0.8,50.0
train,passive,3,768,99999,18966.0094,126.953,50.8482,32.059,18884.1307,290.9294,49.7768,0.0015,0.0,50.0
train,passive,3,640,100,16640.4194,99.9852,49.2373,34.4488,22462.013,302.3333,0.0,0.0142,0.0,50.0
train,passive,2,640,40,10106.6598,40.0287,58.1448,30.6659,12124.6546,302.3333,21.4276,0.858,0.7965,50.0
train,passive,4,256,85,15016.6929,84.9564,33.6068,66.9601,14957.6798,301.7945,1.2838,0.0114,0.2,50.0
train,passive,3,1024,85,15002.3893,84.8841,47.4575,30.134,21015.0442,300.6319,0.0,0.2145,0.1993,50.0
train,passive,1,640,75,13923.266,74.9736,82.0744,30.8874,16733.5158,300.9322,453.7855,0.0091,0.3333,50.0
train,passive,1,512,85,15004.3275,84.9806,84.5623,32.4211,19650.5461,302.3333,362.6512,0.0108,0.2,50.0
train,passive,3,640,35,9556.5192,34.9995,41.3962,31.7902,13275.6917,302.3333,0.0,0.8691,0.8648,50.0
train,passive,1,1024,55,11746.7708,54.981,78.4559,27.9324,13312.825,302.3333,577.0013,0.0055,0.6,50.0
train,passive,3,512,50,11190.9465,50.0236,42.7146,33.9003,12221.4631,289.4644,0.0,0.6685,0.6655,50.0
train,passive,3,384,75,13924.7364,75.0589,47.0784,50.7852,15534.4878,302.3333,0.0,7.2259,0.3323,50.0
train,passive,2,384,50,11240.5687,49.9889,59.4395,48.0665,11189.5787,291.0317,10.9187,3.2716,0.6639,50.0
train,passive,4,896,55,11738.3808,54.9872,29.3474,31.2548,11168.4943,279.8282,0.0,0.0624,0.5994,50.0
train,passive,3,896,80,14454.139,79.9223,47.4629,31.3891,18943.5081,302.3333,23.7253,0.2799,0.2659,50.0
train,passive,3,896,45,10648.656,45.0017,43.342,30.8178,13264.3128,299.7036,0.0,0.7448,0.7312,50.0
train,passive,2,1024,50,11173.3542,49.9754,56.9927,29.9288,10952.6492,299.4071,46.5161,0.0048,0.6667,50.0
train,passive,3,256,40,10116.0496,40.0128,41.59,67.5929,10469.3088,302.3333,34.6987,33.8452,0.7919,50.0
train,passive,4,640,60,12275.3076,59.9878,30.1025,32.323,15171.3846,299.8753,8.1257,0.061,0.5325,50.0
train,passive,1,512,85,14999.3113,84.9651,84.3263,32.3801,19776.1513,302.3333,367.914,0.0108,0.2,50.0
train,passive,2,384,40,10157.318,39.9885,58.8028,48.1517,11586.2957,302.3333,12.5093,3.9231,0.7966,50.0
train,passive,3,896,25,8471.7063,25.0221,41.2148,29.7567,10593.1423,302.3333,3.0027,1.0105,0.9971,50.0
train,passive,2,1024,85,14981.4094,84.9089,60.4571,30.0471,15621.0941,302.3333,122.3566,0.0115,0.2,50.0
train,passive,4,384,45,10685.0308,44.9871,29.0944,50.0575,11340.707,288.7464,0.0,0.0426,0.7327,50.0
train,passive,1,768,90,15549.4806,90.0229,84.7414,30.7621,18011.4464,302.3333,507.8649,0.0119,0.1333,50.0
train,passive,3,256,45,10665.1396,45.035,41.4026,67.5956,9616.8343,288.6834,0.0,31.026,0.7261,50.0
train,passive,2,640,95,16106.5168,94.9689,62.3089,30.6641,16057.8345,291.6338,31.9267,0.0845,0.0664,50.0
train,passive,4,1024,65,12826.547,64.9852,31.9296,31.0306,13867.4291,302.3333,0.0,0.0499,0.4663,50.0
train,passive,1,256,50,11199.114,50.0848,87.9948,65.79,11721.8306,302.3333,1662.6616,0.0047,0.6667,50.0
train,passive,1,640,100,16631.2733,100.0117,85.5361,31.7337,19789.7261,300.499,395.2525,0.0136,0.0,50.0
train,passive,2,896,75,13905.5803,74.9474,60.0569,30.0054,15643.9893,302.3333,72.0902,0.1283,0.3328,50.0
train,passive,3,512,25,8465.2091,25.0062,39.2151,32.6425,8508.8452,295.9039,0.0,0.9956,0.9983,50.0
train,passive,2,640,45,10655.3643,45.0292,57.662,30.5948,11138.0567,287.197,7.9315,0.7876,0.7301,50.0
train,passive,3,1024,80,14458.299,79.9121,47.189,30.6083,18976.0239,302.2321,0.0,0.2813,0.2658,50.0
train,passive,2,512,25,8475.6003,25.0492,57.8832,30.7452,11594.9077,302.3333,42.1816,1.4252,0.9941,50.0
train,passive,4,384,70,13388.3502,70.0055,31.5004,50.3705,13942.527,279.2042,0.0,0.0296,0.3997,50.0
train,passive,2,768,90,15551.6028,89.9611,61.2956,30.6553,14370.8278,282.8645,63.6806,0.1073,0.1329,50.0
train,passive,2,768,35,9556.3404,35.0085,56.3391,29.775,12173.065,302.3333,4.5406,0.6195,0.8641,50.0
train,passive,1,896,30,9038.8213,29.9607,75.4082,28.8731,10409.6315,292.9872,508.4036,0.0009,0.9333,50.0
train,passive,2,256,35,9675.2604,34.9761,59.5352,65.7865,10046.1014,302.3333,8.2475,7.2606,0.8645,50.0
train,passive,3,640,55,11737.0413,55.0055,43.6863,32.8229,14889.3618,294.0944,0.0,0.606,0.5987,50.0
train,passive,3,512,40,10103.0643,40.0293,41.7778,33.506,10201.7944,290.0283,0.7989,0.7993,0.7986,50.0
train,passive,3,640,40,10098.6923,39.9999,42.2327,32.2282,12424.3884,302.3333,9.9694,0.8033,0.7983,50.0
train,passive,2,512,40,10119.6121,40.0568,58.0238,31.0071,11610.0534,292.3158,0.0,1.143,0.7953,50.0
train,passive,2,896,40,10093.2752,39.9892,56.3013,29.5259,12230.5667,301.7306,13.5577,0.2879,0.7988,50.0
train,passive,1,512,75,13925.9817,74.9817,83.0476,32.2019,17352.4484,296.2316,390.8337,0.009,0.3333,50.0
train,passive,4,384,70,13387.6257,70.0047,31.9304,50.5077,15416.4904,302.3333,0.0,0.0296,0.3997,50.0
train,passive,3,1024,95,16088.5635,94.8473,47.4535,30.2507,20875.0159,296.4655,0.0,0.0811,0.0664,50.0
train,passive,4,640,95,16086.2042,94.9798,32.1121,31.9491,20366.5723,302.3333,11.6415,0.02,0.0666,50.0
train,passive,2,384,55,11781.9003,54.9843,60.4674,47.8298,14266.0681,302.3333,0.0,2.9458,0.5975,50.0
train,passive,2,768,90,15553.3224,89.9496,60.7101,30.246,14392.6108,285.5437,62.6825,0.1073,0.1329,50.0
train,passive,4,896,100,16636.8208,99.9689,32.9107,31.3982,17516.8627,296.6722,0.0,0.0142,0.0,50.0
train,passive,4,768,35,9555.7421,34.9889,29.1908,31.727,12638.5855,302.3333,0.0,0.0871,0.8656,50.0
train,passive,4,1024,99999,18987.5569,127.0,36.3515,31.096,18557.6229,297.7116,0.0,0.0016,0.0,50.0
train,passive,1,896,30,9035.4978,29.9351,75.1397,28.421,11720.1259,302.3333,510.5821,0.0009,0.9333,50.0
train,passive,2,512,65,12845.5278,65.0162,59.9771,30.6338,14499.4271,295.8142,0.0,0.6726,0.4639,50.0
train,passive,3,1024,99999,18958.1778,126.8643,48.2889,30.2136,18986.8222,301.5556,26.6667,0.0016,0.0,50.0
train,passive,2,256,40,10204.3785,39.9639,59.2549,65.9317,9734.2016,298.5941,0.0,6.7032,0.798,50.0
train,passive,4,768,99999,18983.7185,126.9799,35.6118,31.7676,20151.0592,275.0753,0.0,0.0016,0.0,50.0
train,passive,3,640,100,16641.068,99.9741,49.1871,33.9782,23521.4759,302.3333,0.0,0.0142,0.0,50.0
train,passive,2,512,70,13390.4908,70.0194,60.59,31.0054,14354.0653,301.9454,0.0,0.5785,0.3976,50.0
train,passive,1,256,55,11743.481,55.0918,87.1444,65.5223,11746.2435,302.3333,1785.5725,0.0057,0.6,50.0
train,passive,3,896,30,9012.7318,30.0039,41.177,29.9299,11116.6381,301.1589,0.0,0.9441,0.9306,50.0
train,passive,2,512,40,10116.6436,40.0416,58.2253,30.7306,12221.8315,300.8717,11.7991,1.143,0.7953,50.0
train,passive,3,256,30,9035.132,30.0188,38.5088,68.1377,8482.9333,292.9134,1.3297,39.4837,0.9233,50.0
train,passive,3,384,50,11201.0265,50.0454,42.9511,50.8877,10486.189,279.6938,2.1343,14.4376,0.663,50.0
train,passive,1,256,25,8471.174,24.9908,84.3931,66.9264,10383.6021,301.0285,884.8454,0.0,1.0,50.0
train,passive,1,768,40,10125.6871,39.9561,79.1386,29.5494,12663.2464,302.3333,571.6111,0.0027,0.8,50.0
train,passive,2,640,55,11745.3156,55.0239,58.9308,30.7794,11621.9038,283.3665,21.2917,0.647,0.5973,50.0
train,passive,2,256,75,13949.3504,74.9579,64.6071,65.162,13271.8386,293.1138,0.0,2.801,0.3325,50.0
train,passive,1,640,55,11763.3741,54.9896,81.4116,30.9249,14751.1,302.3333,506.1146,0.0054,0.6,50.0
train,passive,3,640,40,10101.1466,40.0005,41.0911,32.1869,10708.3199,287.9463,0.0,0.8033,0.7983,50.0
train,passive,3,384,99999,18968.5659,126.9596,50.7166,48.8374,21993.3061,302.3333,0.0,0.0015,0.0,50.0
train,passive,4,384,99999,18999.3443,127.2304,38.114,50.4421,20790.5797,284.58,0.0,0.0015,0.0,50.0
train,passive,3,1024,45,10649.6751,44.971,43.6379,29.0237,15759.6429,302.3333,0.0,0.7485,0.7309,50.0
train,passive,2,256,60,12345.6885,59.9512,61.8559,65.1654,12738.4747,295.8182,0.0,4.4734,0.532,50.0
train,passive,2,768,99999,18961.6895,126.8348,61.3211,29.5339,16058.0933,260.5379,8.4311,0.0015,0.0,50.0
train,passive,3,512,99999,18968.7376,126.9754,49.6521,32.8487,19128.1068,302.3333,16.6221,0.0016,0.0,50.0
train,passive,4,384,40,10141.711,39.9874,29.823,50.1871,12094.4387,302.3333,0.0,0.0452,0.7993,50.0
train,passive,2,768,80,14461.7474,79.968,61.0777,30.3922,15039.1802,302.3333,59.656,0.2004,0.2659,50.0
train,passive,3,640,99999,18977.1589,126.9981,49.4403,32.7578,16411.6076,267.1499,5.1304,0.0015,0.0,50.0
train,passive,3,1024,100,16630.942,99.843,49.7847,30.482,22496.9962,302.3333,27.3317,0.0143,0.0,50.0
train,passive,4,256,50,11258.507,49.9845,32.6498,67.4494,11628.6927,302.3333,23.5623,0.0048,0.6667,50.0
train,passive,4,768,60,12279.9458,59.987,29.6021,31.7746,13466.9177,286.5858,0.0,0.0591,0.5327,50.0
train,passive,1,384,40,10129.8798,40.0228,84.1513,48.8829,12149.6473,302.3333,953.8715,0.0028,0.8,50.0
train,passive,4,896,65,12821.8565,64.9941,32.0171,31.7703,13151.6043,294.0225,21.2518,0.0517,0.4662,50.0
train,passive,1,512,25,8534.528,24.9822,80.0346,30.4601,10126.1819,295.5353,635.353,0.0,1.0,50.0
train,passive,2,512,60,12294.424,59.9923,58.8115,30.3183,14168.9748,302.3333,0.0,0.7667,0.5302,50.0
train,passive,3,640,65,12825.8227,64.9878,43.8856,32.984,15248.3882,289.8454,0.0,0.4745,0.4657,50.0
train,passive,3,512,55,11735.6304,55.0305,43.8137,34.4327,14325.8071,302.3333,0.0,0.603,0.599,50.0
train,passive,1,1024,65,12832.9564,64.9835,78.3078,27.9324,12131.3389,282.8783,601.956,0.0074,0.4667,50.0
train,passive,4,1024,40,10105.9677,39.9933,29.0425,30.6657,9008.3773,285.5283,0.0,0.0755,0.7994,50.0
train,passive,1,512,60,12307.3902,59.9675,81.6259,31.396,15383.4127,299.3498,463.2339,0.0063,0.5333,50.0
train,passive,2,384,30,9077.8114,30.0063,58.4764,48.4312,10859.9977,302.3333,26.522,4.5746,0.9294,50.0
train,passive,1,1024,50,11197.6849,49.9612,76.8916,28.0504,12248.0211,299.1127,560.8069,0.0046,0.6667,50.0
train,passive,4,256,95,16083.1223,94.9227,33.424,66.6859,16388.2607,302.3333,0.0,0.0133,0.0667,50.0
train,passive,4,1024,100,16639.8479,99.9658,34.644,31.0178,19161.8927,302.3333,0.0,0.0142,0.0,50.0
train,passive,4,640,100,16637.6543,99.9942,32.7027,31.7584,21421.9568,302.3333,4.1588,0.0141,0.0,50.0
train,passive,1,1024,55,11743.3873,54.9701,77.8647,27.9324,13103.62,302.3333,573.4979,0.0056,0.6,50.0
train,passive,1,768,30,9048.6341,29.9735,77.2092,29.7318,9943.7407,284.1626,547.2089,0.0009,0.9333,50.0
train,passive,2,640,25,8473.7056,25.046,56.0892,30.5278,10868.6664,302.3333,0.0,1.0689,0.9956,50.0
train,passive,4,896,25,8466.2996,25.0012,28.7245,31.5247,8776.247,293.8843,5.1038,0.0945,0.999,50.0
train,passive,4,256,70,13410.5157,70.0001,33.0996,67.7741,11831.0215,280.8405,0.0,0.0085,0.4,50.0
train,passive,1,768,65,12840.149,64.9783,80.2732,29.7519,14196.1241,291.5168,521.2545,0.0073,0.4667,50.0
train,passive,4,640,70,13369.2377,69.9914,29.1414,32.2031,14950.5801,278.5742,0.0,0.0493,0.3994,50.0
train,passive,4,768,35,9556.0114,35.0037,29.0061,32.16,10789.5673,289.0231,0.0,0.0871,0.8656,50.0
train,passive,4,768,85,15004.6268,85.0119,32.0904,32.3067,15697.1227,276.4405,0.0,0.0309,0.1997,50.0
train,passive,4,1024,50,11193.4445,49.9988,30.3842,31.1013,10252.085,285.8104,0.0,0.0653,0.6661,50.0
train,passive,1,768,100,16627.692,99.9946,84.864,30.2228,19070.813,302.3333,509.559,0.0137,0.0,50.0
train,passive,1,256,40,10108.3663,40.0488,86.0675,66.3221,10499.4865,294.3456,1347.4295,0.0029,0.8,50.0
train,passive,3,640,30,9008.8691,29.9939,40.3638,31.669,10426.5644,302.3333,0.1033,0.9348,0.9314,50.0
train,passive,3,512,50,11185.6945,50.0062,43.3972,33.717,13239.6088,302.3333,23.6553,0.6685,0.6655,50.0
train,passive,1,384,55,11754.8024,55.0302,84.6471,48.4198,13524.7827,302.3333,1142.9693,0.0056,0.6,50.0
train,passive,4,640,99999,18974.8171,126.9711,37.8978,32.3921,24485.9846,302.3333,3.8235,0.0015,0.0,50.0
train,passive,4,512,80,14456.2713,79.9909,30.9181,32.1181,21321.9956,302.3333,0.0,0.0385,0.2662,50.0
train,passive,4,384,80,14469.3961,79.9805,30.8709,49.7686,15248.1632,279.008,0.0,0.0245,0.2664,50.0
train,passive,1,384,45,10675.9588,45.0468,84.2802,48.944,10975.1796,282.5577,1013.474,0.0037,0.7333,50.0
train,passive,1,512,25,8535.5896,24.9884,81.0254,30.4568,11083.5825,302.3333,643.0281,0.0,1.0,50.0
train,passive,2,512,35,9572.8497,35.0449,57.195,30.6191,11493.8874,295.0653,3.5244,1.2371,0.8616,50.0
train,passive,4,384,95,16085.6124,94.9532,31.741,49.3583,18492.6474,300.6683,0.0,0.0168,0.0666,50.0
train,passive,2,384,40,10164.1613,40.0156,58.9377,48.3978,10688.0203,294.8525,1.047,3.923,0.7966,50.0
train,passive,1,896,60,12291.1364,59.965,79.4991,28.556,15863.8606,302.3333,551.1203,0.0065,0.5333,50.0
train,passive,2,1024,75,13892.7915,74.9322,60.1639,30.0808,14257.7423,302.3333,119.1575,0.0095,0.3333,50.0
train,passive,3,384,100,16647.866,100.0566,51.712,49.8614,22649.7717,302.3333,0.0,0.0141,0.0016,50.0
train,passive,3,896,99999,18965.6888,126.9159,48.3118,31.1913,15952.6763,260.3313,38.4571,0.0016,0.0,50.0
train,passive,1,512,90,15546.136,89.9865,83.8742,32.7407,19688.7335,297.1401,313.3134,0.0117,0.1333,50.0
train,passive,1,640,35,9603.0519,34.9832,79.9406,30.3048,12444.6696,302.3333,563.8943,0.0018,0.8667,50.0
train,passive,2,640,30,9016.9023,30.0246,56.0979,30.2033,11238.7227,302.3333,0.2258,0.9986,0.9292,50.0
train,passive,4,1024,30,9014.5757,30.0055,29.4698,30.9421,9285.0318,302.3333,0.0,0.0857,0.9326,50.0
train,passive,1,640,40,10141.7977,39.9802,79.9236,30.4223,12545.1082,302.1303,550.0445,0.0027,0.8,50.0
train,passive,1,768,25,8505.267,24.9447,76.2848,29.1177,11491.1081,302.3333,542.9012,0.0,1.0,50.0
train,passive,3,384,99999,18970.5669,126.9695,51.1514,48.9265,21635.8912,296.7817,8.691,0.0015,0.0,50.0
train,passive,2,768,45,10642.8958,44.9922,57.2699,29.9868,11845.0201,302.3333,28.8455,0.5264,0.7312,50.0
train,passive,1,512,55,11765.9339,54.9847,83.1718,31.7791,15449.8063,302.3333,510.4884,0.0054,0.6,50.0
train,passive,1,768,55,11758.3916,54.9876,80.2036,29.8446,13446.3102,296.0392,533.5276,0.0055,0.6,50.0
train,passive,2,384,100,16635.6349,99.9238,64.6155,47.1289,17036.5183,302.3333,0.0,0.014,0.0,50.0
train,passive,2,256,60,12342.9107,59.951,62.7511,65.2762,13391.5872,302.3333,4.3622,4.4734,0.532,50.0
train,passive,3,384,80,14462.7396,80.0419,49.0984,50.3725,16827.4559,302.3333,36.3062,5.7835,0.2662,50.0
train,passive,2,384,50,11240.4385,49.9903,60.2146,48.0348,13163.2966,302.3333,6.1901,3.2716,0.6639,50.0
train,passive,4,640,65,12819.2896,64.9755,29.5357,32.0739,15832.7909,301.4686,0.0,0.0552,0.466,50.0
train,passive,4,512,30,9002.853,29.9906,29.0283,33.4938,12415.8534,302.3333,15.0603,0.0997,0.9317,50.0
train,passive,4,256,60,12338.094,59.9906,32.6554,67.3117,12259.6666,302.0253,1.3247,0.0066,0.5333,50.0
train,passive,3,896,50,11192.4013,49.984,43.9423,30.7358,15377.0237,302.3333,0.0,0.6784,0.6647,50.0
train,passive,2,768,50,11190.3604,50.0028,58.0438,30.3601,12295.5314,302.3333,24.9028,0.4798,0.6647,50.0
train,passive,3,896,25,8472.3934,25.0165,40.1096,29.6647,9522.2295,288.5817,0.0,1.0105,0.9971,50.0
train,passive,2,896,35,9550.8045,35.0274,55.6603,30.241,8482.9333,267.416,10.0187,0.3106,0.8654,50.0
train,passive,4,1024,45,10648.3985,44.9883,29.8969,30.7374,11150.1986,295.562,0.0,0.0704,0.7327,50.0
train,passive,4,1024,90,15552.8774,90.0016,33.4543,31.7425,13348.4119,271.2364,0.0,0.0244,0.1332,50.0
train,passive,2,384,45,10698.2379,44.9806,58.7577,47.9787,12032.0823,302.3333,0.0,3.5973,0.7303,50.0
train,passive,1,256,75,13926.2993,75.1655,89.135,64.6502,12454.0563,302.3333,2386.853,0.0095,0.3333,50.0
train,passive,2,768,45,10645.3346,45.0072,57.4412,30.2132,11186.8425,294.519,26.9735,0.5264,0.7312,50.0
validation,passive,4,256,25,8398.7333,25.0047,23.4889,67.6955,8414.6667,303.9333,0.0,0.0915,0.9992,50.0
train,passive,1,896,65,12838.3777,64.9918,80.9033,28.7838,14588.9446,302.3333,576.5525,0.0073,0.4667,50.0
train,passive,2,384,85,15020.026,84.9533,62.9924,47.4907,14915.1545,297.8297,0.0,0.9913,0.1992,50.0
train,passive,1,896,50,11209.5478,49.9791,78.7292,28.936,13402.3709,302.3333,543.3394,0.0046,0.6667,50.0
train,passive,1,384,95,16089.9894,95.1022,88.9407,48.4052,17250.0632,302.3333,1680.2162,0.0129,0.0667,50.0
train,passive,1,896,99999,19008.8675,127.1226,93.1433,28.7423,12354.6866,198.4889,3767.6059,0.0015,0.0,50.0
train,passive,1,384,70,13382.6515,70.0575,85.6376,48.3389,14855.6091,302.3333,1326.6743,0.0083,0.4,50.0
train,passive,3,640,25,8466.4237,25.013,40.2034,31.7959,9892.3297,302.3333,0.0,1.0006,0.9979,50.0
train,passive,2,256,99999,19131.2408,128.1841,73.1811,66.3969,25374.3556,302.3333,40.1416,0.0015,0.0,50.0
train,passive,4,896,30,9007.4973,29.9877,29.5966,31.3781,10390.9763,302.3333,21.688,0.0892,0.9324,50.0
validation,passive,4,256,99999,18952.3111,126.7897,40.9,67.0002,25308.6889,301.3333,6.8222,0.0016,0.0,50.0
train,passive,3,1024,90,15547.3435,89.8658,46.8467,30.1205,20110.8983,287.6264,0.0,0.1478,0.1329,50.0
train,passive,3,896,75,13917.2176,74.9314,45.1976,30.8948,16981.6316,285.9328,0.0,0.3464,0.3324,50.0
train,passive,4,640,75,13912.1428,75.0088,31.1893,32.6826,17128.8514,301.1373,0.0,0.0434,0.3328,50.0
train,passive,3,768,90,15548.6329,89.936,47.8803,32.3946,22941.472,302.3333,0.0,0.1464,0.133,50.0
train,passive,3,512,95,16088.5031,95.0047,49.2539,35.3343,21625.9739,302.3333,37.8992,0.0796,0.0666,50.0
train,passive,1,768,50,11214.7199,49.9665,78.5173,29.5406,12048.6857,285.0279,538.1689,0.0046,0.6667,50.0
train,passive,1,512,35,9610.3215,34.9773,81.0079,30.8667,12514.4042,302.3333,586.2993,0.0018,0.8667,50.0
train,passive,3,1024,70,13369.4703,69.9155,46.0839,29.7743,19526.4931,302.3333,0.0,0.4148,0.3987,50.0
train,passive,4,896,75,13916.0651,75.0027,32.0417,31.8261,14036.8702,283.3329,0.0,0.0409,0.333,50.0
train,passive,2,384,25,8545.8586,25.0458,56.9305,49.0122,8482.9333,270.3228,0.0,4.9003,0.9958,50.0
train,passive,1,640,75,13926.669,74.9977,82.6151,31.3789,16555.4777,299.1478,447.1307,0.0091,0.3333,50.0
train,passive,1,512,99999,19015.6052,127.2357,93.8207,31.3031,12761.1015,208.6103,2437.2324,0.0015,0.0,50.0
train,passive,3,768,80,14459.5325,79.9583,46.3916,32.5336,18581.8197,298.3126,0.0,0.2786,0.266,50.0
train,passive,2,640,70,13381.602,69.9858,60.305,30.1446,14618.1789,302.3333,30.2704,0.436,0.3982,50.0
train,passive,3,896,30,9014.8114,30.0034,41.6064,29.6967,13214.8809,302.3333,0.0,0.9441,0.9306,50.0
train,passive,3,896,65,12827.1963,64.9553,45.6017,30.8011,17051.5023,302.3333,3.0754,0.4792,0.4653,50.0
train,passive,4,384,99999,18990.6289,127.1967,39.1582,49.9705,22805.4289,302.3333,36.9564,0.0016,0.0,50.0
train,passive,1,384,80,14471.6009,80.0916,87.0751,48.3891,15836.2211,302.3333,1455.3741,0.0101,0.2667,50.0
train,passive,3,896,65,12825.2799,64.9609,45.4774,31.2326,16998.1059,302.3333,0.0,0.4792,0.4653,50.0
train,passive,1,640,80,14467.624,80.0003,83.8119,31.3575,17968.4624,302.3333,443.9902,0.01,0.2667,50.0
train,passive,2,640,60,12288.2554,59.9985,59.5153,30.3941,13537.5983,302.3333,31.4829,0.5767,0.531,50.0
train,passive,1,896,90,15551.4155,90.0186,83.5948,29.0784,15616.9294,289.839,610.2092,0.012,0.1333,50.0
train,passive,1,384,35,9589.3374,35.0027,83.0925,48.4228,12405.4843,299.4081,880.8573,0.0019,0.8667,50.0
train,passive,2,768,35,9558.7615,35.0205,55.2953,30.0535,8893.9368,274.4976,1.6981,0.6195,0.8641,50.0
train,passive,3,1024,35,9554.9718,34.9902,43.2653,29.1138,12976.1929,302.3333,29.5805,0.882,0.8638,50.0
train,passive,1,384,99999,19000.6603,127.1121,94.0005,47.9458,12833.9478,256.8833,3221.8807,0.0014,0.0,50.0
train,passive,4,896,95,16094.1784,94.9926,33.4053,31.7886,16586.7736,289.4917,0.0,0.0195,0.0666,50.0
train,passive,3,768,50,11190.1052,49.98,43.1605,31.3969,14188.0343,302.3333,0.2742,0.6751,0.665,50.0
train,passive,2,1024,99999,18944.6057,126.6936,55.8729,28.0572,12911.5547,210.1283,25.9022,0.0016,0.0,50.0
train,passive,3,768,99999,18969.9673,126.9585,50.0561,31.987,18598.501,276.784,28.1311,0.0015,0.0,50.0
train,passive,3,256,50,11210.7164,50.0486,42.8627,67.4565,10517.8865,292.0478,0.0,28.2067,0.6604,50.0
train,passive,3,256,85,15021.8829,85.1054,51.3171,66.0345,15396.6957,302.3333,0.0,8.4719,0.2004,50.0
train,passive,1,256,80,14469.9307,80.1781,89.2027,64.4605,12190.8502,300.8591,2532.8199,0.0104,0.2667,50.0
train,passive,2,896,90,15541.1489,89.9338,61.8998,30.1644,16986.358,302.3333,100.4416,0.0598,0.1331,50.0
train,passive,2,768,30,9014.0885,30.0384,55.9413,30.2089,9054.9757,284.3133,4.7009,0.666,0.9306,50.0
train,passive,1,512,99999,19012.5252,127.2253,93.2468,31.3904,9850.575,198.4889,2442.8053,0.0015,0.0,50.0
train,passive,2,896,80,14451.5231,79.9403,59.9306,30.0052,15339.8324,296.0257,74.7462,0.1055,0.2663,50.0
train,passive,2,256,90,15543.7802,89.927,67.9128,64.687,15878.1398,302.3333,44.5774,1.1287,0.133,50.0
train,passive,2,384,70,13403.8884,69.9819,61.0826,47.9671,12702.8327,286.7545,0.0,1.9685,0.3983,50.0
train,passive,1,1024,100,16639.7389,100.0444,86.1873,27.9324,16783.8183,302.3333,750.8332,0.0139,0.0,50.0
train,passive,3,384,99999,18972.6329,126.9839,51.6167,49.2369,22372.2384,302.3333,0.0,0.0015,0.0,50.0
train,passive,4,768,90,15544.5993,89.9695,32.0816,31.4768,19629.5434,302.3333,0.0,0.0254,0.1332,50.0
train,passive,4,768,40,10100.8875,40.0024,29.3826,32.1119,11162.3104,292.2628,0.0,0.0814,0.799,50.0
train,passive,3,896,75,13913.6434,74.9258,46.2642,30.8917,19928.2843,302.3333,0.0,0.3464,0.3324,50.0
train,passive,4,384,95,16085.2676,94.9734,33.3221,49.8756,19076.7511,302.3333,10.6488,0.0167,0.0666,50.0
train,passive,3,896,65,12818.3239,64.94,46.2719,30.9297,17057.8797,302.3333,37.8135,0.4792,0.4653,50.0
train,passive,3,512,40,10100.9996,40.0176,41.8164,33.3932,11455.1372,302.3333,0.0,0.7993,0.7986,50.0
train,passive,4,256,65,12869.1439,64.9619,32.3568,67.0124,13293.3728,302.3333,0.0,0.0076,0.4667,50.0
train,passive,1,1024,75,13921.651,75.0031,81.9136,27.9324,16268.731,302.3333,647.6886,0.0093,0.3333,50.0
train,passive,2,896,30,9001.8783,30.0043,55.1766,29.7808,9959.7073,302.3333,0.6016,0.3335,0.932,50.0
train,passive,4,768,75,13908.57,74.9826,32.1148,31.896,16431.3749,302.3333,22.866,0.0422,0.3329,50.0
train,passive,4,1024,40,10099.7837,39.9922,30.4496,30.9863,10307.4916,302.3333,15.4877,0.0755,0.7994,50.0
train,passive,4,384,40,10147.2833,40.0305,30.4436,50.9844,10335.3659,283.5239,0.0,0.0451,0.7993,50.0
train,passive,2,1024,90,15529.5964,89.9357,61.6519,30.7262,14302.232,286.9152,140.1944,0.0124,0.1333,50.0
train,passive,4,1024,30,9010.3912,29.9889,28.8688,30.8621,9455.3432,302.3333,0.0,0.0857,0.9326,50.0
train,passive,4,256,75,13944.5557,74.986,33.6795,67.7499,14289.5336,302.3333,0.0,0.0095,0.3333,50.0
train,passive,2,256,80,14480.837,79.9562,65.7885,65.231,13382.0783,290.0453,15.8892,2.2436,0.266,50.0
train,passive,3,256,80,14473.7071,80.0805,49.5281,66.0881,14837.0397,302.3333,0.0,11.2912,0.2662,50.0
validation,passive,4,1024,25,8472.6,25.0062,27.9111,29.5534,11357.9111,301.0444,0.0,0.4623,0.9992,50.0
train,passive,1,384,45,10674.1095,45.0243,84.3246,48.4405,13224.3018,302.3333,1014.2002,0.0037,0.7333,50.0
train,passive,1,384,85,15004.9029,85.0843,88.2669,48.4605,16355.2683,302.3333,1557.1313,0.0111,0.2,50.0
validation,passive,1,512,99999,19014.0444,127.2612,94.9556,30.2414,14937.0667,301.4889,3993.0222,0.0015,0.0,50.0
train,passive,4,768,60,12280.1196,59.994,29.797,32.011,13428.2532,290.3794,0.0,0.059,0.5327,50.0
train,passive,2,768,95,16095.3701,94.964,62.718,31.1375,16513.0162,302.3333,61.0685,0.0608,0.0665,50.0
train,passive,4,512,75,13905.5642,74.9766,29.6724,32.3814,18529.513,302.3333,0.0,0.0447,0.3328,50.0
train,passive,1,640,80,14463.0443,79.9704,82.9854,30.8476,19280.4983,302.3333,436.7505,0.01,0.2667,50.0
train,passive,1,1024,90,15553.0611,90.0447,84.3509,28.2263,14339.4366,289.0382,712.1491,0.012,0.1333,50.0
train,passive,3,640,35,9556.581,35.0175,41.4042,32.3884,10673.7464,299.817,0.0,0.8691,0.8648,50.0
train,passive,1,640,60,12301.8907,59.9787,82.4865,30.6134,15513.8106,302.3333,524.9522,0.0063,0.5333,50.0
train,passive,1,1024,99999,19008.1902,127.1026,93.445,28.1849,12746.7851,198.4889,4204.2674,0.0015,0.0,50.0
train,passive,2,256,45,10740.9776,44.9711,60.4025,65.9645,10754.7258,302.3333,0.0,6.1457,0.7315,50.0
train,passive,2,512,90,15571.0974,89.9873,61.9372,30.7757,15878.5794,301.952,0.0,0.2023,0.1325,50.0
train,passive,2,1024,55,11719.0674,54.9798,57.5322,30.1916,10570.1601,286.6084,56.3058,0.0057,0.6,50.0
train,passive,3,384,25,8476.5092,25.014,38.1472,50.7765,8482.9333,284.7739,0.0,21.6493,0.9936,50.0
train,passive,3,1024,80,14455.9521,79.8818,46.7207,29.8288,20645.4488,302.3333,0.0,0.2813,0.2658,50.0
train,passive,4,1024,30,9010.9,29.9844,28.7747,30.622,9448.3647,302.3333,0.0,0.0857,0.9326,50.0
train,passive,3,1024,75,13910.9587,74.8998,46.3847,29.9562,18130.3187,299.1135,12.7434,0.348,0.3322,50.0
train,passive,3,768,35,9560.6359,35.0141,40.5307,31.2248,9261.8421,271.0893,0.0,0.8734,0.8645,50.0
train,passive,1,640,35,9598.4791,34.9691,79.8133,30.1832,12203.7335,302.3333,579.4856,0.0018,0.8667,50.0
train,passive,1,896,55,11750.1034,54.983,79.1339,29.1459,13611.2169,302.3333,547.052,0.0055,0.6,50.0
train,passive,3,512,100,16641.6806,100.009,49.0235,35.0863,25141.6726,302.3333,0.0,0.0142,0.0,50.0
train,passive,4,640,55,11733.4498,55.0035,29.8287,32.5889,14131.6895,288.8329,0.0,0.0669,0.5991,50.0
train,passive,2,384,75,13942.0482,74.9645,62.7792,47.4294,17032.8225,302.3333,0.0,1.6428,0.3319,50.0
train,passive,4,256,95,16087.4429,94.9377,34.1573,66.7151,18152.8722,302.3333,0.0,0.0133,0.0667,50.0
train,passive,3,256,40,10121.3259,40.0232,40.7253,67.6647,11096.4294,302.3333,0.0,33.8452,0.7919,50.0
train,passive,2,256,30,9130.5782,29.9671,59.4159,66.3109,9475.9923,302.3333,36.2278,7.8181,0.931,50.0
train,passive,2,640,95,16104.8729,94.9545,62.2333,30.3894,16422.9449,302.3333,38.7698,0.0845,0.0664,50.0
train,passive,3,640,50,11187.1669,49.9893,43.732,32.4271,15254.5602,302.3333,14.0871,0.6718,0.6653,50.0
train,passive,1,640,50,11218.8883,49.9694,81.0703,30.4476,14094.6396,302.3333,543.195,0.0045,0.6667,50.0
train,passive,1,768,75,13919.5815,74.9755,81.9062,29.8447,16397.3083,302.3333,521.1673,0.0092,0.3333,50.0
train,passive,4,768,90,15547.0955,89.9857,32.4783,31.7395,19089.9157,302.3333,0.0,0.0254,0.1332,50.0
train,passive,1,768,70,13377.6597,69.9869,82.5915,30.1052,15802.6313,302.3333,547.7624,0.0082,0.4,50.0
train,passive,3,896,40,10104.4267,40.0074,42.6281,30.5443,12053.5641,291.24,0.0,0.8113,0.7977,50.0
train,passive,2,1024,40,10083.5144,39.9663,55.6296,29.1393,10401.6385,302.3333,34.5101,0.0029,0.8,50.0
train,passive,2,384,40,10162.9123,40.0016,58.5132,48.1394,11736.4814,299.5935,0.0,3.9231,0.7966,50.0
train,passive,3,512,65,12825.3368,65.0108,44.5968,34.0849,15993.7122,302.3333,1.9339,0.4722,0.4659,50.0
train,passive,4,256,55,11802.528,54.9956,32.7162,67.2796,12687.5562,302.3333,0.0,0.0057,0.6,50.0
train,passive,3,512,30,9009.7952,30.0207,40.5573,33.3065,9622.2391,302.3333,0.0,0.9302,0.9317,50.0
train,passive,2,1024,80,14442.1888,79.9551,60.3604,30.6786,12773.3402,279.9183,111.0506,0.0105,0.2667,50.0
train,passive,2,256,95,16083.6222,94.9407,67.8999,64.7205,15457.4139,296.4109,18.0085,0.5712,0.0665,50.0
train,passive,2,512,50,11205.7241,50.035,59.5983,31.0206,13453.3791,302.3333,13.3833,0.9548,0.6627,50.0
train,passive,3,256,65,12845.2,65.0622,46.3328,66.3891,12808.1539,302.3333,4.2852,19.7489,0.4633,50.0
validation,passive,3,256,99999,18950.1556,126.823,52.9852,64.6989,25349.7778,301.4222,5.5333,0.0016,0.0,50.0
train,passive,2,768,95,16097.4567,94.9431,60.6841,30.4093,14329.8648,277.0655,60.9116,0.0608,0.0665,50.0
train,passive,1,896,65,12838.2869,65.0096,80.525,29.3442,13202.1652,280.6413,562.8633,0.0073,0.4667,50.0
train,passive,3,1024,90,15545.8605,89.8785,48.1627,30.5677,21484.6884,302.3333,0.0,0.1478,0.1329,50.0
train,passive,3,640,40,10102.8747,40.0114,41.1288,32.3656,10330.1691,281.5376,0.0,0.8033,0.7983,50.0
train,passive,3,512,30,9012.4287,30.0166,40.8108,32.8523,9755.8128,302.3333,4.202,0.9301,0.9317,50.0
train,passive,4,1024,95,16096.8852,94.9891,34.3061,31.4748,15329.2267,292.7029,0.4061,0.0193,0.0666,50.0
train,passive,2,768,99999,18962.9973,126.8293,61.0125,29.2338,15679.9935,254.8618,12.5608,0.0015,0.0,50.0
train,passive,3,1024,70,13369.4949,69.9295,46.0195,30.1494,16809.2416,289.122,2.0588,0.4148,0.3987,50.0
train,passive,3,640,90,15544.9611,89.9742,48.406,33.9706,20650.5207,302.3333,25.1269,0.1457,0.1331,50.0
train,passive,2,256,70,13414.2942,69.9463,63.9681,64.8793,15481.7997,302.3333,0.0,3.3585,0.399,50.0
train,passive,4,1024,95,16091.9084,94.9712,34.4075,31.3374,16008.3861,302.3333,14.9807,0.0193,0.0666,50.0
train,passive,2,640,100,16651.2806,99.9558,62.2497,30.6008,16049.0105,293.8104,33.4114,0.0142,0.0,50.0
train,passive,1,384,35,9585.1186,34.9919,82.9403,48.464,11743.6763,302.3333,888.2609,0.0019,0.8667,50.0
train,passive,3,1024,95,16090.1096,94.8686,48.482,30.6924,21167.4555,299.7346,0.0,0.081,0.0664,50.0
train,passive,1,512,80,14467.1889,79.986,83.9696,32.36,20385.1308,302.3333,356.4397,0.0099,0.2667,50.0
train,passive,1,384,60,12297.6572,60.0377,84.8735,48.3392,14199.1573,302.3333,1200.2726,0.0065,0.5333,50.0
train,passive,4,256,99999,19017.5828,127.4419,38.8786,67.0211,19183.3187,302.3333,29.7766,0.0016,0.0,50.0
train,passive,3,256,45,10664.467,45.0203,41.5563,67.2117,10928.0257,302.3333,1.55,31.026,0.7261,50.0
train,passive,1,896,80,14464.6813,80.0024,82.8424,28.8751,15884.7562,302.3333,600.5156,0.0101,0.2667,50.0
train,passive,2,256,55,11808.1813,54.9599,62.0715,65.6302,11938.0592,302.3333,7.2686,5.0308,0.5985,50.0
train,passive,1,512,100,16624.9939,99.978,84.5226,32.7439,22744.666,302.1661,259.7047,0.0135,0.0,50.0
train,passive,4,512,70,13366.9299,69.9917,29.125,32.4767,16692.7284,286.4924,0.0,0.0508,0.3993,50.0
train,passive,2,512,85,15024.4522,84.9739,61.4401,30.2352,17471.3461,302.3333,0.0,0.2963,0.1988,50.0
train,passive,4,256,60,12338.9261,60.0139,32.7812,67.9497,10952.6003,284.4439,0.0,0.0066,0.5333,50.0
train,passive,4,384,45,10685.3665,45.0,31.0619,50.1787,12753.8576,302.3333,13.5761,0.0425,0.7327,50.0
train,passive,4,256,85,15014.566,84.9461,32.8856,66.9066,14599.4397,297.1455,0.0,0.0114,0.2,50.0
train,passive,3,256,35,9577.5995,35.008,39.531,67.5367,11751.6287,302.3333,0.0,36.6645,0.8576,50.0
train,passive,1,384,60,12302.2372,60.0492,85.5912,48.2166,15299.9034,302.3333,1200.5239,0.0064,0.5333,50.0
train,passive,1,256,45,10657.5425,45.0635,85.633,65.8201,11272.6002,287.1521,1472.5539,0.0038,0.7333,50.0
train,passive,1,1024,80,14465.867,80.041,82.7004,28.5971,13373.4717,287.9164,665.0751,0.0102,0.2667,50.0
train,passive,2,256,40,10204.9909,39.9585,59.5019,65.7013,11280.3368,302.3333,0.0,6.7032,0.798,50.0
train,passive,2,768,65,12824.7662,64.9689,59.1689,29.968,13828.6777,302.3333,45.1919,0.3401,0.4653,50.0
train,passive,2,1024,95,16074.9446,94.9254,62.1632,30.6338,15407.4032,294.7377,147.8721,0.0133,0.0667,50.0
train,passive,3,640,70,13367.7177,69.987,45.8937,33.2553,17172.7787,302.3333,17.1603,0.4088,0.3992,50.0
train,passive,3,768,45,10645.2255,44.98,41.8528,31.1944,12690.9353,297.7995,0.0,0.7412,0.7315,50.0
train,passive,1,512,70,13390.8828,69.981,82.1919,31.7458,16091.1869,288.3841,413.624,0.0081,0.4,50.0
train,passive,3,1024,30,9015.6658,30.0175,42.1325,29.3039,12339.1738,302.3333,0.0,0.9488,0.9303,50.0
train,passive,3,384,50,11195.8874,50.0017,42.1979,50.1068,12559.4118,302.3333,0.0,14.4376,0.663,50.0
train,passive,3,384,85,15013.1677,85.0521,48.9478,50.2242,18216.2266,302.3333,0.0,4.3412,0.2,50.0
train,passive,1,256,50,11200.2477,50.0776,87.0475,65.6085,13166.9027,302.3333,1628.4834,0.0047,0.6667,50.0
train,passive,1,640,45,10684.4322,45.0,80.3006,30.8505,11560.9754,279.4412,534.6957,0.0036,0.7333,50.0
train,passive,3,640,99999,18969.3828,126.972,50.1418,32.5291,18876.1032,292.0699,24.0665,0.0016,0.0,50.0
train,passive,4,640,35,9554.7291,34.9922,28.8248,32.4075,12009.8423,302.3333,2.8029,0.0903,0.8654,50.0
train,passive,1,256,40,10112.4535,40.0536,85.7053,66.184,10320.2181,291.7659,1335.2428,0.0028,0.8,50.0
train,passive,2,256,100,16623.3831,99.9596,68.0263,64.8863,14587.5069,274.0443,0.0,0.0138,0.0,50.0
train,passive,3,640,50,11192.2597,50.0122,43.1099,32.7931,12732.1985,291.4281,0.0,0.6718,0.6653,50.0
train,passive,2,256,60,12341.2573,59.9482,63.0437,65.2806,13539.2299,302.3333,13.8158,4.4734,0.532,50.0
train,passive,3,640,45,10647.7254,44.9979,41.346,32.2474,11899.3202,285.7214,0.0,0.7376,0.7318,50.0
train,passive,3,1024,50,11193.2746,49.9681,43.9271,29.466,14984.9089,297.3331,0.0,0.6818,0.6645,50.0
train,passive,2,256,55,11810.2622,54.9593,61.7941,65.4466,12601.9623,302.3333,0.0,5.0308,0.5985,50.0
train,passive,2,384,35,9620.9766,35.0065,57.9023,48.3833,10385.0049,297.9463,0.0,4.2488,0.863,50.0
train,passive,4,768,100,16633.4796,99.9913,33.6982,32.0395,18758.4669,296.4397,21.2649,0.0141,0.0,50.0
train,passive,2,384,95,16099.6496,94.9468,64.6488,47.3768,16377.6964,302.3333,0.1899,0.3397,0.0664,50.0
train,passive,1,768,30,9050.9596,29.9672,77.3586,29.3472,10934.5676,299.938,547.404,0.0009,0.9333,50.0
test,passive,1,256,99999,18944.8667,126.7879,95.0,63.3232,16758.8889,301.4222,2229.9111,0.0014,0.0,50.0
train,passive,1,640,85,15006.622,84.9947,83.9507,31.3792,19120.7848,302.3333,425.762,0.0109,0.2,50.0
train,passive,1,1024,55,11744.4491,54.9732,78.0281,27.9324,13128.5825,302.3333,575.1785,0.0055,0.6,50.0
train,passive,2,1024,30,8995.2682,29.9889,54.4664,29.2297,9081.4693,293.3925,6.2382,0.0009,0.9333,50.0
train,passive,4,896,95,16094.7702,95.0027,33.6284,32.0855,16573.698,292.3622,0.0,0.0195,0.0666,50.0
train,passive,1,640,50,11223.926,49.9772,80.9288,30.2983,14517.4866,302.3333,527.9035,0.0045,0.6667,50.0
train,passive,1,1024,30,9025.0691,29.9329,73.1417,27.9596,11073.6745,301.9375,471.1354,0.0009,0.9333,50.0
train,passive,1,640,35,9598.3985,34.951,79.0207,29.7111,13636.9983,302.3333,559.0175,0.0018,0.8667,50.0
train,passive,2,1024,95,16075.2593,94.9217,61.4708,30.5824,14748.8774,284.9139,142.1123,0.0134,0.0667,50.0
train,passive,2,384,80,14483.235,79.9831,63.271,47.9542,13883.3228,288.7091,0.0,1.317,0.2655,50.0
train,passive,2,384,85,15014.7672,84.9411,63.6467,47.4554,15701.2922,302.3333,13.4887,0.9913,0.1992,50.0
train,passive,1,384,85,15012.7574,85.1068,86.9156,48.6706,14823.7638,285.995,1511.6822,0.0111,0.2,50.0
train,passive,2,384,70,13400.1633,69.9686,61.8921,47.704,14612.6794,302.3333,0.0,1.9685,0.3983,50.0
train,passive,2,896,99999,18952.0338,126.7744,59.144,29.1951,14520.5552,237.3625,21.0617,0.0016,0.0,50.0
train,passive,4,256,70,13409.8647,69.9743,32.2479,67.1577,12480.8525,289.0443,0.0,0.0085,0.4,50.0
train,passive,2,512,80,14479.2541,79.9995,61.3128,30.9474,15625.8638,302.3333,0.0,0.3904,0.2651,50.0
train,passive,2,1024,65,12808.7191,64.9402,57.426,29.5792,12647.6917,286.1204,68.9803,0.0077,0.4667,50.0
train,passive,3,640,90,15550.4163,89.9894,48.0171,34.1269,20695.8752,302.3333,0.0,0.1457,0.1331,50.0
train,passive,4,640,65,12822.5796,64.9963,30.6091,32.3461,16253.0863,302.3333,0.0,0.0551,0.466,50.0
train,passive,4,768,60,12279.3185,59.9996,30.8758,32.1422,14610.1681,302.3333,0.0,0.059,0.5327,50.0
train,passive,3,384,75,13924.0513,75.0544,47.0876,50.5551,15036.5599,291.1708,0.0,7.2259,0.3323,50.0
train,passive,3,1024,25,8475.3003,25.0252,41.9593,28.5976,11643.8862,302.3333,7.6274,1.0155,0.9967,50.0
train,passive,1,1024,75,13920.3294,75.0253,82.053,28.6023,14597.7683,302.3333,640.646,0.0093,0.3333,50.0
train,passive,3,256,90,15565.7249,90.1143,51.9738,65.8495,14693.8522,290.4624,0.0,5.6526,0.1347,50.0
train,passive,3,640,90,15544.4929,89.9752,48.5554,34.0377,20712.2641,302.3333,27.0142,0.1457,0.1331,50.0
train,passive,2,1024,60,12260.3178,59.9359,57.7945,29.3873,14412.2897,302.3333,62.8338,0.0067,0.5333,50.0
train,passive,4,512,60,12272.5176,59.9785,29.2509,32.5847,16799.5163,302.3333,0.0,0.063,0.5324,50.0
train,passive,4,640,25,8460.7464,24.9808,27.9389,32.5766,10384.1356,301.488,0.0,0.1021,0.9985,50.0
train,passive,1,512,60,12307.9024,59.9712,82.3724,31.3759,16108.6827,302.3333,470.2573,0.0063,0.5333,50.0
train,passive,2,768,80,14461.0978,79.9598,60.8523,30.1719,16680.2492,302.3333,46.7226,0.2004,0.2659,50.0
train,passive,3,384,99999,18970.3166,126.9718,50.8736,49.035,21400.9185,295.1529,0.0,0.0015,0.0,50.0
train,passive,2,640,60,12289.4433,60.0001,59.5847,30.3333,13601.3544,302.3333,31.1958,0.5767,0.531,50.0
train,passive,4,256,25,8585.0976,25.0319,31.1499,67.8962,8731.1045,302.3333,0.0,0.0,1.0,50.0
train,passive,3,768,90,15548.2547,89.9461,47.8742,32.7829,21166.5092,302.3333,0.0,0.1464,0.133,50.0
train,passive,2,896,80,14453.8603,79.9476,59.9442,30.0321,13708.1114,292.6279,85.2778,0.1055,0.2663,50.0
train,passive,1,1024,50,11197.0893,49.9716,77.4642,28.3214,11888.6795,295.5528,568.1568,0.0046,0.6667,50.0
train,passive,1,896,99999,19008.1617,127.1378,94.0896,29.2056,13730.662,204.8374,3765.0195,0.0015,0.0,50.0
train,passive,4,256,70,13410.1857,69.9956,33.0292,67.6556,11937.0616,281.3088,0.0,0.0085,0.4,50.0
train,passive,4,256,70,13409.8563,69.9942,33.1055,67.6652,12311.1872,287.3975,0.0,0.0085,0.4,50.0
train,passive,2,640,40,10104.0937,39.9988,56.775,30.0506,12192.8,302.3333,10.1861,0.858,0.7965,50.0
train,passive,4,384,70,13387.5621,70.0004,31.7562,50.3448,15143.0085,297.3212,0.0,0.0296,0.3997,50.0
train,passive,1,896,100,16637.0633,100.0338,86.027,29.1264,17463.2907,302.3333,636.7483,0.0138,0.0,50.0
train,passive,4,512,30,9008.3851,30.0039,28.2521,33.4399,11545.4853,286.6866,0.0,0.0997,0.9317,50.0
train,passive,2,1024,30,8992.2192,29.9685,54.1206,28.9052,9357.4782,302.3333,10.5067,0.001,0.9333,50.0
train,passive,4,384,65,12844.6705,64.9821,31.6807,49.8979,16057.1467,302.3333,5.0758,0.0322,0.4663,50.0
train,passive,3,1024,25,8472.3492,25.0149,41.5237,28.5836,13139.7907,302.3333,0.0,1.0155,0.9967,50.0
train,passive,3,256,85,15021.6017,85.0854,49.4208,65.5642,13597.5032,282.9709,0.0,8.4719,0.2004,50.0
train,passive,2,640,65,12832.585,64.9778,59.2609,30.1052,15162.3959,302.3333,14.442,0.5064,0.4646,50.0
train,passive,4,1024,40,10103.5328,40.0059,30.034,31.1781,9760.1629,295.2714,0.0,0.0755,0.7994,50.0
train,passive,3,512,50,11191.0818,50.01,42.9337,33.4589,14238.9735,302.3333,0.0,0.6685,0.6655,50.0
train,passive,4,512,65,12820.8773,65.0068,30.0251,33.0434,16687.6094,297.7577,0.0,0.0569,0.4659,50.0
train,passive,1,640,70,13386.2548,69.9788,80.9904,30.7734,14876.5328,282.0914,461.5101,0.0082,0.4,50.0
train,passive,1,384,45,10674.1466,45.0275,83.6555,48.6504,11802.2327,293.4644,1008.7825,0.0037,0.7333,50.0
train,passive,3,896,99999,18976.3271,126.9361,50.9341,30.68,23390.5912,302.3333,9.6609,0.0015,0.0,50.0
train,passive,3,640,85,15000.2419,84.9626,46.4159,33.5494,19685.7335,302.3333,0.0,0.2115,0.1996,50.0
train,passive,1,1024,45,10649.5578,44.9409,76.2509,27.9839,12570.022,302.3333,549.5375,0.0037,0.7333,50.0
train,passive,3,768,95,16090.1149,94.9327,48.4237,32.861,21031.7431,299.7611,15.2595,0.0803,0.0665,50.0
train,passive,3,896,95,16091.5753,94.9053,48.5441,31.836,21565.5683,302.3333,0.0,0.0807,0.0665,50.0
train,passive,2,256,55,11810.3125,54.952,61.8719,65.2085,14102.529,302.3333,0.0,5.0308,0.5985,50.0
train,passive,2,512,50,11203.5153,50.0185,59.6707,30.5733,14091.2805,302.3333,28.8604,0.9548,0.6627,50.0
train,passive,3,512,90,15550.7569,90.0077,46.5268,34.9458,19453.7415,289.8544,0.0,0.1451,0.1331,50.0
train,passive,4,512,100,16633.4667,99.9982,31.5167,32.1997,22213.7111,301.0222,0.0,0.0141,0.0,50.0
train,passive,1,1024,85,15008.9915,85.0348,83.4503,28.1885,14158.47,291.4216,692.5321,0.0111,0.2,50.0
train,passive,1,640,80,14463.1162,79.9904,83.8629,31.3337,17512.3181,302.3333,462.2719,0.01,0.2667,50.0
train,passive,3,768,90,15549.0586,89.9426,47.9206,32.562,21381.4015,302.3333,0.0,0.1464,0.133,50.0
train,passive,4,1024,30,9008.1269,29.9924,30.0775,30.9338,9327.2671,302.3333,28.5033,0.0857,0.9326,50.0
train,passive,3,896,90,15550.2921,89.9151,48.309,31.3773,20652.8855,302.3333,6.3811,0.1471,0.1329,50.0
train,passive,2,512,95,16113.4107,94.9695,62.743,30.5128,16790.5106,302.3333,12.4077,0.1082,0.0663,50.0
test,passive,4,1024,25,8604.9111,24.9939,30.0333,30.4845,8614.9556,301.7111,0.0,0.2948,0.9992,50.0
train,passive,1,512,100,16624.2858,99.9991,85.0413,33.3536,20361.3891,286.6857,275.1692,0.0135,0.0,50.0
train,passive,4,896,70,13369.6962,69.9736,30.1357,31.2432,13172.374,284.7508,0.0,0.0464,0.3996,50.0
train,passive,4,384,35,9602.2227,34.9957,30.6372,50.206,13232.2194,302.3333,6.9662,0.0477,0.8659,50.0
train,passive,3,384,70,13379.2221,70.0339,46.3965,50.0644,17350.7156,302.3333,0.0,8.6682,0.3984,50.0
train,passive,3,256,99999,18974.701,126.9685,53.2863,64.8879,25006.1882,299.8729,1.3211,0.0014,0.0,50.0
train,passive,3,384,100,16650.031,100.0747,52.084,50.2351,19790.2429,302.3333,4.795,0.0141,0.0016,50.0
train,passive,1,768,65,12841.4198,65.0032,81.1826,30.2639,13625.077,283.1235,524.1848,0.0073,0.4667,50.0
train,passive,2,256,30,9133.8866,29.9641,57.9484,66.2053,9560.7135,302.3333,0.0,7.8181,0.931,50.0
train,passive,4,768,85,15002.5612,84.9878,32.2674,31.7976,18849.6419,302.3333,0.0,0.031,0.1997,50.0
train,passive,4,896,80,14461.7779,79.9881,32.8297,31.3177,15969.858,302.3333,6.6013,0.0356,0.2664,50.0
train,passive,2,1024,99999,18951.0196,126.7086,54.8733,28.1336,11353.255,198.4889,7.1117,0.0016,0.0,50.0
train,passive,3,256,75,13932.7829,75.0871,48.5279,66.3359,13486.2582,290.3502,0.0,14.1104,0.3319,50.0
train,passive,1,640,50,11225.1904,49.9837,81.0601,30.3672,13871.2016,302.3333,531.5359,0.0045,0.6667,50.0
train,passive,4,1024,60,12282.2745,59.9783,31.5913,30.654,15095.5578,302.3333,0.0,0.0551,0.5329,50.0
train,passive,3,896,35,9557.0056,34.9837,41.8086,29.6988,14102.1132,302.3333,0.0,0.8777,0.8642,50.0
train,passive,3,256,99999,18972.3611,126.9676,53.6629,65.0103,25374.3556,302.3333,5.8719,0.0014,0.0,50.0
train,passive,1,768,45,10666.6068,44.9613,79.9661,29.7131,13273.43,302.3333,573.1032,0.0037,0.7333,50.0
train,passive,4,640,45,10642.796,44.9841,29.3602,32.1895,15331.0442,302.3333,0.0,0.0786,0.7323,50.0
train,passive,2,512,100,16661.5825,99.9626,62.6734,30.2994,18056.9924,302.3333,0.0,0.0141,0.0,50.0
train,passive,4,640,70,13366.6741,69.984,30.7105,31.9571,17139.5327,302.3333,3.9287,0.0493,0.3994,50.0
train,passive,3,1024,60,12282.5581,59.9423,45.1868,29.5026,16567.6469,302.3333,4.3152,0.5483,0.5316,50.0
train,passive,2,256,80,14481.4673,79.9353,64.5825,64.7349,14134.9103,298.6489,0.0,2.2436,0.266,50.0
train,passive,2,640,90,15560.9014,89.9755,61.7531,30.7281,14950.8932,289.2153,32.1709,0.1548,0.1327,50.0
train,passive,3,256,85,15016.511,85.0886,51.3972,65.8225,15018.7204,302.3333,22.9777,8.4719,0.2004,50.0
train,passive,1,512,80,14466.7488,79.9805,83.1983,32.2501,18074.9326,294.0074,368.9227,0.0099,0.2667,50.0
train,passive,4,512,75,13905.7747,74.982,30.3514,32.4521,18820.6277,302.3333,8.9474,0.0447,0.3328,50.0
train,passive,4,1024,65,12827.4661,64.9852,31.3747,31.0025,12299.735,292.8456,0.0,0.05,0.4663,50.0
train,passive,2,384,35,9625.9628,35.0099,57.6605,48.1107,9993.9943,293.3529,0.0,4.2488,0.863,50.0
train,passive,3,896,70,13369.6313,69.9413,46.3841,30.8557,17857.8814,302.3333,16.1598,0.4128,0.3988,50.0
train,passive,3,512,45,10648.1177,45.007,40.192,33.2852,9891.6054,270.6036,0.0,0.7339,0.7321,50.0
train,passive,3,1024,45,10649.107,44.9797,43.6145,29.3884,14354.1025,302.3333,0.0,0.7485,0.7309,50.0
train,passive,3,384,40,10112.6513,40.0334,41.0697,50.7379,10014.4017,283.6004,0.0,17.3222,0.7953,50.0
train,passive,1,1024,65,12831.8262,64.9853,78.8312,27.9324,12303.8529,285.9345,613.0812,0.0074,0.4667,50.0
train,passive,1,640,75,13925.9478,74.9868,83.0069,30.9481,18370.5604,302.3333,450.9753,0.0091,0.3333,50.0
train,passive,2,768,60,12280.8355,59.9794,58.8294,29.9724,14662.1491,302.3333,29.6077,0.3867,0.5318,50.0
train,passive,2,512,75,13936.7695,75.0036,61.0861,30.5382,15117.1889,302.3333,3.0824,0.4844,0.3314,50.0
train,passive,4,384,80,14468.8108,79.9762,32.2936,49.5141,17298.1465,302.3333,5.9304,0.0245,0.2664,50.0
train,passive,2,640,99999,18966.7857,126.8856,62.4305,30.0896,16224.9917,262.5236,0.0,0.0015,0.0,50.0
train,passive,3,640,75,13918.2427,74.9864,44.8879,33.2087,16519.7914,284.9921,0.0,0.343,0.3326,50.0
train,passive,1,1024,25,8473.3055,24.9232,73.3761,28.1339,11259.9985,302.3333,486.0239,0.0,1.0,50.0
train,passive,3,768,95,16093.4587,94.9387,48.6133,32.82,23560.8691,302.3333,0.0,0.0803,0.0665,50.0
train,passive,1,768,100,16632.4966,100.0103,85.6152,30.2102,20731.778,302.3333,503.1131,0.0137,0.0,50.0
train,passive,2,640,99999,18960.2663,126.8747,64.212,30.0201,18438.8102,287.6304,28.5056,0.0014,0.0,50.0
train,passive,2,384,55,11784.6125,54.9948,60.8659,47.8778,12905.9181,302.3333,6.7756,2.9458,0.5975,50.0
train,passive,2,768,75,13913.7239,74.9777,60.7016,30.6426,13420.8149,290.8113,66.893,0.247,0.3324,50.0
train,passive,3,640,40,10098.0099,39.9865,40.9839,32.0341,11633.2617,302.3333,0.0,0.8033,0.7983,50.0
train,passive,2,768,55,11739.3184,54.9924,58.1126,29.8972,12169.1938,299.3446,33.9916,0.4332,0.5982,50.0
train,passive,4,1024,40,10106.1354,40.0071,30.2759,30.9059,9624.5361,295.5085,3.4183,0.0754,0.7994,50.0
train,passive,2,640,99999,18968.4344,126.8803,61.3797,29.8854,15015.1298,245.2456,0.0,0.0015,0.0,50.0
test,passive,1,512,25,8584.8444,25.0255,66.4444,32.1867,8603.5556,200.6889,0.0,0.0661,0.9992,50.0
train,passive,4,768,40,10100.689,40.0018,29.693,32.1677,12118.6146,302.3333,0.0,0.0815,0.799,50.0
train,passive,2,384,60,12325.3709,60.0001,61.3917,48.0203,12570.8705,298.6303,4.2997,2.62,0.5311,50.0
train,passive,1,640,45,10682.5971,44.9893,80.4059,30.6554,12132.1609,287.3698,542.9355,0.0036,0.7333,50.0
train,passive,4,1024,45,10649.2695,45.0026,30.3613,31.0177,10927.5461,289.3657,0.0,0.0704,0.7327,50.0
train,passive,3,384,40,10110.9789,40.0336,41.5024,51.0401,11049.666,302.3333,0.0,17.3223,0.7953,50.0
train,passive,3,1024,40,10102.1779,39.9831,43.3937,29.1703,13635.9307,302.3333,15.4695,0.8153,0.7974,50.0
train,passive,4,1024,55,11739.0259,54.9906,31.3983,30.8013,12342.7574,302.3333,2.9504,0.0601,0.5995,50.0
train,passive,1,640,60,12304.2334,59.9787,81.2994,30.5895,15477.091,299.5238,494.1868,0.0064,0.5333,50.0
train,passive,2,384,95,16102.0227,94.9646,64.8571,47.684,15517.4384,291.8588,0.0,0.3397,0.0664,50.0
train,passive,4,640,55,11729.8044,54.9927,30.3117,32.5675,14920.0708,302.3333,9.2685,0.0669,0.5991,50.0
train,passive,2,1024,75,13897.7979,74.9473,59.9784,30.1485,13367.9748,296.89,107.8259,0.0095,0.3333,50.0
train,passive,3,640,75,13912.1255,74.9929,46.5616,33.6761,17233.9087,296.3145,19.5494,0.343,0.3326,50.0
train,passive,4,768,70,13371.6387,69.9916,31.1746,31.6105,15393.7266,302.3333,3.2245,0.0478,0.3995,50.0
train,passive,4,768,70,13366.9103,69.9875,31.5327,31.8354,15775.3656,302.3333,11.0817,0.0478,0.3995,50.0
train,passive,1,768,50,11216.0176,49.9682,79.6657,29.3532,15359.5652,302.3333,528.3446,0.0046,0.6667,50.0
train,passive,3,896,55,11736.6769,54.9634,43.501,30.5223,14608.4456,293.757,0.0,0.612,0.5983,50.0
train,passive,1,256,35,9565.1031,35.0441,85.9748,66.7937,10983.4027,302.3333,1183.2808,0.0019,0.8667,50.0
validation,passive,4,256,100,16661.8667,100.1757,36.1722,67.2659,16650.6667,301.6889,0.0,0.0139,0.0,50.0
test,passive,1,1024,99999,18983.9778,126.9522,94.4222,27.5439,15764.9111,301.8444,3180.6,0.0015,0.0,50.0
train,passive,3,512,100,16640.8,100.0187,48.837,35.4981,22207.7333,300.2222,0.0,0.0142,0.0,50.0
train,passive,4,256,65,12873.9287,65.0019,33.0432,67.8146,12143.9878,294.1924,0.0,0.0076,0.4667,50.0
train,passive,1,256,60,12289.877,60.1092,87.2212,65.266,11423.7384,297.8088,1932.4736,0.0067,0.5333,50.0
train,passive,2,896,55,11727.3464,54.9692,57.468,29.7111,12841.7003,298.0387,38.9826,0.2195,0.5991,50.0
train,passive,1,512,80,14462.0931,79.9763,84.373,32.3444,18885.1148,302.3333,394.6134,0.0099,0.2667,50.0
train,passive,3,256,40,10121.4818,40.0289,40.8519,67.8591,10965.1191,302.3333,0.0,33.8452,0.7919,50.0
train,passive,4,896,75,13913.9429,74.9804,32.1717,31.3305,16459.003,302.3333,0.0,0.041,0.333,50.0
train,passive,1,384,70,13380.8587,70.0683,86.8459,48.6989,14981.7973,302.3333,1348.9607,0.0083,0.4,50.0
train,passive,1,640,60,12298.833,59.9736,82.2263,30.7411,15153.5106,302.3333,527.5525,0.0064,0.5333,50.0
train,passive,4,896,60,12281.2807,60.0023,30.9757,31.7414,12313.1602,286.2024,0.0,0.057,0.5328,50.0
train,passive,1,256,85,15019.2128,85.2026,89.2461,64.1976,11395.2346,284.1192,2684.0286,0.0114,0.2,50.0
train,passive,4,512,35,9551.7741,35.0028,28.7117,33.534,12719.8247,302.3333,0.0,0.0936,0.8652,50.0
train,passive,4,768,35,9554.271,34.9884,28.9453,31.8706,11349.8385,302.3333,1.0313,0.0871,0.8656,50.0
train,passive,4,256,95,16088.2946,94.9446,34.2264,66.8397,16271.7429,302.3333,2.6417,0.0132,0.0667,50.0
train,passive,3,896,100,16633.8966,99.8814,48.6314,31.6597,22343.5415,302.3333,0.0,0.0143,0.0,50.0
train,passive,1,768,95,16089.757,95.0042,84.8437,30.1815,19528.4073,302.3333,508.3249,0.0128,0.0667,50.0
train,passive,2,512,55,11750.9056,55.0202,59.6486,30.689,13441.9811,302.3333,19.2712,0.8608,0.5965,50.0
train,passive,2,640,80,14469.0788,79.9715,61.1949,30.3204,16303.9955,302.3333,30.845,0.2954,0.2655,50.0
train,passive,2,256,95,16084.1477,94.9431,68.0023,64.8641,16396.2832,302.3333,5.5604,0.5712,0.0665,50.0
train,passive,4,384,80,14470.0608,79.9849,32.5333,49.6739,17251.9222,302.3333,4.9206,0.0245,0.2664,50.0
train,passive,1,256,25,8471.3032,24.9943,84.3104,67.0204,9922.084,295.6775,883.0759,0.0,1.0,50.0
train,passive,2,640,45,10656.6287,45.021,58.095,30.2101,12400.2455,302.3333,15.982,0.7876,0.7301,50.0
train,passive,3,1024,30,9019.0461,30.0384,41.931,29.5211,9853.7254,273.092,0.0,0.9487,0.9303,50.0
test,passive,2,1024,25,8461.2444,25.0053,56.0889,29.5321,8432.3778,301.6889,0.0,0.0705,0.9992,50.0
train,passive,4,1024,85,15005.4729,84.9852,33.3877,31.4393,14987.2612,302.3333,0.0,0.0295,0.1998,50.0
train,passive,3,1024,85,15004.044,84.8855,47.81,30.0093,20277.005,302.3333,6.3425,0.2145,0.1993,50.0
train,passive,2,768,50,11189.914,49.9887,57.233,29.9955,11841.4059,297.7882,23.5872,0.4798,0.6647,50.0
train,passive,3,896,75,13913.4908,74.9357,46.1087,31.2204,17867.6334,296.3616,0.0,0.3464,0.3324,50.0
train,passive,2,256,65,12878.0738,64.9456,62.5383,65.1413,12530.1331,298.3945,0.0,3.9159,0.4655,50.0
train,passive,4,1024,50,11191.4051,50.002,31.2181,31.3952,11524.1069,302.3333,0.0,0.0653,0.6661,50.0
train,passive,2,768,65,12827.0185,64.9856,58.7056,30.3419,12262.1904,284.1361,37.1699,0.3401,0.4653,50.0
train,passive,2,896,85,14994.9267,84.9475,61.2469,30.5545,15466.1616,302.3333,89.3891,0.0827,0.1997,50.0
train,passive,2,1024,90,15525.9699,89.9252,62.2827,30.7241,15748.1166,302.3333,150.7261,0.0124,0.1333,50.0
train,passive,4,512,70,13363.2118,69.9884,29.9359,32.6111,18041.1216,302.3333,0.0,0.0508,0.3993,50.0
train,passive,3,512,50,11190.008,50.0122,43.2648,33.567,13309.3315,302.3333,13.2328,0.6684,0.6655,50.0
train,passive,2,768,60,12282.4997,59.9926,58.087,30.4286,12115.5542,291.998,23.0298,0.3867,0.5318,50.0
train,passive,1,1024,95,16099.1658,95.0589,85.5372,28.182,14527.2917,289.7438,735.2562,0.0129,0.0667,50.0
train,passive,3,896,55,11735.9628,54.9699,43.9758,30.7078,14696.4142,295.7137,0.0,0.612,0.5983,50.0
train,passive,2,896,99999,18954.0313,126.7739,58.6632,29.0515,14351.3485,231.3039,11.0694,0.0016,0.0,50.0
train,passive,1,1024,95,16096.8988,95.043,85.3578,27.9324,16404.164,300.0,727.4476,0.013,0.0667,50.0
train,passive,3,640,60,12278.9299,60.0033,44.5979,33.195,14486.0927,293.1605,12.0274,0.5403,0.5322,50.0
train,passive,1,384,95,16093.8118,95.0936,87.3755,48.0479,17924.7439,302.3333,1635.1651,0.013,0.0667,50.0
train,passive,3,1024,85,14999.1709,84.882,47.8035,30.3339,20153.429,302.3333,10.0652,0.2145,0.1993,50.0
train,passive,4,384,80,14460.9123,79.9697,32.9989,49.8587,17165.4165,302.3333,34.8794,0.0245,0.2664,50.0
train,passive,4,384,75,13928.9287,74.9899,32.0323,49.8798,15978.7055,300.0229,2.458,0.027,0.3331,50.0
train,passive,4,384,30,9059.808,30.0,30.6523,50.4613,11478.9247,302.3333,23.1704,0.0503,0.9325,50.0
train,passive,3,896,90,15548.4762,89.901,48.1236,31.1216,23050.2625,302.3333,0.0,0.1471,0.1329,50.0
train,passive,4,512,50,11184.7972,49.9836,29.0712,32.7314,15949.4854,302.3333,0.0,0.0752,0.6655,50.0
train,passive,3,384,99999,18974.5899,126.9703,49.7718,48.7936,20344.0731,277.2353,0.0,0.0015,0.0,50.0
train,passive,2,384,40,10159.8836,40.0001,58.95,48.2782,11068.7351,301.1341,14.523,3.9231,0.7966,50.0
train,passive,1,384,55,11756.7171,55.0342,84.7241,48.3789,13547.4812,302.3333,1141.1869,0.0055,0.6,50.0
train,passive,4,640,100,16634.7176,99.9916,32.6255,31.9318,20968.523,302.3333,9.2148,0.0141,0.0,50.0
train,passive,2,896,80,14449.8683,79.9405,60.5202,30.0798,14868.7995,302.3333,89.8952,0.1055,0.2663,50.0
train,passive,1,640,25,8522.393,24.9791,78.693,29.9491,10043.1947,294.504,595.711,0.0,1.0,50.0
train,passive,2,1024,45,10629.0303,44.9625,55.921,29.2414,11640.8465,299.0277,32.5966,0.0038,0.7333,50.0
train,passive,1,512,45,10690.7871,44.9915,81.8911,31.3476,12730.5483,291.2776,549.0472,0.0036,0.7333,50.0
train,passive,3,384,50,11197.4723,50.0145,42.473,50.3603,12368.2121,302.3333,0.0,14.4376,0.663,50.0
train,passive,3,1024,45,10648.3375,44.9745,43.7277,29.2313,14351.7232,302.3333,8.1174,0.7485,0.7309,50.0
train,passive,1,256,100,16654.2667,100.258,91.5333,63.6335,13240.4222,300.7778,3136.8667,0.0142,0.0,50.0
train,passive,1,384,65,12845.6602,65.0605,86.1167,48.1605,15507.2147,302.3333,1267.3003,0.0074,0.4667,50.0
train,passive,1,640,75,13927.4037,74.9815,81.9823,30.7922,17253.8184,291.1818,444.4096,0.0091,0.3333,50.0
train,passive,2,768,95,16093.9032,94.9365,62.117,30.3125,17335.0216,302.3333,68.258,0.0608,0.0665,50.0
train,passive,2,512,50,11208.4391,50.0332,58.4876,30.7723,12304.6387,292.237,0.0,0.9548,0.6627,50.0
train,passive,3,768,60,12278.1197,59.9829,45.1324,32.1916,15946.5504,302.3333,8.0662,0.5429,0.532,50.0
train,passive,3,1024,55,11737.8002,54.963,44.3999,29.7394,14897.4623,290.5238,0.0,0.615,0.598,50.0
train,passive,1,384,55,11757.42,55.0352,85.1343,48.2893,15306.6763,302.3333,1136.3736,0.0055,0.6,50.0
test,passive,2,512,100,16607.4889,100.0457,55.3444,30.9627,16631.2,302.0667,10.4889,0.0144,0.0,50.0
train,passive,1,768,45,10674.9775,44.9694,77.8419,29.5706,11758.525,287.1153,526.6583,0.0037,0.7333,50.0
train,passive,4,256,55,11799.1033,54.9901,32.2658,67.4917,12030.2422,302.3333,0.0,0.0057,0.6,50.0
train,passive,1,384,40,10132.1584,40.034,83.8962,49.0213,11074.7802,290.1303,947.5807,0.0028,0.8,50.0
train,passive,2,768,45,10646.0902,44.9974,57.325,29.8765,13008.14,302.3333,15.341,0.5264,0.7312,50.0
train,passive,4,512,80,14455.7726,80.008,30.4541,32.8826,18997.8168,302.3333,0.0,0.0386,0.2662,50.0
train,passive,3,512,35,9550.7207,34.9909,40.3153,32.9022,10609.1191,302.3333,0.0,0.8648,0.8652,50.0
train,passive,2,640,60,12291.9696,60.0174,59.2157,30.6799,12273.8874,286.0659,17.3627,0.5767,0.531,50.0
train,passive,4,640,45,10644.0737,45.0024,29.3075,32.6258,13166.5169,289.9593,0.0,0.0786,0.7323,50.0
train,passive,2,768,70,13367.3637,69.967,59.8832,30.2785,13537.1239,299.0361,65.4062,0.2936,0.3988,50.0
train,passive,4,896,25,8467.4043,25.0123,28.9871,31.9099,9543.8357,302.3333,0.0,0.0946,0.999,50.0
test,passive,2,256,100,16664.9778,100.3676,53.1111,64.4096,22206.9111,298.1556,4.3556,0.0141,0.0,50.0
train,passive,4,896,60,12276.1785,59.9659,30.0519,31.1794,13310.6867,302.3333,0.0,0.0571,0.5328,50.0
train,passive,3,256,80,14477.7035,80.097,50.1903,66.204,14860.5022,302.3333,0.0,11.2911,0.2662,50.0
train,passive,2,896,90,15538.4639,89.9251,60.7411,30.2673,15033.5692,296.0649,97.4753,0.0599,0.1331,50.0
train,passive,2,896,85,14995.7808,84.9369,60.6071,30.1694,15527.7727,296.8306,86.4043,0.0827,0.1997,50.0
train,passive,4,640,70,13365.3929,69.9984,31.0552,32.5459,16977.2081,302.3333,0.4892,0.0493,0.3994,50.0
train,passive,4,512,80,14454.0093,80.0115,30.984,32.8911,17933.6568,285.3718,9.8362,0.0385,0.2662,50.0
train,passive,2,256,30,9140.275,29.9998,57.9773,66.6533,8482.9333,271.1035,0.0,7.818,0.931,50.0
train,passive,2,768,55,11737.7027,55.0151,58.4349,30.7235,11346.1662,286.2792,24.0567,0.4332,0.5982,50.0
train,passive,4,896,65,12822.6756,64.9778,31.0318,31.3707,14065.5546,302.3333,0.0,0.0517,0.4662,50.0
train,passive,4,1024,55,11739.8058,54.9977,31.4264,30.9413,11580.2623,300.6599,4.3241,0.0601,0.5995,50.0
train,passive,1,1024,90,15552.1725,90.0278,83.5505,27.9324,14051.4344,286.8028,715.155,0.0121,0.1333,50.0
train,passive,4,768,90,15540.3904,89.98,33.569,31.9623,18493.0164,302.3333,36.0712,0.0254,0.1332,50.0
train,passive,3,256,40,10118.013,40.0054,40.0954,67.4199,10372.7818,302.3333,0.0,33.8452,0.7919,50.0
train,passive,1,1024,60,12287.9274,59.9908,79.0356,28.305,13444.5924,302.3333,586.8093,0.0065,0.5333,50.0
train,passive,3,384,60,12291.6223,60.0421,45.0377,50.4648,13950.4499,302.3333,0.8098,11.5529,0.5307,50.0
train,passive,1,384,70,13387.4471,70.0654,84.5327,48.3152,12988.3048,278.038,1317.0215,0.0083,0.4,50.0
train,passive,3,512,40,10103.3671,40.0296,41.8273,33.482,10240.1209,291.0631,1.5063,0.7993,0.7986,50.0
train,passive,2,256,70,13414.3856,69.9632,63.9229,65.4289,12793.7336,294.341,0.0,3.3585,0.399,50.0
train,passive,4,256,25,8588.3093,25.0518,31.3672,68.1654,8482.9333,288.2878,0.0,0.0,1.0,50.0
train,passive,3,384,50,11196.0777,50.0151,42.8645,50.3959,11506.6015,297.316,23.2272,14.4376,0.663,50.0
train,passive,3,896,90,15541.2832,89.8975,48.7488,31.5128,21322.944,302.3333,29.6434,0.1471,0.1329,50.0
train,passive,2,384,40,10163.5065,40.0209,58.9233,48.6647,10591.4373,293.8731,0.0,3.9231,0.7966,50.0
train,passive,2,1024,65,12804.1928,64.9305,57.5498,29.6481,12341.2294,298.0908,78.1522,0.0077,0.4667,50.0
train,passive,1,896,50,11207.3715,49.9775,78.3329,29.1116,13000.5425,302.3333,538.4234,0.0046,0.6667,50.0
train,passive,1,896,60,12293.5854,59.9849,79.7566,28.93,14354.8758,299.188,555.8654,0.0064,0.5333,50.0
train,passive,4,384,100,16623.397,99.944,32.2001,49.2943,19833.5856,302.3333,0.0,0.0142,0.0,50.0
train,passive,4,640,75,13912.9731,75.0104,30.9027,32.5761,16013.0713,282.1715,0.0,0.0434,0.3328,50.0
train,passive,2,384,90,15561.616,89.9675,64.6143,47.8234,16752.2421,302.3333,0.0,0.6655,0.1328,50.0
train,passive,3,640,35,9556.8862,35.0229,41.3896,32.4518,9708.0787,285.646,1.0334,0.869,0.8648,50.0
train,passive,3,512,60,12280.4207,60.0011,42.4395,33.7933,13572.4109,285.3188,0.0,0.5377,0.5324,50.0
train,passive,2,1024,30,8995.0806,29.9751,54.5852,28.8104,11606.0543,302.3333,0.0,0.001,0.9333,50.0
train,passive,3,768,90,15549.1221,89.9482,47.3681,32.8535,20044.3868,296.3966,0.0,0.1464,0.133,50.0
train,passive,1,512,90,15547.6484,89.9813,84.6313,32.3119,21754.5736,302.3333,317.6831,0.0117,0.1333,50.0
train,passive,1,640,65,12845.3267,64.9961,81.9892,31.2278,15587.1366,302.3333,473.925,0.0073,0.4667,50.0
train,passive,1,768,65,12840.5377,64.9928,81.2103,30.1179,14928.2366,302.3333,521.5324,0.0073,0.4667,50.0
train,passive,3,640,25,8467.5771,25.0287,39.9918,32.1415,8482.9333,282.5585,0.0,1.0006,0.9979,50.0
train,passive,2,1024,70,13351.3326,69.9566,59.5244,30.4636,13577.2474,302.3333,85.0806,0.0086,0.4,50.0
train,passive,3,1024,60,12273.8201,59.9205,45.2534,29.5239,16754.5831,302.3333,23.4693,0.5483,0.5316,50.0
train,passive,3,512,70,13372.0527,70.0273,45.2678,34.5923,15904.5038,290.672,0.0,0.4067,0.3993,50.0
train,passive,4,768,45,10646.446,44.9985,30.0715,31.9329,12780.4795,302.3333,1.9501,0.0758,0.7324,50.0
train,passive,1,640,100,16627.9061,99.9912,85.1732,31.4428,22129.8033,302.3333,381.74,0.0136,0.0,50.0
train,passive,4,1024,45,10647.686,44.9915,30.3783,30.857,11650.9596,302.3333,0.0,0.0704,0.7327,50.0
train,passive,2,768,100,16638.0042,99.9401,63.0263,30.6817,16712.3277,302.3333,86.5955,0.0142,0.0,50.0
train,passive,1,384,25,8500.4444,24.9782,82.3112,48.6467,10927.1754,302.3333,760.0925,0.0,1.0,50.0
train,passive,3,1024,100,16634.7421,99.8602,48.8714,30.9615,22020.2513,302.3333,0.0,0.0143,0.0,50.0
train,passive,1,768,75,13923.3515,74.9809,80.9423,29.809,14850.9138,287.4015,512.8853,0.0092,0.3333,50.0
train,passive,1,768,30,9049.2507,29.9511,76.3301,29.1381,11371.9968,294.0445,534.4367,0.0009,0.9333,50.0
train,passive,4,512,65,12818.3845,64.9794,29.6666,32.4044,18571.0597,302.3333,0.0,0.0569,0.4659,50.0
train,passive,3,256,50,11205.6463,50.0143,42.2206,66.8945,11836.9329,302.3333,0.0,28.2067,0.6604,50.0
train,passive,2,896,35,9548.7006,35.0015,55.2897,29.7928,9664.061,295.0991,6.9014,0.3107,0.8654,50.0
train,passive,4,384,90,15545.7244,89.9551,31.2546,49.3945,17561.0465,296.8348,0.0,0.0194,0.1332,50.0
train,passive,2,640,90,15557.6786,89.9497,61.4709,30.256,16743.9257,302.3333,29.5066,0.1548,0.1327,50.0
train,passive,2,896,50,11178.3546,49.968,57.225,29.7472,11838.6438,302.3333,46.7596,0.2423,0.6657,50.0
train,passive,3,512,99999,18969.6359,126.9637,48.8871,32.5162,20325.1342,302.3333,0.0,0.0016,0.0,50.0
train,passive,4,512,90,15538.0785,89.988,32.0285,32.3926,21017.0972,302.3333,33.7277,0.0263,0.1331,50.0
train,passive,3,256,60,12296.4881,60.0476,45.4216,66.7212,12901.7522,302.3333,9.6427,22.5682,0.529,50.0
train,passive,1,896,80,14461.8599,79.9907,81.9831,28.8558,15447.604,302.3333,592.7834,0.0102,0.2667,50.0
train,passive,1,256,95,16111.1614,95.2664,91.3213,64.4576,11870.5485,287.844,2977.9805,0.0132,0.0667,50.0
train,passive,1,1024,35,9568.6988,34.9394,73.208,28.0327,10412.6451,285.7947,482.7766,0.0019,0.8667,50.0
train,passive,4,640,85,14998.3588,84.9879,32.3813,32.0347,19122.5667,302.3333,26.7,0.0317,0.1997,50.0
train,passive,1,768,30,9045.8241,29.9459,77.5176,29.1003,13312.7296,302.3333,549.4303,0.0009,0.9333,50.0
train,passive,3,896,35,9556.7545,34.9872,41.7462,29.8399,12460.5074,302.3333,0.0,0.8777,0.8642,50.0
train,passive,1,256,100,16656.723,100.259,91.3921,63.4691,12915.3214,299.2747,3137.3434,0.0142,0.0,50.0
train,passive,4,256,100,16626.3934,99.9332,32.9998,66.5909,15147.7252,283.0796,0.0,0.0142,0.0,50.0
train,passive,4,384,35,9608.078,35.0139,30.7048,50.3174,11641.2206,302.3333,5.1334,0.0477,0.8659,50.0
train,passive,3,1024,55,11740.027,54.9742,44.6008,29.8505,14186.2524,284.4934,0.0,0.615,0.598,50.0
train,passive,1,512,85,15008.0832,84.9837,83.6721,32.3256,18988.28,298.2749,344.1085,0.0108,0.2,50.0
train,passive,1,640,65,12845.4361,64.9911,82.1373,30.9147,15407.5404,297.7825,486.7633,0.0072,0.4667,50.0
train,passive,1,384,30,9046.1013,29.9939,82.1999,48.5722,9761.7028,284.8893,829.7359,0.0009,0.9333,50.0
train,passive,1,512,65,12846.1168,64.9737,82.5587,31.7664,16790.7096,302.3333,439.6999,0.0072,0.4667,50.0
train,passive,4,256,35,9660.0423,35.0152,30.9546,67.4076,10546.6377,295.4965,0.0,0.0019,0.8667,50.0
train,passive,4,512,40,10097.8499,40.0066,28.5352,33.3793,12051.2297,282.2214,0.0,0.0874,0.7986,50.0
train,passive,3,512,55,11730.6652,54.9941,42.9645,33.6588,14274.7915,302.3333,2.4079,0.6031,0.599,50.0
train,passive,1,896,99999,19007.2676,127.1361,94.3560,29.2191,13921.7523,208.6875,3768.9139,0.0015,0.0,50.0
train,passive,3,896,50,11187.6102,49.9565,43.2131,30.2722,14756.7317,302.3333,1.7322,0.6785,0.6647,50.0
train,passive,4,896,35,9555.1345,34.9894,28.9921,31.3634,9782.2726,293.0215,7.6301,0.0838,0.8658,50.0
train,passive,2,512,75,13935.6513,74.9959,60.0622,30.5001,14169.0177,291.1042,0.0,0.4845,0.3314,50.0
train,passive,4,1024,35,9554.2412,34.9779,28.9886,30.6614,9916.5827,302.3333,0.0,0.0806,0.866,50.0
train,passive,3,768,99999,18968.6774,126.9733,50.8327,32.6527,18527.6917,298.939,27.1347,0.0015,0.0,50.0
train,passive,4,896,100,16639.8858,99.9771,34.1144,31.2389,19764.1386,302.3333,0.0,0.0142,0.0,50.0
train,passive,2,896,35,9549.1873,35.0042,55.2156,29.7604,8953.1633,282.874,11.0127,0.3107,0.8654,50.0
train,passive,2,256,70,13409.2976,69.9318,63.2914,64.9706,13786.5391,302.3333,0.0,3.3585,0.399,50.0
train,passive,4,1024,70,13371.7434,69.9802,31.3984,31.0196,12560.833,289.1975,0.0,0.0449,0.3997,50.0
train,passive,2,896,95,16085.4029,94.9289,61.3482,30.4355,15134.3695,288.5935,105.1268,0.0371,0.0666,50.0
train,passive,3,640,65,12828.2693,64.9995,45.3327,32.9812,16491.6865,302.3333,4.8803,0.4745,0.4657,50.0
train,passive,2,256,25,8606.0386,24.9842,58.1683,66.1409,9002.4031,302.3333,6.0162,8.3755,0.9975,50.0
train,passive,1,256,30,9020.8719,30.0276,84.8104,67.0516,9936.202,292.7958,1024.7571,0.001,0.9333,50.0
train,passive,1,768,95,16087.4786,94.9958,84.2279,30.1907,18218.0194,302.3333,511.0827,0.0128,0.0667,50.0
train,passive,3,640,99999,18974.3052,126.9911,49.1186,32.8321,16495.537,265.6453,1.3591,0.0015,0.0,50.0
train,passive,1,768,25,8509.5643,24.9555,76.945,29.0041,11191.2778,302.3333,554.1618,0.0,1.0,50.0
train,passive,2,256,99999,19135.3893,128.1822,71.5652,66.2074,24406.6871,292.5093,12.2599,0.0015,0.0,50.0
train,passive,4,768,60,12279.4841,59.9812,30.7603,31.4822,17208.0875,302.3333,0.0,0.059,0.5327,50.0
train,passive,3,256,95,16108.8169,95.1192,53.2713,65.6058,15165.0604,290.1029,6.9857,2.8333,0.069,50.0
train,passive,1,768,80,14460.8563,79.993,83.8848,30.1751,16865.838,302.3333,548.6825,0.01,0.2667,50.0
train,passive,3,256,55,11752.6866,55.0399,44.2076,66.8999,12499.9878,302.3333,5.7961,25.3874,0.5947,50.0
train,passive,1,1024,65,12834.4954,65.0048,79.9886,28.15,12858.2412,294.6808,614.1838,0.0074,0.4667,50.0
train,passive,2,256,75,13947.6839,74.9362,64.5431,64.6482,16237.5144,302.3333,0.0,2.801,0.3325,50.0
train,passive,3,640,85,15005.4836,84.9798,47.2293,33.5363,21500.6411,302.3333,0.0,0.2115,0.1996,50.0
train,passive,3,512,99999,18973.0847,126.9827,49.3067,32.7502,20055.4427,301.8663,0.0,0.0016,0.0,50.0
train,passive,1,896,45,10666.4747,44.9861,77.4093,29.2876,10859.07,278.3703,529.6084,0.0036,0.7333,50.0
train,passive,1,512,70,13388.4267,69.9885,83.4371,32.1247,18641.4215,302.3333,406.3709,0.0081,0.4,50.0
train,passive,4,640,85,15001.3612,84.9824,31.6144,31.7232,21626.1579,302.3333,0.0,0.0317,0.1997,50.0
train,passive,1,896,90,15549.4422,90.024,84.598,29.3264,16599.579,302.3333,617.5228,0.012,0.1333,50.0
train,passive,3,384,25,8476.5173,25.0145,38.6987,50.8749,8743.3869,302.3333,0.0,21.6493,0.9936,50.0
train,passive,1,384,30,9041.7696,29.9794,82.3844,48.4665,11164.1131,302.3333,824.1736,0.001,0.9333,50.0
train,passive,4,256,30,9123.0465,30.0497,32.0349,68.2152,9491.1974,302.3333,0.0,0.0009,0.9333,50.0
train,passive,4,384,75,13924.0059,74.9727,32.3622,49.7133,17762.1412,302.3333,11.0044,0.0271,0.3331,50.0
train,passive,1,512,30,9069.2181,29.9617,80.2935,30.345,11739.7695,302.3333,615.8545,0.0009,0.9333,50.0
train,passive,3,640,65,12825.2955,65.0009,44.8698,33.2907,15479.3612,292.8784,2.0069,0.4745,0.4657,50.0
train,passive,1,256,90,15564.488,90.2284,90.6913,64.1208,13071.7219,296.3663,2832.1365,0.0123,0.1333,50.0
train,passive,1,512,70,13389.8003,69.9923,83.2784,32.0375,16729.7874,296.8831,420.431,0.0081,0.4,50.0
train,passive,2,512,100,16663.5286,99.9808,62.9708,30.6418,16004.9671,293.5386,1.6759,0.0141,0.0,50.0
train,passive,3,896,100,16637.2853,99.9043,48.8971,32.0137,21638.2577,287.5392,0.0,0.0143,0.0,50.0
train,passive,2,1024,80,14437.6591,79.93,60.7103,30.271,14486.737,302.3333,128.2166,0.0105,0.2667,50.0
train,passive,4,768,55,11737.2774,54.995,30.8065,31.6545,14101.3747,302.3333,8.3814,0.0646,0.5992,50.0
train,passive,3,256,30,9029.9928,29.9935,38.835,67.7489,11219.8223,302.3333,6.4338,39.4837,0.9233,50.0
train,passive,3,768,50,11192.6923,49.982,42.6721,31.2977,14376.4057,295.0658,0.0,0.6751,0.665,50.0
train,passive,1,384,100,16636.5587,100.1078,87.7831,48.1607,17610.0121,302.3333,1701.6235,0.0139,0.0,50.0
train,passive,1,512,25,8529.9026,24.9743,81.0811,30.4138,10898.3279,302.3333,662.6872,0.0,1.0,50.0
train,passive,4,1024,75,13910.7355,74.981,33.5273,31.3531,13646.5053,302.0716,31.2514,0.0397,0.3331,50.0
train,passive,3,384,35,9566.336,35.0165,40.1586,50.5292,9979.8166,295.99,0.0,18.7646,0.8614,50.0
train,passive,3,384,80,14470.0499,80.0538,48.3572,50.2677,16737.157,302.3333,4.2012,5.7835,0.2662,50.0
train,passive,2,512,60,12300.1514,60.0174,59.6086,30.503,14947.8288,301.2506,0.0,0.7667,0.5302,50.0
train,passive,2,640,80,14463.8386,79.9682,61.9533,30.5362,15285.4926,302.3333,65.2963,0.2954,0.2655,50.0
train,passive,4,1024,85,15004.9024,84.9788,33.648,31.195,15139.1903,302.3333,7.8152,0.0295,0.1998,50.0
train,passive,2,640,90,15563.0456,89.9953,61.9175,31.1384,13882.3971,275.6021,27.4939,0.1547,0.1327,50.0
train,passive,2,1024,70,13351.1982,69.9367,59.2278,29.7614,14991.9658,302.3333,87.0523,0.0086,0.4,50.0
train,passive,1,256,45,10652.9651,45.0602,86.3205,66.0415,11394.2487,302.3333,1484.5837,0.0038,0.7333,50.0
train,passive,3,640,70,13371.2498,70.0061,45.2585,33.6058,15612.4172,283.2142,0.0,0.4087,0.3992,50.0
train,passive,2,512,99999,18972.841,126.9512,64.9195,30.8301,17120.7125,277.4351,0.0,0.0014,0.0,50.0
train,passive,2,1024,95,16070.3202,94.9117,62.5909,30.5434,16102.9583,302.3333,166.3425,0.0133,0.0667,50.0
train,passive,4,640,100,16630.569,99.9872,33.0559,32.0847,21039.6391,302.3333,24.4778,0.0141,0.0,50.0
train,passive,3,896,60,12278.1202,59.95,45.1811,30.585,17406.2388,302.3333,9.545,0.5456,0.5318,50.0
train,passive,2,1024,55,11716.4601,54.9465,56.4152,29.4987,11032.4345,292.9552,56.8242,0.0057,0.6,50.0
train,passive,4,256,99999,19025.5917,127.4531,38.4668,66.773,19242.8976,302.3333,6.3738,0.0016,0.0,50.0
train,passive,1,640,40,10135.5703,39.9572,80.207,30.131,12979.2407,302.3333,576.0301,0.0027,0.8,50.0
train,passive,3,512,25,8460.5537,24.9994,40.3919,32.651,9784.773,302.3333,17.933,0.9956,0.9983,50.0
train,passive,4,768,35,9551.4475,34.9798,28.7891,31.8561,11405.1115,302.3333,3.3834,0.0871,0.8656,50.0
train,passive,1,640,25,8521.6583,24.9871,78.5921,30.3045,9602.2816,287.9346,588.143,0.0,1.0,50.0
train,passive,3,896,25,8471.6449,25.0203,40.2557,29.8213,9455.6988,286.5148,0.0,1.0105,0.9971,50.0
train,passive,2,256,75,13949.7971,74.949,64.8379,64.8348,14421.5854,302.3333,2.8296,2.801,0.3325,50.0
train,passive,2,256,95,16088.441,94.9332,67.7229,64.1392,17751.0171,302.3333,0.0,0.5712,0.0665,50.0
train,passive,1,512,100,16623.485,99.9956,85.1259,33.3052,20587.0155,290.2309,278.6739,0.0135,0.0,50.0
train,passive,3,256,85,15023.238,85.0941,50.8111,65.5231,14847.2618,302.3333,4.6485,8.4719,0.2004,50.0
train,passive,2,384,90,15559.0251,89.9565,64.6977,47.5824,15883.6568,302.3333,14.0757,0.6655,0.1328,50.0
train,passive,2,1024,30,8994.6819,29.9905,54.3094,29.3386,8482.9333,289.0221,7.7958,0.0009,0.9333,50.0
train,passive,2,896,40,10095.0451,39.9976,56.5661,29.6092,10575.5655,302.2442,28.6998,0.2879,0.7988,50.0
train,passive,4,768,45,10646.7225,45.0072,29.7902,32.1449,11509.1255,289.5122,0.0,0.0758,0.7324,50.0
train,passive,3,256,40,10121.7221,40.0244,40.7223,67.6493,10289.9748,302.3333,0.0,33.8452,0.7919,50.0
train,passive,2,512,30,9030.1413,30.0756,57.1125,31.101,10007.6546,279.0647,0.0,1.3311,0.9278,50.0
train,passive,4,1024,30,9009.7592,29.99,29.4986,30.7863,9221.0851,302.3333,15.942,0.0857,0.9326,50.0
train,passive,4,1024,60,12282.6804,59.9897,30.9335,31.056,11477.5397,288.1685,0.0,0.0551,0.5329,50.0
train,passive,4,256,25,8582.0067,25.0244,31.5411,67.8351,8820.6423,302.3333,15.2532,0.0,1.0,50.0
train,passive,2,1024,99999,18951.9962,126.7087,55.1915,27.9971,11633.4081,198.4889,12.6288,0.0016,0.0,50.0
train,passive,4,1024,85,15005.4354,84.9858,33.541,31.445,15151.213,302.3333,0.0,0.0295,0.1998,50.0
train,passive,4,384,95,16089.7938,94.9635,31.7284,49.3278,18768.024,290.1233,0.0,0.0168,0.0666,50.0
train,passive,4,768,70,13366.1384,69.9903,31.4907,31.9815,15385.0205,299.4998,11.1708,0.0478,0.3995,50.0
train,passive,1,512,95,16086.6789,94.9992,84.2603,33.1154,19367.9245,281.5819,289.8915,0.0126,0.0667,50.0
train,passive,4,256,75,13945.6602,74.978,33.3001,67.2709,14310.7833,292.9412,0.0,0.0094,0.3333,50.0
train,passive,2,384,35,9621.6583,35.0028,58.1448,48.1981,11674.7883,302.3333,0.0,4.2488,0.863,50.0
train,passive,4,896,30,9012.9021,29.9968,28.256,31.39,8831.1294,285.7723,0.0,0.0892,0.9324,50.0
train,passive,3,896,95,16091.9702,94.9112,48.4632,31.9686,20951.9865,297.1626,0.0,0.0807,0.0665,50.0
train,passive,2,256,35,9669.6137,34.9779,59.4719,66.2899,8993.9791,295.6707,15.6914,7.2606,0.8645,50.0
train,passive,1,384,40,10132.2004,40.0245,83.9161,48.6958,11559.5408,296.4765,953.8301,0.0028,0.8,50.0
train,passive,4,1024,70,13368.298,69.9677,31.8142,30.8665,14223.0575,302.3333,0.0,0.0449,0.3997,50.0
train,passive,1,384,95,16093.9014,95.1076,88.784,48.2759,17297.9022,302.3333,1669.8714,0.0129,0.0667,50.0
train,passive,4,256,90,15551.3092,89.9498,33.8937,67.0042,16209.6633,302.3333,0.0,0.0123,0.1333,50.0
train,passive,1,256,35,9567.7214,35.0549,85.9692,66.8047,9705.4763,286.0648,1187.6385,0.0019,0.8667,50.0
train,passive,4,384,60,12307.47,59.9983,30.6998,50.2071,13240.9177,286.1463,0.0,0.0348,0.5329,50.0
train,passive,1,768,35,9588.0857,34.9572,77.5157,29.5007,12135.7517,302.3333,536.6489,0.0018,0.8667,50.0
train,passive,2,512,100,16655.5795,99.9621,63.7041,30.6522,16951.9272,302.3333,30.3831,0.0141,0.0,50.0
train,passive,1,512,70,13389.4264,69.978,82.2129,31.7755,16764.8282,289.8717,409.5385,0.0081,0.4,50.0
train,passive,1,256,95,16110.4814,95.2527,90.9464,64.0799,11963.3904,286.0689,2983.3631,0.0132,0.0667,50.0
train,passive,3,640,45,10643.4197,45.0064,42.9437,32.6421,12155.961,297.5155,16.0901,0.7375,0.7318,50.0
train,passive,2,768,100,16635.7531,99.9257,62.6033,30.4495,16824.6938,302.3333,86.4397,0.0142,0.0,50.0
train,passive,3,512,55,11735.633,55.0164,43.3634,33.8806,14207.3546,297.6735,0.0,0.603,0.599,50.0
train,passive,2,1024,50,11174.5266,49.9818,56.7887,29.9535,9744.4778,280.3228,49.2305,0.0047,0.6667,50.0
train,passive,2,896,30,9003.9538,30.0155,55.2172,29.8826,8999.556,291.5257,3.3179,0.3335,0.932,50.0
train,passive,3,640,45,10643.7936,44.997,42.3461,32.4126,12143.7652,297.0078,11.7202,0.7376,0.7318,50.0
train,passive,1,384,80,14466.3818,80.0713,86.1525,48.2775,15552.6643,302.3333,1449.7799,0.0102,0.2667,50.0
train,passive,2,256,75,13947.2656,74.9391,64.4517,64.7892,14234.5537,302.3333,1.6488,2.801,0.3325,50.0
train,passive,2,768,85,15000.6123,84.9473,61.6543,30.4157,15456.925,302.3333,82.8326,0.1539,0.1994,50.0
train,passive,4,1024,70,13365.0393,69.9728,33.2588,31.0838,14339.1788,302.3333,31.8975,0.0448,0.3997,50.0
train,passive,1,256,30,9020.3186,30.0321,85.7173,67.1432,10923.1865,302.3333,1030.9129,0.0009,0.9333,50.0
train,passive,3,256,90,15560.577,90.0802,51.3468,65.3038,15860.4385,302.3333,0.0,5.6527,0.1347,50.0
train,passive,2,512,30,9022.2978,30.0452,58.1583,30.6988,11943.2738,302.3333,36.5529,1.3311,0.9278,50.0
train,passive,1,512,70,13388.9109,69.9942,83.0829,32.1922,16350.6348,289.7331,417.0088,0.0081,0.4,50.0
train,passive,3,256,100,16655.2252,100.1302,53.874,65.3884,15135.1236,281.1869,0.0,0.0141,0.0033,50.0
train,passive,4,384,100,16628.5668,99.9771,33.0741,49.8352,19443.4776,302.3333,0.0,0.0141,0.0,50.0
train,passive,1,512,45,10691.1964,44.9768,81.6398,30.9222,14636.3343,302.3333,537.9003,0.0036,0.7333,50.0
train,passive,3,1024,95,16090.2101,94.8495,48.5226,30.0401,24294.6957,302.3333,0.0,0.081,0.0664,50.0
train,passive,4,384,85,15008.0369,84.9824,32.0986,49.9431,17325.0104,301.1384,0.0,0.0219,0.1998,50.0
train,passive,2,512,50,11210.8727,50.0525,58.6257,31.1143,11126.5944,275.4575,0.0,0.9548,0.6627,50.0
train,passive,3,640,30,9009.5378,29.9968,40.4735,31.6883,11306.202,302.3333,0.0,0.9348,0.9314,50.0
train,passive,4,896,40,10095.7599,39.976,29.6665,31.2932,11291.5489,302.3333,13.7955,0.0785,0.7992,50.0
train,passive,4,896,45,10640.1536,44.9631,29.1095,31.092,11996.6686,302.3333,0.0,0.0732,0.7326,50.0
train,passive,2,384,45,10703.0169,45.0011,60.0355,48.0427,12073.5508,302.3333,16.4615,3.5973,0.7303,50.0
train,passive,4,256,25,8588.1914,25.0376,30.4838,67.8952,8482.9333,288.9782,0.0,0.0,1.0,50.0
train,passive,4,896,75,13909.0196,74.9778,33.0178,31.5309,15375.0322,302.3333,33.0482,0.041,0.333,50.0
train,passive,2,512,70,13392.5502,70.0029,58.7753,30.4814,12670.3166,276.4765,0.0,0.5786,0.3976,50.0
train,passive,3,640,25,8462.4489,25.0088,40.757,31.875,9173.4379,302.3333,22.5146,1.0006,0.9979,50.0
train,passive,1,896,85,15007.2552,85.0084,82.927,29.0145,15522.4478,295.4562,602.2927,0.0111,0.2,50.0
train,passive,1,768,40,10134.1191,39.9811,77.6713,29.7935,10413.1243,274.9992,531.7343,0.0027,0.8,50.0
train,passive,3,384,55,11743.2465,55.0198,44.0299,50.1719,14836.5431,302.3333,1.1688,12.9952,0.5968,50.0
train,passive,1,896,40,10123.2131,39.9819,76.9016,29.4176,11162.3352,291.864,515.2235,0.0027,0.8,50.0
train,passive,1,384,80,14472.2697,80.1023,86.2477,48.7066,13760.1109,276.3868,1446.3669,0.0101,0.2667,50.0
train,passive,2,896,100,16626.0923,99.9117,62.2774,30.4331,16748.984,302.3333,117.2256,0.0143,0.0,50.0
train,passive,4,384,95,16084.4349,94.9684,33.3213,49.7519,19026.226,302.3333,17.3055,0.0167,0.0666,50.0
train,passive,3,1024,90,15545.9903,89.881,48.2399,30.649,21571.5844,302.3333,0.0,0.1478,0.1329,50.0
train,passive,4,768,75,13912.1477,74.9954,31.6399,32.1749,16550.3741,302.3333,0.0,0.0422,0.3329,50.0
train,passive,3,256,50,11209.2917,50.0413,43.0399,67.3805,11374.6256,302.3333,0.0,28.2067,0.6604,50.0
train,passive,2,896,75,13906.5902,74.9505,59.1561,30.1326,13138.4386,287.5404,73.2281,0.1283,0.3328,50.0
train,passive,2,512,30,9025.1964,30.04,56.7082,30.5101,11853.6138,302.3333,0.0,1.3311,0.9278,50.0
train,passive,2,256,80,14483.6123,79.9428,64.5067,64.7997,13643.9476,290.0265,0.0,2.2436,0.266,50.0
train,passive,3,640,80,14457.6029,79.9917,47.0466,33.8434,18046.3785,294.931,16.0911,0.2772,0.2661,50.0
train,passive,4,512,75,13911.2956,75.0,30.5645,32.5221,18464.9759,302.1588,2.5476,0.0446,0.3328,50.0
train,passive,4,256,65,12875.695,64.9782,30.9864,67.1355,10696.3331,271.9414,0.0,0.0076,0.4667,50.0
train,passive,3,1024,25,8474.4467,25.021,40.97,28.6665,10657.5509,295.8302,0.0,1.0155,0.9967,50.0
train,passive,3,640,30,9011.6889,30.0063,39.9486,31.8648,9076.4587,288.919,0.0,0.9348,0.9314,50.0
train,passive,2,640,75,13926.4446,74.9868,59.9014,30.4972,13575.1871,286.3878,21.6463,0.3657,0.3319,50.0
train,passive,4,384,99999,18995.2609,127.2148,38.6992,50.3213,22476.1364,302.3333,6.2368,0.0016,0.0,50.0
train,passive,2,768,99999,18955.0585,126.8113,60.9068,29.3467,16031.7519,260.0684,20.0623,0.0015,0.0,50.0
train,passive,1,768,95,16089.3747,95.0065,85.1625,30.2413,19522.0939,302.3333,515.7593,0.0128,0.0667,50.0
train,passive,1,1024,95,16096.4212,95.0458,85.5271,28.1072,16514.0678,302.3333,725.8307,0.013,0.0667,50.0
train,passive,1,384,35,9586.0724,34.9991,83.008,48.5867,11341.8038,301.5285,887.6156,0.0019,0.8667,50.0
train,passive,1,512,75,13927.552,74.9795,83.5164,31.9831,19583.4208,302.3333,385.4188,0.009,0.3333,50.0
train,passive,2,640,50,11200.4416,50.0135,58.5616,30.2752,12774.65,302.3333,21.0859,0.7173,0.6637,50.0
train,passive,4,640,80,14451.9545,79.9824,31.3563,32.1347,17541.7647,298.7807,23.9518,0.0376,0.2663,50.0
train,passive,4,512,60,12273.3875,59.9853,30.0148,32.6148,17716.7169,302.3333,5.4654,0.063,0.5324,50.0
train,passive,2,384,30,9083.1526,30.0318,58.1666,49.0003,10751.5281,302.3333,0.0,4.5746,0.9294,50.0
train,passive,2,768,85,15001.8696,84.9522,61.6952,30.4624,15375.002,302.3333,80.7625,0.1539,0.1994,50.0
train,passive,4,768,95,16092.6907,94.9834,32.1826,31.6583,18726.1959,294.6443,0.0,0.0198,0.0666,50.0
train,passive,1,640,40,10145.1245,39.9769,80.3928,29.936,13044.1328,302.3333,562.5448,0.0027,0.8,50.0
train,passive,4,896,95,16093.6361,94.9897,33.7398,31.8167,18338.0027,302.3333,0.0,0.0195,0.0666,50.0
train,passive,3,768,30,9014.4465,30.0244,41.115,31.2166,9877.6654,286.9227,0.0,0.9394,0.931,50.0
train,passive,4,768,65,12826.3966,65.0126,31.0131,32.2448,13453.5913,281.7288,0.0,0.0534,0.4661,50.0
train,passive,3,768,30,9016.5939,30.0249,41.5099,31.006,10064.0871,297.211,3.4529,0.9394,0.931,50.0
train,passive,2,896,60,12273.1655,59.9676,58.6984,29.722,13836.3318,302.3333,54.9277,0.1967,0.5325,50.0
train,passive,3,384,35,9564.4515,34.9987,39.1919,50.2666,9403.4494,295.966,0.0,18.7646,0.8614,50.0
train,passive,1,384,85,15011.344,85.1006,87.4109,48.6313,16227.5232,302.3333,1516.3109,0.0111,0.2,50.0
train,passive,1,768,60,12298.3652,60.0005,81.0035,30.2732,12987.1332,283.2292,538.4039,0.0064,0.5333,50.0
train,passive,1,1024,55,11744.7961,54.9791,77.9354,28.0497,13688.3216,297.1379,562.2295,0.0055,0.6,50.0
train,passive,4,896,25,8464.9567,24.9848,28.2841,31.2004,9851.6469,302.3333,0.0,0.0946,0.999,50.0
train,passive,2,1024,80,14441.2727,79.9232,60.012,29.8319,16172.5401,302.3333,101.8151,0.0105,0.2667,50.0
train,passive,3,256,70,13387.0764,70.0591,47.4077,66.0552,15435.205,302.3333,0.0,16.9297,0.3976,50.0
train,passive,1,896,45,10661.654,44.9506,77.0442,28.6871,12787.2278,302.3333,532.444,0.0037,0.7333,50.0
train,passive,2,512,75,13935.4468,74.991,60.859,30.2573,17211.171,302.3333,0.0,0.4845,0.3314,50.0
train,passive,2,640,95,16101.7081,94.9463,61.8781,30.4938,16626.1161,302.3333,30.6908,0.0845,0.0664,50.0
train,passive,4,896,50,11191.4388,50.0043,30.7122,31.8321,12462.3104,302.3333,0.0,0.0678,0.666,50.0
train,passive,2,384,35,9622.8099,35.0032,58.3377,48.0874,12764.5488,302.3333,0.0,4.2488,0.863,50.0
train,passive,2,896,75,13903.9959,74.9402,59.8169,29.9441,15517.016,302.3333,72.1432,0.1283,0.3328,50.0
train,passive,1,512,30,9071.8715,29.9642,80.7325,30.1359,13955.1898,302.3333,605.9,0.0009,0.9333,50.0
train,passive,4,512,65,12823.858,64.9979,30.4927,32.4114,17545.9906,302.3333,8.9236,0.0569,0.4659,50.0
train,passive,4,768,80,14461.4689,79.9931,32.4232,31.5525,17298.9379,302.3333,9.2264,0.0365,0.2663,50.0
train,passive,2,1024,35,9539.3543,34.9796,55.1978,29.2795,10647.8353,302.3333,13.1552,0.0019,0.8667,50.0
train,passive,4,896,80,14459.7335,79.9834,32.5172,31.3871,16363.6618,302.3333,0.0,0.0356,0.2664,50.0
train,passive,4,640,45,10642.7815,44.997,29.2771,32.6663,13323.4109,302.3333,0.0,0.0786,0.7323,50.0
train,passive,3,256,100,16651.174,100.1101,54.5821,65.0358,17531.7516,302.3333,10.5499,0.0141,0.0033,50.0
train,passive,1,384,55,11759.6966,55.0453,85.177,48.4162,13513.5042,302.3333,1145.0397,0.0055,0.6,50.0
train,passive,4,640,85,15001.3668,84.9823,31.6156,31.7205,21644.7939,302.3333,0.0,0.0317,0.1997,50.0
train,passive,4,1024,90,15549.0733,89.9851,34.0162,31.503,14865.2727,293.2423,7.9371,0.0244,0.1332,50.0
train,passive,1,640,45,10682.8663,44.9718,79.4715,30.2428,12320.6786,289.3588,536.7456,0.0036,0.7333,50.0
train,passive,1,512,30,9071.0192,29.9733,80.5623,30.5019,10726.5688,295.2651,629.7397,0.0009,0.9333,50.0
train,passive,2,640,99999,18965.5174,126.8806,62.5788,29.9947,16584.5726,266.9179,0.0,0.0015,0.0,50.0
train,passive,2,1024,30,8995.8492,29.9841,54.2525,29.0711,8729.077,295.9514,10.1486,0.001,0.9333,50.0
train,passive,4,896,99999,18984.3144,126.9843,36.0899,31.3676,19900.3017,293.6953,0.0,0.0016,0.0,50.0
train,passive,2,1024,80,14440.7189,79.9328,60.7207,30.0901,14570.9677,302.3333,125.2219,0.0105,0.2667,50.0
train,passive,4,768,30,9007.7587,29.9767,28.3906,31.6796,11993.1134,302.3333,0.0,0.0927,0.9322,50.0
train,passive,2,768,60,12281.8288,60.0041,59.0018,30.7021,12464.3825,296.4002,28.9073,0.3867,0.5318,50.0
train,passive,4,256,80,14477.671,79.9498,33.1203,66.9246,14750.0289,302.3333,0.0,0.0104,0.2667,50.0
train,passive,2,896,65,12814.1064,64.949,58.6651,29.7791,14481.5637,302.3333,56.4037,0.1739,0.466,50.0
train,passive,2,896,40,10093.4545,39.9847,54.9339,29.5448,8968.7113,278.1052,20.4319,0.2879,0.7988,50.0
train,passive,4,896,55,11731.0524,54.9805,31.4052,31.3813,13788.4488,302.3333,20.9679,0.0624,0.5994,50.0
train,passive,3,1024,95,16091.0836,94.8609,48.6142,30.3198,21612.3878,302.3333,3.7656,0.081,0.0664,50.0
train,passive,1,768,40,10133.4135,39.9715,78.6566,29.5123,12715.8641,302.3333,540.7001,0.0027,0.8,50.0
train,passive,4,896,55,11736.8271,55.0027,30.4611,31.7048,11546.3506,283.6463,0.0,0.0624,0.5994,50.0
train,passive,1,1024,70,13378.2661,70.0114,80.896,28.1176,13297.865,295.8475,634.5976,0.0083,0.4,50.0
train,passive,3,1024,35,9554.0944,34.9888,43.4159,29.1216,13014.0811,302.3333,34.7194,0.882,0.8638,50.0
train,passive,3,512,80,14464.153,80.03,46.8081,34.7976,17998.8028,297.4415,3.6342,0.2759,0.2662,50.0
train,passive,1,768,70,13382.6787,69.9849,82.0575,29.6838,17575.1759,302.3333,518.0651,0.0082,0.4,50.0
train,passive,2,512,65,12836.6605,64.9993,61.2201,30.6719,14495.8842,302.3333,45.7473,0.6726,0.4639,50.0
train,passive,1,768,60,12298.9981,60.0022,80.9124,30.286,12896.3316,281.4493,535.0909,0.0064,0.5333,50.0
train,passive,1,1024,90,15553.7204,90.0262,82.8699,27.9324,13638.586,280.4408,703.1383,0.0121,0.1333,50.0
train,passive,2,1024,70,13345.6574,69.9157,58.3728,29.681,13685.8264,302.3333,91.4843,0.0086,0.4,50.0
train,passive,1,768,85,15006.0728,85.0169,84.1076,30.595,15998.2274,288.4538,530.5789,0.0109,0.2,50.0
train,passive,2,256,30,9139.1981,29.9937,58.2802,66.5289,8482.9333,282.7827,0.0,7.818,0.931,50.0
train,passive,3,512,40,10101.5223,40.0084,40.3882,33.1948,9940.8027,283.5036,0.0,0.7993,0.7986,50.0
train,passive,3,640,45,10646.5443,45.0033,42.93,32.3133,12911.0218,302.3333,10.8779,0.7375,0.7318,50.0
train,passive,4,768,99999,18980.7207,126.9762,37.4539,31.6758,24501.0227,302.3333,0.0,0.0016,0.0,50.0
train,passive,4,384,40,10146.0181,39.9948,30.5184,49.9609,14592.7876,302.3333,0.0,0.0451,0.7993,50.0
train,passive,3,1024,95,16091.4281,94.8586,48.6745,30.2085,21759.238,302.3333,5.4616,0.081,0.0664,50.0
train,passive,1,640,80,14466.1737,79.9856,83.4557,30.9989,19337.9529,302.3333,437.5982,0.01,0.2667,50.0
train,passive,4,256,90,15551.9532,89.9381,33.9725,66.5386,18755.6735,302.3333,0.0,0.0123,0.1333,50.0
train,passive,4,896,30,9012.3509,30.0082,29.2929,31.7818,10096.2827,302.3333,0.0,0.0892,0.9324,50.0
train,passive,3,256,75,13931.2877,75.0822,48.2754,66.338,13001.5868,290.4946,0.0,14.1104,0.3319,50.0
train,passive,4,640,75,13912.8979,75.0005,31.3447,32.3243,17728.8379,302.3333,0.0,0.0434,0.3328,50.0
train,passive,3,512,100,16639.928,100.0164,48.7735,35.5334,22346.3967,302.3333,0.0,0.0142,0.0,50.0
train,passive,4,896,45,10646.048,45.0019,29.7148,31.6925,10342.7173,284.9218,0.0,0.0731,0.7326,50.0
train,passive,3,512,55,11736.3443,55.0144,43.9558,33.6847,14291.9882,302.3333,13.075,0.603,0.599,50.0
train,passive,2,896,45,10634.464,44.9845,57.1879,29.8697,10991.217,300.1954,47.4449,0.2651,0.7323,50.0
train,passive,1,640,30,9061.8898,29.9653,77.9427,29.8406,10297.9248,286.9981,573.7433,0.0009,0.9333,50.0
train,passive,3,1024,55,11733.245,54.9371,44.1248,29.3723,15880.5754,302.3333,2.2219,0.615,0.598,50.0
train,passive,1,768,35,9585.8959,34.9515,78.2955,29.3338,12906.8216,302.3333,559.9259,0.0018,0.8667,50.0
train,passive,4,384,35,9607.2093,35.0034,28.846,50.2689,9760.497,282.8627,0.0,0.0478,0.8659,50.0
train,passive,3,1024,80,14459.8618,79.9199,46.8814,30.6101,17300.3344,275.427,0.0,0.2812,0.2658,50.0
train,passive,1,1024,50,11201.9798,49.9614,75.3404,27.9324,10741.5092,276.7705,539.0731,0.0047,0.6667,50.0
train,passive,4,256,40,10195.6303,40.0352,31.8879,68.0571,8809.6021,282.9403,0.0,0.0028,0.8,50.0
train,passive,4,640,75,13915.0509,74.9964,31.5335,31.9219,17824.5629,302.3333,8.9725,0.0434,0.3328,50.0
train,passive,2,896,70,13360.39,69.9704,59.7717,30.6352,13985.6824,302.3333,59.3949,0.1511,0.3994,50.0
train,passive,2,256,60,12344.7644,59.9644,62.3496,65.5745,11581.2011,291.9087,0.0,4.4734,0.532,50.0
train,passive,4,1024,95,16096.3402,94.9829,34.3209,31.3431,15813.2385,299.3673,1.9216,0.0193,0.0666,50.0
train,passive,2,640,30,9016.4486,30.016,56.0019,29.9624,12179.1459,302.3333,0.0,0.9986,0.9292,50.0
train,passive,2,256,95,16084.0545,94.9225,67.0317,64.2676,16362.5168,302.3333,0.0,0.5713,0.0665,50.0
train,passive,1,384,65,12843.094,65.0575,85.6877,48.3384,15527.1402,302.3333,1258.42,0.0074,0.4667,50.0
train,passive,1,896,25,8492.1989,24.9304,74.5381,28.4468,12686.9234,302.3333,493.2846,0.0,1.0,50.0
train,passive,1,384,35,9590.0699,35.0153,83.5177,48.6691,12240.535,294.3004,879.9851,0.0018,0.8667,50.0
train,passive,2,256,55,11809.7118,54.9507,61.7601,65.2326,12204.7055,302.3333,3.3295,5.0308,0.5985,50.0
train,passive,4,896,30,9014.2343,30.0014,29.3867,31.3099,10128.0208,302.3333,3.726,0.0892,0.9324,50.0
train,passive,3,896,25,8470.6724,25.0131,41.1126,29.5785,12235.1002,302.3333,0.0,1.0105,0.9971,50.0
train,passive,1,896,90,15552.9644,90.0219,84.7657,28.8991,17235.7381,302.3333,619.2475,0.0119,0.1333,50.0
train,passive,1,768,90,15548.3723,90.0053,83.9377,30.276,17128.7814,294.8631,519.0473,0.0119,0.1333,50.0
train,passive,2,512,95,16111.5612,94.949,61.3329,30.2178,16318.8078,302.3333,0.0,0.1082,0.0663,50.0
train,passive,1,640,75,13926.6688,75.0006,82.9623,31.3093,16205.6944,290.922,457.5897,0.009,0.3333,50.0
train,passive,4,896,80,14462.2496,79.9856,32.0576,31.2946,15118.6833,296.7226,0.0,0.0356,0.2664,50.0
train,passive,1,1024,99999,19000.5753,127.0634,93.4375,27.9324,15179.742,211.7546,4209.5819,0.0015,0.0,50.0
train,passive,4,896,100,16636.9873,99.9786,34.3985,31.487,18284.3466,302.3333,17.1867,0.0142,0.0,50.0
train,passive,1,256,30,9019.8299,30.0163,85.4001,66.6253,10868.7463,302.3333,1040.7926,0.0009,0.9333,50.0
train,passive,2,256,30,9138.7608,29.9768,58.5289,66.0526,9325.748,302.3333,3.9725,7.818,0.931,50.0
train,passive,1,384,90,15555.2838,90.1146,87.5286,48.6301,16010.6603,295.7489,1574.5085,0.012,0.1333,50.0
train,passive,2,512,80,14480.9111,79.9933,61.4537,30.5337,17410.258,302.3333,0.0,0.3904,0.2651,50.0
train,passive,4,256,90,15552.369,89.9402,33.5337,66.6275,17366.2728,302.3333,0.0,0.0123,0.1333,50.0
train,passive,1,768,75,13923.0846,74.9992,82.572,30.266,16281.7614,302.3333,518.7674,0.0091,0.3333,50.0
train,passive,4,1024,75,13916.7702,74.9797,32.7168,30.937,15883.0863,302.3333,0.0,0.0397,0.3331,50.0
train,passive,4,384,40,10145.8991,40.0157,30.3324,50.6482,11117.3547,292.5536,0.0,0.0451,0.7993,50.0
train,passive,4,768,40,10100.812,40.0047,29.3065,32.1875,11174.6421,287.4994,0.0,0.0815,0.799,50.0
train,passive,4,1024,99999,18988.4889,127.0013,36.6167,31.0483,19047.0444,301.8,0.0,0.0016,0.0,50.0
train,passive,4,1024,40,10105.3278,39.9906,28.4005,30.7162,8482.9333,274.7219,0.0,0.0755,0.7994,50.0
train,passive,2,1024,60,12258.7272,59.9435,58.0349,29.7279,12392.8306,302.3333,82.5553,0.0067,0.5333,50.0
train,passive,4,896,100,16638.1223,99.9834,33.9361,31.6637,18785.8906,302.3333,0.0,0.0142,0.0,50.0
train,passive,1,1024,100,16641.3536,100.049,85.7911,27.9324,15363.5625,294.5984,752.5225,0.0139,0.0,50.0
train,passive,2,512,60,12296.6897,60.0053,59.1134,30.4908,13840.0358,302.3333,0.0,0.7667,0.5302,50.0
train,passive,4,896,90,15549.3746,89.9767,31.9907,31.4058,15754.0224,286.8423,0.0,0.0249,0.1332,50.0
train,passive,4,256,25,8589.2393,25.0555,30.9238,68.2152,8482.9333,276.0004,0.0,0.0,1.0,50.0
train,passive,1,768,95,16090.4945,95.0058,84.0571,30.2702,17474.8866,292.5654,508.825,0.0128,0.0667,50.0
train,passive,1,1024,90,15552.5555,90.0394,84.6978,28.1744,16517.6463,302.3333,702.0148,0.012,0.1333,50.0
train,passive,4,768,30,9009.2537,30.0023,28.9469,32.2496,9730.0975,290.5582,7.5243,0.0927,0.9322,50.0
train,passive,2,384,65,12859.7364,64.9776,61.8785,47.8793,14137.9459,302.3333,9.2156,2.2943,0.4647,50.0
train,passive,2,256,75,13944.2557,74.942,65.3529,64.9977,14200.3339,302.3333,26.3212,2.801,0.3325,50.0
train,passive,4,512,45,10642.8463,44.9855,27.9389,32.7807,13280.4542,284.691,0.0,0.0814,0.7321,50.0
train,passive,2,768,70,13371.9479,69.9877,59.759,30.5395,13187.1473,286.3089,42.7613,0.2935,0.3988,50.0
train,passive,3,512,80,14457.7091,80.0021,45.988,34.6026,18757.5584,302.3333,0.0,0.2759,0.2662,50.0
train,passive,4,384,75,13927.5889,74.9994,32.1749,50.4091,16324.1598,302.3333,0.0,0.0271,0.3331,50.0
train,passive,4,384,50,11228.4208,50.0068,31.0838,50.1982,12836.2772,301.7759,3.9778,0.0399,0.6661,50.0
train,passive,4,640,50,11188.0874,50.0027,29.9209,32.7466,14322.6532,302.3333,0.0,0.0727,0.6657,50.0
train,passive,3,512,45,10647.2202,45.0136,42.5049,33.278,12735.3174,302.3333,3.754,0.7339,0.7321,50.0
train,passive,3,640,55,11737.175,55.0041,43.8105,32.7728,14177.2342,300.3843,2.1597,0.606,0.5987,50.0
train,passive,3,384,80,14469.5827,80.0491,48.2671,50.1566,17437.0145,302.3333,0.0,5.7835,0.2662,50.0
train,passive,3,768,100,16638.9293,99.9324,48.3644,32.91,21560.9275,293.6971,0.0,0.0143,0.0,50.0
train,passive,4,768,50,11185.8009,49.9827,30.496,31.825,14233.0071,302.3333,13.7648,0.0703,0.6658,50.0
train,passive,2,640,80,14470.0609,79.9683,60.9675,30.1705,17068.8959,302.3333,19.6381,0.2954,0.2655,50.0
train,passive,3,1024,60,12282.2604,59.9366,45.1637,29.3479,17964.9728,302.3333,0.0,0.5483,0.5316,50.0
train,passive,4,768,40,10099.7505,40.0019,29.1096,32.2119,10699.6144,286.515,0.0,0.0815,0.799,50.0
train,passive,2,256,70,13412.8892,69.9408,63.7964,64.8592,15099.8768,302.3333,0.0,3.3585,0.399,50.0
train,passive,4,384,45,10687.9571,44.9974,29.2499,50.1136,10981.1833,282.3908,0.0,0.0426,0.7327,50.0
train,passive,1,384,35,9586.8304,35.0049,83.4768,48.6493,11307.7015,299.4744,899.2612,0.0019,0.8667,50.0
train,passive,3,512,70,13369.9705,70.0086,45.1493,34.2247,17836.6075,302.3333,0.0,0.4068,0.3993,50.0
train,passive,3,384,60,12290.4751,60.034,45.2686,50.2119,13971.874,302.3333,16.9791,11.5529,0.5307,50.0
train,passive,4,768,40,10102.731,40.003,28.16,32.1149,9446.2379,268.2565,0.0,0.0815,0.799,50.0
train,passive,3,896,40,10106.5017,40.0109,42.8315,30.4149,11857.5784,290.4913,0.6175,0.8112,0.7977,50.0
train,passive,4,896,35,9554.6874,34.9827,29.0232,31.1996,11282.2925,302.3333,0.0,0.0838,0.8658,50.0
train,passive,4,768,35,9554.3428,34.9884,29.0785,31.844,12221.1958,302.3333,0.0,0.0871,0.8656,50.0
train,passive,1,768,99999,19007.7531,127.1619,93.8951,29.7314,12815.6337,209.8031,3355.3985,0.0015,0.0,50.0
train,passive,3,384,80,14463.1069,80.045,48.9341,50.489,16785.703,302.3333,28.2907,5.7835,0.2662,50.0
train,passive,4,768,25,8468.972,25.0008,28.9298,31.8121,10062.8914,302.3333,7.5817,0.0983,0.9988,50.0
train,passive,3,512,80,14457.1202,80.0,45.9305,34.6063,18835.4596,302.3333,0.0,0.2759,0.2662,50.0
train,passive,4,640,95,16089.9675,94.98,30.7726,31.8135,19168.2197,290.4723,0.0,0.02,0.0666,50.0
train,passive,4,256,85,15016.7584,84.968,33.6061,67.2873,14240.5024,288.4172,0.0,0.0113,0.2,50.0
train,passive,3,768,35,9559.4327,35.0089,40.8136,31.2249,10465.3471,289.9741,0.0,0.8734,0.8645,50.0
train,passive,2,896,65,12809.2434,64.9451,59.2642,29.9687,13467.0638,302.3333,86.6452,0.1739,0.466,50.0
train,passive,3,384,95,16099.6507,95.059,51.1711,50.328,18856.9312,302.3333,18.432,1.4565,0.0678,50.0
train,passive,4,512,70,13367.182,69.994,29.7101,32.453,17294.1677,296.2291,0.0,0.0508,0.3993,50.0
train,passive,4,384,90,15551.6812,89.9778,33.0772,49.3677,18576.0261,302.3333,9.2919,0.0193,0.1332,50.0
train,passive,1,768,85,15006.2301,84.9888,83.6427,29.8106,19776.7881,302.3333,506.3746,0.011,0.2,50.0
train,passive,3,768,25,8466.7798,25.0286,41.0916,31.1949,8655.8309,288.3811,15.2063,1.0055,0.9975,50.0
train,passive,1,256,99999,18995.9886,126.98,93.8628,63.6202,17909.7959,302.3333,3931.3589,0.0014,0.0,50.0
train,passive,2,896,95,16083.474,94.9243,62.0629,30.364,16910.4548,302.3333,106.8508,0.0371,0.0666,50.0
train,passive,1,256,75,13925.9071,75.1704,88.8782,64.8379,11556.8393,293.6684,2382.4661,0.0095,0.3333,50.0
train,passive,2,256,100,16618.6686,99.9211,67.7405,64.1818,17163.9931,302.3333,0.0,0.0138,0.0,50.0
train,passive,1,768,99999,19011.1732,127.1701,93.8364,29.9208,12028.73,198.4889,3323.1574,0.0015,0.0,50.0
train,passive,4,512,30,9003.9768,29.9733,27.9389,32.9943,11960.8869,302.3333,0.0,0.0997,0.9317,50.0
train,passive,4,512,50,11187.0557,50.005,29.1808,33.1653,13958.1238,288.5733,0.0,0.0752,0.6655,50.0
train,passive,3,384,85,15011.5758,85.0646,49.3543,50.6521,16289.6838,290.9125,13.8433,4.3412,0.2,50.0
train,passive,4,768,70,13371.3313,69.9914,31.1808,31.6312,15422.1871,302.3333,3.0582,0.0478,0.3995,50.0
train,passive,2,640,35,9566.448,35.0363,56.2411,30.3921,10070.3976,282.5998,0.0,0.9283,0.8628,50.0
train,passive,1,896,85,15008.3732,85.0262,83.5027,29.3728,15018.2796,288.0857,603.7977,0.011,0.2,50.0
train,passive,3,384,80,14468.5837,80.0608,48.3452,50.7011,16993.5891,302.3333,0.0,5.7835,0.2662,50.0
train,passive,4,640,45,10643.6376,44.9995,29.622,32.6362,13621.1945,302.3333,0.0,0.0786,0.7323,50.0
train,passive,1,768,45,10674.1403,44.959,78.7507,29.1686,15443.5706,302.3333,522.1885,0.0037,0.7333,50.0
train,passive,3,896,45,10649.7796,44.9943,43.312,30.4087,13197.6452,297.6282,1.6467,0.7448,0.7312,50.0
train,passive,1,512,35,9609.1446,34.9628,80.6646,30.4836,12512.0065,302.3333,592.1563,0.0018,0.8667,50.0
train,passive,1,640,40,10142.5838,39.9851,79.8173,30.4654,11790.7976,290.5028,551.1778,0.0027,0.8,50.0
train,passive,4,640,70,13368.464,69.9882,29.3488,32.1082,15253.7916,281.0456,0.0,0.0493,0.3994,50.0
train,passive,3,768,45,10645.882,45.0002,43.0167,31.5944,12545.0103,294.6,7.3225,0.7412,0.7315,50.0
train,passive,4,512,95,16084.9566,94.9779,30.7294,32.0366,21777.9518,302.3333,0.0,0.0202,0.0666,50.0
train,passive,4,256,100,16622.4667,99.935,34.15,66.8431,16646.2444,300.7333,0.0,0.0142,0.0,50.0
test,passive,4,512,99999,18919.7556,126.817,38.1389,32.6368,18993.0,302.0667,0.0,0.0014,0.0,50.0
train,passive,3,384,90,15555.073,90.0579,50.2737,50.4596,18144.4091,302.3333,13.5012,2.8988,0.1339,50.0
train,passive,2,896,95,16083.7735,94.9204,62.4686,30.1531,18799.1625,302.3333,104.1836,0.0371,0.0666,50.0
train,passive,2,896,75,13905.6771,74.9733,60.3273,30.7065,12388.7617,279.7348,86.6948,0.1282,0.3328,50.0
train,passive,1,384,30,9048.8329,30.0091,83.6398,48.7015,11433.3848,302.3333,829.4715,0.0009,0.9333,50.0
train,passive,1,1024,85,15010.3219,85.0207,81.9771,27.9324,13202.5476,278.3159,682.7907,0.0112,0.2,50.0
train,passive,2,384,100,16638.3539,99.9341,64.5943,47.2245,16475.7437,302.0664,0.0,0.014,0.0,50.0
train,passive,2,256,80,14480.309,79.9319,64.9219,64.685,15070.6612,302.3333,0.0,2.2436,0.266,50.0
train,passive,4,256,85,15011.9007,84.9457,33.7664,66.9989,15218.7996,302.3333,11.6317,0.0114,0.2,50.0
train,passive,4,640,75,13905.0296,74.9699,30.8293,32.0191,17801.5694,302.3333,12.5487,0.0435,0.3328,50.0
train,passive,1,256,60,12288.5514,60.1055,87.3626,65.243,11804.9266,302.3333,1933.9485,0.0067,0.5333,50.0
train,passive,4,512,99999,18969.7146,126.9563,37.7233,32.8282,25374.3556,302.3333,0.0,0.0015,0.0,50.0
train,passive,4,1024,90,15551.9927,89.9813,32.8004,31.3788,14369.1604,287.3426,0.0,0.0244,0.1332,50.0
train,passive,3,512,55,11735.7965,55.0219,43.3042,34.1427,13830.1696,302.3333,0.0,0.603,0.599,50.0
train,passive,3,768,85,15003.9203,84.9604,47.5266,32.9303,20230.5085,302.3333,0.0,0.2125,0.1995,50.0
train,passive,4,640,99999,18978.0932,126.9905,37.3807,32.7563,22227.2311,280.9863,0.0,0.0015,0.0,50.0
train,passive,2,1024,100,16615.5415,99.9008,62.3547,30.5636,16770.0957,302.3333,154.4167,0.0143,0.0,50.0
train,passive,3,640,40,10103.6516,40.0208,42.0725,32.4613,10868.3009,291.1308,0.368,0.8033,0.7983,50.0
train,passive,1,256,65,12837.2026,65.1374,88.5727,65.1338,13329.4248,302.3333,2078.6603,0.0076,0.4667,50.0
train,passive,3,896,85,15003.4745,84.9107,47.4894,31.0955,21725.3139,302.3333,0.0,0.2135,0.1994,50.0
train,passive,2,896,65,12816.3827,64.9788,59.3157,30.5776,13418.3538,302.3333,52.6924,0.1739,0.466,50.0
train,passive,3,256,75,13924.6985,75.066,49.6105,66.2155,14229.5001,302.3333,39.9375,14.1104,0.3319,50.0
train,passive,4,1024,40,10103.0075,39.9931,30.0038,30.8122,11180.8113,302.3333,0.0,0.0755,0.7994,50.0
train,passive,4,256,90,15551.1758,89.9485,34.153,66.9082,15736.1545,302.3333,9.0447,0.0123,0.1333,50.0
train,passive,2,512,95,16117.5866,94.9869,62.3926,30.7229,16046.2465,288.005,0.0,0.1082,0.0663,50.0
train,passive,1,512,35,9610.6816,34.9745,80.9288,30.7078,12343.9502,302.3333,591.1272,0.0018,0.8667,50.0
train,passive,2,384,50,11243.1273,49.9902,59.497,47.8995,13035.646,299.4025,0.0,3.2716,0.6639,50.0
train,passive,4,384,55,11768.0495,55.0099,30.5288,50.4482,12013.245,278.2637,0.0,0.0374,0.5995,50.0
train,passive,1,512,25,8534.8241,24.9765,80.7845,30.1199,12153.1806,302.3333,639.7201,0.0,1.0,50.0
train,passive,2,256,90,15552.3678,89.9493,66.5563,64.845,14611.2428,289.196,0.0,1.1287,0.133,50.0
train,passive,2,896,55,11729.0917,54.9775,58.2417,29.7262,12401.3518,302.3333,54.0709,0.2195,0.5991,50.0
train,passive,1,384,90,15557.6349,90.1064,87.5957,48.1457,16450.8717,302.3333,1582.4114,0.012,0.1333,50.0
train,passive,4,640,25,8466.8735,24.9866,27.9389,32.3972,8675.4493,275.7711,0.0,0.1021,0.9985,50.0
train,passive,1,640,30,9063.0829,29.9694,78.8938,29.7491,11219.5554,302.3333,583.3827,0.0009,0.9333,50.0
train,passive,2,384,75,13943.6433,74.9861,62.8018,47.9451,13651.8339,292.4951,0.5955,1.6427,0.3319,50.0
train,passive,4,1024,50,11188.9406,49.9861,31.3217,30.9653,11411.7982,302.3333,21.6177,0.0653,0.6661,50.0
train,passive,2,768,100,16638.226,99.9374,63.3634,30.4997,16842.2785,302.3333,98.1797,0.0142,0.0,50.0
train,passive,1,1024,85,15007.5504,85.0129,82.2725,27.9324,13999.3614,291.2487,685.8725,0.0112,0.2,50.0
train,passive,3,896,35,9553.4767,34.9913,42.6561,30.0974,11979.1449,302.3333,31.1397,0.8777,0.8642,50.0
test,passive,4,1024,99999,18948.2444,126.8704,34.6111,31.4573,18971.7333,302.1111,17.8444,0.0017,0.0,50.0
train,passive,1,256,60,12292.4642,60.1324,87.9293,65.7867,11552.6216,301.1938,1926.3001,0.0066,0.5333,50.0
train,passive,4,256,65,12871.0715,64.9782,32.5623,67.3237,12657.4951,300.4385,0.0,0.0076,0.4667,50.0
train,passive,2,768,30,9009.8221,30.0132,55.5422,29.8742,10283.9559,300.8189,4.4725,0.666,0.9306,50.0
train,passive,1,256,75,13923.0941,75.1655,89.9309,64.7921,12319.2303,302.3333,2412.8649,0.0095,0.3333,50.0
train,passive,4,896,40,10101.5064,39.9864,28.482,31.2805,9362.9283,279.6583,0.4584,0.0785,0.7992,50.0
train,passive,3,1024,60,12279.7566,59.9385,44.834,29.6996,16529.9443,302.3333,0.0,0.5483,0.5316,50.0
train,passive,2,640,25,8477.8266,25.0742,56.0063,30.9073,8482.9333,268.143,0.0,1.0689,0.9956,50.0
train,passive,3,896,35,9553.4667,34.9737,41.2491,29.7594,12549.2627,302.3333,0.0,0.8777,0.8642,50.0
train,passive,4,640,100,16635.4704,99.9919,32.3218,31.9153,21556.6182,301.9496,0.0,0.0141,0.0,50.0
train,passive,1,384,95,16098.4826,95.1167,88.1221,48.3058,17168.0048,302.3333,1642.9405,0.0129,0.0667,50.0
train,passive,1,512,30,9075.8558,29.9835,81.3091,30.3331,11788.1548,302.3333,625.4667,0.0009,0.9333,50.0
train,passive,1,640,60,12304.5921,59.9837,81.6609,30.6517,16071.4522,300.729,491.8691,0.0063,0.5333,50.0
train,passive,3,768,65,12821.6627,64.9707,45.6731,32.1697,16693.4423,302.3333,16.744,0.4769,0.4655,50.0
train,passive,4,640,25,8465.0252,25.006,28.1771,32.9185,9749.0623,285.4696,0.0,0.102,0.9985,50.0
train,passive,4,384,95,16084.017,94.9639,33.3957,49.5985,19019.4882,302.3333,25.0747,0.0167,0.0666,50.0
train,passive,3,640,35,9553.7885,34.9916,40.9574,31.8293,11299.4554,302.3333,0.24,0.8691,0.8648,50.0
train,passive,1,896,30,9032.5283,29.9271,74.6852,28.4812,11992.538,302.3333,502.6555,0.0009,0.9333,50.0
train,passive,3,1024,100,16633.4117,99.8536,49.0154,30.8061,22376.4267,302.3333,0.0,0.0143,0.0,50.0
train,passive,1,1024,75,13920.0524,75.0072,81.6039,27.9551,14892.7334,301.9724,648.7756,0.0093,0.3333,50.0
train,passive,1,1024,55,11744.6142,54.9777,78.0999,28.0494,13095.3716,302.3333,572.9115,0.0055,0.6,50.0
train,passive,1,896,40,10124.1485,39.9587,76.7173,28.5867,12063.9445,302.3333,528.2441,0.0027,0.8,50.0
train,passive,4,256,95,16083.5479,94.925,33.4872,66.7128,16355.2209,302.3333,0.0,0.0133,0.0667,50.0
train,passive,3,640,25,8468.2933,25.0107,40.4434,31.5053,10480.3663,302.3333,0.0,1.0006,0.9979,50.0
train,passive,1,1024,85,15008.1221,85.0243,84.0294,27.9324,15180.3564,302.3333,708.5094,0.0111,0.2,50.0
train,passive,1,896,100,16638.513,100.0276,84.595,28.9845,16495.8336,283.3262,620.306,0.0138,0.0,50.0
train,passive,4,512,50,11181.6713,49.9696,28.5971,32.6166,15658.6992,302.3333,0.0,0.0753,0.6655,50.0
train,passive,3,640,95,16091.0155,94.9799,48.9328,34.2805,20929.8922,299.4229,21.4424,0.08,0.0665,50.0
train,passive,2,640,80,14464.7157,79.9682,61.6392,30.5053,14982.3253,302.3333,60.8465,0.2954,0.2655,50.0
train,passive,4,896,35,9554.8122,35.0037,29.9037,31.8337,10727.1403,302.3333,2.2428,0.0838,0.8658,50.0
train,passive,3,768,90,15549.0315,89.939,47.3923,32.516,21255.2349,299.2044,0.0,0.1464,0.133,50.0
train,passive,3,384,80,14470.0656,80.0577,47.3952,50.5813,15658.1596,293.1393,0.0,5.7835,0.2662,50.0
train,passive,4,512,40,10097.3557,39.9956,28.7597,33.0622,14175.5982,296.6832,0.0,0.0874,0.7986,50.0
train,passive,3,256,70,13387.8008,70.0805,47.5404,66.7616,13457.513,302.3333,0.0,16.9297,0.3976,50.0
train,passive,1,640,90,15549.0346,89.9944,84.6153,31.2009,20212.8539,302.3333,417.3561,0.0118,0.1333,50.0
train,passive,1,256,90,15564.8258,90.2204,90.0659,63.9345,12738.7449,293.0869,2829.2749,0.0123,0.1333,50.0
train,passive,3,256,50,11212.6074,50.0458,43.1684,67.1548,10954.1654,300.9216,4.5689,28.2067,0.6604,50.0
train,passive,2,1024,90,15530.3053,89.9196,60.6954,30.3251,14512.5509,288.6516,131.4381,0.0124,0.1333,50.0
train,passive,4,768,45,10644.5558,45.0056,29.9838,32.4172,12753.2695,302.3333,0.0,0.0759,0.7324,50.0
train,passive,1,512,75,13925.3354,74.9753,83.0299,32.0605,17061.0874,293.0036,406.7124,0.009,0.3333,50.0
train,passive,4,512,85,15002.2857,84.9975,30.6698,32.1931,19673.4273,300.2156,1.1524,0.0324,0.1997,50.0
train,passive,2,384,30,9082.0253,30.026,58.2027,48.8667,10705.4747,302.3333,0.0,4.5746,0.9294,50.0
train,passive,4,640,95,16093.3642,94.9887,30.5024,31.8311,18338.5566,277.699,0.0,0.02,0.0666,50.0
train,passive,4,896,65,12825.4868,64.9773,31.5087,31.0499,17050.0447,302.3333,0.0,0.0517,0.4662,50.0
train,passive,2,512,80,14481.0243,80.0072,61.3414,31.045,15301.5728,302.3333,0.0,0.3904,0.2651,50.0
train,passive,1,256,80,14470.3291,80.1827,89.5449,64.6128,12859.932,302.3333,2529.5945,0.0104,0.2667,50.0
train,passive,1,640,50,11226.084,49.9719,78.6477,30.2331,11511.5816,269.6726,510.9923,0.0046,0.6667,50.0
train,passive,4,896,70,13364.4693,69.9784,32.3632,31.5279,14519.5627,302.3333,28.6887,0.0463,0.3996,50.0
train,passive,2,384,80,14484.6415,79.9717,61.6678,47.6907,12561.8751,270.0633,0.0,1.317,0.2655,50.0
train,passive,4,768,90,15547.2083,89.9894,32.5643,31.864,19034.1653,302.3333,0.0,0.0254,0.1332,50.0
train,passive,2,256,65,12880.4448,64.9534,62.2886,65.2128,11745.9326,286.1806,0.0,3.9159,0.4655,50.0
train,passive,1,640,90,15546.8775,90.0142,84.6512,31.937,17374.0105,283.3022,427.4932,0.0118,0.1333,50.0
train,passive,1,256,30,9017.8664,30.0128,85.6243,66.6435,11990.2802,302.3333,1040.6926,0.0009,0.9333,50.0
train,passive,4,256,70,13410.7876,69.9896,32.4296,67.4994,11571.2686,276.4194,0.0,0.0085,0.4,50.0
train,passive,1,512,40,10152.8419,39.9765,81.6241,30.6241,14535.5452,302.3333,563.5787,0.0027,0.8,50.0
train,passive,3,896,90,15547.3716,89.9066,48.0568,31.4481,22567.5548,302.3333,0.0,0.1471,0.1329,50.0
train,passive,4,896,35,9553.9687,34.9856,28.7954,31.3639,10095.1037,298.8396,0.0,0.0838,0.8658,50.0
train,passive,4,384,75,13928.6162,74.9822,32.0855,49.6724,16554.4403,302.3333,5.1022,0.027,0.3331,50.0
train,passive,3,384,55,11747.8762,55.0328,44.1784,50.1772,13215.7076,302.3333,8.13,12.9952,0.5968,50.0
train,passive,1,384,50,11216.9073,50.043,84.2029,48.7319,11795.3851,286.1113,1073.9124,0.0046,0.6667,50.0
train,passive,3,256,40,10118.967,40.0127,40.3008,67.5677,10367.2699,302.3333,0.0,33.8452,0.7919,50.0
train,passive,4,640,55,11731.8452,54.9867,29.8046,32.2356,14909.7458,302.3333,1.6434,0.0669,0.5991,50.0
train,passive,1,256,75,13926.1983,75.1688,89.1841,64.7845,12471.4811,302.3333,2383.9367,0.0095,0.3333,50.0
train,passive,4,384,90,15548.1759,89.9758,32.4505,49.6767,18411.7178,298.3014,0.0,0.0193,0.1332,50.0
train,passive,3,384,30,9023.4999,30.0104,39.6816,50.2887,9505.4192,302.3333,6.1412,20.2069,0.9275,50.0
train,passive,3,1024,85,15002.5486,84.8848,46.8167,30.2813,19301.1247,294.0978,0.0,0.2146,0.1993,50.0
train,passive,3,896,25,8471.5696,25.0357,41.0861,30.2178,9639.1927,290.4669,0.0,1.0105,0.9971,50.0
train,passive,1,768,60,12292.9796,59.9718,81.3053,29.8309,14773.9368,302.3333,556.3483,0.0064,0.5333,50.0
train,passive,4,640,99999,18978.5586,126.9783,38.0883,32.2807,24055.2412,302.3333,5.9991,0.0015,0.0,50.0
train,passive,2,896,60,12270.1989,59.956,58.2544,29.668,14489.3804,302.3333,46.3199,0.1967,0.5325,50.0
train,passive,4,896,65,12824.5523,64.9792,31.5667,31.1808,16188.7773,302.3333,0.0,0.0517,0.4662,50.0
train,passive,4,896,99999,18985.0074,126.9977,36.8639,31.682,20430.2817,301.428,0.0,0.0016,0.0,50.0
train,passive,2,1024,90,15530.5858,89.9179,61.7636,30.1081,17109.7926,302.3333,132.7399,0.0124,0.1333,50.0
train,passive,4,896,100,16633.9388,99.9573,33.1975,31.2418,18964.6475,302.3333,0.0,0.0142,0.0,50.0
train,passive,2,640,25,8472.0815,25.0322,55.5619,30.1995,10434.389,301.8936,0.0,1.0689,0.9956,50.0
train,passive,4,256,99999,19022.6667,127.4496,38.0056,66.9759,18963.7778,301.4667,0.0,0.0016,0.0,50.0
train,passive,1,1024,100,16641.185,100.0594,86.2441,28.144,15202.238,291.9719,753.8828,0.0139,0.0,50.0
train,passive,1,384,75,13929.4168,75.0954,86.2002,48.7876,13610.2433,280.3813,1386.1498,0.0092,0.3333,50.0
train,passive,3,768,70,13370.4709,69.9758,45.8646,32.4008,17512.7931,302.3333,0.0,0.4108,0.399,50.0
train,passive,3,384,85,15013.2677,85.0666,49.2248,50.7457,17488.1968,302.3333,0.0,4.3412,0.2,50.0
train,passive,1,640,95,16089.7207,95.0202,84.709,32.0506,17880.6781,279.2738,400.6349,0.0127,0.0667,50.0
train,passive,3,640,45,10648.125,45.0056,42.8239,32.2689,12912.3228,302.3333,5.6524,0.7375,0.7318,50.0
train,passive,2,640,40,10109.1343,40.0149,57.2938,30.0674,13396.2403,302.3333,0.8806,0.858,0.7965,50.0
train,passive,4,896,100,16637.7648,99.9674,32.3769,31.3366,16889.0758,288.3363,0.0,0.0142,0.0,50.0
train,passive,4,640,40,10094.5574,39.9812,28.7027,32.5558,13091.7848,302.3333,0.0,0.0845,0.7988,50.0
train,passive,4,512,30,9007.4458,29.9921,28.2743,33.1719,12809.3761,298.8037,0.0,0.0997,0.9317,50.0
train,passive,3,896,100,16637.2476,99.8941,48.1233,31.8216,20890.0612,284.018,0.0,0.0143,0.0,50.0
train,passive,3,1024,70,13364.9338,69.8986,45.2116,29.6906,17775.2124,302.3333,0.0,0.4148,0.3987,50.0
train,passive,1,896,55,11744.4721,54.9476,78.1377,28.57,13876.422,302.3333,548.3673,0.0056,0.6,50.0
train,passive,4,256,45,10724.3145,44.9988,33.0394,67.5425,11903.6275,302.3333,26.7939,0.0038,0.7333,50.0
train,passive,1,256,35,9566.5784,35.0354,84.6396,66.5128,9502.6872,281.4924,1177.5322,0.0019,0.8667,50.0
train,passive,1,512,25,8533.2222,24.9793,80.5111,30.3843,10754.9778,302.2,643.2444,0.0,1.0,50.0
train,passive,2,512,55,11754.8627,55.0202,59.2769,30.4199,14639.3354,302.3333,0.0,0.8608,0.5965,50.0
train,passive,3,768,85,15001.397,84.9366,46.6122,32.4111,19651.4352,302.3333,0.0,0.2125,0.1995,50.0
train,passive,4,896,30,9010.4553,29.9866,28.7437,31.2266,10032.3132,302.3333,0.4977,0.0892,0.9324,50.0
train,passive,3,1024,60,12277.2353,59.9295,44.9914,29.5667,16572.1967,302.3333,10.1547,0.5483,0.5316,50.0
train,passive,3,384,35,9566.7883,35.0124,40.2447,50.3488,11293.4068,300.9236,0.0,18.7646,0.8614,50.0
train,passive,2,384,30,9078.9071,30.0052,58.3707,48.3228,11538.1827,302.3333,17.9128,4.5746,0.9294,50.0
train,passive,1,768,35,9587.9358,34.9571,78.4532,29.3206,12219.6711,302.3333,565.3172,0.0018,0.8667,50.0
train,passive,4,512,35,9551.8263,34.9907,28.4906,33.0813,13469.1076,300.6928,0.0,0.0936,0.8652,50.0
train,passive,1,896,60,12293.5531,59.9938,80.1489,29.3005,14945.438,302.3333,547.4773,0.0064,0.5333,50.0
train,passive,1,768,35,9586.4458,34.9528,77.8763,29.3936,12053.9181,302.3333,554.5883,0.0018,0.8667,50.0
train,passive,3,768,65,12824.1563,64.9824,45.5497,32.4255,16769.1196,302.3333,0.0,0.4769,0.4655,50.0
train,passive,1,896,30,9035.1106,29.9513,75.2995,29.0442,11590.5555,302.3333,498.6028,0.0009,0.9333,50.0
train,passive,4,1024,85,15000.0113,84.969,34.2671,31.1944,15958.1539,302.3333,26.8138,0.0295,0.1998,50.0
train,passive,2,768,90,15549.4685,89.9408,61.7034,30.1723,17636.8408,302.3333,59.4733,0.1073,0.1329,50.0
train,passive,1,256,55,11749.0932,55.1124,86.4047,65.755,9448.7627,270.9304,1776.5664,0.0057,0.6,50.0
train,passive,2,1024,45,10629.4888,44.9752,55.801,29.693,10046.6767,294.5819,31.2495,0.0038,0.7333,50.0
train,passive,3,512,70,13374.1344,70.0164,44.902,34.1422,16168.1185,297.6373,0.5267,0.4067,0.3993,50.0
train,passive,4,1024,65,12826.8902,64.9803,31.7462,30.85,14230.3504,302.3333,0.0,0.05,0.4663,50.0
train,passive,2,1024,35,9538.4634,34.9654,54.9933,28.8926,11892.1164,302.3333,9.4951,0.0019,0.8667,50.0
train,passive,4,384,35,9598.9282,34.9957,31.0489,50.4195,12019.0892,302.3333,30.356,0.0477,0.8659,50.0
train,passive,1,896,25,8493.6415,24.9468,74.6963,28.9001,11149.7554,302.3333,493.8429,0.0,1.0,50.0
train,passive,4,768,80,14456.5169,79.9919,32.0709,32.0279,17041.4648,302.3333,1.8268,0.0366,0.2663,50.0
train,passive,3,1024,30,9014.1422,30.007,41.838,29.114,12384.1471,302.3333,0.0,0.9488,0.9303,50.0
train,passive,3,384,40,10103.0617,40.0049,42.2156,50.521,11002.695,302.3333,41.8663,17.3223,0.7953,50.0
train,passive,4,384,45,10686.2222,45.0085,30.3145,50.4583,11621.2316,289.9706,0.0,0.0426,0.7327,50.0
train,passive,1,256,25,8474.7732,24.9966,84.5745,66.7885,11533.5834,298.4333,877.7569,0.0,1.0,50.0
train,passive,2,384,85,15019.5197,84.9668,64.1646,47.8477,15490.6538,302.3333,6.7254,0.9912,0.1992,50.0
train,passive,2,640,80,14468.9126,79.9705,60.3868,30.393,13937.8534,288.9102,38.5011,0.2954,0.2655,50.0
train,passive,2,512,90,15567.3138,89.9738,62.5035,30.5162,16575.5458,302.3333,17.2897,0.2022,0.1325,50.0
train,passive,2,512,45,10661.0119,45.0242,57.9842,30.5532,12967.3594,302.3333,0.0,1.0489,0.729,50.0
train,passive,3,896,80,14458.2791,79.9221,46.8572,31.1571,20277.3611,302.3333,0.0,0.2799,0.2659,50.0
train,passive,2,1024,95,16075.1898,94.9123,61.2346,30.3353,15539.0872,289.8876,138.4782,0.0134,0.0667,50.0
train,passive,2,896,85,14993.3999,84.9388,60.9615,30.4254,15261.8593,302.3333,91.4092,0.0827,0.1997,50.0
train,passive,2,1024,60,12264.8008,59.9777,57.7318,30.2667,10015.8284,270.1475,67.1724,0.0066,0.5333,50.0
train,passive,3,768,70,13370.1476,69.9722,45.8252,32.3188,18299.333,302.3333,0.0,0.4108,0.399,50.0
train,passive,2,768,100,16640.6863,99.9573,63.2467,31.0966,16976.0896,302.3333,68.5781,0.0142,0.0,50.0
train,passive,3,256,99999,18975.0515,126.9895,52.9703,65.5008,23032.008,269.947,0.0,0.0014,0.0,50.0
train,passive,1,640,35,9603.5166,34.9752,79.8236,29.9531,12350.4468,302.3333,572.1603,0.0018,0.8667,50.0
train,passive,1,640,95,16085.7102,94.993,84.5459,31.6521,19775.1962,302.3333,400.342,0.0127,0.0667,50.0
train,passive,1,640,55,11763.7959,54.9767,81.397,30.4312,16878.2937,302.3333,499.2715,0.0054,0.6,50.0
train,passive,4,384,25,8526.3971,25.0087,28.2314,50.4309,8482.9333,279.8387,0.0,0.0529,0.9991,50.0
train,passive,3,1024,40,10099.0122,39.9592,42.1328,28.8588,13879.7986,302.3333,0.0,0.8153,0.7974,50.0
train,passive,4,896,55,11735.5136,54.9936,30.8145,31.5679,13443.1723,302.3333,0.0,0.0624,0.5994,50.0
train,passive,2,768,90,15549.1211,89.9471,61.8757,30.3775,16532.2501,302.3333,69.6986,0.1073,0.1329,50.0
train,passive,3,768,65,12823.2185,64.9611,45.4757,31.7236,18596.7995,302.3333,3.4267,0.4769,0.4655,50.0
train,passive,1,640,75,13925.7134,75.0019,83.2763,31.5321,17305.1169,302.3333,449.8465,0.0091,0.3333,50.0
train,passive,2,768,30,9013.1233,30.0114,54.9717,29.6079,10824.8167,291.7306,0.0,0.6661,0.9306,50.0
train,passive,2,512,90,15571.3169,89.9779,62.2062,30.4007,18331.7998,302.3333,0.0,0.2022,0.1325,50.0
train,passive,3,640,35,9558.1868,35.0197,40.7709,32.3297,9325.7252,279.7572,0.0,0.8691,0.8648,50.0
train,passive,2,1024,85,14986.8068,84.935,61.1749,30.3014,14617.6322,299.9978,129.748,0.0114,0.2,50.0
train,passive,1,256,25,8470.9872,24.9854,84.4272,66.7784,10760.8936,302.3333,886.6909,0.0,1.0,50.0
train,passive,2,768,45,10649.2458,45.0041,57.8096,29.7533,12530.9066,302.3333,26.6018,0.5263,0.7312,50.0
train,passive,3,512,30,9011.2713,30.028,40.2681,33.3093,8482.9333,282.6976,0.0,0.9301,0.9317,50.0
train,passive,4,512,60,12275.8844,60.0037,29.7521,33.0534,16028.787,298.2358,0.0,0.063,0.5324,50.0
train,passive,2,256,30,9139.1192,29.9824,58.7025,66.2244,9445.2212,302.3333,0.2897,7.818,0.931,50.0
train,passive,1,768,35,9592.1701,34.9873,77.7076,29.9933,10156.4726,279.9236,534.8373,0.0018,0.8667,50.0
train,passive,3,256,90,15566.5027,90.1011,51.8533,65.3917,15364.1569,301.2563,3.124,5.6526,0.1347,50.0
train,passive,2,512,45,10665.4619,45.0541,58.3161,31.0103,11318.7816,281.9729,0.0,1.0489,0.729,50.0
train,passive,4,384,65,12846.4922,64.9781,30.1381,49.8201,13943.6695,288.8343,0.0,0.0323,0.4663,50.0
train,passive,2,512,70,13392.074,70.0211,60.4657,30.8286,13466.5002,287.8218,0.0,0.5785,0.3976,50.0
train,passive,4,1024,90,15548.5109,89.9668,33.0611,31.1306,15243.8265,298.9173,0.0,0.0244,0.1332,50.0
train,passive,2,896,45,10636.4778,44.9941,56.9966,30.0138,10346.9387,290.3824,39.1085,0.2651,0.7323,50.0
train,passive,3,1024,55,11736.0437,54.9459,43.8149,29.4397,14638.6961,290.6379,5.156,0.615,0.598,50.0
train,passive,2,384,50,11240.0861,49.9881,59.5427,48.0815,12072.3193,302.3333,0.0,3.2716,0.6639,50.0
train,passive,1,1024,75,13916.8634,74.9901,81.1652,27.9324,15126.7083,302.3333,648.0091,0.0093,0.3333,50.0
train,passive,3,896,25,8471.9213,25.0245,40.3252,30.0061,9723.2637,293.4665,0.0,1.0105,0.9971,50.0
train,passive,4,384,70,13388.3555,70.009,31.8226,50.5398,14699.6633,292.2476,0.0,0.0296,0.3997,50.0
train,passive,3,768,70,13372.7775,69.9744,44.3968,32.2331,15081.1711,271.9149,0.0,0.4108,0.399,50.0
train,passive,3,768,85,15002.3862,84.9477,47.6658,32.529,19912.3026,302.3333,13.5335,0.2125,0.1995,50.0
train,passive,1,512,60,12310.4574,59.9778,82.7795,31.3139,17447.3387,302.3333,464.2501,0.0063,0.5333,50.0
train,passive,1,896,60,12293.5586,59.9923,79.6267,29.164,12948.9399,289.6137,558.4193,0.0064,0.5333,50.0
train,passive,1,384,70,13387.074,70.0713,85.0031,48.5167,13477.5034,286.5379,1316.0049,0.0083,0.4,50.0
train,passive,1,640,35,9601.7803,34.9696,79.514,29.9469,12593.6904,302.3333,567.5402,0.0018,0.8667,50.0
train,passive,2,1024,55,11721.045,54.9626,57.9885,29.4123,12072.8731,302.3333,72.2021,0.0057,0.6,50.0
train,passive,3,640,70,13372.0102,69.993,45.6794,33.1211,17207.3869,302.3333,4.7726,0.4087,0.3992,50.0
train,passive,2,1024,85,14986.3523,84.9421,60.9616,30.5712,13820.7281,287.0438,124.9577,0.0114,0.2,50.0
train,passive,2,384,99999,19055.6195,127.5708,69.688,48.3489,22947.2345,302.3333,12.3049,0.0014,0.0,50.0
train,passive,3,896,30,9012.5147,30.0023,41.2876,29.9225,11574.5342,302.3333,0.0,0.9441,0.9306,50.0
train,passive,2,1024,40,10082.1229,39.9689,55.471,29.3885,10256.1993,302.3333,28.5514,0.0029,0.8,50.0
train,passive,1,1024,85,15008.4252,85.0255,83.6815,27.9917,16549.1842,302.3333,682.3555,0.0111,0.2,50.0
train,passive,1,1024,85,15009.3578,85.0263,83.672,27.9324,15065.9103,302.3333,697.7302,0.0111,0.2,50.0
train,passive,3,384,65,12832.8338,65.0266,45.2513,50.1602,15538.8565,302.3333,0.0,10.1106,0.4646,50.0
train,passive,4,384,80,14464.8963,79.9797,32.4694,49.9643,17086.3834,302.3333,9.6308,0.0245,0.2664,50.0
validation,passive,2,256,100,16601.3333,99.8094,64.9111,63.808,16641.5556,302.0,0.0,0.0141,0.0,50.0
train,passive,4,256,40,10194.2887,40.0126,31.7874,67.5172,11170.8696,302.3333,0.0,0.0028,0.8,50.0
train,passive,1,1024,95,16099.2819,95.0729,85.3006,28.6028,13182.1265,269.1721,728.6697,0.0129,0.0667,50.0
train,passive,1,384,80,14471.7334,80.0897,85.8444,48.4352,14167.8879,281.802,1445.5475,0.0102,0.2667,50.0
train,passive,3,640,50,11191.6571,50.014,43.0906,33.0574,13434.3513,302.3333,0.0,0.6718,0.6653,50.0
train,passive,3,384,40,10111.1396,40.0094,40.8555,50.19,12109.0195,302.3333,0.0,17.3223,0.7953,50.0
train,passive,1,768,35,9590.2742,34.9693,77.6509,29.7136,11832.7125,302.3333,533.0979,0.0018,0.8667,50.0
train,passive,2,512,35,9568.4323,35.0291,57.2978,30.4833,12314.6255,302.3333,7.8597,1.2371,0.8616,50.0
train,passive,3,896,60,12281.2141,59.9689,44.9778,31.0455,16239.1019,302.3333,0.0,0.5456,0.5318,50.0
train,passive,4,256,50,11266.4809,50.0159,32.2338,67.9565,11053.303,302.3333,0.0,0.0047,0.6667,50.0
train,passive,4,384,35,9606.7788,34.9987,29.0733,50.1259,11387.3276,290.5075,0.0,0.0478,0.8659,50.0
train,passive,4,896,55,11738.1008,54.9899,29.1926,31.3744,10772.3232,273.3002,0.0,0.0624,0.5994,50.0
train,passive,2,1024,55,11721.0846,54.9674,57.9076,29.5562,11612.7543,302.3333,69.949,0.0057,0.6,50.0
train,passive,4,512,30,9002.0007,29.9816,28.8743,33.2274,12271.9698,302.3333,23.7708,0.0997,0.9317,50.0
train,passive,1,768,95,16087.3922,95.0028,84.8944,30.3269,18387.6595,302.3333,521.6377,0.0128,0.0667,50.0
train,passive,3,512,25,8460.8983,25.0007,40.3102,32.6749,9571.8732,302.3333,16.5126,0.9956,0.9983,50.0
train,passive,1,256,100,16656.6982,100.2593,91.4902,63.4697,13020.9309,300.8843,3138.2303,0.0142,0.0,50.0
train,passive,2,1024,99999,18945.6815,126.6925,55.457,27.9955,12889.9629,208.8753,14.8366,0.0016,0.0,50.0
train,passive,3,512,65,12824.0914,65.0123,45.1901,34.1464,16051.9968,302.3333,17.3742,0.4722,0.4659,50.0
train,passive,3,256,70,13387.431,70.0824,47.5741,66.6921,12233.7436,286.7684,5.4415,16.9296,0.3976,50.0
train,passive,4,768,85,15005.6614,84.9874,31.3835,31.5913,16541.6651,290.7638,0.0,0.031,0.1997,50.0
train,passive,3,896,100,16634.917,99.9045,49.4814,32.3213,22545.3409,302.3333,0.0,0.0143,0.0,50.0
train,passive,3,768,30,9014.1151,30.0118,41.2076,30.8509,12007.8021,300.633,0.0,0.9395,0.931,50.0
train,passive,4,512,95,16092.0043,94.9929,29.4553,32.0648,19321.4314,272.1662,0.0,0.0203,0.0666,50.0
train,passive,1,896,50,11208.1899,49.9891,78.5326,29.4273,12783.5413,302.3333,532.6089,0.0046,0.6667,50.0
train,passive,3,640,95,16096.397,95.0011,48.3555,34.5819,19890.1359,282.549,0.0,0.08,0.0665,50.0
train,passive,1,768,70,13384.4091,69.9902,81.2402,29.8071,14739.8156,292.5101,522.655,0.0082,0.4,50.0
train,passive,4,512,75,13907.67,74.9976,30.754,32.7098,18190.9354,298.6352,13.0925,0.0447,0.3328,50.0
train,passive,1,640,35,9600.6807,34.9783,79.664,30.3723,12246.2892,302.3333,563.7584,0.0018,0.8667,50.0
train,passive,4,256,100,16615.709,99.9247,35.3104,66.9032,16938.0653,302.3333,39.5801,0.0142,0.0,50.0
train,passive,1,1024,35,9569.1142,34.9454,73.3249,28.1574,10113.8568,281.821,482.5334,0.0019,0.8667,50.0
train,passive,3,512,50,11193.4484,50.0168,43.2894,33.4234,13419.7195,302.3333,8.0956,0.6684,0.6655,50.0
train,passive,1,512,95,16081.1186,94.9808,85.1538,32.9349,21062.4236,302.3333,313.7272,0.0126,0.0667,50.0
validation,passive,1,256,99999,18998.9556,127.1366,94.1111,63.6799,14713.8222,300.6889,4270.6667,0.0014,0.0,50.0
train,passive,4,1024,99999,18988.9182,127.0056,36.8209,31.1708,19690.3109,302.3333,0.0,0.0016,0.0,50.0
train,passive,4,512,99999,18973.1272,126.9664,37.7883,32.8439,25039.4979,298.874,0.0,0.0015,0.0,50.0
train,passive,1,384,65,12844.2392,65.0612,85.8819,48.3378,14731.7794,302.3333,1267.808,0.0074,0.4667,50.0
train,passive,1,896,35,9573.3635,34.9247,75.1382,28.4577,12122.8887,302.3333,512.4504,0.0019,0.8667,50.0
train,passive,4,384,60,12302.1217,59.9845,31.7721,50.0905,14779.0646,302.3333,20.6472,0.0348,0.5329,50.0
train,passive,1,384,99999,19005.8316,127.1075,93.7608,47.4454,15450.946,259.7701,3183.7392,0.0014,0.0,50.0
train,passive,4,256,85,15007.9828,84.9444,34.83,67.1219,15345.9364,302.3333,42.6357,0.0114,0.2,50.0
train,passive,2,1024,75,13898.876,74.9414,60.2811,29.8503,14177.1486,302.3333,113.737,0.0095,0.3333,50.0
train,passive,1,896,35,9579.9491,34.9484,75.0822,28.6479,10810.9566,289.7273,510.2401,0.0019,0.8667,50.0
train,passive,2,768,70,13369.3556,69.9677,59.2338,30.2174,12952.1571,289.9908,55.0324,0.2936,0.3988,50.0
train,passive,4,512,65,12820.9384,64.9883,30.013,32.4112,19423.1545,302.3333,0.0,0.0569,0.4659,50.0
train,passive,4,1024,70,13373.5432,70.0035,32.3096,31.4395,12064.0374,283.2125,0.0,0.0448,0.3997,50.0
train,passive,1,512,55,11771.4291,54.9908,81.7691,31.7211,14393.6013,297.1562,479.6437,0.0054,0.6,50.0
train,passive,3,640,55,11737.5824,55.0084,43.0402,32.9539,12823.0154,279.9777,0.0,0.606,0.5987,50.0
train,passive,1,640,100,16628.5057,100.0005,85.9917,31.5645,20546.436,302.3333,411.3025,0.0136,0.0,50.0
train,passive,1,1024,90,15548.8571,90.0255,84.602,27.9654,15388.4798,302.3333,726.6511,0.0121,0.1333,50.0
train,passive,4,256,55,11800.5257,54.9864,32.4232,67.1973,13542.4952,302.3333,0.0,0.0057,0.6,50.0
train,passive,2,256,85,15019.7992,84.9689,65.9355,65.2816,12967.6514,273.9056,0.0,1.6861,0.1995,50.0
train,passive,2,896,95,16086.6203,94.947,62.2996,30.7428,15033.1845,288.9884,110.5674,0.037,0.0666,50.0
train,passive,3,384,25,8472.9085,24.9852,37.912,50.2579,8804.4141,302.3333,0.0,21.6493,0.9936,50.0
train,passive,3,256,55,11752.7587,55.0329,43.7853,66.7341,12996.3257,302.3333,0.0,25.3875,0.5947,50.0
train,passive,4,768,25,8462.0244,24.9765,27.9389,31.8015,10025.6311,302.3333,0.0,0.0983,0.9988,50.0
train,passive,2,640,80,14468.5046,79.975,61.4213,30.4452,15197.3016,302.3333,44.5367,0.2954,0.2655,50.0
train,passive,3,768,40,10105.8624,39.9995,41.7206,30.983,11579.0522,295.1068,0.0,0.8073,0.798,50.0
train,passive,2,896,75,13907.55,74.9624,59.3229,30.3752,12457.0779,278.4753,72.2018,0.1283,0.3328,50.0
train,passive,1,768,100,16628.0568,100.0069,86.2735,30.3743,20007.004,302.3333,531.8853,0.0137,0.0,50.0
train,passive,1,1024,70,13376.939,70.0081,80.6789,28.1506,13822.997,292.7006,626.8661,0.0083,0.4,50.0
train,passive,3,768,90,15551.3144,89.9448,47.3865,32.5043,19946.3076,296.4792,0.0,0.1464,0.133,50.0
train,passive,1,256,70,13384.2167,70.157,89.1988,64.7998,12687.8657,302.3333,2239.9289,0.0085,0.4,50.0
train,passive,2,896,65,12816.2846,64.9767,59.2541,30.507,13375.4072,302.3333,54.2373,0.1739,0.466,50.0
train,passive,3,384,55,11745.1197,55.0398,43.8264,50.7315,12706.2192,301.1825,0.0,12.9952,0.5968,50.0
train,passive,1,384,99999,19006.8281,127.1251,93.8322,47.9766,11359.6467,231.8024,3192.0195,0.0014,0.0,50.0
train,passive,3,384,50,11200.9738,50.0234,42.893,50.2489,13874.8353,302.3333,0.0,14.4376,0.663,50.0
train,passive,1,512,100,16623.8667,99.9841,84.7778,33.0054,21590.1778,301.5111,270.1111,0.0135,0.0,50.0
train,passive,2,256,75,13947.9674,74.9356,64.5934,64.5976,16655.4956,302.3333,0.0,2.801,0.3325,50.0
train,passive,4,896,85,15003.7545,84.979,32.1313,31.4484,15745.7998,294.395,0.0,0.0303,0.1998,50.0
train,passive,1,1024,80,14459.5666,80.0095,83.387,28.0096,14840.9771,302.3333,702.605,0.0102,0.2667,50.0
train,passive,4,256,55,11801.4984,55.003,32.4605,67.6933,11728.5676,302.3333,0.0,0.0057,0.6,50.0
train,passive,4,640,90,15547.851,90.0184,31.8693,32.6603,17939.1469,282.663,0.0,0.0258,0.1331,50.0
train,passive,4,512,80,14455.2739,79.9909,30.2103,32.2952,19831.4184,298.7718,0.0,0.0386,0.2662,50.0
train,passive,3,640,90,15548.9677,89.9741,47.6469,33.7492,21548.6638,302.3333,0.0,0.1457,0.1331,50.0
train,passive,4,640,35,9550.4234,34.975,28.3723,32.2902,12960.8155,302.3333,0.0,0.0903,0.8654,50.0
train,passive,3,384,70,13380.4893,70.0424,45.3735,50.3464,13782.7841,283.692,0.0,8.6682,0.3984,50.0
train,passive,1,512,90,15545.7806,89.9829,84.2818,32.5623,21011.4668,302.3333,313.9545,0.0117,0.1333,50.0
train,passive,1,896,25,8494.3671,24.9366,73.788,28.5573,10195.6269,293.9363,494.504,0.0,1.0,50.0
train,passive,2,512,45,10665.2372,45.0293,57.5983,30.3813,13046.5658,293.3636,0.0,1.0489,0.729,50.0
train,passive,3,1024,99999,18978.6444,126.9173,45.5704,30.4724,12660.6667,201.1778,0.0,0.0016,0.0,50.0
train,passive,3,384,99999,18968.4896,126.9719,51.9655,49.093,22357.7103,302.3333,18.0494,0.0015,0.0,50.0
train,passive,3,768,99999,18977.5807,126.9522,47.793,31.4955,16087.7831,259.2265,5.4383,0.0016,0.0,50.0
train,passive,1,384,65,12844.819,65.0655,84.7435,48.549,12659.7308,279.662,1257.5489,0.0074,0.4667,50.0
train,passive,2,512,99999,18971.4477,126.9373,65.4701,30.4633,20025.4327,300.8814,0.0,0.0014,0.0,50.0
train,passive,1,896,40,10120.4261,39.9456,76.5411,28.5158,12543.4084,302.3333,527.2283,0.0028,0.8,50.0
train,passive,2,896,45,10633.8298,44.9667,56.2772,29.5038,11896.4249,302.3333,27.278,0.2651,0.7323,50.0
train,passive,1,768,85,15005.6095,85.0003,83.4173,30.2441,16872.2938,299.7157,517.0313,0.011,0.2,50.0
train,passive,3,896,99999,18971.1689,126.9723,50.4054,32.525,18129.8125,293.0418,1.3006,0.0015,0.0,50.0
train,passive,1,640,80,14461.2113,79.9675,82.6871,30.9506,18016.022,302.3333,442.317,0.01,0.2667,50.0
train,passive,1,768,75,13923.5044,75.0014,82.3107,30.243,15303.9026,292.0521,520.8253,0.0091,0.3333,50.0
train,passive,4,512,100,16636.2912,100.0243,31.5422,32.7101,20249.3615,274.8727,0.0,0.0141,0.0,50.0
train,passive,3,512,55,11735.8357,55.014,43.6371,33.7638,14143.1019,302.3333,6.1488,0.603,0.599,50.0
train,passive,4,896,75,13915.0275,74.9827,31.5673,31.3919,15035.3886,294.7957,0.0,0.041,0.333,50.0
train,passive,2,384,55,11783.73,55.0038,60.4907,48.2476,12415.4148,289.1915,0.0,2.9458,0.5975,50.0
train,passive,3,768,25,8469.1635,25.0267,40.5746,31.0533,9169.4206,292.3794,0.0,1.0055,0.9975,50.0
train,passive,4,768,45,10646.7502,45.0148,29.6553,32.3774,10770.6417,278.1657,0.0,0.0758,0.7324,50.0
train,passive,3,768,75,13914.1584,74.9527,46.0938,32.0295,18428.8675,302.3333,2.8757,0.3447,0.3325,50.0
train,passive,1,768,65,12842.2613,65.0043,81.3067,30.206,14289.0084,284.0379,520.5922,0.0073,0.4667,50.0
train,passive,4,384,95,16085.6746,94.9729,33.21,49.8335,19033.7828,302.3333,8.7873,0.0167,0.0666,50.0
train,passive,2,384,25,8544.5683,25.0302,57.2803,48.6304,9273.1201,293.9028,0.8248,4.9003,0.9958,50.0
train,passive,4,768,50,11189.0107,49.9871,29.961,31.7772,14236.3255,302.3333,0.0,0.0703,0.6658,50.0
train,passive,3,512,90,15545.1831,90.0012,47.8541,35.0285,20686.1764,302.3333,17.5463,0.1451,0.1331,50.0
train,passive,3,512,99999,18973.5809,126.9818,49.0877,32.7276,18742.5407,300.9827,0.1893,0.0016,0.0,50.0
train,passive,2,256,30,9129.9942,29.9569,58.8291,66.1046,9516.6805,302.3333,28.2052,7.8181,0.931,50.0
train,passive,1,256,75,13928.0687,75.1902,89.5661,65.1649,10893.0664,282.5667,2391.8681,0.0094,0.3333,50.0
train,passive,2,1024,65,12802.3833,64.9461,59.2799,30.0369,12554.1149,301.6649,108.9409,0.0076,0.4667,50.0
train,passive,3,1024,75,13913.278,74.9133,46.591,30.2472,18711.7885,302.3333,0.0,0.348,0.3322,50.0
train,passive,2,512,40,10118.9057,40.0451,58.1841,30.7348,13691.9068,302.3333,0.0,1.143,0.7953,50.0
train,passive,3,256,25,8489.2278,24.9897,36.6788,67.9268,9545.0316,298.6971,0.0,42.303,0.989,50.0
train,passive,3,512,25,8464.8518,25.0055,39.8193,32.5942,10357.9078,302.3333,0.0,0.9956,0.9983,50.0
train,passive,2,256,75,13948.7098,74.9442,63.7299,64.9128,12895.4184,287.9937,0.0,2.8011,0.3325,50.0
train,passive,3,768,80,14460.529,79.9596,46.8625,32.3843,18843.379,302.3333,2.7584,0.2786,0.266,50.0
train,passive,3,768,100,16632.0688,99.9062,48.0849,32.7053,22582.8568,302.3333,0.0,0.0143,0.0,50.0
train,passive,2,768,80,14462.1836,79.9647,59.7295,30.4353,13569.4591,285.9799,45.9297,0.2005,0.2659,50.0
train,passive,4,1024,40,10103.2455,39.9921,30.075,30.7604,11829.0561,302.3333,0.0,0.0755,0.7994,50.0
train,passive,4,1024,99999,18988.0034,126.992,36.5707,30.7987,20489.9879,302.3333,0.0,0.0016,0.0,50.0
train,passive,4,640,65,12822.5432,64.986,29.973,32.0685,16799.9993,299.0507,0.0,0.0552,0.466,50.0
train,passive,1,1024,80,14464.3271,80.0246,82.7688,28.26,14773.6305,302.3333,668.5299,0.0102,0.2667,50.0
train,passive,1,1024,25,8479.8739,24.9347,72.2627,28.486,10790.886,302.3333,438.0416,0.0,1.0,50.0
train,passive,1,896,40,10117.2264,39.9362,76.0493,28.5546,12476.9777,302.3333,522.2372,0.0028,0.8,50.0
train,passive,4,896,85,15005.9159,85.0,32.4149,31.8463,14601.8428,278.3728,0.0,0.0302,0.1998,50.0
train,passive,4,640,95,16090.1561,94.987,32.0063,31.8645,20365.0435,302.3333,1.9563,0.02,0.0666,50.0
train,passive,4,512,55,11731.4271,54.9938,28.8799,32.8512,14853.9496,290.3976,0.0,0.0691,0.599,50.0
train,passive,1,1024,80,14460.0579,80.0116,83.1306,28.0835,14755.081,302.3333,693.9637,0.0102,0.2667,50.0
train,passive,3,768,60,12283.0613,59.9766,43.8756,31.6591,14878.2576,293.4885,0.0,0.5429,0.532,50.0
train,passive,1,256,55,11746.8574,55.1035,87.6597,65.5356,11745.6262,302.3333,1790.2528,0.0057,0.6,50.0
train,passive,3,1024,40,10102.2511,39.9763,42.6138,29.0639,13628.3412,302.3333,0.0,0.8153,0.7974,50.0
train,passive,4,384,100,16625.6009,99.9541,32.482,49.3716,19613.6467,302.3333,0.0,0.0142,0.0,50.0
train,passive,1,256,75,13929.9722,75.1966,89.3194,65.2321,10521.4523,276.0631,2382.5153,0.0094,0.3333,50.0
train,passive,3,640,25,8469.1783,25.018,38.9294,31.83,8482.9333,274.0703,0.0,1.0006,0.9979,50.0
train,passive,2,640,50,11202.637,50.0359,57.9996,30.8109,10524.1767,272.5774,7.5029,0.7173,0.6637,50.0
train,passive,3,1024,70,13369.4223,69.9181,45.9156,29.8376,18284.8897,301.0245,0.0,0.4148,0.3987,50.0
train,passive,3,256,65,12843.0251,65.055,46.3043,66.3527,14402.5354,302.3333,0.0,19.7489,0.4633,50.0
train,passive,2,512,40,10121.4463,40.0371,56.1376,30.4551,10278.887,272.9194,0.0,1.143,0.7953,50.0
train,passive,4,512,60,12276.7458,59.999,29.806,32.7862,16146.8347,299.9504,1.6112,0.063,0.5324,50.0
train,passive,3,1024,85,15001.646,84.8821,48.0269,30.0664,20298.5481,302.3333,15.633,0.2145,0.1993,50.0
train,passive,3,256,65,12839.494,65.0489,46.9329,66.3574,14751.2206,302.3333,13.8801,19.7489,0.4633,50.0
train,passive,4,512,45,10642.4013,45.0108,29.066,33.4577,13230.3783,290.396,0.0,0.0813,0.7321,50.0
train,passive,2,512,55,11754.9755,55.0393,59.3992,31.0737,13205.1452,301.4011,0.0,0.8608,0.5965,50.0
train,passive,4,896,85,15001.852,84.9792,32.7508,31.523,15966.8815,298.9367,10.5094,0.0303,0.1998,50.0
train,passive,4,1024,65,12828.0528,64.9833,30.7585,30.9698,11605.426,282.8783,0.0,0.05,0.4663,50.0
train,passive,3,768,60,12278.8803,59.9826,44.9455,32.1335,15879.8043,302.3333,4.3089,0.5429,0.532,50.0
train,passive,1,512,45,10685.5865,44.9614,81.5628,30.9105,13970.6109,302.3333,553.8803,0.0036,0.7333,50.0
train,passive,2,384,65,12862.121,64.9755,61.6439,47.6489,15574.0757,302.3333,0.0,2.2943,0.4647,50.0
train,passive,3,768,40,10099.9815,39.9889,41.9111,31.1336,12502.7067,302.3333,0.0,0.8073,0.798,50.0
train,passive,3,1024,25,8473.3115,25.0204,40.6586,28.7965,10399.3528,290.5489,0.0,1.0155,0.9967,50.0
train,passive,4,768,35,9555.6498,34.9905,28.2695,31.9039,10389.3581,289.1665,0.0,0.0871,0.8656,50.0
train,passive,2,1024,35,9537.5654,34.9691,54.8273,29.1098,10202.1013,302.3333,17.4958,0.0019,0.8667,50.0
train,passive,3,768,99999,18976.4472,126.9603,49.8929,31.5734,18773.7412,291.2321,19.0025,0.0015,0.0,50.0
train,passive,3,896,30,9014.9955,30.022,41.9033,30.3464,12036.6667,302.3333,0.0,0.9441,0.9306,50.0
train,passive,1,640,85,15007.6211,84.9865,84.0536,30.9846,20704.3088,302.3333,422.2907,0.0109,0.2,50.0
train,passive,4,1024,55,11735.2379,54.9803,30.7005,30.8916,11785.5973,301.4276,0.0,0.0602,0.5995,50.0
train,passive,4,256,90,15554.5545,89.9754,33.9153,67.4381,13698.2183,277.1802,0.0,0.0123,0.1333,50.0
train,passive,4,640,60,12273.6286,59.9855,30.5974,32.3236,15812.7984,302.3333,16.3628,0.061,0.5325,50.0
train,passive,3,768,100,16639.5427,99.9304,47.7252,32.8759,20840.3219,283.3589,0.0,0.0143,0.0,50.0
train,passive,1,256,45,10654.8027,45.0641,86.5739,65.9598,12158.0832,302.3333,1482.5627,0.0038,0.7333,50.0
train,passive,1,896,35,9579.7728,34.9472,75.0149,28.6348,10958.0016,289.1711,508.2799,0.0019,0.8667,50.0
train,passive,3,640,95,16095.8598,94.9697,47.7818,33.7313,22730.2816,299.4412,0.0,0.08,0.0665,50.0
train,passive,3,256,40,10122.178,40.0196,40.7365,67.4291,10890.821,302.3333,0.0,33.8452,0.7919,50.0
train,passive,3,256,60,12298.6976,60.0554,45.2784,66.8585,13175.8438,302.3333,0.0,22.5682,0.529,50.0
validation,passive,2,256,99999,18959.8222,126.8747,67.1111,64.3779,25291.5333,301.7111,0.6889,0.0014,0.0,50.0
train,passive,1,768,85,15001.5274,84.9806,83.259,29.9955,17528.5049,302.3333,523.0302,0.011,0.2,50.0
train,passive,1,640,45,10685.0202,44.9772,78.837,30.2924,11186.7909,273.7315,528.3504,0.0036,0.7333,50.0
train,passive,2,768,65,12824.4568,64.9878,59.7293,30.6015,13723.5193,302.3333,42.6192,0.3401,0.4653,50.0
train,passive,3,640,60,12276.0696,59.9841,45.0126,32.7958,16789.2086,302.3333,19.5542,0.5403,0.5322,50.0
train,passive,2,768,80,14462.0416,79.9756,60.8471,30.5736,13954.5063,290.459,57.9696,0.2004,0.2659,50.0
train,passive,4,384,90,15547.6324,89.9697,32.4459,49.5451,18324.6814,302.3333,1.589,0.0193,0.1332,50.0
train,passive,1,384,100,16641.0888,100.1422,88.29,48.7862,16221.7432,286.8807,1697.2124,0.0138,0.0,50.0
train,passive,1,768,45,10674.0978,44.9845,79.0331,29.9901,12501.2232,298.7558,530.3165,0.0036,0.7333,50.0
train,passive,1,640,85,15001.7348,84.9749,83.5728,31.1775,18594.8723,302.3333,437.8918,0.0109,0.2,50.0
train,passive,3,512,35,9554.7508,35.0067,40.9351,32.9782,11446.6822,302.3333,0.0,0.8647,0.8652,50.0
train,passive,4,512,30,9003.9877,29.9943,28.7602,33.4479,11366.5576,296.075,17.2192,0.0997,0.9317,50.0
train,passive,4,512,60,12276.1217,59.9906,29.8004,32.5858,16673.7477,302.3333,3.6287,0.063,0.5324,50.0
train,passive,1,640,80,14466.3314,79.9876,83.1931,31.0843,18304.5466,301.7135,439.6733,0.01,0.2667,50.0
train,passive,2,768,99999,18959.4966,126.8297,60.7295,29.566,15237.3215,245.3318,6.3975,0.0015,0.0,50.0
train,passive,1,384,25,8503.9882,25.0027,83.0013,49.0956,10828.1589,302.3333,757.0926,0.0,1.0,50.0
train,passive,2,256,100,16621.6361,99.9279,67.6064,64.1572,17135.0978,297.9839,0.0,0.0138,0.0,50.0
train,passive,1,512,95,16082.9322,94.9802,84.0988,32.8693,20266.1178,297.1423,290.8413,0.0126,0.0667,50.0
train,passive,3,512,90,15549.9015,90.0092,47.0257,35.0043,20035.11,297.5459,0.0,0.1451,0.1331,50.0
train,passive,4,768,100,16634.3403,99.9879,33.5137,31.9685,19615.8976,302.3333,9.1071,0.0141,0.0,50.0
train,passive,4,384,65,12841.9997,64.9904,32.2313,50.2684,14457.3721,299.407,28.2376,0.0322,0.4663,50.0
train,passive,2,896,55,11724.8687,54.9695,57.701,29.889,11653.9328,295.7275,57.3664,0.2195,0.5991,50.0
train,passive,1,640,70,13387.974,70.014,82.2846,31.5022,14069.7866,270.3433,465.6743,0.0081,0.4,50.0
train,passive,2,1024,70,13344.2622,69.9325,60.2235,30.0568,13572.7276,302.3333,132.8681,0.0086,0.4,50.0
train,passive,2,896,70,13357.6972,69.9547,59.9152,30.2033,13739.7169,302.3333,87.0425,0.1511,0.3994,50.0
train,passive,1,384,60,12301.3343,60.0487,85.3852,48.2904,15795.2131,302.3333,1190.7078,0.0065,0.5333,50.0
train,passive,4,640,100,16636.0477,99.9906,32.4571,31.8128,21731.6846,302.3333,0.0,0.0141,0.0,50.0
train,passive,4,384,75,13926.3471,74.9877,32.0481,50.1015,16435.1725,302.3333,0.0,0.0271,0.3331,50.0
train,passive,4,640,55,11735.0292,54.991,30.3136,32.0314,16027.9141,302.3333,1.4654,0.0668,0.5991,50.0
train,passive,4,640,80,14456.3417,79.9837,30.0813,31.9932,17098.2689,288.9724,0.0,0.0376,0.2663,50.0
train,passive,4,768,40,10100.0245,40.0033,29.4251,32.3362,11858.925,302.3333,0.0,0.0815,0.799,50.0
train,passive,4,384,99999,18997.9956,127.2033,37.7941,49.7643,23005.6959,301.8439,0.0,0.0016,0.0,50.0
train,passive,1,256,50,11202.217,50.1031,87.0743,66.2053,10209.2291,283.3871,1634.4251,0.0047,0.6667,50.0
test,passive,3,256,100,16601.4889,99.8093,49.7926,64.557,22224.6,301.3778,0.0,0.0143,0.0,50.0
train,passive,3,256,55,11746.0021,55.0322,45.2794,67.0503,12119.2319,302.3333,46.9696,25.3874,0.5947,50.0
train,passive,2,640,30,9023.0922,30.0406,57.0046,30.0428,11346.1416,302.3333,11.7121,0.9985,0.9292,50.0
train,passive,4,512,65,12821.1538,64.9925,30.0756,32.531,17840.3587,302.3333,0.0,0.0569,0.4659,50.0
train,passive,4,1024,25,8469.1024,24.9954,28.8941,30.5775,10301.0258,302.3333,0.0,0.0908,0.9992,50.0
train,passive,1,512,35,9611.654,34.9756,81.2531,30.5954,13252.3042,302.3333,592.2348,0.0018,0.8667,50.0
train,passive,1,896,40,10121.3184,39.9477,75.6067,28.6245,11295.2415,291.561,517.6402,0.0028,0.8,50.0
train,passive,2,896,70,13363.4887,69.9601,59.495,29.9385,13463.9605,302.3333,74.5971,0.1511,0.3994,50.0
train,passive,1,768,25,8507.5729,24.9661,76.3923,29.5439,9730.921,287.1188,543.4162,0.0,1.0,50.0
train,passive,2,768,25,8459.0733,25.0136,56.4772,29.9399,10194.5821,302.3333,42.2034,0.7126,0.997,50.0
train,passive,3,768,70,13368.8297,69.9693,45.7959,32.3019,17406.7979,302.3333,1.6655,0.4108,0.399,50.0
train,passive,3,384,30,9015.2783,29.9988,40.1765,50.5302,9474.6215,302.3333,31.9257,20.207,0.9275,50.0
train,passive,1,1024,30,9021.6042,29.9288,73.0976,28.174,11470.4799,302.3333,465.4898,0.0009,0.9333,50.0
train,passive,4,896,80,14460.3585,79.9948,32.4514,31.6761,15012.2913,292.4549,0.0,0.0356,0.2664,50.0
train,passive,1,768,30,9047.6208,29.9673,77.4558,29.7544,11653.0661,302.3333,538.8491,0.0009,0.9333,50.0
train,passive,1,1024,70,13377.7563,69.9998,80.4317,27.9324,13552.9605,298.9396,632.8782,0.0083,0.4,50.0
train,passive,3,256,35,9575.6247,35.0134,39.0522,67.9143,8812.9419,292.8908,0.0,36.6645,0.8576,50.0
train,passive,1,640,30,9057.3682,29.9634,79.3675,29.9723,11545.8511,302.3333,597.5002,0.0009,0.9333,50.0
train,passive,4,1024,60,12276.1718,59.9751,31.9408,31.0082,12568.1778,302.3333,23.0626,0.0551,0.5329,50.0
train,passive,1,896,55,11745.5392,54.9665,79.7319,28.8462,14360.893,302.3333,574.9332,0.0055,0.6,50.0
train,passive,4,384,55,11766.3112,54.9986,31.2501,50.2692,15287.0044,302.3333,0.0,0.0374,0.5995,50.0
train,passive,3,512,60,12278.8024,60.0053,43.7692,33.898,15458.264,302.3333,0.0,0.5376,0.5324,50.0
train,passive,2,1024,99999,18941.9938,126.699,57.1173,28.26,12938.7069,212.6495,57.6066,0.0016,0.0,50.0
train,passive,4,512,40,10097.3321,39.9957,28.1928,33.237,12878.4278,296.4053,0.0,0.0875,0.7986,50.0
train,passive,3,384,70,13379.349,70.0382,46.4945,50.2081,17279.1699,302.3333,0.0,8.6682,0.3984,50.0
train,passive,1,384,30,9045.919,30.004,82.9068,48.8081,10426.6693,293.0129,825.5437,0.0009,0.9333,50.0
train,passive,3,512,40,10098.1995,39.9974,41.3068,33.0163,12737.8364,302.3333,0.0,0.7993,0.7986,50.0
train,passive,3,256,45,10660.5313,45.0055,41.0142,67.1692,11112.1019,302.3333,0.0,31.026,0.7261,50.0
train,passive,1,1024,35,9568.2907,34.9449,74.2708,28.1019,11429.9188,301.0808,491.7202,0.0018,0.8667,50.0
train,passive,1,256,70,13383.688,70.164,88.9945,65.0744,11664.2456,295.0377,2237.7304,0.0085,0.4,50.0
train,passive,3,1024,30,9018.8941,30.0196,42.2516,28.952,11672.3404,300.9115,3.2411,0.9487,0.9303,50.0
train,passive,1,256,30,9016.6136,30.0194,85.7725,66.9204,10428.8567,298.5924,1053.8601,0.0009,0.9333,50.0
train,passive,4,1024,45,10644.194,44.9739,29.5667,30.6844,10726.7911,302.3333,0.0,0.0704,0.7327,50.0
train,passive,3,640,30,9013.944,30.0374,40.6904,32.494,8482.9333,273.547,0.0,0.9348,0.9314,50.0
train,passive,3,640,85,15005.6534,84.9815,47.229,33.5728,21346.3462,302.3333,0.0,0.2115,0.1996,50.0
validation,passive,2,1024,100,16662.5778,100.0151,60.6778,28.8173,16625.2667,297.9333,9.0667,0.0141,0.0,50.0
train,passive,3,256,40,10119.9243,40.0119,40.3873,67.4239,10376.9862,302.3333,1.0509,33.8452,0.7919,50.0
train,passive,2,896,99999,18955.2324,126.7742,58.6658,28.95,14378.7004,231.9352,10.8921,0.0015,0.0,50.0
train,passive,3,768,80,14461.0639,79.9567,46.7277,32.273,18858.0371,302.3333,2.7099,0.2786,0.266,50.0
train,passive,2,896,85,14991.8687,84.924,60.6564,30.0894,16014.8808,302.3333,89.8022,0.0827,0.1997,50.0
train,passive,1,768,45,10674.5811,44.9593,77.138,29.3446,11240.7106,280.3423,524.6366,0.0037,0.7333,50.0
train,passive,4,640,60,12277.5183,59.9884,30.358,32.1706,17883.0837,302.3333,0.0,0.061,0.5325,50.0
train,passive,2,384,70,13402.7465,69.9877,61.9112,48.1758,13634.1396,300.7106,0.0,1.9685,0.3983,50.0
train,passive,4,896,30,9011.3931,30.0029,28.5999,31.6295,8594.0937,285.2639,0.0,0.0892,0.9324,50.0
train,passive,4,384,60,12299.1527,59.9808,32.2552,50.1489,14672.2043,302.3333,38.7465,0.0348,0.5329,50.0
train,passive,2,512,55,11754.7097,55.0216,59.3763,30.5071,15570.9548,302.3333,0.0,0.8608,0.5965,50.0
train,passive,2,896,65,12814.6851,64.9619,58.8386,30.1617,13308.2307,302.3333,59.1712,0.1739,0.466,50.0
train,passive,3,896,85,15004.6844,84.9231,46.4801,31.4896,18222.1105,279.442,0.0,0.2135,0.1994,50.0
train,passive,2,768,75,13916.2651,74.9844,60.4494,30.7728,13890.138,297.2838,45.861,0.247,0.3324,50.0
train,passive,3,256,85,15020.8793,85.0905,50.9184,65.5986,15790.4065,302.3333,0.0364,8.4719,0.2004,50.0
train,passive,4,640,35,9555.048,35.0127,28.7076,32.9876,10331.7703,278.7333,0.0,0.0903,0.8654,50.0
train,passive,2,640,25,8475.7743,25.0457,56.2417,30.2539,10758.3698,302.3333,2.5347,1.0689,0.9956,50.0
train,passive,3,256,70,13385.2636,70.0608,47.1415,66.3148,13576.5327,302.3333,0.0,16.9297,0.3976,50.0
train,passive,1,384,99999,19006.1697,127.132,93.8682,48.3288,12607.8659,254.5943,3184.157,0.0015,0.0,50.0
train,passive,4,640,40,10096.1369,39.9856,28.797,32.4653,12122.3898,295.9942,9.1219,0.0845,0.7988,50.0
train,passive,1,512,60,12309.2987,59.9755,82.5866,31.3653,16129.4021,302.3333,472.3668,0.0063,0.5333,50.0
test,passive,2,1024,99999,18974.4889,126.9549,63.7222,29.7123,25155.9556,301.9778,215.4889,0.0014,0.0,50.0
train,passive,1,512,35,9610.0858,34.9752,81.1668,30.7171,11895.6047,300.7439,605.5558,0.0018,0.8667,50.0
train,passive,4,896,35,9558.4447,34.993,28.5363,31.2643,9505.2066,288.4158,0.0,0.0838,0.8658,50.0
train,passive,3,256,35,9574.9269,35.0011,39.156,67.6058,10373.9785,302.3333,0.0,36.6645,0.8576,50.0
train,passive,3,512,80,14461.4401,80.0171,46.845,34.6435,18775.8657,302.3333,9.4758,0.2759,0.2662,50.0
train,passive,4,640,30,9009.1626,29.9927,27.9389,32.6566,10680.8653,293.975,0.0,0.0962,0.932,50.0
train,passive,1,384,70,13385.1889,70.0771,86.1904,48.7407,14847.7496,302.3333,1322.5092,0.0083,0.4,50.0
train,passive,1,256,80,14469.787,80.1829,90.3321,64.4789,13278.4187,302.3333,2552.6391,0.0104,0.2667,50.0
train,passive,3,768,35,9554.3559,35.0072,42.4087,31.3892,11836.1905,302.3333,13.2154,0.8734,0.8645,50.0
train,passive,4,640,30,9009.1937,29.9969,28.7367,32.6896,11546.2873,302.3333,0.0,0.0962,0.932,50.0
train,passive,1,384,40,10132.2371,40.0248,83.8545,48.693,12296.0932,293.2476,944.813,0.0028,0.8,50.0
train,passive,4,384,30,9064.9305,30.0218,30.0896,50.8799,10494.6811,302.3333,0.0,0.0503,0.9325,50.0
train,passive,3,384,70,13376.6857,70.0385,46.7447,50.3696,15217.2931,302.3333,15.8067,8.6682,0.3984,50.0
train,passive,2,768,90,15543.2224,89.9326,62.0656,30.3757,16052.8868,302.3333,91.6394,0.1073,0.1329,50.0
train,passive,2,640,99999,18962.8167,126.8782,62.8742,30.0893,16872.5004,274.0412,0.2658,0.0015,0.0,50.0
train,passive,4,384,70,13385.5891,69.9837,31.5165,50.0072,15786.6941,302.3333,0.0,0.0297,0.3997,50.0
train,passive,4,256,65,12870.2208,64.9903,33.4318,67.6242,12064.3844,293.9358,17.929,0.0076,0.4667,50.0
train,passive,2,384,99999,19051.2878,127.5655,69.3514,48.5779,21740.7838,299.1787,22.5254,0.0015,0.0,50.0
train,passive,2,640,95,16106.0368,94.9492,62.4576,30.088,19431.6131,302.3333,22.0447,0.0845,0.0664,50.0
train,passive,4,256,45,10729.6805,45.0166,32.2465,67.8418,10855.9009,302.3333,0.0,0.0038,0.7333,50.0
train,passive,1,256,75,13921.9741,75.1441,88.4894,64.4246,12726.9474,302.3333,2383.1143,0.0095,0.3333,50.0
train,passive,3,640,99999,18968.8188,126.9604,49.8212,32.2743,18328.8795,296.4104,35.1923,0.0016,0.0,50.0
train,passive,1,896,30,9037.1686,29.9532,75.5467,28.8653,11625.4857,302.3333,504.9039,0.0009,0.9333,50.0
train,passive,3,384,60,12286.3032,60.0201,44.018,50.2913,13519.6068,302.3333,0.0,11.5529,0.5307,50.0
train,passive,3,256,95,16110.4301,95.1036,52.2172,65.1467,15726.225,290.218,0.0,2.8334,0.069,50.0
train,passive,2,1024,90,15530.9663,89.9408,61.4884,30.7892,13984.1309,281.6432,133.7778,0.0124,0.1333,50.0
train,passive,1,896,85,15005.6955,85.0124,83.4944,29.2742,16346.3342,302.3333,599.4368,0.0111,0.2,50.0
train,passive,1,1024,80,14458.7588,80.0065,83.1398,28.0175,14803.9749,302.3333,698.5693,0.0102,0.2667,50.0
train,passive,4,640,95,16090.8796,94.9876,31.2045,31.9246,19341.3072,291.0177,0.0,0.02,0.0666,50.0
train,passive,4,640,60,12277.561,60.0002,30.0422,32.6234,15240.7601,302.3333,0.0,0.061,0.5325,50.0
train,passive,2,768,45,10645.6178,44.988,57.2812,29.6254,14465.1764,302.3333,7.9928,0.5264,0.7312,50.0
train,passive,3,640,40,10100.5643,40.0084,41.9321,32.4379,11932.5955,302.3333,0.0,0.8033,0.7983,50.0
train,passive,3,768,30,9012.4829,30.0188,41.4619,31.2874,10945.3586,302.3333,0.0,0.9395,0.931,50.0
train,passive,1,896,100,16637.6538,100.0516,85.9716,29.6422,16316.9577,289.219,628.3241,0.0138,0.0,50.0
train,passive,1,896,70,13376.7307,69.9869,80.9211,28.9445,14667.9408,302.3333,577.322,0.0083,0.4,50.0
train,passive,1,1024,55,11742.3364,54.9665,77.7089,27.9324,13558.2016,302.3333,568.3095,0.0056,0.6,50.0
train,passive,4,512,55,11731.014,54.999,29.6542,33.0201,15899.81,302.3333,0.0,0.0691,0.599,50.0
train,passive,1,512,60,12308.9394,59.9781,82.5233,31.4859,15970.4198,302.3333,470.5497,0.0063,0.5333,50.0
train,passive,4,512,30,9008.4,29.9889,28.5536,32.9766,12745.142,302.3333,2.7064,0.0997,0.9317,50.0
train,passive,1,512,50,11230.8499,49.9956,82.1223,31.584,13190.2621,287.3844,521.5969,0.0045,0.6667,50.0
train,passive,4,896,60,12280.1221,59.9849,31.0205,31.318,13541.3887,302.3333,2.153,0.057,0.5328,50.0
train,passive,1,384,50,11216.3585,50.0308,84.0992,48.4291,13065.6878,296.2617,1071.165,0.0046,0.6667,50.0
train,passive,3,640,85,15005.1569,84.9934,47.4817,34.0797,20513.4101,302.3333,0.0,0.2115,0.1996,50.0
train,passive,1,256,99999,18994.4939,126.988,94.6426,63.9025,15318.6019,302.3333,3966.7945,0.0014,0.0,50.0
train,passive,4,768,99999,18981.2971,126.9798,36.7968,31.8252,22318.1383,296.0128,0.0,0.0016,0.0,50.0
train,passive,1,896,45,10664.5771,44.9622,77.4554,28.7428,13433.2771,302.3333,528.6053,0.0037,0.7333,50.0
train,passive,4,512,45,10642.189,44.9914,29.1613,32.8426,14581.7012,302.3333,2.7924,0.0813,0.7321,50.0
train,passive,1,256,100,16656.636,100.2845,91.7762,64.2548,11998.0834,287.3366,3127.5904,0.0142,0.0,50.0
train,passive,4,512,50,11187.1387,50.0111,29.3168,33.3842,14030.497,291.5207,0.0,0.0752,0.6655,50.0
train,passive,1,256,95,16109.6793,95.2433,90.8308,63.9269,12704.4742,297.1949,2981.8786,0.0133,0.0667,50.0
train,passive,4,384,60,12307.4432,60.0064,31.1344,50.3927,13221.5911,285.9034,0.0,0.0348,0.5329,50.0
train,passive,2,512,25,8482.6782,25.0516,56.7268,30.406,11656.7747,302.3333,4.6186,1.4252,0.9941,50.0
train,passive,2,896,65,12817.0136,64.9615,58.1526,29.9915,12250.6444,288.4835,58.0095,0.1739,0.466,50.0
train,passive,4,896,80,14458.6154,79.9954,32.6642,31.9744,16047.9621,302.3333,0.0,0.0356,0.2664,50.0
train,passive,3,640,75,13912.6687,74.9782,45.6436,33.3437,18046.9833,302.3333,0.0,0.343,0.3326,50.0
train,passive,3,512,75,13916.6509,75.0239,45.5511,34.7383,16694.0066,287.9055,0.0,0.3413,0.3328,50.0
train,passive,4,896,25,8466.0371,24.9989,28.2212,31.5258,8482.9333,289.5963,0.0,0.0945,0.999,50.0
train,passive,3,768,80,14461.1656,79.9626,45.8541,32.5351,17265.4362,279.1063,0.0,0.2786,0.266,50.0
train,passive,4,1024,55,11733.3421,54.977,31.0038,30.8986,11970.3907,302.3333,7.309,0.0602,0.5995,50.0
validation,passive,3,512,25,8455.7556,25.0036,42.4222,31.7474,11325.2444,297.4667,0.0,0.0,1.0,50.0
train,passive,1,384,65,12838.5095,65.0521,86.0823,48.4951,14422.7026,302.3333,1284.9466,0.0074,0.4667,50.0
train,passive,3,640,40,10104.5819,40.0041,40.9581,32.0299,10594.3842,288.016,0.0,0.8033,0.7983,50.0
train,passive,1,768,40,10131.4987,39.964,79.0654,29.3279,12801.4137,302.3333,560.133,0.0027,0.8,50.0
train,passive,3,768,60,12283.6592,59.9759,43.5945,31.6219,14537.9585,289.0535,0.0,0.543,0.532,50.0
train,passive,2,768,65,12826.3432,64.9746,58.2985,30.1251,12481.8685,287.6455,35.7191,0.3401,0.4653,50.0
train,passive,1,768,90,15549.8717,90.0062,83.4968,30.2367,16766.1734,288.9542,511.0373,0.0119,0.1333,50.0
train,passive,3,256,30,9026.7588,30.0,39.3033,68.1909,9391.3605,302.3333,29.7716,39.4837,0.9233,50.0
train,passive,1,640,45,10680.1958,44.9765,80.6035,30.4515,13010.9,300.3612,552.1903,0.0036,0.7333,50.0
train,passive,1,512,55,11772.2687,54.9792,81.1922,31.256,13803.9096,285.9449,486.5491,0.0054,0.6,50.0
train,passive,2,512,70,13388.6264,70.0074,60.3864,30.8267,14821.9299,302.3333,0.0,0.5786,0.3976,50.0
train,passive,3,1024,55,11736.956,54.9595,44.2613,29.7172,14772.1594,291.3255,0.0,0.615,0.598,50.0
train,passive,4,256,100,16625.2463,99.9373,34.2996,66.6536,16605.8501,302.3333,3.3934,0.0142,0.0,50.0
train,passive,1,384,25,8501.5802,24.9742,81.6782,48.465,10156.239,298.0003,758.9289,0.0,1.0,50.0
train,passive,1,896,30,9037.7801,29.9402,73.7009,28.5689,9681.5882,279.9308,496.0493,0.001,0.9333,50.0
train,passive,2,896,75,13906.8544,74.9565,60.0945,30.1522,15276.6833,297.5802,67.9503,0.1283,0.3328,50.0
train,passive,1,640,30,9059.5626,29.9628,79.1115,29.8082,12514.2784,302.3333,581.4356,0.0009,0.9333,50.0
validation,passive,1,1024,100,16647.5556,100.0215,85.8,28.6367,14180.6,302.3778,2427.2444,0.0141,0.0,50.0
train,passive,3,256,99999,18967.3903,126.9441,52.7361,64.8153,25374.3556,302.3333,0.0,0.0014,0.0,50.0
train,passive,1,640,30,9063.0269,29.98,79.1803,30.0239,10827.3388,297.0372,583.0959,0.0009,0.9333,50.0
train,passive,3,896,55,11738.7884,54.9885,44.1745,30.9873,14057.1409,280.3665,0.0,0.612,0.5983,50.0
train,passive,4,1024,75,13918.0384,75.0009,32.6721,31.4745,12650.2176,283.8258,0.0,0.0397,0.3331,50.0
train,passive,4,768,25,8467.0415,25.0045,28.8735,32.1917,10292.839,302.3333,0.0,0.0983,0.9988,50.0
train,passive,2,384,100,16640.053,99.953,65.0651,47.5824,15778.7411,291.702,0.0,0.0139,0.0,50.0
train,passive,1,1024,100,16637.3967,100.0444,86.5235,27.9703,16019.6628,302.3333,767.8136,0.0139,0.0,50.0
train,passive,2,1024,80,14442.8178,79.9336,60.2321,30.0018,14081.4532,300.4739,118.007,0.0105,0.2667,50.0
train,passive,3,384,75,13926.1155,75.0433,45.9532,50.194,14344.4933,282.3715,0.0,7.2259,0.3323,50.0
train,passive,1,1024,45,10657.3473,44.9576,76.3391,27.9324,13017.3417,302.3333,532.9907,0.0037,0.7333,50.0
train,passive,4,896,55,11737.5253,54.9869,31.0261,31.1055,14509.7553,302.3333,0.0,0.0624,0.5994,50.0
train,passive,4,768,99999,18977.0685,126.9699,36.8025,31.8647,22150.5568,302.3333,0.0,0.0016,0.0,50.0
train,passive,3,640,85,15005.1283,84.9817,47.1738,33.6393,20708.8307,302.3333,0.0,0.2115,0.1996,50.0
train,passive,1,512,50,11227.135,49.973,82.5471,31.1601,15409.928,302.3333,533.4901,0.0045,0.6667,50.0
train,passive,3,1024,85,14999.4618,84.8653,47.1335,29.8475,21785.007,302.3333,0.0,0.2146,0.1993,50.0
train,passive,3,768,65,12825.435,64.9681,44.8374,31.8549,17076.6539,301.7635,0.0,0.4769,0.4655,50.0
train,passive,3,896,55,11738.9446,54.9915,44.16,31.0665,13631.9918,277.1471,0.0,0.612,0.5983,50.0
train,passive,1,896,85,15001.8923,85.0018,84.0924,29.0893,16303.4315,302.3333,630.4892,0.011,0.2,50.0
train,passive,1,1024,35,9563.2706,34.9179,73.5819,27.9324,12523.4749,302.3333,484.3404,0.0019,0.8667,50.0
train,passive,2,384,65,12862.1054,64.9827,61.8936,47.8425,13701.967,302.3333,8.742,2.2943,0.4647,50.0
train,passive,2,1024,50,11168.4415,49.9568,57.4666,29.6227,11331.5142,302.3333,76.6527,0.0048,0.6667,50.0
train,passive,1,768,35,9587.8106,34.9604,77.9355,29.5018,11732.9903,301.7577,552.7638,0.0018,0.8667,50.0
train,passive,1,640,80,14463.6126,79.9869,83.2337,31.3631,18033.9007,302.3333,437.5651,0.01,0.2667,50.0
train,passive,2,768,55,11736.6852,55.0038,58.3378,30.463,11892.9456,292.3292,27.8774,0.4332,0.5982,50.0
train,passive,4,640,100,16636.6552,99.9976,32.6128,31.9924,21042.067,302.3333,1.0903,0.0141,0.0,50.0
train,passive,2,384,100,16634.2211,99.9321,65.7465,47.3418,17001.9991,302.3333,23.1119,0.014,0.0,50.0
train,passive,2,256,100,16624.1648,99.9276,65.9891,64.1323,14222.3968,269.1165,0.0,0.0138,0.0,50.0
train,passive,2,640,100,16651.1716,99.9533,62.8714,30.4241,16810.5789,302.3333,42.9731,0.0141,0.0,50.0
train,passive,2,512,85,15026.8377,85.0059,61.3813,30.988,13792.0965,277.5194,0.0,0.2963,0.1988,50.0
train,passive,1,256,80,14473.1508,80.177,88.2558,64.2872,11193.8038,285.1249,2526.148,0.0105,0.2667,50.0
train,passive,1,768,70,13383.5808,70.0061,81.6821,30.287,14172.9168,282.6965,521.6132,0.0082,0.4,50.0
train,passive,2,512,99999,18969.713,126.9546,66.1336,31.0291,17918.9826,290.2161,8.9487,0.0014,0.0,50.0
train,passive,2,768,35,9555.6533,35.0047,56.2374,29.7289,12242.7557,302.3333,3.949,0.6195,0.8641,50.0
train,passive,4,896,35,9558.5102,34.9958,29.2995,31.2512,10308.5236,301.0274,2.3969,0.0838,0.8658,50.0
train,passive,4,768,25,8466.3466,24.9881,28.5968,31.6871,11884.192,302.3333,0.0,0.0983,0.9988,50.0
train,passive,1,384,100,16636.8007,100.1292,88.9931,48.7487,17782.976,302.3333,1711.2085,0.0139,0.0,50.0
train,passive,3,256,100,16655.9458,100.1431,54.2044,65.6604,14605.7493,274.1505,0.0,0.0141,0.0033,50.0
train,passive,4,256,55,11800.6378,54.9925,32.5852,67.3576,12763.5909,302.3333,0.0,0.0057,0.6,50.0
train,passive,2,512,80,14481.5282,79.9945,60.4684,30.6142,14420.7515,290.8072,0.0,0.3904,0.2651,50.0
train,passive,4,384,75,13928.0884,74.998,31.693,50.2166,14871.8061,283.2744,0.0,0.027,0.3331,50.0
validation,passive,4,1024,99999,18971.7333,126.9504,34.3333,30.6892,12703.0889,201.1111,0.0,0.0015,0.0,50.0
train,passive,2,640,45,10655.4115,45.0193,58.2195,30.2364,12417.2586,302.3333,21.0502,0.7876,0.7301,50.0
train,passive,1,640,30,9055.7834,29.9563,79.2394,29.8961,11657.3497,302.3333,598.5322,0.0009,0.9333,50.0
train,passive,1,1024,40,10113.5989,39.9667,74.7339,28.4282,10122.4605,277.4912,504.3287,0.0028,0.8,50.0
train,passive,3,896,90,15547.0008,89.9119,47.9932,31.6641,21228.4061,302.3333,0.0,0.1471,0.1329,50.0
train,passive,4,256,80,14477.6071,79.9563,33.3243,67.0898,13934.3373,296.6368,12.9099,0.0104,0.2667,50.0
train,passive,4,768,55,11735.2816,55.0048,30.0749,32.1936,12459.774,283.3838,0.0,0.0646,0.5992,50.0
train,passive,1,256,50,11203.6275,50.0913,87.5448,65.6901,11663.6784,302.3333,1644.1546,0.0047,0.6667,50.0
train,passive,4,1024,95,16096.8092,94.9788,34.4823,31.1635,16322.9971,302.3333,5.2887,0.0193,0.0666,50.0
train,passive,1,1024,50,11199.3137,49.9626,76.4732,28.0164,11952.5185,293.8328,551.85,0.0046,0.6667,50.0
train,passive,2,512,80,14480.9631,79.9917,61.2791,30.4401,15864.2541,302.3333,0.0,0.3904,0.2651,50.0
train,passive,4,512,100,16634.6201,99.9941,30.6284,32.0819,21252.3836,288.6943,0.0,0.0141,0.0,50.0
train,passive,3,512,65,12821.8421,65.0094,45.0951,34.2548,15946.63,302.3333,18.808,0.4722,0.4659,50.0
train,passive,1,384,55,11756.9488,55.045,84.9229,48.7432,13566.4004,302.3333,1134.2065,0.0055,0.6,50.0
train,passive,1,640,30,9062.0538,29.9743,79.1106,29.9505,11180.1559,301.0511,583.2229,0.0009,0.9333,50.0
train,passive,2,384,80,14484.3128,79.9724,63.6626,47.5066,15165.3285,302.3333,7.2906,1.317,0.2655,50.0
train,passive,4,384,95,16086.4174,94.9659,32.5145,49.6278,18989.5156,302.3333,0.0,0.0167,0.0666,50.0
train,passive,3,1024,70,13366.1709,69.9,45.4857,29.6096,18624.8276,302.3333,0.0,0.4148,0.3987,50.0
train,passive,4,896,85,15004.8891,84.9805,32.871,31.2869,18445.5319,302.3333,0.0,0.0302,0.1998,50.0
train,passive,4,640,35,9552.2298,34.9916,28.7215,32.6562,12146.2717,302.3333,0.0,0.0903,0.8654,50.0
train,passive,3,896,100,16635.0921,99.8796,49.1864,31.4166,24950.4352,302.3333,0.0,0.0143,0.0,50.0
train,passive,2,640,65,12836.0841,65.0125,59.8288,30.8863,13363.2379,297.8521,13.7705,0.5064,0.4646,50.0
train,passive,2,1024,95,16074.2463,94.9191,62.3765,30.5522,17671.1421,302.3333,135.124,0.0133,0.0667,50.0
train,passive,1,896,55,11753.0294,54.9767,78.678,28.688,12971.2057,298.5726,552.3955,0.0055,0.6,50.0
train,passive,3,512,85,15005.9747,85.0165,47.1664,34.9062,20664.0412,302.3333,0.0,0.2105,0.1997,50.0
train,passive,3,384,80,14464.0714,80.0425,48.7262,50.3363,17128.9004,302.3333,22.4543,5.7835,0.2662,50.0
train,passive,4,640,55,11733.3478,54.9807,28.0897,32.1311,13014.5442,279.9068,0.0,0.0669,0.5991,50.0
train,passive,2,384,35,9623.6768,35.0248,58.1612,48.6738,9545.7654,284.5586,0.0,4.2488,0.863,50.0
train,passive,4,1024,65,12825.099,64.9937,32.1962,31.3268,12094.1859,291.8281,11.0299,0.0499,0.4663,50.0
train,passive,4,640,90,15548.0063,90.017,31.7332,32.5684,17579.3547,275.9501,0.0,0.0258,0.1331,50.0
train,passive,2,384,100,16643.2984,99.9615,65.6308,47.5107,16116.8675,296.2144,2.0707,0.0139,0.0,50.0
train,passive,4,512,95,16088.244,95.0072,31.7492,32.6399,21749.9186,302.3333,0.0,0.0202,0.0666,50.0
train,passive,3,768,25,8462.2166,25.0063,41.5153,30.858,10151.6465,302.3333,33.8734,1.0055,0.9975,50.0
train,passive,1,512,80,14468.6132,79.9855,83.9951,32.1502,18915.6688,302.3333,374.5201,0.0099,0.2667,50.0
train,passive,1,384,75,13929.547,75.0867,85.6829,48.584,13564.9659,279.7615,1383.585,0.0092,0.3333,50.0
train,passive,2,896,35,9548.9389,35.0074,56.0922,29.8822,10474.2205,302.3333,11.2666,0.3107,0.8654,50.0
train,passive,2,384,40,10161.9595,40.0,58.7522,48.1397,11485.1321,302.3333,1.9954,3.9231,0.7966,50.0
train,passive,4,768,60,12280.3891,59.9911,30.4765,31.7582,14172.7045,300.5975,1.2723,0.059,0.5327,50.0
train,passive,2,384,65,12860.4902,64.9871,61.837,48.1017,13031.3111,296.3093,9.7563,2.2943,0.4647,50.0
train,passive,2,1024,50,11173.1365,49.9594,56.074,29.4982,10176.8282,287.0474,51.6196,0.0048,0.6667,50.0
train,passive,1,512,70,13390.8915,69.9848,81.6539,31.9165,15099.4984,273.0302,406.9253,0.0081,0.4,50.0
train,passive,3,256,25,8488.8468,24.9899,35.866,68.0581,8482.9333,279.0178,0.0,42.303,0.989,50.0
train,passive,3,512,40,10101.7464,40.0317,41.4971,33.72,9688.3408,280.1794,0.0,0.7993,0.7986,50.0
train,passive,1,896,55,11751.2632,54.9767,79.0655,28.7673,14960.8851,301.914,540.6438,0.0055,0.6,50.0
train,passive,1,1024,60,12288.2822,59.9997,79.1624,28.5796,13283.748,302.3333,581.3977,0.0065,0.5333,50.0
train,passive,4,896,60,12281.4178,60.0027,31.4862,31.8198,13683.7128,302.3333,0.0,0.057,0.5328,50.0
test,passive,2,1024,100,16710.3778,100.0353,61.4222,28.0994,22107.8444,301.0444,139.5111,0.0142,0.0,50.0
train,passive,4,512,60,12278.8624,59.9969,30.2257,32.4948,16806.0977,302.3333,8.5297,0.063,0.5324,50.0
train,passive,1,768,45,10675.1811,44.9664,77.7802,29.4395,11701.7413,285.6041,529.5413,0.0037,0.7333,50.0
train,passive,4,384,100,16628.9925,99.9776,32.9158,49.7706,18850.5019,294.1866,0.0,0.0141,0.0,50.0
train,passive,2,1024,95,16072.3347,94.9115,61.8244,30.4662,15333.1773,295.0644,156.312,0.0134,0.0667,50.0
train,passive,2,640,35,9561.0274,35.0122,56.3625,30.0995,11663.6931,302.3333,3.7283,0.9283,0.8628,50.0
train,passive,3,1024,65,12825.3118,64.9382,45.232,29.9876,16033.9254,288.9629,0.0,0.4815,0.4651,50.0
train,passive,2,896,75,13902.849,74.9364,59.1915,30.0021,13915.0945,301.7004,74.7449,0.1283,0.3328,50.0
train,passive,1,640,55,11761.7909,54.9689,80.4808,30.4343,14245.4362,300.1354,509.1561,0.0055,0.6,50.0
train,passive,2,1024,35,9534.877,34.9775,55.807,29.4342,9304.2674,300.0566,47.0467,0.0019,0.8667,50.0
train,passive,2,640,50,11201.9725,50.0305,58.0289,30.7063,10983.2085,278.6893,8.8635,0.7173,0.6637,50.0
train,passive,4,768,100,16639.0872,99.9881,33.0477,31.5958,19273.0039,302.3333,2.4755,0.0141,0.0,50.0
train,passive,3,256,75,13929.8234,75.0607,48.3005,65.8161,15664.1302,302.3333,0.0,14.1104,0.3319,50.0
train,passive,2,512,55,11753.7519,55.0145,59.38,30.3169,15717.7618,302.3333,0.0,0.8608,0.5965,50.0
train,passive,3,512,95,16099.8248,95.023,48.8751,35.0298,21687.7328,302.3333,9.0029,0.0796,0.0666,50.0
train,passive,1,1024,75,13921.4643,75.02,82.0838,28.2748,14598.1857,302.3333,648.7665,0.0093,0.3333,50.0
train,passive,1,384,100,16642.1642,100.1476,88.2048,48.8112,15683.1822,274.8323,1696.392,0.0138,0.0,50.0
train,passive,3,896,65,12821.6831,64.93,44.7167,30.5644,17737.5334,302.3333,0.0,0.4792,0.4653,50.0
train,passive,1,384,30,9048.9172,30.019,82.5855,49.0354,8943.6287,272.0589,820.3022,0.0009,0.9333,50.0
train,passive,3,768,45,10640.3924,44.9761,43.1038,31.3003,13512.0529,302.3333,21.5136,0.7412,0.7315,50.0
validation,passive,2,512,100,16639.2889,100.0223,62.6667,31.287,16629.2222,297.5778,10.1111,0.0143,0.0,50.0
train,passive,4,512,70,13365.9627,69.9967,29.5734,32.7004,17204.6173,294.3427,0.0,0.0508,0.3993,50.0
train,passive,2,512,35,9574.8765,35.0553,57.9135,30.74,12281.7892,302.3333,0.7184,1.237,0.8616,50.0
train,passive,3,896,35,9558.3052,35.0025,41.8562,30.1596,11679.6599,296.9847,0.0,0.8777,0.8642,50.0
train,passive,4,384,40,10140.9826,40.0011,30.9806,50.4967,11716.0163,302.3333,23.5015,0.0451,0.7993,50.0
train,passive,1,768,99999,19008.6183,127.1573,93.9899,29.6676,12687.2458,204.6596,3330.6432,0.0015,0.0,50.0
train,passive,3,256,60,12300.2098,60.0706,45.0857,67.135,10933.8308,282.4313,0.0,22.5682,0.529,50.0
train,passive,3,512,65,12821.1661,64.9949,44.0006,34.0269,16146.4757,302.3333,0.0,0.4722,0.4659,50.0
train,passive,4,384,25,8523.6982,25.0116,29.9398,50.5347,10104.073,302.3333,8.0599,0.0529,0.9991,50.0
train,passive,4,256,30,9124.4931,30.0409,32.0257,67.9682,9456.4285,302.3333,0.0,0.0009,0.9333,50.0
train,passive,3,896,50,11189.2149,49.9587,42.8498,30.255,14352.6578,302.3333,0.0,0.6785,0.6647,50.0
train,passive,2,640,45,10657.861,45.0167,56.6846,30.1429,10818.8921,283.5123,3.8615,0.7877,0.7301,50.0
train,passive,4,512,70,13362.949,69.9875,29.7583,32.5934,17626.1354,301.1492,0.0,0.0508,0.3993,50.0
train,passive,3,768,45,10645.2581,44.9891,43.0129,31.3236,13856.8877,302.3333,5.0012,0.7412,0.7315,50.0
train,passive,3,896,85,14998.9037,84.8964,46.774,31.1298,20197.2924,302.3333,0.0,0.2136,0.1994,50.0
train,passive,2,896,80,14453.2695,79.956,59.3358,30.3963,12296.7802,269.9442,75.8927,0.1055,0.2663,50.0
train,passive,2,384,30,9081.9764,30.0067,57.0419,48.2999,9964.8,297.059,0.0,4.5746,0.9294,50.0
train,passive,4,256,35,9653.9218,35.0245,32.5267,67.9751,9240.0343,301.0891,26.9924,0.0019,0.8667,50.0
train,passive,3,640,60,12278.8103,59.9909,44.4587,32.8711,15937.6701,302.3333,5.7167,0.5403,0.5322,50.0
train,passive,2,768,25,8467.6807,25.0399,55.2255,30.1939,8609.6091,282.9493,0.0,0.7126,0.997,50.0
train,passive,3,1024,80,14452.2344,79.8863,47.6779,30.1396,19481.8928,302.3333,28.0425,0.2813,0.2658,50.0
train,passive,4,256,50,11264.5935,50.012,32.5645,67.7965,10477.0075,292.599,8.0998,0.0047,0.6667,50.0
train,passive,4,640,55,11732.4488,54.9956,29.702,32.5249,14549.5211,300.8415,0.0,0.0669,0.5991,50.0
train,passive,3,512,30,9008.8857,30.0036,39.7679,32.852,9095.3976,298.0652,0.0,0.9302,0.9317,50.0
train,passive,2,1024,60,12263.1507,59.954,58.7158,29.5886,12595.4149,302.3333,90.2687,0.0066,0.5333,50.0
train,passive,1,768,80,14461.795,79.9918,83.6908,30.0878,17514.0261,302.3333,538.1094,0.01,0.2667,50.0
train,passive,2,384,40,10164.6588,40.0102,57.8099,48.4161,10043.9788,287.6816,0.0,3.9231,0.7966,50.0
train,passive,3,512,25,8465.2267,25.0073,39.8058,32.6016,8722.0183,302.3333,3.3164,0.9956,0.9983,50.0
train,passive,1,896,50,11208.1518,49.9749,78.2292,28.9033,13375.1676,296.5939,536.5425,0.0046,0.6667,50.0
train,passive,2,384,80,14481.4936,79.9647,63.2371,47.562,16035.8834,302.3333,0.0,1.317,0.2655,50.0
train,passive,1,768,60,12299.3491,59.9904,80.4669,29.9853,13657.7095,289.9601,527.5273,0.0064,0.5333,50.0
train,passive,2,1024,40,10086.6242,40.0032,55.6246,29.9627,8482.9333,268.8134,25.9089,0.0028,0.8,50.0
train,passive,2,256,65,12874.4298,64.9432,63.974,65.1641,14121.5016,302.3333,21.8421,3.9159,0.4655,50.0
train,passive,4,384,85,15006.2456,84.9689,32.5112,49.5433,19043.8929,302.3333,0.8219,0.0219,0.1998,50.0
train,passive,4,384,35,9603.5069,35.0013,30.3052,50.3278,12196.0205,302.3333,2.4072,0.0477,0.8659,50.0
train,passive,3,640,55,11734.7452,54.9984,43.6056,32.8805,14542.0296,302.3333,0.0,0.606,0.5987,50.0
train,passive,1,768,90,15545.799,90.0017,84.7996,30.2623,18435.9212,302.3333,530.7503,0.0119,0.1333,50.0
train,passive,3,1024,50,11192.7743,49.957,43.0813,29.2823,14186.4426,293.1232,0.0,0.6818,0.6645,50.0
train,passive,2,1024,85,14984.813,84.9367,61.0147,30.5304,14103.0373,290.8722,128.9722,0.0114,0.2,50.0
train,passive,3,1024,95,16090.2196,94.8677,48.3206,30.6201,20718.5887,292.1656,0.0,0.081,0.0664,50.0
train,passive,1,1024,60,12290.4919,60.0079,78.8602,28.5083,11416.579,277.7217,588.3213,0.0064,0.5333,50.0
train,passive,3,256,55,11749.0058,55.0262,43.8687,66.8218,12085.8,302.3333,10.9304,25.3875,0.5947,50.0
train,passive,4,896,55,11735.9788,54.9799,30.8053,31.0431,15741.1308,302.3333,0.0,0.0624,0.5994,50.0
train,passive,3,384,100,16648.0394,100.0746,51.821,50.459,19637.3399,302.3333,0.0,0.0141,0.0016,50.0
train,passive,2,640,40,10110.5797,40.0274,56.9596,30.4168,11312.2824,295.4092,2.1274,0.858,0.7965,50.0
train,passive,1,640,75,13925.3466,74.9796,81.8633,30.9254,16144.0603,291.3197,451.549,0.0091,0.3333,50.0
train,passive,4,896,70,13372.0964,70.0066,31.3678,31.8729,12576.6818,274.3854,0.0,0.0463,0.3996,50.0
train,passive,1,512,99999,19012.8269,127.2334,93.9671,31.5312,10382.8766,203.233,2447.9438,0.0015,0.0,50.0
train,passive,3,512,65,12828.247,65.0231,45.1593,34.1929,16194.3532,302.3333,2.686,0.4722,0.4659,50.0
train,passive,4,896,55,11737.4408,54.9866,29.3313,31.3185,11218.6792,279.2469,0.0,0.0624,0.5994,50.0
train,passive,4,1024,99999,18989.1663,126.9984,36.7398,30.8809,20089.9411,302.3333,0.0,0.0016,0.0,50.0
train,passive,1,896,95,16094.9707,95.036,85.2582,29.2714,16407.7429,296.4795,625.7846,0.0129,0.0667,50.0
train,passive,4,1024,95,16095.7505,94.9782,33.5752,31.3441,15186.7009,288.7256,0.0,0.0193,0.0666,50.0
train,passive,2,256,25,8604.5141,24.9726,57.9111,65.917,10815.1447,302.3333,0.0,8.3755,0.9975,50.0
train,passive,1,256,99999,18995.5128,126.9971,94.4667,64.2663,15293.1729,302.3333,3939.0993,0.0014,0.0,50.0
train,passive,2,384,45,10703.272,44.9943,59.5512,47.8757,13909.8453,302.3333,0.0,3.5973,0.7303,50.0
train,passive,1,384,75,13928.2525,75.0928,86.1479,48.7989,13576.3097,281.7071,1385.4775,0.0092,0.3333,50.0
train,passive,1,384,35,9591.3998,35.0096,83.2127,48.4454,11078.8994,298.1908,891.1562,0.0018,0.8667,50.0
train,passive,3,1024,100,16635.6224,99.8456,48.0155,30.4176,21147.6948,288.7285,0.0,0.0143,0.0,50.0
train,passive,1,1024,90,15554.0325,90.0559,84.4654,28.494,13857.4602,284.101,708.0089,0.012,0.1333,50.0
train,passive,2,896,30,8998.7433,29.9804,54.5049,29.2998,9981.5563,302.3333,5.3593,0.3335,0.932,50.0
train,passive,4,384,85,15008.9935,84.9702,31.4157,49.4964,17561.5747,291.8261,0.0,0.0219,0.1998,50.0
train,passive,4,384,80,14468.0501,79.9897,31.987,50.0194,16085.7406,290.1951,0.0,0.0245,0.2664,50.0
train,passive,3,384,30,9021.307,30.0202,39.6139,50.9077,9498.6194,302.3333,0.0,20.207,0.9275,50.0
train,passive,2,896,85,14996.4752,84.9611,61.1342,30.788,13873.1725,285.6559,90.1932,0.0826,0.1997,50.0
train,passive,3,384,65,12832.8245,65.0396,45.4447,50.6309,14643.7394,302.3333,0.0,10.1106,0.4646,50.0
train,passive,1,768,70,13379.3614,69.9969,82.4412,30.2502,14867.4564,295.5841,543.8613,0.0082,0.4,50.0
train,passive,3,896,40,10099.9971,39.9866,42.938,30.2177,13061.8525,302.3333,15.1326,0.8113,0.7977,50.0
train,passive,1,896,60,12293.3349,59.9894,79.6539,29.0991,13233.7656,293.1297,559.3581,0.0064,0.5333,50.0
train,passive,3,640,25,8467.9642,25.0054,39.3987,31.4962,9744.4183,294.8086,0.0,1.0006,0.9979,50.0
train,passive,2,512,100,16653.3915,99.9568,64.002,30.6006,16999.5506,302.3333,44.1626,0.0141,0.0,50.0
train,passive,1,896,35,9579.0714,34.9434,75.7698,28.4771,13378.8861,302.3333,505.478,0.0018,0.8667,50.0
train,passive,1,640,99999,19014.0484,127.2201,94.2426,31.0231,10237.8755,198.4889,2887.3598,0.0015,0.0,50.0
train,passive,2,384,95,16101.4255,94.9499,64.7798,47.3044,17471.5851,302.3333,0.0,0.3397,0.0664,50.0
train,passive,1,1024,40,10107.9172,39.9324,74.5843,27.9324,12168.2628,302.3333,508.3134,0.0028,0.8,50.0
train,passive,1,384,80,14467.4182,80.0963,87.3707,48.7676,14573.3362,291.3475,1472.8871,0.0101,0.2667,50.0
train,passive,2,512,95,16108.8468,94.9639,63.4839,30.6046,16611.544,302.3333,40.274,0.1082,0.0663,50.0
train,passive,1,1024,65,12830.0704,64.9799,79.5103,27.9324,14487.9387,302.3333,607.6127,0.0074,0.4667,50.0
train,passive,2,1024,55,11718.1018,54.957,57.5292,29.5478,11881.5492,302.3333,66.531,0.0057,0.6,50.0
train,passive,3,384,80,14463.4537,80.039,48.911,50.2476,17848.6804,302.3333,23.9785,5.7835,0.2662,50.0
train,passive,4,896,45,10646.0948,44.9904,29.9848,31.332,12434.8778,301.5627,0.0,0.0731,0.7326,50.0
train,passive,2,768,80,14460.7176,79.9676,60.5707,30.5547,14559.0124,299.5059,51.7909,0.2004,0.2659,50.0
train,passive,3,1024,100,16637.5906,99.8581,49.3793,30.4494,21990.9043,302.3333,6.0906,0.0143,0.0,50.0
train,passive,2,640,90,15557.1864,89.9436,60.6533,30.2074,15447.4684,300.3673,27.4353,0.1548,0.1327,50.0
train,passive,2,384,95,16100.0734,94.9466,65.1537,47.2582,18179.8947,302.3333,0.0,0.3397,0.0664,50.0
train,passive,3,256,55,11749.4629,55.0191,43.2819,66.6429,12497.7102,302.3333,0.0,25.3875,0.5947,50.0
train,passive,2,640,90,15558.5931,89.9605,61.6709,30.4778,15272.3758,295.5222,44.8498,0.1548,0.1327,50.0
train,passive,4,896,45,10647.6809,44.9921,29.6047,31.3015,11090.9293,294.81,0.0,0.0731,0.7326,50.0
train,passive,3,768,40,10103.396,40.013,42.7118,31.6103,12712.5233,302.3333,0.0,0.8073,0.798,50.0
train,passive,3,768,55,11734.004,54.9744,43.5725,31.6157,14809.1312,302.3333,0.0,0.609,0.5985,50.0
train,passive,3,1024,25,8472.4675,25.0164,41.5247,28.6196,11601.1904,302.3333,3.3424,1.0155,0.9967,50.0
train,passive,4,768,70,13369.2074,69.994,31.4421,31.8956,15826.5697,302.3333,0.4645,0.0478,0.3995,50.0
train,passive,3,512,100,16635.0004,100.0099,49.8329,35.5497,22458.1805,302.3333,33.9685,0.0142,0.0,50.0
train,passive,2,384,25,8540.5967,25.0219,57.6745,48.7272,10179.1324,302.3333,8.832,4.9004,0.9958,50.0
train,passive,2,640,85,15015.9729,84.968,60.5877,30.3983,14592.7978,289.6416,26.3307,0.2251,0.1991,50.0
train,passive,1,256,65,12838.32,65.1297,86.7939,64.9937,10277.4506,278.7042,2075.0182,0.0076,0.4667,50.0
train,passive,4,640,75,13906.1585,74.9895,31.907,32.4351,17759.8781,302.3333,25.4545,0.0434,0.3328,50.0
train,passive,3,896,55,11737.5179,54.968,44.1727,30.5109,15194.0146,302.3333,1.6005,0.612,0.5983,50.0
train,passive,2,1024,45,10629.5808,44.9887,56.4585,30.0059,9963.6474,293.7768,33.4935,0.0038,0.7333,50.0
train,passive,1,768,45,10674.5614,44.9737,78.9278,29.55,13876.412,297.9418,526.922,0.0036,0.7333,50.0
train,passive,4,256,45,10730.4236,45.0141,32.2878,67.6628,10871.5435,302.3333,0.0,0.0038,0.7333,50.0
train,passive,3,256,35,9572.5962,35.0047,40.094,67.7732,10258.3169,302.3333,21.5719,36.6645,0.8576,50.0
train,passive,3,256,99999,18972.4128,126.9796,53.7816,65.4888,25374.3556,302.3333,0.0,0.0014,0.0,50.0
train,passive,4,768,55,11737.399,54.9919,29.9473,31.6561,13183.0861,297.5211,0.5427,0.0646,0.5992,50.0
train,passive,4,384,85,15008.4759,84.9848,32.0331,49.9014,16625.9836,288.9223,0.0,0.0219,0.1998,50.0
train,passive,3,768,70,13366.1386,69.9604,46.4995,32.0918,17593.3231,302.3333,29.6858,0.4108,0.399,50.0
train,passive,3,768,95,16094.9871,94.9323,47.165,32.6078,20942.8066,286.1,0.0,0.0804,0.0665,50.0
train,passive,3,1024,55,11734.6796,54.9517,44.7976,29.6434,15798.822,302.3333,9.0866,0.615,0.598,50.0
train,passive,3,512,45,10647.1296,45.0349,42.1129,33.9517,10410.279,277.5719,0.0,0.7339,0.7321,50.0
train,passive,1,640,60,12301.6074,59.9727,81.2599,30.6271,15180.9952,302.3333,497.9327,0.0064,0.5333,50.0
train,passive,1,384,25,8502.4785,24.9888,83.4495,48.6074,10895.7768,302.3333,786.2173,0.0,1.0,50.0
train,passive,2,640,35,9566.9984,35.033,57.623,30.0762,11787.1655,302.3333,20.3653,0.9282,0.8628,50.0
train,passive,4,256,35,9658.7753,35.022,31.7844,67.6172,10969.3684,302.3333,0.0,0.0019,0.8667,50.0
train,passive,3,384,50,11196.4651,50.0237,43.4549,50.6125,12387.4989,302.3333,16.8445,14.4376,0.663,50.0
train,passive,3,256,85,15021.1214,85.0829,50.7051,65.3634,17316.7198,302.3333,0.0,8.4719,0.2004,50.0
train,passive,2,768,40,10104.0568,40.0181,57.1322,30.003,10869.9389,298.9723,20.2071,0.5729,0.7976,50.0
train,passive,3,384,45,10656.3713,45.0315,42.3221,50.7113,11723.6956,302.3333,0.0,15.8799,0.7291,50.0
train,passive,4,896,75,13910.168,74.9768,32.2964,31.4972,14661.3365,299.6305,24.0818,0.041,0.333,50.0
train,passive,3,896,70,13370.7132,69.9384,44.8892,30.8764,16830.048,289.5311,0.0,0.4128,0.3988,50.0
train,passive,3,768,25,8469.3442,25.0308,40.6919,31.1869,9255.5358,295.1438,0.0,1.0055,0.9975,50.0
train,passive,2,384,30,9083.7944,30.0115,57.9028,48.1851,10724.2665,302.3333,5.3544,4.5746,0.9294,50.0
train,passive,3,512,45,10645.2154,45.0052,42.215,33.2241,14112.4506,302.3333,0.0,0.7339,0.7321,50.0
train,passive,3,896,99999,18964.9545,126.9386,52.167,31.5395,19123.7901,302.3333,82.9999,0.0015,0.0,50.0
train,passive,3,896,45,10649.0301,44.9964,42.9146,30.5811,12531.4422,286.2214,0.0,0.7448,0.7312,50.0
train,passive,2,768,55,11738.5661,54.9841,56.7064,29.8764,11435.5884,277.9855,16.3408,0.4333,0.5982,50.0
train,passive,2,640,75,13925.1636,74.9881,60.3872,30.5803,14081.0265,293.8551,25.1536,0.3657,0.3319,50.0
train,passive,4,768,50,11189.8671,49.9932,29.4346,31.994,12509.5955,293.825,0.0,0.0703,0.6658,50.0
train,passive,2,640,40,10110.9823,40.0218,56.5686,30.2187,11103.2394,288.9887,1.8025,0.858,0.7965,50.0
train,passive,1,256,85,15014.5217,85.1928,90.0853,64.1825,12914.417,302.3333,2693.2694,0.0114,0.2,50.0
train,passive,4,896,70,13371.199,69.9974,31.7436,31.6279,14544.7733,290.0208,0.0,0.0463,0.3996,50.0
train,passive,2,640,55,11745.5362,55.0164,58.7456,30.6103,12533.5741,294.9778,13.4829,0.647,0.5973,50.0
train,passive,3,512,80,14460.9676,80.0249,46.5421,35.0122,18417.6078,300.7803,0.0,0.2759,0.2662,50.0
train,passive,3,896,25,8472.8628,25.0297,40.1706,29.9993,8617.0846,275.348,0.0,1.0105,0.9971,50.0
train,passive,2,768,99999,18961.4262,126.8189,59.3015,29.2578,14106.0959,230.0477,0.0,0.0015,0.0,50.0
train,passive,3,256,80,14476.6656,80.089,49.3713,66.1026,14102.9587,298.4173,0.0,11.2911,0.2662,50.0
train,passive,3,640,99999,18975.8227,126.9791,49.9622,32.2558,18464.617,298.2775,15.1317,0.0015,0.0,50.0
train,passive,3,384,25,8479.075,24.9986,36.6885,50.3045,8482.9333,274.0445,0.0,21.6493,0.9936,50.0
train,passive,3,896,50,11195.3847,49.9827,44.1173,30.3118,14535.9272,302.3333,6.6183,0.6784,0.6647,50.0
train,passive,1,896,75,13922.7584,75.0039,81.494,29.0704,14272.9723,289.2364,583.8027,0.0092,0.3333,50.0
train,passive,3,256,85,15020.6404,85.0921,51.5303,65.5767,15372.917,302.3333,19.4285,8.4719,0.2004,50.0
train,passive,4,384,80,14463.1011,79.9588,31.417,49.5673,17200.6536,302.3333,0.0,0.0245,0.2664,50.0
train,passive,4,384,85,15003.4197,84.9777,33.1247,50.0368,17876.8491,302.3333,18.1517,0.0219,0.1998,50.0
train,passive,3,768,85,15004.3504,84.949,47.3458,32.4567,20262.7074,302.3333,0.0,0.2125,0.1995,50.0
train,passive,3,1024,25,8474.0059,25.0271,41.6918,28.794,11183.1444,302.3333,3.1063,1.0155,0.9967,50.0
train,passive,2,640,30,9021.7991,30.0488,57.0188,30.4987,11381.5848,302.3333,0.5794,0.9986,0.9292,50.0
train,passive,1,1024,100,16641.7337,100.0594,86.6551,28.1355,16194.5426,302.3333,752.6644,0.0139,0.0,50.0
train,passive,4,256,99999,19025.2168,127.4472,38.4316,66.6228,20639.2795,302.3333,0.0,0.0016,0.0,50.0
train,passive,1,896,90,15551.2713,90.0312,84.3172,29.3693,15653.9951,290.3563,613.7211,0.0119,0.1333,50.0
train,passive,3,768,90,15549.1952,89.9354,47.9747,32.3129,23342.5265,302.3333,0.0,0.1464,0.133,50.0
train,passive,2,512,30,9026.5036,30.0542,57.107,30.8733,11972.098,302.3333,0.0,1.3311,0.9278,50.0
train,passive,4,1024,25,8470.4779,25.0126,28.4788,31.0032,8482.9333,279.3759,0.0,0.0908,0.9992,50.0
train,passive,3,512,90,15550.2622,90.024,47.7971,35.4362,20656.9715,302.3333,0.0,0.1451,0.1331,50.0
train,passive,2,256,90,15552.6134,89.9347,66.1136,64.4516,15665.7268,295.583,0.0,1.1287,0.133,50.0
train,passive,2,384,70,13403.6318,69.9901,61.6488,48.0822,12445.7342,280.5433,0.0,1.9685,0.3983,50.0
train,passive,2,1024,85,14984.7074,84.935,61.1172,30.5789,15063.1845,302.3333,121.0731,0.0114,0.2,50.0
train,passive,3,384,85,15010.8356,85.0432,48.6045,50.1898,17651.7888,302.3333,0.0,4.3412,0.2,50.0
train,passive,4,384,35,9605.7221,35.0092,29.5815,50.4759,10352.5201,289.9894,0.0,0.0477,0.8659,50.0
train,passive,3,640,35,9553.0326,34.9882,40.8438,31.801,11332.6591,302.3333,0.0,0.8691,0.8648,50.0
train,passive,2,896,40,10089.9574,39.9861,56.4085,29.6992,10538.7915,300.2728,37.239,0.2879,0.7988,50.0
train,passive,3,1024,100,16634.5274,99.8608,49.025,30.9013,21760.5995,298.5799,0.0,0.0143,0.0,50.0
train,passive,4,1024,90,15551.2502,89.9727,33.9941,30.9614,17491.3289,302.3333,0.0,0.0244,0.1332,50.0
train,passive,2,384,60,12322.3687,59.9931,60.924,48.2033,12935.046,301.7355,0.0,2.62,0.5311,50.0
train,passive,1,256,99999,18996.091,126.9936,93.6226,64.0637,15123.4427,302.3333,3945.2822,0.0014,0.0,50.0
train,passive,1,640,50,11221.8905,49.9624,79.3422,30.2048,12920.8541,291.4866,517.4562,0.0046,0.6667,50.0
train,passive,2,512,80,14480.8234,80.0024,61.1946,30.8864,15194.4535,302.3333,0.0,0.3904,0.2651,50.0
train,passive,1,384,99999,19005.4778,127.1152,94.3843,47.7369,12749.1797,252.7926,3199.3246,0.0014,0.0,50.0
train,passive,2,512,95,16113.2622,94.9674,62.131,30.6166,16676.3911,302.3333,0.0,0.1082,0.0663,50.0
train,passive,2,768,55,11734.6972,54.9971,58.662,30.4385,12783.6382,302.3333,33.0014,0.4332,0.5982,50.0
train,passive,2,896,25,8461.3926,25.0338,54.3364,29.9888,8482.9333,267.1975,0.0,0.3563,0.9985,50.0
train,passive,1,640,85,15001.4295,84.9754,83.7093,31.1991,18599.014,302.3333,441.4133,0.0109,0.2,50.0
train,passive,4,512,45,10641.9046,44.9844,28.4197,32.7377,14877.2783,298.2648,0.0,0.0814,0.7321,50.0
train,passive,3,512,35,9555.8154,35.0112,40.2364,33.1091,9403.2381,288.5809,0.0,0.8648,0.8652,50.0
train,passive,3,1024,90,15543.1976,89.8621,47.7556,30.2439,20859.3395,302.3333,2.8726,0.1478,0.1329,50.0
train,passive,3,896,45,10648.3623,44.9947,43.1359,30.5872,13096.1607,294.6199,0.0,0.7448,0.7312,50.0
train,passive,3,256,55,11752.5507,55.0416,44.7158,66.8891,12072.4901,302.3333,22.2995,25.3874,0.5947,50.0
train,passive,3,256,85,15021.3737,85.1033,50.7917,65.9461,14389.1659,290.0359,0.0,8.4719,0.2004,50.0
train,passive,1,384,95,16095.7738,95.1072,88.0641,48.2142,18027.4624,302.3333,1643.2343,0.0129,0.0667,50.0
train,passive,1,768,55,11757.1689,54.9987,80.3462,30.2297,12287.5496,280.6547,538.4582,0.0054,0.6,50.0
train,passive,2,896,85,14995.6668,84.933,60.9886,30.0047,17284.1341,302.3333,81.9213,0.0827,0.1997,50.0
train,passive,1,384,75,13925.1814,75.0719,86.753,48.3711,15942.7587,302.3333,1400.4668,0.0092,0.3333,50.0
train,passive,1,896,100,16635.0184,100.0308,85.778,29.266,17462.8252,302.3333,631.0058,0.0138,0.0,50.0
train,passive,2,1024,40,10084.1418,39.9855,56.0079,29.7616,10785.1965,302.3333,20.0124,0.0029,0.8,50.0
train,passive,3,512,85,15002.9371,85.0003,46.6262,34.6926,19791.9686,302.3333,0.0,0.2105,0.1997,50.0
train,passive,1,512,70,13385.7284,69.9778,83.1976,31.946,17018.4108,301.1812,431.2046,0.0081,0.4,50.0
train,passive,2,640,95,16101.7124,94.9369,61.7742,30.1599,17546.875,302.3333,29.7664,0.0845,0.0664,50.0
train,passive,2,896,45,10630.2984,44.9716,57.5365,29.7649,11462.1268,302.3333,64.1547,0.2651,0.7323,50.0
train,passive,4,384,70,13383.9949,69.9725,31.2028,49.8008,15827.7325,302.3333,0.0,0.0297,0.3997,50.0
train,passive,1,768,70,13382.885,69.9845,81.4424,29.7306,16479.3724,299.5555,515.0724,0.0082,0.4,50.0
train,passive,1,640,55,11763.3096,54.9801,81.2687,30.5863,15433.9601,302.3333,507.0602,0.0054,0.6,50.0
train,passive,3,384,60,12290.0978,60.0294,43.6775,50.3092,12513.4081,286.9245,0.0,11.5529,0.5307,50.0
train,passive,1,512,100,16623.6212,99.975,84.7715,32.7368,23234.5732,302.3333,261.922,0.0135,0.0,50.0
train,passive,1,896,65,12838.9326,64.9839,78.6394,28.7721,12152.4711,272.4851,556.0669,0.0074,0.4667,50.0
train,passive,2,512,45,10665.7928,45.0382,58.6699,30.4798,12955.2853,302.3333,6.3385,1.0489,0.729,50.0
train,passive,2,896,95,16080.8219,94.9281,62.746,30.6251,16241.4067,302.3333,128.7239,0.0371,0.0666,50.0
train,passive,4,640,80,14456.4115,79.9885,30.9585,32.0283,18582.8142,300.164,0.0,0.0376,0.2663,50.0
train,passive,4,768,70,13365.8556,69.9703,30.8917,31.471,17622.0999,302.3333,0.0,0.0478,0.3995,50.0
train,passive,4,640,75,13910.4249,74.9872,31.0793,32.0833,18401.3082,302.3333,0.1153,0.0434,0.3328,50.0
train,passive,1,640,70,13383.36,69.9883,82.8115,31.1203,16561.0996,302.3333,478.0154,0.0082,0.4,50.0
train,passive,2,896,95,16082.4579,94.9215,61.9019,30.3849,16442.1093,302.3333,108.7907,0.0371,0.0666,50.0
train,passive,2,640,25,8474.0782,25.0408,56.8851,30.1242,10966.5661,302.3333,23.7497,1.0689,0.9956,50.0
train,passive,4,1024,80,14462.1096,79.9928,33.0165,31.3791,14202.0061,288.692,0.0,0.0346,0.2665,50.0
test,passive,4,1024,100,16629.9778,99.998,34.7111,30.4233,16654.6222,301.1778,0.0,0.0144,0.0,50.0
train,passive,3,512,75,13912.8912,74.9954,45.4469,34.1925,19404.969,302.3333,0.0,0.3414,0.3328,50.0
train,passive,2,896,70,13362.8185,69.9625,58.4927,30.2608,12398.8197,286.9532,57.4266,0.1511,0.3994,50.0
train,passive,1,768,45,10673.7831,44.9649,78.5222,29.4178,13448.4515,299.9404,530.3009,0.0037,0.7333,50.0
train,passive,1,640,85,15008.0079,84.9949,84.0797,31.2151,18650.2835,302.3333,434.9118,0.0109,0.2,50.0
train,passive,4,896,35,9559.5662,35.0082,29.58,31.4854,9742.5127,293.8986,2.497,0.0838,0.8658,50.0
train,passive,3,896,45,10642.7939,44.9599,42.3889,30.06,14045.4225,302.3333,0.0,0.7449,0.7312,50.0
train,passive,1,512,95,16082.4611,94.9823,84.8788,32.8875,20821.9089,302.3333,307.7012,0.0126,0.0667,50.0
train,passive,1,768,50,11215.6505,49.9653,79.3527,29.3312,15456.8747,302.3333,522.8194,0.0046,0.6667,50.0
train,passive,2,896,85,14996.909,84.9507,61.2984,30.4019,14690.4682,298.1217,97.4742,0.0826,0.1997,50.0
train,passive,4,384,55,11766.6213,55.004,31.2794,50.4129,14006.8628,302.3333,0.0,0.0374,0.5995,50.0
train,passive,1,896,35,9578.6491,34.9503,76.0272,28.7339,12913.3178,302.3333,508.036,0.0018,0.8667,50.0
train,passive,3,640,30,9012.8265,30.0249,40.5694,32.2435,8774.7137,284.0182,0.0,0.9348,0.9314,50.0
train,passive,2,256,75,13948.5822,74.9585,64.6865,65.298,13691.5313,300.124,0.0,2.801,0.3325,50.0
train,passive,4,768,100,16630.8113,99.9776,34.2145,31.7842,19775.4738,302.3333,38.7464,0.0141,0.0,50.0
train,passive,3,1024,99999,18975.6173,126.9612,49.2002,31.9822,16456.7254,266.4542,0.0,0.0015,0.0,50.0
train,passive,3,384,25,8476.9804,25.017,38.4931,50.7963,8482.9333,286.5584,0.837,21.6493,0.9936,50.0
train,passive,2,768,65,12825.6448,64.976,59.3265,30.1054,14735.6708,302.3333,36.0735,0.3401,0.4653,50.0
train,passive,4,384,100,16622.4212,99.9462,32.7728,49.3423,19778.4167,302.3333,11.6032,0.0142,0.0,50.0
train,passive,4,896,70,13370.6318,69.9966,31.5383,31.6887,13579.2087,287.7371,0.0,0.0463,0.3996,50.0
train,passive,3,256,60,12296.7952,60.0566,45.5678,67.021,12536.7949,302.3333,6.1988,22.5682,0.529,50.0
train,passive,2,768,75,13916.0992,74.9621,60.3997,30.0354,14763.816,302.3333,58.2276,0.247,0.3324,50.0
train,passive,4,768,30,9012.353,29.989,27.9389,31.8291,8809.8071,276.4534,0.0,0.0927,0.9322,50.0
train,passive,4,384,35,9599.948,34.9846,29.4449,50.2423,11640.9847,302.3333,0.0,0.0478,0.8659,50.0
train,passive,1,512,75,13924.0443,74.978,83.8606,32.1579,18105.4437,302.3333,411.7139,0.009,0.3333,50.0
train,passive,3,896,40,10104.8057,39.995,41.7978,30.2724,11971.9696,290.9203,0.0,0.8113,0.7977,50.0
train,passive,3,384,60,12291.7297,60.035,44.6329,50.229,13559.8539,302.3333,3.6832,11.5529,0.5307,50.0
train,passive,3,512,50,11190.8651,50.0071,42.3792,33.4552,13865.298,299.3744,0.0,0.6685,0.6655,50.0
train,passive,3,1024,35,9561.6336,34.9902,40.9531,28.8675,11247.3321,283.0026,0.0,0.882,0.8638,50.0
train,passive,4,512,95,16091.2283,95.0034,30.3693,32.3279,19780.6622,278.3099,0.0,0.0202,0.0666,50.0
train,passive,4,896,45,10648.9691,44.9997,28.7386,31.5135,9344.3838,269.6139,0.0,0.0731,0.7326,50.0
train,passive,4,384,25,8521.1542,25.0072,30.0086,50.5951,10097.5167,302.3333,14.2558,0.0529,0.9991,50.0
train,passive,4,384,65,12840.4949,64.9646,31.0288,49.7848,15391.8325,302.3333,6.5748,0.0323,0.4663,50.0
train,passive,4,1024,45,10646.9073,44.9956,30.021,31.0504,9905.554,290.4287,0.0,0.0704,0.7327,50.0
train,passive,2,256,45,10743.2797,44.9619,58.8489,65.6217,8985.3091,277.9759,0.0,6.1457,0.7315,50.0
train,passive,4,512,85,15003.2884,85.001,31.4738,32.1162,20452.8938,302.3333,9.2965,0.0324,0.1997,50.0
train,passive,2,768,65,12823.5125,64.9721,59.0231,30.2208,13658.1365,302.3333,39.5342,0.3401,0.4653,50.0
train,passive,4,640,95,16093.6367,95.0062,32.3607,32.0971,19507.0101,296.4573,2.8333,0.0199,0.0666,50.0
train,passive,1,256,65,12838.8781,65.1386,88.7629,64.9783,12879.5215,302.3333,2087.9438,0.0076,0.4667,50.0
train,passive,1,896,45,10666.2047,44.9607,76.4095,28.6926,11413.2283,286.2918,526.77,0.0037,0.7333,50.0
train,passive,1,896,30,9034.6833,29.9311,74.0051,28.5105,10550.6034,294.1463,499.3042,0.001,0.9333,50.0
train,passive,4,512,25,8463.3943,24.9841,27.9389,33.1302,9982.7065,283.7723,0.0,0.1058,0.9983,50.0
train,passive,1,1024,50,11200.2506,49.9623,77.0943,27.9324,13872.8576,302.3333,547.2235,0.0046,0.6667,50.0
train,passive,4,512,65,12821.4461,64.9907,30.1221,32.4392,17497.7968,302.3333,5.1769,0.0569,0.4659,50.0
train,passive,3,640,85,14998.5314,84.974,48.3341,33.7753,19953.5338,302.3333,40.2383,0.2115,0.1996,50.0
train,passive,1,768,35,9588.8673,34.968,77.8941,29.6394,11181.7791,294.1197,549.7123,0.0018,0.8667,50.0
train,passive,1,768,25,8503.7383,24.9536,76.9827,29.4764,11077.9651,302.3333,556.6211,0.0,1.0,50.0
train,passive,1,768,75,13924.6609,74.9958,82.4431,29.9825,16002.2866,301.7833,524.837,0.0091,0.3333,50.0
train,passive,2,896,30,9000.0445,29.997,55.7863,29.5266,9893.9007,302.3333,29.69,0.3335,0.932,50.0
train,passive,4,896,85,15004.6317,84.9939,32.6748,31.8709,16079.6368,302.3333,0.0,0.0303,0.1998,50.0
train,passive,2,384,60,12320.5856,59.9712,59.7633,47.7521,12298.9728,293.9311,0.0,2.6201,0.5311,50.0
train,passive,2,256,75,13947.2167,74.9475,64.332,65.0574,13553.1319,297.6619,0.0,2.801,0.3325,50.0
train,passive,4,768,85,14999.8076,84.9769,32.6683,31.5804,19610.2651,302.3333,6.8079,0.031,0.1997,50.0
train,passive,3,384,45,10654.16,45.0132,41.7721,50.3068,12072.8203,302.3333,0.0,15.8799,0.7291,50.0
train,passive,3,256,99999,18973.6052,126.9677,53.2615,64.9622,25058.3369,299.0963,0.2991,0.0014,0.0,50.0
train,passive,4,1024,100,16640.0043,99.9641,34.6771,30.9446,19682.9513,302.3333,0.0,0.0142,0.0,50.0
train,passive,4,640,60,12279.8619,59.9866,28.2698,32.1343,13269.0503,272.6548,0.0,0.0611,0.5325,50.0
train,passive,4,768,75,13913.4766,74.9827,31.2509,31.6107,17465.6381,302.2052,0.0,0.0422,0.3329,50.0
train,passive,2,256,55,11812.6109,54.9587,60.9633,65.3362,10795.9457,289.8556,0.0,5.0308,0.5985,50.0
train,passive,1,384,45,10673.729,45.0375,84.5522,48.9777,13215.555,302.3333,1003.3268,0.0037,0.7333,50.0
train,passive,3,512,80,14462.305,80.0159,46.6939,34.5556,18841.6515,302.3333,5.0933,0.2759,0.2662,50.0
train,passive,2,512,30,9028.2937,30.071,57.3894,31.0751,10233.0849,283.7977,7.0185,1.3311,0.9278,50.0
train,passive,1,256,85,15013.8352,85.1814,89.5603,63.956,13562.0185,302.3333,2681.1319,0.0114,0.2,50.0
train,passive,3,512,40,10098.9728,40.0098,42.0809,33.2289,11474.9055,302.3333,15.6455,0.7993,0.7986,50.0
train,passive,2,256,55,11813.3225,54.9728,62.1471,65.5457,11307.0384,298.9905,3.7009,5.0308,0.5985,50.0
train,passive,4,768,95,16089.2197,94.9736,32.3512,31.6269,19154.8171,302.3333,0.0,0.0198,0.0666,50.0
train,passive,3,896,30,9008.1486,29.9852,41.2595,29.7204,11779.1146,302.3333,9.4182,0.9441,0.9306,50.0
train,passive,3,768,55,11735.7053,54.9765,43.8793,31.5006,16077.884,302.3333,0.0,0.609,0.5985,50.0
train,passive,1,640,55,11761.2154,54.976,81.0287,30.7028,14851.6483,302.3333,506.6544,0.0055,0.6,50.0
train,passive,4,1024,65,12825.7948,64.9705,30.3282,30.8098,11702.5425,287.3255,0.0,0.05,0.4663,50.0
train,passive,1,1024,80,14462.8985,80.0033,82.4076,27.9324,16481.5114,302.3333,664.0602,0.0102,0.2667,50.0
train,passive,3,384,90,15560.5648,90.0535,48.1342,50.1053,16352.6975,276.0567,0.0,2.8989,0.1339,50.0
train,passive,2,640,99999,18962.2504,126.8865,63.8905,30.2571,16987.4924,275.092,22.431,0.0014,0.0,50.0
train,passive,1,1024,99999,19004.7096,127.0794,94.0742,27.9324,16086.4685,207.6702,4206.6092,0.0015,0.0,50.0
train,passive,3,256,35,9576.8025,35.0124,39.7534,67.7206,9782.3313,302.3333,9.0157,36.6645,0.8576,50.0
train,passive,3,896,100,16636.4044,99.8847,49.0032,31.4899,24516.4251,302.3333,0.0,0.0143,0.0,50.0
train,passive,3,256,99999,18972.0694,126.963,53.4537,64.9214,25374.3556,302.3333,0.0,0.0014,0.0,50.0
train,passive,1,768,50,11214.3868,49.9631,79.7479,29.3151,16082.6215,302.3333,528.5928,0.0046,0.6667,50.0
train,passive,4,256,80,14478.2444,79.9532,33.2082,66.9738,15064.3215,302.3333,0.0,0.0104,0.2667,50.0
train,passive,4,1024,100,16638.4022,99.962,34.4146,31.0499,18479.7471,302.3333,0.0,0.0142,0.0,50.0
train,passive,3,1024,90,15544.0828,89.8551,47.7097,29.9507,22747.6244,302.3333,0.0,0.1478,0.1329,50.0
train,passive,1,1024,60,12287.6988,59.981,78.8886,27.9811,14344.88,302.3333,585.4683,0.0065,0.5333,50.0
train,passive,3,256,80,14472.5285,80.0708,49.0552,65.8492,14238.3612,302.3333,0.0,11.2912,0.2662,50.0
train,passive,3,1024,40,10106.0097,40.0036,42.9103,29.5222,12177.2856,284.6644,0.0,0.8152,0.7974,50.0
train,passive,2,1024,35,9537.6016,34.9745,55.2889,29.2089,10188.1991,302.3333,26.727,0.0019,0.8667,50.0
train,passive,1,512,40,10149.5695,39.9741,80.9857,30.8918,12554.5024,300.5969,565.2024,0.0027,0.8,50.0
train,passive,4,896,75,13915.8435,75.0025,32.0211,31.8454,13822.1729,283.3185,0.0,0.0409,0.333,50.0
train,passive,4,256,70,13406.3791,69.9655,32.7642,67.114,13613.4918,302.3333,0.0,0.0085,0.4,50.0
train,passive,3,256,75,13930.3151,75.0664,47.8688,66.0118,13628.6912,299.006,0.0,14.1104,0.3319,50.0
train,passive,3,1024,35,9557.9461,34.9833,42.0976,28.8236,13067.7487,302.3333,0.0,0.882,0.8638,50.0
train,passive,4,896,65,12825.6028,64.9787,29.952,31.2832,12592.2558,283.7129,0.0,0.0517,0.4662,50.0
train,passive,1,256,45,10657.9017,45.0713,85.3495,66.1101,9622.3243,279.4467,1473.6543,0.0038,0.7333,50.0
train,passive,2,512,75,13931.7789,74.988,60.6998,30.4929,15067.6208,302.3333,7.4702,0.4845,0.3314,50.0
train,passive,2,640,95,16106.6902,94.9716,62.1076,30.7582,15122.9322,285.5698,33.8185,0.0845,0.0664,50.0
train,passive,2,640,60,12289.8756,60.0008,59.4505,30.3405,13557.4515,302.3333,27.2008,0.5767,0.531,50.0
train,passive,3,896,30,9015.5524,30.0278,41.8031,30.4514,11031.1619,301.4175,0.0,0.9441,0.9306,50.0
train,passive,4,256,40,10194.1391,40.0114,31.9738,67.4699,11820.8738,302.3333,0.0,0.0028,0.8,50.0
train,passive,3,384,55,11745.7142,55.0246,42.6597,50.2978,11815.0899,286.9668,0.0,12.9953,0.5968,50.0
train,passive,4,1024,60,12283.3194,59.9939,30.8524,31.1334,11040.7103,282.3506,0.0,0.0551,0.5329,50.0
train,passive,4,896,99999,18985.5435,126.9979,37.2511,31.5789,20814.1678,302.3333,0.0,0.0016,0.0,50.0
train,passive,4,640,75,13911.3746,75.0025,31.0513,32.4583,16536.5054,290.1011,2.852,0.0434,0.3328,50.0
train,passive,2,768,25,8468.4729,25.0509,55.5249,30.5074,8721.776,287.3727,0.0,0.7126,0.997,50.0
train,passive,4,896,35,9555.1805,34.9808,29.114,31.0835,12190.5394,302.3333,0.0,0.0838,0.8658,50.0
train,passive,2,640,65,12836.1268,64.995,59.3351,30.3377,13475.6631,297.0025,20.752,0.5064,0.4646,50.0
train,passive,3,256,70,13384.6422,70.0609,47.1463,66.4085,13729.1266,302.3333,0.0,16.9297,0.3976,50.0
train,passive,3,640,75,13910.635,74.9645,45.3253,33.1164,18599.6857,302.3333,0.0,0.343,0.3326,50.0
train,passive,2,640,90,15558.0111,89.9651,62.2501,30.6266,15974.7335,302.3333,45.4374,0.1548,0.1327,50.0
train,passive,3,512,100,16642.3134,100.026,48.479,35.7155,21658.7769,296.3293,0.0,0.0142,0.0,50.0
train,passive,1,640,90,15547.1669,89.9946,84.363,31.4204,19941.0651,302.3333,412.3052,0.0118,0.1333,50.0
train,passive,4,256,75,13939.3005,74.9622,34.0825,67.2193,14195.8884,302.3333,29.021,0.0095,0.3333,50.0
train,passive,4,256,25,8589.9909,25.0442,29.9817,67.9626,8482.9333,270.1135,0.0,0.0,1.0,50.0
train,passive,2,256,40,10203.0962,39.9542,59.2328,65.7763,10477.3695,302.3333,0.0,6.7032,0.798,50.0
train,passive,2,1024,25,8450.9301,24.9946,53.557,29.2402,8482.9333,294.9872,0.0,0.0,1.0,50.0
train,passive,3,768,95,16095.1895,94.9384,47.8189,32.7032,20688.8843,294.1777,0.0,0.0803,0.0665,50.0
train,passive,2,640,55,11743.8099,54.999,58.1958,30.2743,12792.4764,299.1934,13.5407,0.647,0.5973,50.0
train,passive,1,256,25,8476.714,25.0257,84.937,67.4383,8796.2804,277.0394,884.6079,0.0,1.0,50.0
train,passive,2,640,55,11746.1481,55.0006,57.4219,30.2204,11688.5352,283.521,7.1232,0.647,0.5973,50.0
train,passive,1,384,80,14470.2055,80.0793,86.8263,48.127,17712.5284,302.3333,1443.1613,0.0102,0.2667,50.0
train,passive,2,256,35,9666.5991,34.9617,59.8513,66.0023,10559.3548,302.3333,26.5564,7.2606,0.8645,50.0
train,passive,3,768,75,13914.8339,74.9521,46.2231,31.9378,20575.9807,302.3333,0.0,0.3447,0.3325,50.0
train,passive,1,256,100,16655.1556,100.2628,91.35,63.7792,12943.0132,299.0242,3130.1148,0.0142,0.0,50.0
train,passive,3,1024,85,14997.5066,84.8614,46.818,29.9355,20576.5094,302.3333,0.0,0.2146,0.1993,50.0
train,passive,2,640,100,16652.2009,99.9599,62.0346,30.6293,15252.3466,281.9164,33.2247,0.0142,0.0,50.0
train,passive,4,896,35,9557.6723,35.0035,29.2867,31.5358,10281.5455,290.1624,0.0,0.0838,0.8658,50.0
train,passive,4,896,25,8467.8647,25.0049,28.5643,31.527,8856.6626,290.2696,0.0,0.0945,0.999,50.0
train,passive,3,256,45,10667.5232,45.0234,40.4982,67.1797,9838.181,284.056,0.0,31.026,0.7261,50.0
train,passive,1,1024,70,13377.1526,69.9973,79.8382,27.9324,12967.7481,288.9458,626.9648,0.0084,0.4,50.0
train,passive,3,256,100,16653.9031,100.1133,53.7895,65.0174,16611.1731,296.6092,0.0,0.0141,0.0033,50.0
train,passive,4,512,90,15545.9756,89.9928,31.4056,31.9812,22693.4895,302.3333,0.0,0.0263,0.1331,50.0
train,passive,2,896,45,10638.4644,44.979,55.4253,29.6019,9761.7665,281.5991,22.129,0.2651,0.7323,50.0
train,passive,4,896,60,12280.637,60.0033,31.4329,31.9363,14019.4827,302.3333,0.0,0.057,0.5328,50.0
train,passive,1,640,50,11224.1823,49.9728,79.4613,30.3187,12384.3958,281.9473,520.0824,0.0046,0.6667,50.0
train,passive,1,768,70,13377.9199,69.985,82.571,30.0074,15786.5468,302.3333,549.8838,0.0082,0.4,50.0
train,passive,2,896,80,14448.17,79.9352,59.9325,30.1352,14449.4006,301.4297,83.9155,0.1055,0.2663,50.0
train,passive,1,1024,75,13920.7582,75.0219,81.6793,28.4822,14190.0894,302.3333,640.181,0.0093,0.3333,50.0
train,passive,4,768,30,9010.3995,30.0094,28.8751,32.3705,9229.7126,283.4124,3.6114,0.0927,0.9322,50.0
train,passive,3,896,85,15002.8957,84.9144,47.4831,31.3017,21578.8905,302.3333,0.0,0.2135,0.1994,50.0
train,passive,2,384,99999,19055.6647,127.5661,67.9867,48.4103,20783.1578,281.1101,0.0,0.0015,0.0,50.0
train,passive,3,384,55,11740.975,55.0088,43.1256,50.1453,13223.2081,302.3333,0.0,12.9953,0.5968,50.0
train,passive,4,640,55,11733.9916,55.0077,29.8723,32.6651,13543.9837,286.154,0.0,0.0669,0.5991,50.0
train,passive,2,256,60,12347.0496,59.9667,63.0286,65.451,12735.2205,302.3333,0.5671,4.4733,0.532,50.0
train,passive,3,384,65,12831.7026,65.0205,45.0836,50.0859,15643.4022,302.3333,0.0,10.1106,0.4646,50.0
train,passive,1,256,25,8471.5782,24.9858,84.5302,66.725,11755.9539,302.3333,880.4612,0.0,1.0,50.0
train,passive,1,512,70,13386.1284,69.9789,82.9803,32.0401,17509.7382,302.3333,413.8247,0.0081,0.4,50.0
train,passive,1,512,40,10152.5914,39.9872,81.1379,31.0285,12080.2066,290.8482,565.3058,0.0027,0.8,50.0
train,passive,4,512,25,8461.2444,24.987,27.9389,33.2621,11374.0667,302.3333,0.0,0.1058,0.9983,50.0
train,passive,3,512,75,13915.0717,75.0285,46.113,34.9157,16529.0631,287.7495,8.0664,0.3413,0.3328,50.0
train,passive,4,512,95,16088.3642,94.9907,31.5197,32.0432,23194.8054,302.3333,0.0,0.0202,0.0666,50.0
train,passive,2,1024,100,16617.9778,99.9112,62.6444,30.619,16503.3778,301.4,158.7111,0.0143,0.0,50.0
train,passive,1,640,65,12847.2609,64.9879,82.5236,30.6222,16106.2307,302.3333,493.385,0.0072,0.4667,50.0
train,passive,2,256,85,15016.1744,84.9374,65.6142,64.6973,14377.9489,294.5622,5.7062,1.6862,0.1995,50.0
train,passive,3,1024,75,13912.8896,74.8992,46.5465,29.7648,20156.8608,302.3333,0.0,0.348,0.3322,50.0
train,passive,2,256,30,9137.9022,29.9888,58.0647,66.5094,8482.9333,283.5581,0.0,7.818,0.931,50.0
train,passive,4,640,45,10644.0514,44.9905,28.3502,32.4306,12282.6347,287.4948,0.0,0.0786,0.7323,50.0
train,passive,4,896,80,14460.7381,80.0029,32.37,31.8874,14297.1394,281.9839,0.0,0.0356,0.2664,50.0
train,passive,1,512,50,11232.4409,49.9867,82.3691,31.2088,14638.7365,302.3333,521.395,0.0045,0.6667,50.0
train,passive,3,1024,70,13371.7159,69.9179,46.3301,29.5911,18203.1255,302.3333,7.1665,0.4147,0.3987,50.0
train,passive,2,1024,80,14439.4254,79.9292,60.0711,30.169,13916.6944,295.7129,119.6959,0.0105,0.2667,50.0
train,passive,1,768,55,11756.8937,54.9898,80.3702,30.1471,14249.0747,302.3333,524.1402,0.0055,0.6,50.0
train,passive,2,512,99999,18971.8142,126.9433,65.3886,30.6346,18352.888,295.0111,0.0,0.0014,0.0,50.0
train,passive,1,1024,99999,19009.1207,127.0884,93.7035,27.9324,14109.3635,198.4889,4212.0993,0.0015,0.0,50.0
train,passive,3,512,80,14458.6431,80.0108,46.7651,34.6859,19367.354,302.3333,7.8928,0.2759,0.2662,50.0
train,passive,1,1024,25,8479.7332,24.9349,72.1729,28.3757,9872.7259,288.3199,446.0739,0.0,1.0,50.0
train,passive,3,1024,45,10643.8422,44.9621,43.6413,29.223,14450.5804,302.3333,15.41,0.7485,0.7309,50.0
train,passive,4,896,55,11735.261,54.9834,29.7191,31.3398,11334.7914,283.0788,2.5764,0.0624,0.5994,50.0
train,passive,3,384,45,10655.4551,45.0268,41.8157,50.5969,10769.7945,292.5895,0.0,15.8799,0.7291,50.0
train,passive,3,512,60,12280.9667,60.007,43.7876,33.7604,16402.8031,302.3333,0.0,0.5376,0.5324,50.0
train,passive,3,640,45,10646.4689,44.9921,42.6135,32.0104,15789.2174,302.3333,0.0,0.7375,0.7318,50.0
train,passive,3,256,95,16108.6137,95.1038,53.042,65.206,16279.383,302.3333,3.4446,2.8334,0.069,50.0
train,passive,4,1024,25,8466.6794,24.9932,29.1397,30.6557,9478.2578,302.3333,7.9075,0.0908,0.9992,50.0
train,passive,3,1024,99999,18961.5064,126.9336,51.447,31.5798,16274.9846,263.8673,83.433,0.0015,0.0,50.0
train,passive,1,896,95,16094.6433,95.0476,85.364,29.7286,16258.879,296.476,615.7834,0.0129,0.0667,50.0
train,passive,1,896,70,13375.5869,69.9795,80.8006,28.8305,14975.4774,302.3333,577.3752,0.0083,0.4,50.0
train,passive,1,896,70,13381.5225,69.9973,81.3909,28.807,14702.4687,302.3333,583.2053,0.0083,0.4,50.0
train,passive,2,768,55,11738.0396,54.9911,58.6479,29.8975,13467.4334,302.3333,34.2333,0.4332,0.5982,50.0
train,passive,1,768,55,11755.4317,54.985,80.3856,29.9735,13297.2037,294.4198,542.8335,0.0055,0.6,50.0
train,passive,4,640,99999,18973.3305,126.9728,38.1406,32.5498,23936.3884,302.3333,13.7354,0.0015,0.0,50.0
train,passive,4,640,90,15541.7219,89.9926,32.5607,32.3278,19761.4023,302.3333,17.9892,0.0258,0.1331,50.0
train,passive,1,512,55,11772.0688,54.9756,80.9781,31.1835,14298.4372,284.4517,480.2634,0.0054,0.6,50.0
train,passive,3,256,30,9026.0715,29.9823,38.1813,67.8167,9450.4932,302.3333,13.0724,39.4838,0.9233,50.0
train,passive,3,1024,85,15002.1528,84.8954,47.5485,30.5596,19634.873,299.4575,0.0,0.2145,0.1993,50.0
train,passive,2,384,65,12862.3383,64.9919,61.4519,48.1453,12638.6917,289.7765,0.0,2.2943,0.4647,50.0
train,passive,2,896,40,10091.1423,39.9905,56.1746,29.8388,10890.4813,302.3333,18.3564,0.2879,0.7988,50.0
train,passive,4,640,80,14454.5381,79.9802,30.4496,31.9936,17761.6747,298.9864,0.0,0.0376,0.2663,50.0
train,passive,4,256,85,15018.9934,84.9582,34.1757,66.7439,15829.135,302.3333,5.6436,0.0113,0.2,50.0
train,passive,2,384,70,13402.6592,69.9865,61.8953,48.1388,13631.933,300.2133,0.0,1.9685,0.3983,50.0
train,passive,3,256,70,13388.5181,70.0703,46.6904,66.4105,12567.3377,291.4787,0.0,16.9297,0.3976,50.0
train,passive,1,768,60,12300.6826,59.9768,79.3245,29.6074,13452.6899,282.4208,517.6004,0.0064,0.5333,50.0
train,passive,1,512,80,14468.9127,79.9818,82.9345,32.1421,17771.4527,290.9146,364.9521,0.0099,0.2667,50.0
train,passive,4,384,60,12309.1396,59.9863,29.286,49.8831,12204.5246,272.3027,0.0,0.0349,0.5329,50.0
train,passive,4,768,85,15004.0152,84.9968,31.5891,31.979,16165.7678,282.6627,0.0,0.031,0.1997,50.0
train,passive,4,768,30,9009.6118,29.9974,28.7773,32.1806,10720.2799,302.3333,0.0,0.0927,0.9322,50.0
train,passive,1,256,99999,18995.1111,126.9897,93.9629,64.0305,14986.0444,298.3333,3945.4444,0.0014,0.0,50.0
train,passive,1,512,100,16623.5228,99.9893,84.9273,33.2585,21832.466,302.3333,262.9564,0.0135,0.0,50.0
train,passive,4,640,45,10642.5307,44.9804,28.0338,32.2605,12314.0754,288.9931,0.0,0.0786,0.7323,50.0
train,passive,2,384,35,9619.5104,34.9907,57.344,48.0996,10675.6754,302.3333,0.0,4.2489,0.863,50.0
train,passive,1,640,55,11761.1723,54.9754,81.2521,30.5823,14352.8266,301.5233,524.3066,0.0054,0.6,50.0
train,passive,3,256,45,10666.5653,45.0196,41.9169,66.9596,13556.8457,302.3333,0.0,31.026,0.7261,50.0
train,passive,4,768,90,15550.1349,90.0184,32.4083,32.4267,15809.4353,269.595,0.0,0.0253,0.1332,50.0
train,passive,3,384,65,12832.078,65.0271,45.1201,50.2591,14507.3809,302.3333,0.0,10.1106,0.4646,50.0
train,passive,4,256,95,16088.1073,94.9433,33.3877,66.9069,15202.5582,288.7063,0.0,0.0133,0.0667,50.0
train,passive,1,640,75,13927.428,75.0066,82.741,31.4412,15456.3915,280.4411,454.1949,0.009,0.3333,50.0
train,passive,4,640,85,15002.6126,85.0041,31.5237,32.2753,18730.6546,289.4504,0.0,0.0317,0.1997,50.0
train,passive,2,1024,25,8449.7556,24.9786,54.271,29.0388,8705.2606,302.3333,19.1494,0.0,1.0,50.0
train,passive,3,1024,45,10649.7063,44.985,43.2046,29.6153,13825.8619,301.4271,0.0,0.7485,0.7309,50.0
train,passive,3,512,70,13372.5722,70.0156,45.5468,34.1708,17519.1097,302.3333,2.0643,0.4067,0.3993,50.0
train,passive,2,256,35,9673.2751,34.9856,58.9813,66.2893,8961.4857,287.9204,0.0,7.2606,0.8645,50.0
train,passive,2,896,25,8456.2535,24.9905,54.322,29.1343,10804.6552,302.3333,0.0,0.3563,0.9985,50.0
train,passive,2,512,75,13936.1481,75.0044,60.3493,30.673,13942.41,287.7955,0.0,0.4845,0.3314,50.0
train,passive,2,768,40,10104.0906,40.0084,56.4667,29.7981,10699.1131,296.2515,16.3063,0.5729,0.7976,50.0
train,passive,3,256,35,9578.9605,35.0206,38.6292,67.917,8482.9333,278.4219,0.0,36.6645,0.8576,50.0
train,passive,2,384,99999,19054.9963,127.5656,68.4581,48.3932,21784.1867,290.015,0.0,0.0015,0.0,50.0
train,passive,4,640,70,13361.6149,69.9845,31.3874,32.2908,16949.9101,302.3333,26.5358,0.0493,0.3994,50.0
train,passive,4,896,45,10646.1615,44.9859,30.0364,31.1809,13401.7521,302.3333,0.0,0.0731,0.7326,50.0
train,passive,1,896,50,11204.0856,49.9766,78.9042,29.1787,12177.2637,294.7225,565.5891,0.0046,0.6667,50.0
train,passive,3,1024,60,12282.4454,59.9545,44.9413,29.8935,15345.3826,288.6801,0.0,0.5483,0.5316,50.0
train,passive,4,768,30,9010.8866,29.9938,29.2549,31.8334,10867.2701,302.3333,12.7928,0.0927,0.9322,50.0
train,passive,1,384,40,10131.4579,40.0193,83.8299,48.6083,12488.9945,298.5062,947.457,0.0028,0.8,50.0
train,passive,4,512,35,9552.8937,35.0072,28.4342,33.4854,11414.7584,283.4605,0.0,0.0935,0.8652,50.0
train,passive,1,384,75,13924.465,75.0661,85.8176,48.3637,14898.702,302.1088,1386.9099,0.0093,0.3333,50.0
train,passive,2,384,95,16102.1568,94.9677,64.8239,47.7661,15241.1556,287.7951,0.0,0.3397,0.0664,50.0
train,passive,2,1024,70,13349.1937,69.9378,59.094,29.973,12900.7824,297.1715,105.1731,0.0086,0.4,50.0
train,passive,1,1024,99999,19005.5314,127.0899,94.5057,27.9903,15608.5134,206.9348,4206.2713,0.0015,0.0,50.0
train,passive,1,256,100,16654.5936,100.2652,91.7387,63.8692,13383.6768,302.3333,3131.7134,0.0142,0.0,50.0
train,passive,2,640,65,12831.7643,64.9734,58.5154,30.1284,13552.3565,301.9081,15.2598,0.5064,0.4646,50.0
train,passive,3,384,60,12283.8945,60.0097,44.0924,50.1631,13971.0096,302.3333,4.1654,11.5529,0.5307,50.0
train,passive,1,256,90,15559.0064,90.2209,91.5625,64.2632,13150.6853,302.3333,2861.5971,0.0123,0.1333,50.0
train,passive,2,768,40,10099.6526,40.0053,57.2677,29.9676,11415.2749,302.3333,31.1635,0.5729,0.7976,50.0
train,passive,4,1024,55,11732.8645,54.9817,31.7456,30.9776,12383.7087,302.3333,21.2502,0.0602,0.5995,50.0
train,passive,4,256,70,13409.0917,69.9793,33.0813,67.2599,13928.0702,298.3285,0.0,0.0085,0.4,50.0
train,passive,3,896,40,10105.0595,39.9928,42.2763,30.0792,12493.756,298.086,0.0,0.8113,0.7977,50.0
train,passive,4,1024,99999,18990.5526,126.9985,35.4945,30.9216,17711.4151,283.9824,0.0,0.0016,0.0,50.0
train,passive,4,512,35,9545.8151,34.9799,29.1624,33.1482,12839.3431,302.3333,30.1445,0.0936,0.8652,50.0
train,passive,3,896,70,13370.5213,69.9436,45.8055,30.9173,18674.9533,300.365,0.0,0.4128,0.3988,50.0
train,passive,3,768,70,13372.5548,69.9695,45.9959,31.9249,17567.98,302.3333,6.7003,0.4107,0.399,50.0
train,passive,4,640,40,10096.7644,39.9845,28.869,32.3854,12846.6216,302.3333,0.3908,0.0845,0.7988,50.0
train,passive,4,384,50,11226.0608,50.0062,30.7662,50.4436,12664.0867,296.3488,0.0,0.04,0.6661,50.0
train,passive,2,896,25,8458.694,25.023,55.0112,30.006,9509.4144,302.3333,0.0,0.3563,0.9985,50.0
train,passive,2,640,65,12836.5288,64.988,58.1274,30.2328,12281.1074,280.7628,10.8331,0.5064,0.4646,50.0
train,passive,2,896,50,11177.51,49.9583,56.655,29.5935,11952.0449,302.3333,36.9672,0.2423,0.6657,50.0
train,passive,2,640,70,13377.1639,69.9845,61.0753,30.3574,14587.5295,302.3333,54.8472,0.436,0.3982,50.0
train,passive,1,896,90,15549.0863,90.0286,84.8599,29.5127,16735.7172,302.3333,617.1224,0.012,0.1333,50.0
train,passive,1,896,65,12834.7085,64.9858,80.263,28.9813,14081.0239,300.0268,568.5327,0.0074,0.4667,50.0
train,passive,2,256,65,12881.7544,64.9622,62.1232,65.3719,10850.6223,274.2564,0.0,3.9159,0.4655,50.0
train,passive,2,384,80,14483.3117,79.9697,62.1971,47.6874,13439.4378,281.7632,0.0,1.317,0.2655,50.0
train,passive,3,640,60,12282.2571,59.9869,43.4188,32.5839,16099.111,294.6146,0.0,0.5403,0.5322,50.0
train,passive,2,640,65,12836.9532,64.9976,59.9078,30.2753,14022.8846,302.3333,26.6344,0.5063,0.4646,50.0
train,passive,4,512,35,9547.7049,34.9831,28.9793,33.1258,13124.5362,302.3333,18.0534,0.0936,0.8652,50.0
train,passive,2,384,75,13940.2788,74.9775,62.9186,47.9487,13965.9419,296.6554,9.236,1.6427,0.3319,50.0
train,passive,2,256,70,13413.0744,69.9549,63.6107,65.2823,12621.6552,292.6667,0.0,3.3585,0.399,50.0
train,passive,2,896,100,16621.4236,99.911,63.6261,30.598,16891.7404,302.3333,155.8458,0.0143,0.0,50.0
train,passive,3,1024,55,11735.9176,54.9526,44.4099,29.6449,15817.839,302.3333,0.0,0.615,0.598,50.0
train,passive,2,512,25,8481.9235,25.0531,56.2423,30.5797,11053.3921,299.3294,0.0,1.4252,0.9941,50.0
train,passive,1,512,25,8534.5554,24.9816,80.7363,30.317,10893.1307,302.3333,645.5778,0.0,1.0,50.0
train,passive,4,640,95,16089.2256,94.9847,32.3145,31.8241,21792.9121,302.3333,0.1529,0.02,0.0666,50.0
train,passive,2,1024,55,11718.2672,54.955,56.7801,29.5679,11359.1369,291.3227,56.8783,0.0057,0.6,50.0
train,passive,3,512,95,16098.7302,95.0268,48.8175,35.2988,21667.0332,302.3333,2.2334,0.0796,0.0666,50.0
train,passive,1,512,30,9075.4641,29.9899,81.4012,30.6185,11862.7696,302.3333,618.7513,0.0009,0.9333,50.0
train,passive,2,640,99999,18966.8238,126.8901,63.5767,30.0489,17252.9289,277.8181,7.2781,0.0014,0.0,50.0
train,passive,4,256,40,10193.7826,40.0123,31.2374,67.6119,9192.1892,289.608,1.78,0.0029,0.8,50.0
train,passive,1,256,95,16107.1858,95.2345,90.8793,63.8052,12315.273,293.9896,2999.0374,0.0133,0.0667,50.0
train,passive,3,768,50,11193.193,50.0096,43.4068,32.0162,12674.8417,285.0228,0.0,0.6751,0.665,50.0
train,passive,1,640,99999,19012.668,127.1999,94.2802,30.5366,11626.5782,206.7839,2892.752,0.0015,0.0,50.0
train,passive,2,896,90,15536.4759,89.9248,61.2619,30.4004,15882.9538,302.3333,98.0122,0.0599,0.1331,50.0
train,passive,3,384,75,13918.1689,75.0398,48.0717,50.4824,16053.2979,302.3333,29.7274,7.2259,0.3323,50.0
train,passive,4,640,70,13367.5091,70.0125,31.0301,32.853,16553.3228,302.3333,0.0,0.0493,0.3994,50.0
train,passive,1,768,70,13384.3682,69.9997,82.4195,30.0112,15949.331,302.3333,527.4919,0.0082,0.4,50.0
train,passive,3,640,100,16639.3747,99.9713,48.9234,34.0713,23558.1367,302.3333,0.0,0.0142,0.0,50.0
train,passive,2,1024,100,16619.5796,99.913,63.0529,30.4792,16721.8538,302.3333,166.0061,0.0143,0.0,50.0
train,passive,1,1024,45,10656.4298,44.9645,76.0761,28.1705,11813.6061,296.6491,531.0637,0.0037,0.7333,50.0
train,passive,2,256,50,11277.0128,49.9724,60.6313,65.8248,9982.6692,284.1472,0.0,5.5883,0.665,50.0
train,passive,3,384,40,10109.8673,40.0172,40.8414,50.5296,10239.6838,296.0686,0.0,17.3223,0.7953,50.0
train,passive,1,256,35,9566.5379,35.0442,85.0971,66.806,9932.1857,290.4355,1173.4438,0.0019,0.8667,50.0
train,passive,2,384,95,16099.3462,94.9502,64.6804,47.5378,16399.3683,302.3333,0.0,0.3397,0.0664,50.0
train,passive,1,384,55,11757.561,55.0491,84.599,48.75,12259.471,288.7954,1136.1461,0.0055,0.6,50.0
train,passive,4,1024,85,15005.7987,84.9865,33.2991,31.4784,14858.3673,301.4012,0.0,0.0295,0.1998,50.0
train,passive,1,384,85,15010.3587,85.0858,86.8242,48.2694,16210.8663,302.3333,1515.0126,0.0111,0.2,50.0
train,passive,4,256,45,10730.0612,45.0151,32.2636,67.7433,10860.9867,302.3333,0.0,0.0038,0.7333,50.0
train,passive,4,512,35,9547.1183,34.9824,29.4854,33.0759,13160.2085,302.3333,32.356,0.0936,0.8652,50.0
train,passive,1,1024,45,10655.4257,44.959,76.1281,28.1292,13003.0297,302.3333,524.7804,0.0037,0.7333,50.0
train,passive,3,384,75,13920.6936,75.0448,47.6826,50.5005,15971.0434,302.3333,14.3893,7.2259,0.3323,50.0
train,passive,2,640,99999,18964.9472,126.8924,63.5218,30.3747,17523.2926,282.6355,0.0,0.0015,0.0,50.0
train,passive,4,256,40,10192.9768,40.0129,32.0751,67.5978,11005.7902,302.3333,1.5524,0.0028,0.8,50.0
train,passive,2,896,99999,18956.4534,126.7918,58.563,29.3674,12916.9105,211.206,5.5264,0.0015,0.0,50.0
train,passive,2,384,60,12320.1246,59.98,60.7021,47.944,13023.3624,302.3333,0.0,2.62,0.5311,50.0
train,passive,1,384,95,16098.6613,95.1181,87.1382,48.5045,16074.5617,292.3424,1628.404,0.0129,0.0667,50.0
train,passive,1,768,100,16630.3338,100.0138,86.445,30.377,19100.9176,302.3333,538.6266,0.0137,0.0,50.0
train,passive,2,256,70,13414.6351,69.9653,63.7679,65.4439,12170.0901,285.3034,0.0,3.3585,0.399,50.0
train,passive,2,384,40,10163.7063,40.0221,58.6983,48.6428,9825.3349,282.4162,0.0,3.923,0.7966,50.0
train,passive,2,768,65,12821.5429,64.9562,58.6862,29.9039,14475.049,302.3333,36.4804,0.3402,0.4653,50.0
train,passive,2,256,65,12876.7622,64.9356,62.8625,64.8956,14644.6928,302.3333,0.0,3.9159,0.4655,50.0
train,passive,1,768,100,16630.437,100.0141,86.226,30.413,19011.7593,302.3333,533.1116,0.0137,0.0,50.0
train,passive,4,1024,85,15004.0454,84.9711,33.6975,31.0113,16867.2208,302.3333,0.0,0.0295,0.1998,50.0
train,passive,3,384,85,15013.9595,85.0549,49.0793,50.2318,17620.5,302.3333,2.1773,4.3412,0.2,50.0
train,passive,3,896,60,12278.5594,59.9538,44.5136,30.8308,16314.6153,302.3333,0.0,0.5456,0.5318,50.0
train,passive,3,384,35,9564.6885,35.0044,39.6897,50.3649,9765.6912,299.6072,0.0,18.7646,0.8614,50.0
train,passive,1,1024,40,10108.1135,39.9442,75.5235,28.1184,12055.107,302.3333,527.2193,0.0028,0.8,50.0
train,passive,1,256,95,16108.5576,95.235,90.4401,63.7643,11925.4139,287.9107,2991.8592,0.0133,0.0667,50.0
train,passive,3,640,80,14462.0427,79.9863,46.9067,33.3576,19549.4426,302.3333,2.2054,0.2772,0.2661,50.0
train,passive,2,768,60,12276.5361,59.979,59.3782,30.2373,13180.5792,302.3333,59.8251,0.3867,0.5318,50.0
train,passive,3,1024,60,12283.5287,59.9612,45.0132,29.9848,14922.5364,283.7477,0.0,0.5482,0.5316,50.0
train,passive,2,384,40,10162.6297,40.0106,59.0162,48.448,12033.5515,302.3333,0.0,3.9231,0.7966,50.0
train,passive,4,512,40,10096.6633,39.9827,27.9389,32.892,12464.5663,288.7301,0.0,0.0875,0.7986,50.0
train,passive,2,896,75,13905.208,74.9519,60.6384,30.0944,14382.1728,302.3333,95.9992,0.1282,0.3328,50.0
train,passive,4,768,50,11192.7153,49.9957,30.5267,31.6557,13488.2203,302.3333,8.8143,0.0702,0.6658,50.0
train,passive,4,768,25,8464.5423,24.9903,28.0902,31.9721,9470.4364,294.826,3.1565,0.0983,0.9988,50.0
train,passive,1,384,50,11219.0511,50.0292,82.4707,48.3523,10457.4145,268.2424,1062.1652,0.0047,0.6667,50.0
train,passive,1,768,80,14468.9158,79.9998,82.5,29.9004,15765.2618,293.4981,519.3453,0.01,0.2667,50.0
train,passive,3,256,45,10659.7198,45.0117,41.885,67.2821,11007.2572,302.3333,18.0524,31.026,0.7261,50.0
train,passive,4,768,40,10101.1137,39.9993,29.3904,31.9826,12576.2071,293.7338,0.0,0.0815,0.799,50.0
train,passive,1,384,50,11214.4245,50.0251,84.8887,48.3047,14998.494,302.3333,1077.1184,0.0046,0.6667,50.0
train,passive,3,768,55,11735.0661,54.9885,44.2252,31.9515,15008.5447,302.3333,0.0198,0.609,0.5985,50.0
train,passive,4,896,65,12825.6988,64.9936,31.0545,31.666,13518.3747,297.3131,0.0,0.0517,0.4662,50.0
train,passive,4,768,90,15545.9064,89.9911,32.6478,31.9539,17748.141,297.0412,7.7558,0.0254,0.1332,50.0
train,passive,2,1024,40,10084.2823,39.9865,56.0693,29.7862,11033.6183,302.3333,17.7786,0.0029,0.8,50.0
train,passive,1,640,55,11762.8801,54.973,80.304,30.4748,13215.9702,286.4131,517.0576,0.0055,0.6,50.0
train,passive,4,384,30,9064.567,30.0048,29.1119,50.4216,9537.686,288.9563,0.0891,0.0503,0.9325,50.0
train,passive,3,896,30,9015.4695,30.022,41.9283,30.287,11673.5187,302.3333,0.0,0.9441,0.9306,50.0
train,passive,4,1024,60,12280.7126,59.9953,31.8787,31.3637,12536.6396,302.3333,0.0142,0.0551,0.5329,50.0
train,passive,1,1024,45,10655.9333,44.956,76.0659,27.951,13465.7306,302.3333,522.8844,0.0037,0.7333,50.0
train,passive,2,1024,40,10082.5489,39.9744,55.272,29.4921,9280.0475,290.904,27.5014,0.0029,0.8,50.0
train,passive,1,768,75,13919.0206,74.9941,83.3093,30.2517,15824.7833,302.3333,551.6217,0.0091,0.3333,50.0
train,passive,3,768,55,11737.4022,54.9817,42.9909,31.628,13676.9566,286.0771,0.0,0.609,0.5985,50.0
train,passive,1,768,50,11213.7216,49.9878,79.943,30.0673,12163.5668,287.3611,548.7287,0.0045,0.6667,50.0
train,passive,3,512,90,15549.3976,90.0083,47.1431,35.0071,20232.4483,300.4759,0.0,0.1451,0.1331,50.0
train,passive,2,896,60,12273.1058,59.9748,58.6068,29.9598,12477.3815,300.7375,58.7079,0.1967,0.5325,50.0
train,passive,2,384,75,13939.4979,74.9654,62.3963,47.7471,14602.5911,302.3333,0.0,1.6428,0.3319,50.0
train,passive,3,384,25,8474.3903,25.0046,38.8042,50.6569,8679.0018,302.3333,7.3436,21.6493,0.9936,50.0
train,passive,1,512,55,11770.7714,55.0022,82.6643,32.0455,14987.0268,302.3333,481.8559,0.0054,0.6,50.0
train,passive,3,1024,95,16089.8661,94.8681,48.1881,30.6651,20391.5763,289.0344,0.0,0.081,0.0664,50.0
train,passive,3,256,100,16653.6076,100.1091,54.3065,64.844,18678.9483,302.3333,0.0,0.0141,0.0033,50.0
train,passive,2,384,90,15560.4775,89.9629,64.36,47.7803,15960.164,302.3333,0.0,0.6655,0.1328,50.0
train,passive,3,896,35,9559.3292,35.009,42.2874,30.3071,12334.2373,302.3333,0.0,0.8777,0.8642,50.0
train,passive,4,640,30,9010.9195,29.985,27.9389,32.3611,9774.8978,276.9307,0.0,0.0962,0.932,50.0
train,passive,2,512,50,11210.9692,50.0482,58.746,30.9722,11975.1943,282.0243,0.0,0.9548,0.6627,50.0
train,passive,3,1024,60,12279.4017,59.9429,45.1864,29.7658,16032.8262,299.1742,9.3498,0.5483,0.5316,50.0
train,passive,4,384,65,12843.617,64.9816,31.1613,50.1231,15407.4997,302.3333,0.0,0.0323,0.4663,50.0
train,passive,1,512,90,15543.4028,89.9763,84.008,32.6205,20335.5272,302.3333,316.7594,0.0117,0.1333,50.0
train,passive,4,1024,25,8470.9178,25.0162,28.8516,31.0282,8482.9333,283.3589,0.0,0.0908,0.9992,50.0
train,passive,2,768,90,15548.5039,89.942,61.531,30.3159,15909.7691,302.3333,69.2758,0.1073,0.1329,50.0
train,passive,3,768,35,9552.4319,34.994,42.54,31.0405,12515.6155,302.3333,25.7087,0.8734,0.8645,50.0
train,passive,1,640,70,13382.5603,69.9915,82.9933,31.194,15818.9114,296.9008,488.7843,0.0081,0.4,50.0
train,passive,2,384,85,15022.3169,84.9634,63.9263,47.4963,16004.4706,302.3333,0.0,0.9912,0.1992,50.0
train,passive,3,512,85,15007.7473,85.0153,47.3729,34.6601,20783.585,302.3333,0.0,0.2105,0.1997,50.0
train,passive,2,256,40,10204.8763,39.966,59.3459,65.9488,9771.429,298.2717,0.0,6.7032,0.798,50.0
train,passive,1,1024,25,8479.0859,24.9232,73.1344,27.9445,11326.3714,302.3333,470.488,0.0,1.0,50.0
train,passive,1,256,30,9022.5591,30.0464,85.0164,67.3193,8482.9333,265.9951,1030.0666,0.0009,0.9333,50.0
train,passive,3,768,40,10095.7981,39.9745,41.9485,31.0172,12756.6212,302.3333,9.0929,0.8073,0.798,50.0
train,passive,3,256,50,11212.3415,50.0623,42.8156,67.6963,9274.6876,274.6351,0.0,28.2067,0.6604,50.0
train,passive,1,768,60,12290.6758,59.9706,81.8991,29.8961,14852.097,302.3333,573.928,0.0064,0.5333,50.0
train,passive,1,768,85,15005.5114,85.0001,83.6364,30.2194,16832.6684,298.8745,527.45,0.011,0.2,50.0
train,passive,2,256,25,8599.7419,24.9736,58.0008,66.3328,8733.4299,302.3333,15.5685,8.3755,0.9975,50.0
train,passive,3,384,35,9564.9157,34.9976,40.0829,50.0786,12305.9038,302.3333,0.0,18.7646,0.8614,50.0
train,passive,3,384,35,9566.7796,35.0248,40.1821,50.756,9132.6037,290.307,0.0,18.7646,0.8614,50.0
train,passive,4,256,40,10194.4575,40.0278,32.2219,68.0198,10428.1951,302.3333,0.0,0.0028,0.8,50.0
train,passive,4,768,99999,18982.5272,127.0068,37.3309,32.4479,20476.3473,278.7345,0.0,0.0015,0.0,50.0
train,passive,1,384,35,9585.8688,34.9959,83.0518,48.5115,11685.4329,302.3333,888.8189,0.0019,0.8667,50.0
train,passive,1,896,75,13921.8244,75.0108,82.2725,29.3629,15368.929,302.3333,581.7691,0.0092,0.3333,50.0
train,passive,1,640,85,15008.3213,84.9959,84.126,31.2162,18494.0089,302.3333,436.6436,0.0109,0.2,50.0
train,passive,3,256,50,11210.3453,50.0545,43.3097,67.7823,11600.268,302.3333,0.0,28.2067,0.6604,50.0
train,passive,1,1024,65,12833.0162,64.9855,79.0084,27.9324,13673.4783,293.4063,602.0077,0.0074,0.4667,50.0
train,passive,4,896,95,16093.6273,94.9963,33.82,32.0551,17738.2465,302.3333,0.0,0.0195,0.0666,50.0
train,passive,3,768,95,16096.3389,94.956,48.6447,33.0162,20460.4739,292.4915,1.8873,0.0803,0.0665,50.0
train,passive,4,640,100,16637.0895,100.0044,32.8228,32.1999,21186.5958,302.3333,0.0,0.0141,0.0,50.0
train,passive,1,256,80,14470.6591,80.1841,89.5826,64.6181,12822.0998,302.3333,2530.2307,0.0104,0.2667,50.0
train,passive,2,1024,45,10624.8751,44.9495,55.7359,29.21,11366.3767,302.3333,37.5443,0.0038,0.7333,50.0
train,passive,4,896,100,16635.2403,99.9698,33.2899,31.4996,17824.0088,302.3333,0.0,0.0142,0.0,50.0
train,passive,2,512,90,15573.9459,89.9755,59.9929,30.3369,13668.9354,269.5573,0.0,0.2023,0.1325,50.0
train,passive,2,768,70,13372.8736,69.9991,59.7394,30.7963,11987.0844,274.6222,43.0535,0.2935,0.3988,50.0
train,passive,4,640,25,8462.6682,24.993,28.2201,32.8061,10840.0051,302.3333,0.0,0.1021,0.9985,50.0
train,passive,2,384,50,11239.3777,49.9793,59.5077,47.8784,13087.7272,302.3333,0.0,3.2716,0.6639,50.0
train,passive,3,640,30,9010.117,30.005,40.3609,31.8988,9375.3514,294.1733,6.804,0.9348,0.9314,50.0
train,passive,3,896,30,9016.8939,30.0086,40.7897,29.7845,10448.2263,291.1485,0.0,0.9441,0.9306,50.0
train,passive,3,640,85,15005.2605,84.9904,47.362,33.9421,19783.074,302.3333,0.0,0.2115,0.1996,50.0
train,passive,3,896,70,13364.8059,69.9346,46.5864,31.0136,17802.7356,302.3333,29.1441,0.4128,0.3988,50.0
train,passive,3,256,90,15567.386,90.0997,52.4032,65.2011,16879.1663,302.3333,2.9697,5.6526,0.1347,50.0
train,passive,4,1024,50,11192.8057,49.9864,30.8636,30.7449,13470.5501,302.3333,0.0,0.0653,0.6661,50.0
train,passive,2,768,80,14459.2745,79.9665,60.9288,30.5227,14391.3089,296.247,64.8174,0.2004,0.2659,50.0
train,passive,4,512,35,9552.5728,34.9878,27.9479,33.011,12202.4058,295.0095,0.0,0.0936,0.8652,50.0
train,passive,2,1024,55,11718.0523,54.9648,57.2263,29.906,11424.6021,298.865,55.0815,0.0057,0.6,50.0
train,passive,1,640,90,15547.726,90.0106,84.5422,31.9163,18793.9125,302.3333,410.2217,0.0118,0.1333,50.0
train,passive,1,1024,75,13920.9584,75.0088,82.1278,27.9324,14531.2808,302.3333,665.0644,0.0092,0.3333,50.0
train,passive,2,512,35,9574.5021,35.0431,56.4174,30.5248,10825.7646,285.5599,0.0,1.2371,0.8616,50.0
train,passive,3,640,50,11188.9015,50.0025,43.4369,32.7937,13705.7251,302.3333,6.4484,0.6718,0.6653,50.0
train,passive,3,896,99999,18967.9439,126.9232,49.9064,31.0732,19925.135,283.4845,36.3049,0.0016,0.0,50.0
train,passive,4,768,85,14999.5446,84.9953,32.7551,32.1337,16667.2261,293.5468,20.3478,0.031,0.1997,50.0
train,passive,4,1024,85,15005.5281,84.9903,33.4762,31.4971,14117.9702,289.2839,2.0994,0.0295,0.1998,50.0
train,passive,3,384,90,15558.6811,90.0772,50.1055,50.8563,17736.18,302.3333,0.0,2.8988,0.1339,50.0
train,passive,2,256,60,12342.3963,59.9458,62.1643,65.2407,12548.6438,302.3333,0.0,4.4734,0.532,50.0
train,passive,2,768,95,16095.0974,94.9512,62.2095,30.7159,16081.3394,302.2194,68.6667,0.0608,0.0665,50.0
train,passive,3,768,30,9012.3964,30.0019,41.0704,30.7273,12110.2237,302.3333,0.0,0.9395,0.931,50.0
train,passive,1,896,55,11747.2222,54.9596,78.5517,28.6626,13769.2918,302.3333,551.295,0.0055,0.6,50.0
train,passive,2,768,50,11188.2431,49.9915,57.9976,30.1114,11999.5488,301.1385,41.2505,0.4798,0.6647,50.0
train,passive,3,512,55,11737.022,55.0275,43.3938,34.0743,13597.1673,286.8077,0.0,0.603,0.599,50.0
train,passive,1,1024,75,13920.0689,75.0015,81.6631,27.9324,16055.0614,302.3333,644.5943,0.0093,0.3333,50.0
train,passive,2,512,25,8483.2554,25.0753,57.1286,31.1878,11601.178,302.3333,0.0,1.4252,0.9941,50.0
train,passive,4,512,55,11729.7389,54.9857,29.5973,32.6498,17131.0252,302.3333,0.0,0.0691,0.599,50.0
train,passive,1,640,100,16629.6116,100.001,85.4128,31.5764,20746.5382,302.3333,392.8314,0.0136,0.0,50.0
train,passive,3,896,25,8472.3968,25.0288,40.3453,29.9935,8925.5243,279.4599,0.0,1.0105,0.9971,50.0
train,passive,4,384,40,10145.5823,39.9987,30.3987,50.1292,13777.4732,302.3333,0.0,0.0451,0.7993,50.0
train,passive,2,768,80,14461.4632,79.9703,60.7849,30.4641,15020.9463,293.0848,51.0307,0.2004,0.2659,50.0
train,passive,3,768,30,9010.4279,29.9998,40.8012,30.8829,10942.5882,302.3333,0.0,0.9395,0.931,50.0
train,passive,3,768,95,16093.2321,94.9433,48.1884,33.0285,21181.4919,300.5546,0.0,0.0803,0.0665,50.0
train,passive,4,768,90,15540.6744,89.9779,33.4221,31.8703,18421.7551,302.3333,35.6214,0.0254,0.1332,50.0
train,passive,4,768,45,10636.0701,44.9794,30.924,32.0211,12808.6515,302.3333,45.9163,0.0759,0.7324,50.0
train,passive,1,640,99999,19014.3399,127.1988,93.4537,30.4612,11575.2522,198.4889,2877.7665,0.0015,0.0,50.0
train,passive,3,512,40,10097.689,40.0008,42.0225,33.0576,13349.3493,302.3333,4.5815,0.7993,0.7986,50.0
train,passive,4,384,30,9065.7389,30.01,29.7947,50.4075,10446.8729,301.7128,0.8137,0.0503,0.9325,50.0
train,passive,2,1024,80,14441.7386,79.9282,59.3145,30.0421,13532.026,286.0023,106.7274,0.0105,0.2667,50.0
train,passive,2,640,35,9561.5289,35.0165,56.4862,30.1987,11677.648,302.3333,2.4089,0.9283,0.8628,50.0
train,passive,1,384,70,13386.9733,70.091,86.0812,48.9538,13377.4919,284.6907,1322.1026,0.0083,0.4,50.0
train,passive,2,896,25,8458.8005,25.0254,55.0781,30.0828,9556.0722,302.3333,0.0,0.3563,0.9985,50.0
train,passive,2,1024,45,10624.4356,44.9462,55.6744,29.1509,11601.3984,302.3333,36.2277,0.0038,0.7333,50.0
train,passive,1,512,60,12307.1603,59.9722,83.0011,31.3742,17712.1727,302.3333,473.5289,0.0063,0.5333,50.0
train,passive,4,640,70,13368.1129,70.0038,31.1465,32.4949,17107.2121,302.3333,0.0,0.0493,0.3994,50.0
validation,passive,3,256,100,16618.2889,99.9188,53.1556,65.9039,16648.8444,301.7111,0.0,0.0143,0.0,50.0
train,passive,2,512,60,12295.6232,60.0079,59.6079,30.5752,13157.7607,296.9911,23.3848,0.7667,0.5302,50.0
train,passive,4,768,30,9007.5339,29.9891,28.5457,32.1546,10964.3731,302.3333,0.0,0.0927,0.9322,50.0
train,passive,3,512,50,11191.0193,50.008,42.9196,33.4007,13437.2067,302.3333,4.8698,0.6685,0.6655,50.0
train,passive,2,768,50,11191.0765,50.0073,58.0508,30.4723,12342.8036,302.3333,19.0999,0.4798,0.6647,50.0
train,passive,3,768,85,15005.1615,84.9555,47.3955,32.5728,19531.5084,300.6454,2.1376,0.2125,0.1995,50.0
train,passive,1,384,99999,19007.447,127.1142,94.9191,47.4896,14335.129,260.4471,3194.4132,0.0014,0.0,50.0
train,passive,1,1024,70,13372.8871,69.9867,80.1964,27.9324,13929.6786,302.3333,630.2572,0.0084,0.4,50.0
train,passive,3,256,80,14473.2928,80.0759,49.636,65.8853,14629.1155,302.3333,7.2994,11.2911,0.2662,50.0
train,passive,2,384,70,13403.5393,69.9889,62.5978,48.044,14318.0978,302.3333,0.0,1.9685,0.3983,50.0
train,passive,1,896,100,16633.369,100.0287,86.194,29.2414,17288.3439,302.3333,649.2693,0.0138,0.0,50.0
train,passive,3,512,65,12822.2156,65.01,45.031,34.2515,15930.5043,302.3333,16.6208,0.4722,0.4659,50.0
train,passive,2,640,75,13924.4915,74.9694,60.4498,30.0545,17123.1578,302.3333,14.6007,0.3657,0.3319,50.0
train,passive,4,384,25,8526.2187,25.0252,29.8047,50.7411,9193.7308,293.3339,0.0989,0.0529,0.9991,50.0
train,passive,3,640,50,11186.6777,49.9848,42.8209,32.4629,13779.4657,302.3333,4.9356,0.6718,0.6653,50.0
train,passive,2,256,85,15015.9803,84.931,65.8023,64.5,16329.9998,302.3333,0.0,1.6862,0.1995,50.0
train,passive,3,512,30,9010.8507,30.0155,39.8169,33.0374,8482.9333,287.0968,0.0,0.9302,0.9317,50.0
train,passive,4,256,60,12331.5007,59.9797,33.2238,67.4196,12105.9466,302.3333,30.9739,0.0066,0.5333,50.0
train,passive,4,256,60,12334.1064,59.9934,33.2336,67.622,11807.4092,297.6974,18.5085,0.0066,0.5333,50.0
train,passive,2,1024,25,8449.7556,24.9757,53.3641,28.9394,8482.9333,301.8494,0.0,0.0,1.0,50.0
train,passive,2,512,40,10118.2501,40.0535,58.2364,31.1155,12728.8734,302.3333,0.0,1.143,0.7953,50.0
train,passive,4,256,95,16089.8232,94.9577,33.3241,67.1823,14016.111,272.9097,0.0,0.0132,0.0667,50.0
train,passive,1,512,80,14467.4284,79.9981,83.9085,32.7251,18432.6902,301.7461,361.85,0.0099,0.2667,50.0
train,passive,3,896,60,12277.7891,59.954,45.4587,30.6969,16276.0858,302.3333,24.398,0.5456,0.5318,50.0
train,passive,4,1024,25,8468.4889,24.9993,28.7278,30.7607,8509.2667,297.4889,0.0,0.0908,0.9992,50.0
train,passive,2,256,99999,19134.422,128.1969,73.241,66.609,25374.3556,302.3333,29.0236,0.0015,0.0,50.0
train,passive,1,768,40,10129.0899,39.9571,78.0158,29.4432,11642.0707,295.0946,553.945,0.0028,0.8,50.0
train,passive,3,768,65,12819.6545,64.9689,45.982,32.1725,16213.3378,302.3333,33.4536,0.4768,0.4655,50.0
train,passive,3,640,80,14461.5905,80.0054,46.5596,34.0083,17374.7009,283.2217,0.0,0.2772,0.2661,50.0
train,passive,4,896,95,16088.2212,94.9708,33.9263,31.5455,17675.6185,302.3333,21.9246,0.0195,0.0666,50.0
train,passive,2,896,30,9004.384,30.0028,54.3519,29.5734,8748.6083,287.9551,0.0,0.3335,0.932,50.0
train,passive,1,512,85,15006.4502,84.9753,84.0753,32.148,21796.7519,302.3333,333.3026,0.0108,0.2,50.0
train,passive,1,384,90,15549.9975,90.0947,87.9574,48.3632,16714.8965,302.3333,1599.4376,0.012,0.1333,50.0
validation,passive,2,512,25,8555.6222,25.0049,55.3333,30.8721,11396.5556,301.7111,0.0,2.0441,0.9975,50.0
train,passive,4,1024,35,9556.0243,34.9926,30.2904,30.7722,9872.4543,302.3333,22.5323,0.0806,0.866,50.0
train,passive,3,640,75,13915.5963,75.0029,46.234,33.8724,17789.7265,302.3333,0.0,0.343,0.3326,50.0
train,passive,4,1024,90,15547.33,89.9614,33.3819,31.022,16506.1284,302.3333,0.0,0.0244,0.1332,50.0
train,passive,3,768,99999,18975.3773,126.9732,48.5524,32.3229,16241.9077,261.7146,0.0,0.0016,0.0,50.0
train,passive,3,768,45,10646.3365,45.01,43.1525,31.8147,11753.6717,284.8426,9.4496,0.7412,0.7315,50.0
train,passive,1,384,85,15013.7129,85.1122,87.1141,48.7526,14895.2178,286.0983,1511.7799,0.0111,0.2,50.0
train,passive,2,384,75,13941.8028,74.9808,62.523,47.9739,13621.3093,291.1077,0.0,1.6427,0.3319,50.0
train,passive,3,768,85,14996.6186,84.9393,48.3225,32.6416,20020.9252,302.3333,39.1719,0.2125,0.1995,50.0
train,passive,4,896,95,16093.3708,94.9906,33.6589,31.8702,17625.8768,302.3333,0.0,0.0195,0.0666,50.0
test,passive,1,256,100,16621.4889,99.9476,87.2667,65.8032,20091.3333,297.7778,2218.5111,0.0143,0.0,50.0
train,passive,4,768,100,16630.2831,99.9795,34.0854,31.8983,19480.0184,302.3333,36.3655,0.0141,0.0,50.0
train,passive,4,256,25,8583.4469,25.0327,31.8147,67.9398,8702.3981,302.3333,17.5565,0.0,1.0,50.0
train,passive,4,256,85,15016.076,84.9516,33.3522,66.8917,15635.893,300.0807,0.0,0.0114,0.2,50.0
train,passive,4,256,50,11266.4723,50.0121,32.0474,67.8294,10881.9189,300.0311,0.0,0.0047,0.6667,50.0
train,passive,2,1024,85,14982.3589,84.9271,61.353,30.447,15063.8251,302.3333,136.9017,0.0114,0.2,50.0
train,passive,2,512,25,8484.6156,25.0596,55.6969,30.6424,10080.0013,285.7874,0.0,1.4252,0.9941,50.0
train,passive,3,896,85,15003.5817,84.9139,46.5221,31.3131,18984.4067,289.5914,0.0,0.2135,0.1994,50.0
train,passive,2,512,85,15024.7065,84.9766,61.4726,30.2958,17166.139,302.3333,0.0,0.2963,0.1988,50.0
train,passive,4,896,40,10098.8402,39.9853,30.0654,31.2723,12328.7219,302.3333,8.1507,0.0785,0.7992,50.0
train,passive,4,512,99999,18972.4937,126.9767,38.3564,33.2387,25374.3556,302.3333,0.0,0.0015,0.0,50.0
train,passive,1,768,50,11211.8934,49.9741,80.0792,29.8701,13716.3636,302.3333,548.58,0.0046,0.6667,50.0
train,passive,3,640,30,9012.5312,30.0178,40.7429,32.0299,10267.4879,293.8934,0.0,0.9348,0.9314,50.0
train,passive,2,640,60,12292.0671,60.0012,59.4964,30.1641,14297.564,302.3333,20.6688,0.5767,0.531,50.0
train,passive,2,1024,99999,18941.6777,126.6946,56.8394,28.1879,12988.0936,213.905,52.6111,0.0016,0.0,50.0
train,passive,1,768,85,15007.7184,85.0014,83.1947,30.1403,16906.9679,294.8357,513.9412,0.011,0.2,50.0
train,passive,4,1024,100,16640.0153,99.9804,34.7436,31.5003,16804.5695,302.3333,0.0,0.0142,0.0,50.0
train,passive,4,512,25,8457.7122,24.9709,27.9389,33.1145,11248.2619,302.3333,0.0,0.1058,0.9983,50.0
train,passive,1,512,80,14467.1109,79.9783,83.7822,32.0772,20213.0541,302.3333,363.1307,0.0099,0.2667,50.0
train,passive,4,896,99999,18980.9282,126.9897,37.6206,31.6307,20824.3859,302.3333,18.4596,0.0016,0.0,50.0
train,passive,2,768,90,15551.0892,89.9593,61.7565,30.5853,15681.1553,292.6928,62.9782,0.1073,0.1329,50.0
train,passive,2,256,55,11811.7218,54.959,61.2128,65.3935,11123.6741,293.6725,0.0,5.0308,0.5985,50.0
train,passive,2,768,90,15551.2744,89.9565,61.8035,30.4737,16453.1162,296.0241,59.4574,0.1073,0.1329,50.0
train,passive,2,1024,55,11718.1985,54.972,57.5381,30.0466,11199.6966,295.1818,57.5671,0.0057,0.6,50.0
train,passive,4,512,80,14451.4654,79.9838,30.2433,32.4299,19630.54,302.3333,0.0,0.0386,0.2662,50.0
train,passive,2,512,45,10665.3105,45.0356,58.0523,30.5195,12335.9551,297.3427,0.2913,1.0489,0.729,50.0
train,passive,1,384,95,16094.3258,95.1082,88.8202,48.2521,17325.4529,302.3333,1670.0453,0.0129,0.0667,50.0
train,passive,4,768,85,15004.9712,85.0115,32.1292,32.2549,16166.023,277.2206,0.0,0.0309,0.1997,50.0
train,passive,3,256,35,9578.772,35.0151,39.7362,67.6442,9832.3264,302.3333,5.3097,36.6645,0.8576,50.0
train,passive,3,512,65,12825.0612,65.0096,44.6837,34.057,17052.2589,302.3333,0.0,0.4722,0.4659,50.0
train,passive,1,1024,99999,19006.0336,127.0921,94.3622,28.0342,16603.1963,213.8951,4198.2777,0.0015,0.0,50.0
train,passive,4,896,50,11185.2847,49.9796,30.8326,31.427,12410.9914,302.3333,23.3772,0.0678,0.666,50.0
train,passive,2,384,25,8540.9095,25.0157,58.0523,48.3878,10304.7432,302.3333,26.1654,4.9003,0.9958,50.0
train,passive,4,768,70,13365.2453,69.9819,30.9379,31.9545,16006.2114,302.3333,0.0,0.0478,0.3995,50.0
train,passive,2,384,30,9082.9485,30.0104,57.5732,48.2668,11224.8591,302.3333,0.0,4.5746,0.9294,50.0
train,passive,1,256,55,11742.2486,55.0809,86.9784,65.3014,12759.3934,302.3333,1780.1364,0.0057,0.6,50.0
train,passive,4,384,65,12848.4516,65.0064,31.1594,50.3684,13358.9339,279.2663,0.0,0.0322,0.4663,50.0
train,passive,1,512,85,15002.5058,84.977,84.5184,32.4634,19905.498,302.3333,362.632,0.0108,0.2,50.0
train,passive,3,768,90,15544.1355,89.9346,48.4885,32.6309,21691.7175,302.3333,19.1883,0.1464,0.133,50.0
train,passive,2,256,35,9673.1338,34.9903,59.1155,66.4901,8828.2411,292.4836,0.0,7.2606,0.8645,50.0
train,passive,3,512,30,9010.6616,30.0251,40.3912,33.3114,8701.4278,293.2769,0.0,0.9302,0.9317,50.0
train,passive,3,512,75,13916.9006,75.0149,46.0337,34.3926,17901.5077,302.3333,4.4655,0.3413,0.3328,50.0
train,passive,1,256,50,11199.5384,50.0764,86.9226,65.6476,11699.0046,302.3333,1638.7733,0.0047,0.6667,50.0
train,passive,3,640,55,11736.5528,54.989,43.4082,32.4103,16375.1371,302.3333,0.0,0.606,0.5987,50.0
train,passive,4,512,40,10097.9406,40.0133,28.8302,33.5921,12260.5234,287.1858,0.0,0.0874,0.7986,50.0
train,passive,3,896,65,12825.3848,64.9432,45.2914,30.5894,18794.2404,302.3333,0.0,0.4792,0.4653,50.0
train,passive,3,1024,80,14456.4174,79.8885,46.4204,30.0263,18425.7779,292.5731,5.8102,0.2813,0.2658,50.0
train,passive,3,768,95,16090.5951,94.9267,48.0024,32.7039,21854.1184,302.3333,0.0,0.0804,0.0665,50.0
train,passive,3,512,99999,18967.2258,126.9718,49.705,32.8405,18703.775,302.3333,28.5552,0.0016,0.0,50.0
train,passive,3,384,55,11747.0649,55.027,42.2525,50.3246,11220.9738,279.384,0.0,12.9953,0.5968,50.0
train,passive,4,512,95,16088.9497,95.0054,31.0966,32.4794,20467.7086,289.2278,0.0,0.0202,0.0666,50.0
train,passive,1,256,100,16649.161,100.231,90.7751,63.3102,13636.8056,302.3333,3133.0692,0.0142,0.0,50.0
train,passive,2,512,30,9027.6411,30.0439,57.1064,30.3701,13556.9309,302.3333,0.0,1.3311,0.9278,50.0
train,passive,1,1024,99999,19006.3083,127.0813,93.8123,27.9324,15907.7227,200.9792,4202.3344,0.0015,0.0,50.0
train,passive,1,896,75,13923.613,75.0115,82.2094,29.1333,14640.5847,296.2699,589.6642,0.0092,0.3333,50.0
train,passive,3,640,60,12281.0247,60.0009,44.2031,33.0188,15189.1696,295.5611,0.0,0.5403,0.5322,50.0
train,passive,2,896,80,14447.6708,79.9324,60.1859,30.056,14888.982,302.3333,87.0132,0.1055,0.2663,50.0
train,passive,3,640,65,12825.4619,64.9891,44.7144,32.9507,17050.7012,302.3333,0.0,0.4745,0.4657,50.0
train,passive,4,1024,35,9560.1305,34.9985,28.5732,30.8324,8482.9333,278.3952,0.0,0.0806,0.866,50.0
train,passive,2,640,25,8475.3933,25.0468,56.2159,30.3378,10746.9334,302.3333,0.3995,1.0689,0.9956,50.0
train,passive,2,640,70,13380.8874,69.9921,59.6518,30.5274,13730.4094,295.45,17.7188,0.4361,0.3982,50.0
train,passive,2,640,100,16653.1163,99.9517,61.1714,30.4346,14786.7614,276.3808,26.315,0.0142,0.0,50.0
train,passive,2,768,70,13368.4186,69.9679,60.0977,30.2004,14801.8852,302.3333,55.4818,0.2936,0.3988,50.0
train,passive,4,896,100,16640.5983,99.9883,34.1154,31.5217,17849.5456,302.3333,4.0484,0.0141,0.0,50.0
train,passive,1,384,40,10132.4879,40.0315,83.8123,48.8804,11239.0253,285.9811,947.4808,0.0027,0.8,50.0
train,passive,1,896,65,12836.7795,65.0058,81.0091,29.4954,14696.966,302.3333,559.4319,0.0074,0.4667,50.0
train,passive,4,256,25,8586.4444,25.0373,31.3,67.9131,8572.9556,301.4222,0.0,0.0,1.0,50.0
train,passive,3,768,40,10105.4052,40.0011,40.6203,31.1976,10010.2257,270.0877,0.0,0.8073,0.798,50.0
train,passive,2,256,25,8601.1395,24.9691,57.171,66.1957,8563.3066,302.3333,0.0,8.3755,0.9975,50.0
train,passive,1,256,90,15565.1275,90.2218,89.766,63.9891,11827.8692,286.5367,2830.0947,0.0123,0.1333,50.0
train,passive,3,512,95,16095.264,95.0117,48.4709,35.1126,22839.3722,302.3333,0.0,0.0796,0.0666,50.0
train,passive,2,768,70,13366.6295,69.9595,59.3221,30.247,14313.7118,302.3333,41.1872,0.2936,0.3988,50.0
train,passive,4,512,95,16091.7596,95.0061,30.2579,32.373,19421.3214,273.5225,0.0,0.0202,0.0666,50.0
train,passive,3,1024,45,10649.6417,44.9952,43.7656,29.8676,13901.4815,302.3333,0.0,0.7485,0.7309,50.0
train,passive,1,768,90,15549.0974,90.0009,84.4128,30.0181,19874.2349,302.3333,506.6568,0.0119,0.1333,50.0
train,passive,2,896,70,13360.7215,69.9651,59.6199,30.3807,13743.8637,302.3333,66.5563,0.1511,0.3994,50.0
train,passive,4,512,55,11729.5948,54.9852,29.2978,32.6907,15898.2178,302.3333,0.8144,0.0691,0.599,50.0
train,passive,4,512,85,14997.469,84.9864,30.4309,32.2887,20051.5403,302.3333,0.0,0.0325,0.1997,50.0
train,passive,3,896,25,8473.0749,25.0126,39.324,29.5826,9001.7211,276.9233,0.0,1.0106,0.9971,50.0
train,passive,3,768,50,11192.4144,49.9897,42.7503,31.5505,13093.5886,289.2704,0.0,0.6751,0.665,50.0
train,passive,4,256,30,9115.558,30.0204,32.627,67.9007,9397.1022,302.3333,38.7807,0.0009,0.9333,50.0
train,passive,4,512,75,13909.365,74.9895,30.3308,32.3963,18805.7767,302.3333,1.6643,0.0447,0.3328,50.0
train,passive,1,768,65,12838.2438,64.9783,81.6748,29.722,16630.7812,302.3333,532.9417,0.0073,0.4667,50.0
train,passive,4,512,99999,18972.7222,126.9864,38.4725,33.5562,25374.3556,302.3333,0.0,0.0015,0.0,50.0
train,passive,2,1024,65,12808.5328,64.965,58.3146,30.2237,11117.8369,277.9278,79.2419,0.0076,0.4667,50.0
train,passive,3,384,99999,18973.1734,126.9854,51.3264,49.1708,21327.9539,290.6648,0.0,0.0015,0.0,50.0
train,passive,3,1024,85,14997.4663,84.8753,48.0154,30.2024,20462.6139,302.3333,20.5565,0.2145,0.1993,50.0
train,passive,1,896,25,8493.0772,24.9291,74.4674,28.3432,13354.3149,302.3333,486.0105,0.0,1.0,50.0
train,passive,1,512,100,16626.5421,99.9903,85.2678,32.9343,21895.1298,302.3333,273.3425,0.0135,0.0,50.0
train,passive,4,768,25,8467.3811,24.9951,27.9389,32.037,8563.9922,283.5216,0.0,0.0983,0.9988,50.0
train,passive,2,768,50,11189.0304,49.9902,57.4248,30.0806,11883.4258,299.5194,24.3864,0.4798,0.6647,50.0
test,passive,4,512,25,8417.6889,24.984,24.2167,32.6204,8413.4444,301.7778,0.0,0.0,1.0,50.0
train,passive,3,256,95,16109.5988,95.1109,52.7403,65.4201,15700.0583,297.4463,0.0,2.8334,0.069,50.0
train,passive,2,1024,100,16620.7635,99.9074,61.1296,30.448,14700.4769,277.3489,146.7531,0.0143,0.0,50.0
train,passive,2,256,80,14484.7567,79.9499,65.6493,64.7982,14754.4521,302.3333,3.3139,2.2436,0.266,50.0
train,passive,2,512,65,12845.3957,65.0158,60.1581,30.6632,14327.6273,302.3333,0.2559,0.6726,0.4639,50.0
train,passive,2,384,45,10703.7354,45.0035,59.4617,48.1131,13126.3737,299.5612,0.0,3.5973,0.7303,50.0
train,passive,1,1024,75,13920.8855,75.0215,81.6287,28.3283,13425.1387,291.202,649.3126,0.0093,0.3333,50.0
train,passive,4,1024,60,12283.0778,59.9928,31.5283,31.0238,13141.2625,295.0434,0.0,0.055,0.5329,50.0
train,passive,2,640,40,10112.5548,40.0545,57.4381,30.9639,9847.5629,275.5561,1.3399,0.8579,0.7965,50.0
train,passive,3,384,85,15012.668,85.0471,48.1482,50.2158,16655.7402,294.3459,0.0,4.3412,0.2,50.0
train,passive,4,896,90,15551.4589,89.981,31.4357,31.4563,14896.6189,275.7177,0.0,0.0249,0.1332,50.0
train,passive,2,640,55,11745.975,55.0036,58.8307,30.1386,15131.7222,302.3333,3.572,0.647,0.5973,50.0
train,passive,4,512,99999,18971.5778,126.9662,38.0,32.9462,25374.3556,301.8444,0.0,0.0015,0.0,50.0
train,passive,4,1024,100,16642.7967,99.9786,35.0679,31.1155,16986.7983,302.3333,8.0796,0.0142,0.0,50.0
train,passive,3,384,30,9021.2834,30.0158,39.4149,50.7301,9151.2666,301.856,0.0,20.207,0.9275,50.0
train,passive,3,512,25,8460.5134,24.9897,39.0895,32.5392,8780.147,302.3333,0.0,0.9956,0.9983,50.0
train,passive,1,640,60,12305.0208,59.9855,81.0138,30.8202,14436.9524,294.1174,490.2937,0.0064,0.5333,50.0
train,passive,1,1024,70,13373.6853,69.9998,81.0011,28.1339,13697.9603,300.6941,645.0429,0.0083,0.4,50.0
train,passive,1,896,90,15553.4061,90.0219,82.8212,29.0915,14301.6378,272.3037,603.0515,0.012,0.1333,50.0
train,passive,1,1024,85,15005.753,85.0148,83.1431,27.9324,15080.2288,302.3333,691.9081,0.0111,0.2,50.0
train,passive,4,768,100,16637.7254,100.0007,33.0685,32.0962,18518.1165,289.7476,0.0,0.0141,0.0,50.0
train,passive,4,256,80,14481.9952,79.9851,33.4123,67.5744,12777.1016,278.07,0.0,0.0104,0.2667,50.0
train,passive,4,768,25,8464.0085,24.9842,28.2228,31.8153,10918.3832,302.3333,0.0,0.0983,0.9988,50.0
train,passive,4,896,95,16086.673,94.9757,34.5647,31.7196,17377.8547,302.3333,38.8379,0.0195,0.0666,50.0
train,passive,1,512,75,13927.042,74.9917,83.5578,32.3536,17210.9116,292.7135,398.9037,0.009,0.3333,50.0
train,passive,2,384,80,14483.0395,79.9793,63.6516,47.9137,15182.0396,302.3333,0.0,1.317,0.2655,50.0
train,passive,4,512,80,14454.6389,79.993,30.6289,32.3613,20263.2253,302.3333,0.0,0.0386,0.2662,50.0
train,passive,1,512,70,13388.6064,69.9799,82.6021,31.8563,16996.8797,295.3048,413.941,0.0081,0.4,50.0
train,passive,4,768,95,16094.085,94.9877,32.5245,31.6296,18433.6059,299.1002,0.3436,0.0198,0.0666,50.0
train,passive,3,384,90,15554.9904,90.0384,49.4188,49.9461,19679.2678,302.3333,0.0,2.8989,0.1339,50.0
train,passive,3,896,40,10103.3854,40.0015,42.794,30.509,13098.4716,302.3333,0.0,0.8113,0.7977,50.0
train,passive,3,896,80,14458.0015,79.9319,46.5146,31.48,18001.6667,288.9685,0.0,0.2799,0.2659,50.0
train,passive,1,384,100,16640.4168,100.1142,87.8164,48.0242,18621.6812,300.9566,1691.5462,0.0139,0.0,50.0
train,passive,1,256,80,14474.2587,80.1853,89.1364,64.3448,12573.5126,292.9558,2527.6773,0.0104,0.2667,50.0
train,passive,1,768,45,10669.1315,44.9471,78.2544,29.2879,13320.1483,302.3333,535.1885,0.0037,0.7333,50.0
train,passive,1,896,70,13380.9438,69.9996,80.297,29.1319,13532.2579,288.0894,565.0392,0.0083,0.4,50.0
train,passive,3,384,100,16648.6378,100.0599,50.9507,49.9976,20351.5084,297.0938,0.0,0.0142,0.0016,50.0
train,passive,1,1024,25,8479.372,24.9235,72.308,28.0581,11626.9376,302.0772,444.1529,0.0,1.0,50.0
train,passive,4,512,40,10094.9216,39.9997,29.2353,33.4661,13845.3238,302.3333,0.0,0.0875,0.7986,50.0
train,passive,3,640,95,16094.7082,94.9916,48.6297,34.5293,21594.5711,302.3333,0.0,0.08,0.0665,50.0
train,passive,2,256,40,10202.5524,39.9449,58.5619,65.5992,10026.3522,302.3333,0.0,6.7032,0.798,50.0
train,passive,2,256,75,13943.4314,74.9246,63.8693,64.734,14287.4861,302.3333,0.0,2.8011,0.3325,50.0
train,passive,2,1024,40,10085.2435,39.9877,55.6627,29.6281,9074.1284,285.7458,29.7642,0.0028,0.8,50.0
train,passive,3,768,65,12827.0581,64.9644,44.0759,31.6902,16663.8814,291.2663,0.0,0.4769,0.4655,50.0
train,passive,2,384,65,12861.9214,64.9779,61.59,47.7513,13768.2344,302.3333,3.0698,2.2943,0.4647,50.0
train,passive,2,512,75,13937.0011,74.9916,59.7964,30.2788,15060.0042,289.8948,0.0,0.4845,0.3314,50.0
train,passive,2,384,60,12323.6416,59.9872,60.026,47.9878,11920.6934,286.6859,0.0,2.6201,0.5311,50.0
train,passive,3,768,95,16090.4543,94.935,48.9742,32.8348,21601.3007,302.3333,20.3239,0.0803,0.0665,50.0
train,passive,1,512,50,11230.7571,49.9788,82.1352,31.1338,16102.2429,302.3333,508.4227,0.0045,0.6667,50.0
train,passive,1,896,45,10665.9593,44.956,76.6239,28.5358,13023.9488,293.8176,520.5218,0.0037,0.7333,50.0
train,passive,3,640,30,9008.1552,30.0063,41.1774,32.0092,10205.3454,302.3333,16.0096,0.9348,0.9314,50.0
train,passive,2,768,50,11191.5187,49.9925,56.92,30.0096,11021.7629,286.0806,24.2319,0.4798,0.6647,50.0
train,passive,1,640,65,12845.2508,64.9791,80.9145,30.7116,14306.0275,283.0324,482.7975,0.0073,0.4667,50.0
train,passive,2,640,95,16107.3163,94.9567,61.0362,30.3996,14781.5764,280.9901,27.8471,0.0845,0.0664,50.0
train,passive,1,256,85,15018.7615,85.1978,88.996,64.1216,11574.0447,287.0926,2678.1401,0.0114,0.2,50.0
train,passive,4,512,90,15543.423,89.9995,31.1201,32.5096,20953.1263,302.3333,0.0,0.0263,0.1331,50.0
train,passive,4,896,99999,18983.7624,127.0019,37.4393,31.884,20885.7549,302.3333,0.0,0.0016,0.0,50.0
train,passive,1,256,45,10656.7364,45.0666,85.9126,65.9549,10958.4879,289.504,1478.4846,0.0038,0.7333,50.0
train,passive,2,256,45,10741.725,44.9817,60.8465,66.2599,11102.6923,302.3333,0.0,6.1457,0.7315,50.0
train,passive,2,512,25,8483.9086,25.0515,56.4571,30.3293,13073.0676,302.3333,0.0,1.4252,0.9941,50.0
train,passive,4,384,99999,18998.5027,127.2117,38.1048,49.9242,22987.6874,298.8401,0.0,0.0015,0.0,50.0
train,passive,3,640,90,15550.0452,89.979,47.8064,33.7901,21249.3696,302.3333,0.0,0.1457,0.1331,50.0
train,passive,1,768,80,14463.6035,79.9909,82.8586,30.0355,16981.7911,302.3333,519.4676,0.0101,0.2667,50.0
train,passive,4,512,45,10641.1615,44.9996,29.2436,33.2742,14988.492,302.3333,0.0,0.0813,0.7321,50.0
train,passive,4,640,45,10641.1495,44.983,29.0863,32.332,13874.2595,302.3333,0.0,0.0786,0.7323,50.0
train,passive,4,256,75,13945.5274,74.9697,32.4055,67.1926,12970.1779,288.9211,0.0,0.0095,0.3333,50.0
train,passive,4,512,70,13366.6617,70.013,30.1044,33.0012,16428.6051,282.2542,0.0,0.0508,0.3993,50.0
train,passive,1,256,30,9016.1623,30.0021,84.8472,66.5607,11280.8678,302.3333,1033.3805,0.001,0.9333,50.0
train,passive,4,512,45,10642.5977,44.9916,27.9883,32.9527,12889.0114,283.6408,0.0,0.0814,0.7321,50.0
train,passive,2,512,45,10665.2192,45.0342,58.5942,30.4115,13779.6099,302.3333,0.137,1.0489,0.729,50.0
train,passive,1,256,55,11746.27,55.1052,87.6355,65.6693,12342.5728,302.3333,1781.8074,0.0057,0.6,50.0
train,passive,2,896,25,8458.4365,25.0063,54.7117,29.4275,10353.0985,302.3333,0.0,0.3563,0.9985,50.0
train,passive,3,1024,99999,18978.0667,127.0002,50.163,32.3814,12660.9556,201.3333,21.7,0.0014,0.0,50.0
train,passive,2,384,25,8545.0491,25.0239,56.1699,48.5361,8482.9333,278.6685,0.0,4.9004,0.9958,50.0
train,passive,3,512,95,16096.346,95.0264,48.3418,35.5322,21045.0299,298.5316,0.0,0.0796,0.0666,50.0
train,passive,1,768,99999,19010.4848,127.1602,94.8000,29.5585,14216.4927,206.5352,3323.0603,0.0015,0.0,50.0
train,passive,2,640,35,9561.3236,35.0256,57.4104,30.3447,11532.6922,302.3333,24.6419,0.9283,0.8628,50.0
train,passive,4,512,65,12820.5602,65.0032,29.9907,32.9586,16850.4602,299.4848,0.0,0.0569,0.4659,50.0
train,passive,3,768,40,10105.5113,40.0031,42.7661,30.9948,12711.0672,302.3333,8.0292,0.8073,0.798,50.0
train,passive,1,896,60,12287.4341,59.9711,80.6839,28.8799,14917.4834,302.3333,589.67,0.0064,0.5333,50.0
train,passive,1,640,30,9060.7254,29.9748,79.1275,30.1525,11587.3349,302.3333,576.9206,0.0009,0.9333,50.0
train,passive,2,896,35,9547.1894,35.0027,55.9407,29.8783,10342.7256,302.3333,13.9274,0.3107,0.8654,50.0
train,passive,2,1024,45,10630.0432,44.9786,56.2916,29.5749,10947.6478,289.483,32.2272,0.0038,0.7333,50.0
train,passive,3,512,40,10099.0754,40.0102,41.8204,33.2726,11368.2806,302.3333,9.1199,0.7993,0.7986,50.0
train,passive,3,640,55,11738.3099,54.9953,42.4083,32.585,12936.026,282.6253,0.0,0.6061,0.5987,50.0
train,passive,1,640,70,13385.5974,70.0017,82.7453,31.4047,16214.0619,302.3333,464.6229,0.0082,0.4,50.0
train,passive,3,256,65,12845.0849,65.0834,46.2292,67.0245,11109.024,277.6183,0.0,19.7489,0.4633,50.0
train,passive,3,256,60,12301.3158,60.0626,45.4313,66.7702,11950.3982,299.7274,4.4527,22.5681,0.529,50.0
train,passive,2,384,85,15021.6185,84.9717,63.9622,47.8765,15479.1776,302.3333,0.0,0.9912,0.1992,50.0
train,passive,1,512,35,9605.5311,34.9701,82.1865,30.7911,12477.9288,302.3333,631.2337,0.0018,0.8667,50.0
train,passive,3,1024,85,15003.0879,84.8863,47.6243,30.1344,19999.9131,302.3333,3.3218,0.2145,0.1993,50.0
train,passive,3,1024,30,9014.3265,30.0107,42.3158,29.0974,12187.2594,302.3333,7.5351,0.9488,0.9303,50.0
train,passive,3,384,75,13925.9784,75.0465,45.8814,50.3078,14013.7834,277.0732,0.0,7.2259,0.3323,50.0
train,passive,4,512,35,9544.9634,34.9649,28.1923,32.8937,13207.8568,302.3333,9.0863,0.0936,0.8652,50.0
train,passive,3,896,85,15004.0756,84.9166,47.5609,31.2255,20387.5984,302.3333,2.1009,0.2135,0.1994,50.0
train,passive,3,256,55,11755.2084,55.0518,43.9886,67.0705,11792.8785,293.7158,0.0,25.3874,0.5947,50.0
train,passive,1,384,85,15014.9021,85.1022,87.4558,48.3076,15969.9734,302.3333,1520.501,0.011,0.2,50.0
train,passive,1,896,45,10664.305,44.9681,77.5735,28.996,12969.2544,302.3333,528.6936,0.0037,0.7333,50.0
train,passive,4,640,55,11735.515,54.9954,30.3736,32.1203,15078.3442,302.3333,8.1342,0.0668,0.5991,50.0
train,passive,2,256,60,12347.9369,59.9708,62.8387,65.44,11753.8173,297.7267,3.3955,4.4733,0.532,50.0
train,passive,4,256,35,9654.0823,35.0098,31.6565,67.6508,9888.1885,302.3333,8.3944,0.0019,0.8667,50.0
train,passive,3,384,45,10657.943,45.0385,41.3961,50.7759,9350.1939,273.1061,0.0,15.8799,0.7291,50.0
train,passive,3,512,85,15006.1738,85.0123,46.9004,34.7595,20494.4438,302.3333,0.0,0.2105,0.1997,50.0
train,passive,2,896,65,12818.0784,64.9817,58.9351,30.3865,12188.3533,281.954,56.7614,0.1738,0.466,50.0
train,passive,3,512,40,10102.7781,40.0067,39.7053,33.1177,9128.055,272.6614,0.0,0.7994,0.7986,50.0
train,passive,4,256,35,9654.3795,35.0135,32.4333,67.6268,11090.0301,302.3333,16.8111,0.0019,0.8667,50.0
train,passive,1,640,100,16625.6348,99.9989,85.5905,31.8321,20306.9862,302.3333,403.6903,0.0136,0.0,50.0
train,passive,3,256,40,10120.2501,40.0111,40.4414,67.3617,10459.7357,302.3333,2.1894,33.8452,0.7919,50.0
train,passive,4,256,100,16622.2009,99.9402,33.8791,67.021,15641.8421,289.8997,0.0,0.0142,0.0,50.0
train,passive,3,640,100,16634.15,99.953,48.3464,34.0077,22548.4722,302.3333,1.0487,0.0143,0.0,50.0
train,passive,1,896,65,12838.0564,64.9969,80.751,28.9769,14017.8922,300.367,573.1271,0.0073,0.4667,50.0
train,passive,4,384,100,16625.195,99.9573,32.5741,49.5548,19808.9707,302.3333,0.0,0.0142,0.0,50.0
train,passive,4,512,90,15545.9253,90.0054,30.4771,32.5956,19947.5099,294.4734,0.0,0.0263,0.1331,50.0
train,passive,1,768,35,9591.1981,34.9588,77.887,29.1869,12951.8439,302.3333,540.7355,0.0018,0.8667,50.0
train,passive,1,256,90,15562.9418,90.2227,91.0853,64.029,13037.4299,302.3333,2848.8524,0.0123,0.1333,50.0
train,passive,2,512,60,12297.5228,60.0111,59.3388,30.6065,14000.5319,302.3333,0.0,0.7667,0.5302,50.0
train,passive,2,768,85,15002.8339,84.9517,61.589,30.3828,15856.1363,302.3333,73.5356,0.1539,0.1994,50.0
train,passive,3,384,35,9566.593,35.0247,40.2567,50.7888,9401.9446,294.9585,0.0,18.7646,0.8614,50.0
train,passive,2,512,80,14475.0982,79.9852,61.9494,30.6174,15452.4702,302.3333,29.2788,0.3904,0.2651,50.0
train,passive,4,896,40,10101.4175,39.9954,29.7911,31.4703,12056.5299,302.3333,0.0,0.0785,0.7992,50.0
train,passive,2,768,30,9011.7977,30.029,55.6479,30.1572,9299.1381,286.8789,2.5061,0.666,0.9306,50.0
train,passive,1,896,85,15004.053,85.0014,83.1846,29.0799,16403.0639,302.3333,600.4803,0.0111,0.2,50.0
train,passive,3,512,45,10639.6042,44.9852,41.3445,33.1814,12540.8745,302.3333,0.0,0.7339,0.7321,50.0
train,passive,2,1024,95,16069.3932,94.9102,62.7501,30.5517,16142.9892,302.3333,171.7719,0.0133,0.0667,50.0
train,passive,4,1024,65,12827.1599,64.9894,31.8662,31.0803,13318.9496,296.5893,0.0,0.0499,0.4663,50.0
train,passive,3,256,75,13929.6842,75.0618,47.6445,65.9483,13570.289,299.3051,0.0,14.1104,0.3319,50.0
train,passive,3,768,95,16089.5592,94.9367,48.898,33.0012,21562.3752,302.3333,16.0537,0.0803,0.0665,50.0
train,passive,3,1024,45,10644.4463,44.9706,44.1067,29.3912,14409.9789,302.3333,21.4305,0.7485,0.7309,50.0
train,passive,4,512,55,11731.815,55.0146,29.7487,33.4581,15205.6626,300.1785,0.0,0.0691,0.599,50.0
train,passive,4,384,40,10148.1825,40.0072,30.8162,50.1306,12200.1006,302.3333,7.6566,0.0451,0.7993,50.0
train,passive,2,512,70,13391.8844,70.023,60.1448,30.9384,12902.4524,278.8063,0.0,0.5785,0.3976,50.0
train,passive,3,640,85,15003.0674,84.9699,46.2396,33.5667,19167.4919,297.9202,0.0,0.2115,0.1996,50.0
train,passive,1,512,55,11767.7773,54.9782,82.9524,31.3667,15348.6982,302.3333,514.7538,0.0054,0.6,50.0
train,passive,1,384,40,10127.8365,40.0082,83.5227,48.6862,12349.433,302.3333,945.3619,0.0028,0.8,50.0
train,passive,3,512,75,13915.2883,75.0238,45.9594,34.7916,16939.8127,292.2997,4.1909,0.3413,0.3328,50.0
train,passive,4,896,25,8466.2911,25.0055,28.7938,31.801,9600.1612,302.3333,0.0,0.0946,0.999,50.0
train,passive,2,512,95,16115.1376,94.9687,62.2542,30.417,16482.3599,302.3333,1.253,0.1082,0.0663,50.0
