data_split,vnf_profile,vCPU_cores,VNF_memory_MB,Link_Capacity_limit_Mbps,offered_load_pps,offered_load_mbps,VNF_cpu_utilization_pct,VNF_memory_utilization_pct,vfw_forwarded_packets_per_sec,vfw_dropped_packets_per_sec,MQTT_package_latency_p99_ms,MQTT_package_loss_pct,MQTT_devices_connected
train,vfw,2,768,100,16636.3685,99.9769,17.0401,25.8948,7385.6989,11107.72,0.0142,0.0,50.0
train,vfw,2,512,85,15020.8592,84.9432,20.1694,24.9137,5739.1407,10332.8721,0.0113,0.2,50.0
train,vfw,4,768,70,13337.9099,70.0243,9.2487,27.9827,4264.4023,9143.6505,0.1573,0.4007,50.0
train,vfw,2,384,30,8991.8997,29.9864,12.8391,38.5527,939.8211,8866.4387,0.0439,0.9329,50.0
train,vfw,2,768,99999,18972.2582,126.9952,30.2349,25.4947,9181.048,11415.3778,0.0015,0.0,50.0
train,vfw,3,1024,35,9594.5767,34.9949,9.1177,25.4728,1307.856,7782.3322,0.5313,0.866,50.0
train,vfw,3,512,95,16067.0044,95.0044,13.0811,25.5001,6858.6199,10832.3494,0.0133,0.0667,50.0
train,vfw,3,768,65,12834.7718,64.9959,9.8838,25.459,3401.9097,9247.2225,0.0761,0.4665,50.0
train,vfw,1,640,99999,18984.9942,126.9471,55.8268,23.1291,9433.0355,10500.4212,0.0013,0.0,50.0
train,vfw,2,640,85,15014.4416,84.9518,19.9427,25.2408,6355.1684,10873.1424,0.0163,0.2,50.0
train,vfw,1,896,60,12286.4473,59.9699,29.4184,24.3758,4099.061,10274.6351,0.0417,0.533,50.0
train,vfw,3,640,50,11228.83,50.0023,10.4811,25.398,3031.5485,9613.7289,0.1084,0.6665,50.0
train,vfw,2,896,65,12844.8442,64.9893,17.2005,25.4084,3572.2981,9429.0906,0.0423,0.4664,50.0
train,vfw,3,512,45,10691.6538,44.9989,8.7102,24.898,2407.4245,9460.4912,0.0038,0.7333,50.0
train,vfw,2,1024,45,10695.3521,45.0025,14.0849,25.6757,2735.0148,10028.7111,0.0767,0.7327,50.0
train,vfw,1,1024,75,13944.7931,74.9306,31.2662,24.3582,5456.6969,10762.6429,0.0387,0.3331,50.0
train,vfw,2,384,55,11721.8555,54.9862,16.9252,37.9844,3339.8918,9728.555,0.0332,0.5997,50.0
train,vfw,1,896,45,10637.319,44.9761,25.2556,23.7901,2518.6731,9559.3911,0.052,0.7329,50.0
train,vfw,4,384,45,10559.3846,44.9946,7.7704,41.2343,2520.42,8490.3689,0.0893,0.7327,50.0
train,vfw,1,256,65,12787.0816,64.847,43.9611,49.2458,3961.454,9713.3636,0.0483,0.4663,49.0
validation,vfw,1,256,99999,18964.1333,126.9025,40.5556,52.843,10019.6,11120.9556,0.0014,0.0,50.0
train,vfw,2,1024,30,9079.1407,30.0042,13.9228,25.7178,1116.6585,9491.3954,0.0937,0.9326,50.0
train,vfw,2,256,65,12790.4256,64.9986,19.7941,51.2427,4619.4178,10497.4527,0.0504,0.4662,50.0
train,vfw,2,512,30,9047.5675,29.9839,12.9391,24.519,1204.64,9151.9952,0.001,0.9333,50.0
train,vfw,4,896,35,9525.1425,35.0035,6.5027,27.5181,1707.2163,8638.7117,0.316,0.8663,49.0
train,vfw,2,640,90,15554.8387,89.9574,20.8674,25.1868,6292.1896,10855.0316,0.0156,0.1333,50.0
train,vfw,1,256,30,9014.3976,29.9929,34.9427,49.6052,1070.8461,8555.5063,0.2387,0.9326,48.0
train,vfw,2,384,100,16638.6071,99.9783,24.3476,37.0261,7607.0085,11340.6897,0.0142,0.0,50.0
train,vfw,4,896,85,14988.0058,85.0445,13.2627,27.8971,5949.7864,10467.9078,0.0838,0.2018,50.0
train,vfw,4,896,60,12258.0046,60.0301,10.0966,27.6251,3879.438,9705.3134,0.1999,0.5341,50.0
train,vfw,1,896,75,13930.2373,74.9585,31.7982,24.429,5376.6861,10499.1072,0.0314,0.3331,50.0
train,vfw,3,640,75,13925.0613,75.0118,10.5459,25.6896,5407.3217,10465.7094,0.0629,0.3333,50.0
train,vfw,2,768,30,9060.3921,29.9841,12.1031,24.8841,366.3,8290.9175,0.0473,0.933,50.0
train,vfw,1,768,75,13915.4175,74.9874,34.6901,24.4033,5029.6231,10283.2323,0.0242,0.3332,50.0
train,vfw,4,1024,60,12285.9749,60.039,8.013,27.869,4418.0312,10129.1584,0.2383,0.5344,49.0
train,vfw,1,256,40,10082.6424,39.9474,37.8193,49.6966,2420.5548,9375.5642,0.0726,0.7994,48.0
train,vfw,3,256,35,9557.5515,34.9617,9.8423,51.8886,1131.7399,6368.2755,0.0019,0.8667,50.0
train,vfw,1,384,80,14430.8594,79.9449,45.5791,36.8067,5966.0055,10901.3929,0.0221,0.2666,50.0
train,vfw,4,256,75,13889.0851,74.9877,7.2868,56.1731,5268.9547,10497.4546,0.0383,0.3331,50.0
train,vfw,3,256,45,10655.4134,44.9982,12.8453,52.0115,2506.6027,7507.3003,0.0289,0.7333,50.0
train,vfw,2,1024,100,16614.5207,99.9936,18.4795,26.0409,6684.3695,10318.1906,0.0141,0.0,50.0
train,vfw,3,768,80,14455.4591,79.9927,11.2407,25.8856,5735.4384,10719.6029,0.0363,0.2666,50.0
train,vfw,1,1024,80,14492.8538,79.9138,30.7728,24.2263,6354.135,10981.3526,0.0339,0.2665,50.0
train,vfw,1,512,55,11670.3331,55.0067,35.6036,24.3915,3684.0532,10188.1002,0.0049,0.6,50.0
train,vfw,4,384,55,11670.8434,54.9843,8.5326,41.4424,3129.1988,8342.1261,0.1889,0.5995,50.0
train,vfw,3,640,75,13919.0179,75.0083,10.8136,25.3663,5011.8338,10559.7345,0.0275,0.3333,50.0
train,vfw,3,512,40,10158.8991,40.002,7.7811,24.9209,2313.1487,9572.6203,0.0028,0.8,50.0
train,vfw,4,256,80,14437.2708,79.9914,9.5674,55.8009,5633.8741,10789.1484,0.0334,0.2665,50.0
train,vfw,3,256,55,11737.5235,54.999,11.9807,51.7607,3637.8174,8420.7678,0.0056,0.6,50.0
train,vfw,1,896,25,8442.5146,24.9773,20.7441,23.616,860.5513,8822.937,0.0657,0.9994,50.0
train,vfw,2,1024,90,15540.557,89.9883,17.4019,26.0876,6796.0136,10821.4827,0.0255,0.1332,50.0
train,vfw,1,512,95,16097.0082,95.0876,49.4956,25.427,7118.6845,11214.0835,0.0134,0.0667,50.0
train,vfw,2,384,65,12806.2,64.9577,20.0861,37.3746,3718.6988,9619.3911,0.0313,0.4665,50.0
train,vfw,4,896,99999,18969.4914,126.8964,12.7533,27.4378,9835.8207,10963.1597,0.0016,0.0,50.0
train,vfw,4,640,70,13316.4018,70.0322,9.1639,28.4099,4720.789,9698.5917,0.096,0.4002,50.0
train,vfw,2,384,75,13907.7016,74.965,20.8831,37.558,4803.8943,9975.9853,0.0248,0.3332,50.0
train,vfw,4,384,25,8358.3945,24.9923,5.1728,40.6246,798.3556,7557.0266,0.1167,0.9992,50.0
train,vfw,2,896,25,8525.4729,24.993,11.6991,25.2101,1074.9416,9773.0569,0.0098,0.9994,50.0
train,vfw,1,640,90,15555.6845,90.0328,44.1875,25.0966,7137.8867,11415.3778,0.0153,0.1333,50.0
train,vfw,4,256,75,13879.288,74.9742,9.0326,55.7643,5252.0166,10645.296,0.0367,0.3331,50.0
train,vfw,3,1024,99999,18952.7333,127.0061,14.6519,25.8396,10210.1333,11088.2444,0.0015,0.0,50.0
train,vfw,1,640,50,11149.67,49.994,32.8919,24.4517,3477.1366,10280.7921,0.0194,0.6665,50.0
train,vfw,2,512,40,10130.1581,39.969,14.2668,24.5693,2180.0358,9283.6163,0.0028,0.8,50.0
train,vfw,1,384,90,15524.144,89.9266,50.1466,37.0327,6500.6319,10900.0942,0.0182,0.1333,50.0
train,vfw,3,384,75,13900.0043,75.0019,12.562,38.1757,5467.322,10121.2138,0.0094,0.3333,50.0
train,vfw,1,256,70,13336.6462,69.8454,43.5306,49.0518,4103.3226,9509.6056,0.0435,0.3997,49.0
train,vfw,2,768,60,12310.1304,59.9938,15.5716,25.5959,3989.6455,10216.5546,0.0331,0.5331,50.0
train,vfw,1,1024,70,13392.3882,69.9218,28.4553,24.0934,5073.6491,10670.5124,0.0436,0.3997,50.0
train,vfw,4,768,30,8935.9865,29.9947,5.6283,27.3438,447.7736,7227.5806,0.2086,0.9327,50.0
train,vfw,2,1024,30,9074.1682,30.0011,12.5842,25.4664,956.1958,9291.2695,0.0483,0.9326,50.0
train,vfw,1,640,70,13352.1476,70.0168,38.5207,24.7519,5029.2609,10616.8347,0.0173,0.3999,50.0
train,vfw,2,256,100,16639.5776,100.0089,26.1239,49.369,7584.7192,11267.7792,0.0141,0.0,50.0
train,vfw,3,1024,70,13397.1803,69.9948,10.6426,26.3164,4176.2017,9110.2901,0.3817,0.3997,50.0
train,vfw,4,1024,100,16646.7083,100.1057,10.6127,28.3351,7878.7337,11415.3778,0.0141,0.0033,50.0
train,vfw,4,512,99999,18959.4769,126.8601,15.3751,27.9131,10216.9778,11415.3778,0.0016,0.0,50.0
train,vfw,1,896,35,9526.0148,34.9821,22.5506,23.6584,1355.8662,9589.9239,0.0511,0.8661,50.0
train,vfw,1,768,90,15560.796,90.0006,40.5716,24.4767,6887.5035,11257.6148,0.0182,0.1333,50.0
train,vfw,3,640,35,9608.696,35.0063,8.688,24.8797,1534.0637,9263.9701,0.097,0.8665,50.0
train,vfw,3,1024,55,11756.8694,55.0058,10.4072,25.7857,3067.2055,9101.3944,0.2824,0.5995,50.0
train,vfw,2,256,30,8943.5503,30.0087,13.7781,53.2481,1463.1551,9443.514,0.0867,0.9325,50.0
train,vfw,1,640,30,8942.5128,29.9748,25.5182,23.7731,534.7122,8487.4053,0.0214,0.9331,50.0
train,vfw,1,1024,80,14484.7659,79.8991,32.5396,23.646,5208.393,10136.8452,0.0339,0.2665,50.0
train,vfw,2,896,99999,18969.2867,126.9905,29.418,25.7468,8363.8729,11415.3778,0.0016,0.0,50.0
train,vfw,3,384,70,13363.6519,69.9829,13.2318,38.0357,4362.775,9243.7139,0.0343,0.4,50.0
validation,vfw,1,256,100,16585.4444,99.869,53.4667,51.585,5030.1556,7566.1778,0.014,0.0,50.0
train,vfw,1,640,50,11143.518,49.9895,32.9741,24.0582,2567.5652,9674.5315,0.0194,0.6665,50.0
train,vfw,1,640,95,16106.0103,95.0395,47.3318,25.1724,7286.6821,11415.3778,0.0148,0.0667,50.0
train,vfw,1,256,85,14963.0974,84.7926,48.1718,48.9084,5583.0395,10087.1246,0.0289,0.1998,50.0
train,vfw,3,256,100,16587.751,99.9868,18.2401,51.2286,6875.772,11132.1238,0.0141,0.0,50.0
train,vfw,1,512,60,12223.2929,59.9915,37.6242,24.5366,3469.6712,9468.2198,0.0422,0.5333,50.0
train,vfw,3,1024,75,13920.1744,75.0031,11.5434,26.1794,4000.3279,9889.0559,0.1777,0.3331,50.0
train,vfw,4,768,60,12243.2055,60.0397,7.3895,28.4299,4065.3111,9522.3965,0.1616,0.5337,50.0
train,vfw,3,640,85,15000.5004,84.9999,11.9158,25.6193,6011.4522,10581.0124,0.0896,0.2,50.0
train,vfw,3,512,99999,18954.8946,126.9604,20.4512,25.1282,8890.1401,9920.5089,0.0014,0.0,50.0
train,vfw,3,896,35,9604.7013,35.0079,7.8491,25.6226,1659.4673,8431.9592,0.4055,0.8661,50.0
train,vfw,2,768,35,9575.2115,34.9386,12.7214,24.9753,764.2561,8581.9061,0.0441,0.8663,50.0
train,vfw,2,640,75,13930.1249,74.9682,20.1899,25.1711,5828.2298,11172.9678,0.0177,0.3333,50.0
train,vfw,1,768,95,16109.3389,94.9931,41.933,24.7405,7078.7428,11328.4041,0.0162,0.0666,50.0
train,vfw,2,512,60,12302.2195,59.9642,17.6133,24.6259,3389.9955,9472.6196,0.0066,0.5333,50.0
train,vfw,1,384,95,16063.9409,94.899,51.3353,37.1832,6782.0902,10776.1523,0.0163,0.0666,50.0
train,vfw,3,640,90,15532.971,89.9984,12.8039,25.3241,5919.9592,10454.6484,0.0387,0.1333,50.0
train,vfw,2,1024,75,13924.3058,74.9899,15.9684,25.9499,5387.8094,10738.4411,0.0425,0.3331,50.0
train,vfw,3,768,60,12311.541,60.009,11.1105,25.8027,3691.3249,9796.2086,0.2046,0.5331,50.0
train,vfw,2,512,65,12842.6796,64.9495,20.2111,24.5627,4153.9123,10043.6393,0.0076,0.4667,50.0
train,vfw,2,1024,80,14453.4102,80.0029,16.9013,25.9057,5786.0931,11143.1388,0.0365,0.2665,50.0
train,vfw,2,1024,40,10145.4698,39.99,12.9355,25.4341,1891.4768,9417.21,0.0824,0.7994,50.0
train,vfw,1,384,90,15527.0753,89.9355,49.6066,36.8577,6676.0384,11024.5518,0.0182,0.1333,50.0
train,vfw,4,384,60,12211.3459,59.9887,7.8452,41.5949,3168.6553,8687.3466,0.0688,0.5329,50.0
train,vfw,2,768,99999,18976.8128,127.006,28.5573,25.7778,9163.1951,11415.3778,0.0015,0.0,50.0
train,vfw,2,640,35,9593.7729,34.9795,15.0932,24.6607,1584.5293,9284.8926,0.0234,0.8665,50.0
train,vfw,3,384,45,10675.7167,45.0116,10.006,38.1602,2425.647,8603.3208,0.0038,0.7333,50.0
train,vfw,4,768,90,15528.8798,90.05,11.5035,28.4174,6963.7003,11206.5847,0.051,0.1347,50.0
train,vfw,4,512,60,12190.1704,60.0077,9.7318,28.2448,3979.4165,8660.3584,0.0849,0.5329,50.0
train,vfw,2,896,100,16622.1254,99.9786,19.6415,25.8464,7220.1437,11262.1308,0.0141,0.0,50.0
train,vfw,3,384,85,14985.112,84.986,13.3582,38.3094,6029.9964,10385.5905,0.0113,0.2,50.0
train,vfw,4,768,40,10041.2139,40.0048,7.0169,27.5514,2249.2798,8566.516,0.2354,0.7997,50.0
train,vfw,2,1024,60,12309.4302,59.992,14.7887,25.8329,4175.2208,10507.6211,0.0596,0.5329,50.0
train,vfw,2,1024,90,15530.3442,89.97,17.2501,26.0182,6336.5489,10688.7978,0.0255,0.1332,50.0
train,vfw,3,640,25,8535.8426,24.9934,8.184,24.9003,870.6199,8673.4983,0.1954,0.9998,50.0
train,vfw,3,768,70,13384.2587,70.0026,12.7154,25.6415,4814.0816,10117.9059,0.1497,0.3998,50.0
train,vfw,3,640,100,16607.1662,99.9896,15.7182,25.5975,7298.4945,11062.9562,0.0141,0.0,50.0
train,vfw,3,512,75,13918.2729,75.009,12.7851,24.8794,5343.9811,10579.0867,0.0094,0.3333,50.0
train,vfw,2,256,30,8940.2177,29.9956,14.228,52.9202,1427.7728,9088.2165,0.0867,0.9325,50.0
train,vfw,3,896,95,16085.4903,95.0058,13.2393,25.9635,5660.0348,10620.9098,0.0459,0.0666,50.0
train,vfw,3,1024,85,15019.3637,85.0321,13.0257,26.1602,4811.2527,10767.8207,0.1764,0.1998,50.0
train,vfw,3,512,45,10688.4242,44.9904,11.4744,24.7282,2568.1132,9628.2776,0.0038,0.7333,50.0
train,vfw,2,1024,75,13923.5977,74.9958,16.1771,25.8288,5139.394,10465.8069,0.0425,0.3331,50.0
train,vfw,1,384,70,13334.5788,69.9485,43.9089,36.8537,5136.8716,10701.3395,0.026,0.3998,50.0
train,vfw,2,256,45,10587.138,45.0002,16.6869,52.0415,2255.0774,9642.5696,0.0712,0.7327,50.0
train,vfw,3,256,45,10653.2688,45.0016,11.487,51.6203,2166.5647,7533.7693,0.0038,0.7333,50.0
train,vfw,1,256,99999,18948.2125,126.9086,60.4546,49.8076,10216.9778,11415.3778,0.0015,0.0,50.0
train,vfw,1,512,90,15538.9572,90.0731,47.6876,24.8771,6069.0907,10364.1263,0.0124,0.1333,50.0
train,vfw,1,768,45,10614.847,44.9693,27.8497,23.8687,1999.2496,8961.969,0.036,0.733,50.0
train,vfw,1,1024,95,16133.9789,94.9087,33.862,24.3099,6725.2474,10785.4549,0.0192,0.0666,50.0
train,vfw,2,768,25,8524.9863,24.9839,12.7309,24.7073,359.0,8521.8331,0.1212,0.9996,50.0
train,vfw,4,896,25,8432.111,24.9993,5.9469,27.4131,858.0817,8500.2856,0.3625,0.9992,49.0
train,vfw,1,384,80,14432.5995,79.9345,46.983,37.1556,5792.8478,10732.5195,0.0221,0.2666,50.0
train,vfw,3,384,45,10672.7436,44.992,9.7599,38.3572,2876.3159,8989.0181,0.0038,0.7333,50.0
train,vfw,1,384,95,16073.0035,94.9228,52.2,37.2142,7424.5412,11415.3778,0.0162,0.0666,50.0
train,vfw,3,896,80,14466.8556,80.0086,11.55,25.9712,5235.5393,10328.8328,0.1267,0.2665,50.0
train,vfw,4,896,45,10613.5558,45.031,6.8919,27.3218,2851.2949,9416.6156,0.2696,0.7334,49.0
train,vfw,1,512,30,8923.2456,29.9759,25.3934,23.9759,906.4976,9024.4422,0.001,0.9333,50.0
train,vfw,2,1024,99999,18961.8444,126.9939,30.0333,25.7734,6698.3333,11197.2444,0.0016,0.0,50.0
train,vfw,2,896,99999,18975.2371,126.9822,27.9794,25.9292,9312.488,11415.3778,0.0016,0.0,50.0
train,vfw,2,768,60,12299.5648,59.9631,15.8691,25.2187,3446.0323,9609.6117,0.0331,0.5331,50.0
train,vfw,4,512,99999,18958.1556,126.8551,13.7556,27.6492,10205.6222,11415.3778,0.0016,0.0,50.0
train,vfw,2,384,95,16098.3404,94.9768,24.0149,37.2825,6964.4943,11091.404,0.0163,0.0666,50.0
train,vfw,3,768,55,11752.878,55.0069,10.4423,25.3521,3483.1341,10153.9911,0.0669,0.5998,50.0
train,vfw,3,768,85,15002.5712,85.0167,12.388,25.64,4825.8305,9999.4105,0.0849,0.1999,50.0
train,vfw,2,384,60,12270.6729,59.9773,17.9732,38.0619,4204.2105,10362.2595,0.0311,0.5331,50.0
train,vfw,3,768,40,10133.1714,39.9901,9.0729,25.1397,2014.9551,8985.9084,0.1357,0.7997,50.0
train,vfw,4,512,70,13298.1942,70.0031,11.1166,28.5387,4772.7334,9061.7815,0.125,0.3997,50.0
train,vfw,2,896,85,15004.8616,84.9832,15.0064,25.9625,5885.6731,10536.3942,0.0262,0.1999,50.0
train,vfw,3,1024,30,9056.8573,29.9904,7.876,25.2753,420.2053,6914.2962,0.6219,0.9326,50.0
train,vfw,1,384,85,14983.7005,84.9281,48.601,37.0546,6075.5019,10488.7682,0.0956,0.1999,50.0
train,vfw,4,768,60,12225.9169,60.0025,8.8936,27.9299,3657.142,9071.0537,0.1616,0.5337,50.0
train,vfw,3,384,30,9059.3076,30.0072,5.6049,38.5057,801.2631,7455.5295,0.001,0.9333,50.0
train,vfw,2,768,30,9068.3833,29.991,12.4413,24.7862,460.2385,8482.9216,0.0473,0.933,50.0
validation,vfw,2,256,100,16604.9556,100.0063,24.9444,54.0198,7313.7778,7304.9778,0.0138,0.0,50.0
train,vfw,3,768,65,12838.1028,64.9956,13.6067,25.2722,3720.3433,9749.1453,0.1313,0.4665,50.0
train,vfw,2,256,65,12789.1762,65.0009,19.5281,50.9386,3967.377,9720.2979,0.0504,0.4662,50.0
train,vfw,4,512,99999,18955.4695,126.8686,13.3523,27.3918,10216.9778,11415.3778,0.0016,0.0,50.0
train,vfw,1,640,60,12248.4839,60.0006,35.1075,24.3736,3927.339,10086.8515,0.0183,0.5332,50.0
train,vfw,2,384,45,10630.7307,44.9889,16.0469,38.2793,2055.4194,9408.1714,0.0524,0.733,50.0
train,vfw,3,896,100,16630.9062,100.0123,12.7422,26.3785,6804.8459,11307.196,0.014,0.0,50.0
train,vfw,1,640,35,9493.227,34.9671,26.8368,23.9615,1703.1922,9118.2428,0.0209,0.8665,50.0
train,vfw,3,896,30,9054.7636,29.9822,8.6881,24.8553,670.975,7583.5595,0.4162,0.9328,50.0
train,vfw,3,384,55,11749.5864,54.9987,11.6936,38.3789,3677.3894,9269.8753,0.0056,0.6,50.0
train,vfw,3,256,30,9026.7153,29.9995,9.567,51.8597,983.3782,6484.5209,0.0010,0.9333,50.0
train,vfw,4,768,60,12229.9808,60.022,8.6515,27.8656,3673.8947,9227.0419,0.113,0.5337,50.0
train,vfw,1,256,45,10625.6459,44.9387,38.5251,49.3085,2071.3046,9235.6953,0.0678,0.7327,49.0
train,vfw,1,1024,90,15588.2778,89.916,32.9146,24.4589,6741.2298,11143.7688,0.0241,0.1332,50.0
train,vfw,1,640,95,16103.0528,95.0335,46.1179,24.9149,6638.6035,10739.7346,0.0148,0.0667,50.0
train,vfw,1,256,30,9003.2873,29.9999,35.2208,49.7067,987.4953,9211.4042,0.0824,0.9326,48.0
train,vfw,1,256,50,11165.3682,49.9135,40.4076,49.0873,2661.2488,9345.1076,0.0629,0.6661,49.0
train,vfw,1,512,99999,18998.9556,126.9963,56.6477,23.1291,9665.101,10672.7854,0.0326,0.0,50.0
train,vfw,1,384,90,15523.3725,89.924,49.5123,36.9327,6441.1189,10785.3479,0.0182,0.1333,50.0
train,vfw,4,512,80,14398.3972,79.9973,10.4537,28.5914,6097.1929,10150.3539,0.0495,0.2665,50.0
train,vfw,4,768,60,12227.6952,60.0264,8.0241,27.8895,3984.2513,9761.9792,0.0487,0.5337,50.0
train,vfw,3,768,75,13919.9155,75.0161,9.8355,25.6382,4491.4152,10238.9306,0.0547,0.3332,50.0
train,vfw,1,896,65,12831.2026,64.9755,30.492,24.2597,3965.8336,10375.5411,0.0383,0.4664,50.0
train,vfw,3,256,70,13348.6164,69.9829,14.9981,51.2185,4237.7434,8842.5261,0.0085,0.4,50.0
train,vfw,1,896,65,12833.3245,64.9649,31.2311,24.2876,4176.4852,10016.9998,0.0383,0.4664,50.0
train,vfw,2,1024,55,11775.7495,54.9988,16.0902,26.24,3700.8552,10352.6725,0.0653,0.5995,50.0
train,vfw,2,640,100,16637.7885,99.9559,21.9467,25.2223,7528.2603,11383.442,0.0159,0.0,50.0
train,vfw,1,1024,99999,18952.0889,126.8347,58.9111,23.6024,10014.2889,11113.0889,0.0013,0.0,50.0
train,vfw,2,1024,80,14460.8588,79.9908,16.3333,25.8531,4729.5506,9631.6917,0.0369,0.2665,50.0
train,vfw,1,640,25,8393.2209,24.9597,23.19,23.7973,384.9,8176.9304,0.0219,0.9998,50.0
train,vfw,2,512,65,12844.3228,64.9612,17.791,24.598,4459.5562,10296.1894,0.0076,0.4667,50.0
train,vfw,2,640,70,13390.0302,69.9625,18.3278,25.1676,4923.6617,10517.4452,0.0185,0.3999,50.0
train,vfw,2,384,70,13364.4821,69.9755,20.4709,37.9966,4932.9876,10479.862,0.0269,0.3998,50.0
train,vfw,4,896,40,10073.9021,40.0041,7.4645,27.9189,2417.004,9017.3415,0.2928,0.7999,49.0
train,vfw,1,768,75,13914.873,74.9792,35.4094,24.3923,4725.6362,9849.3399,0.0242,0.3332,50.0
train,vfw,4,1024,65,12827.1529,65.0474,8.8986,27.7961,4078.9083,9959.7947,0.2102,0.4681,50.0
train,vfw,4,384,25,8362.0758,25.0052,4.8789,40.9308,834.0889,7598.3477,0.1167,0.9992,50.0
train,vfw,1,640,100,16653.4656,100.0348,47.5006,24.9954,6920.3788,10598.9143,0.0143,0.0,50.0
train,vfw,1,768,80,14464.6738,79.985,37.8731,24.4812,5707.5636,10698.6741,0.0222,0.2666,50.0
train,vfw,2,256,55,11690.3006,54.9953,18.034,51.7652,3703.6668,9922.3429,0.0607,0.5995,50.0
train,vfw,3,256,75,13891.5663,74.9871,14.3904,51.3798,4498.2151,8768.7325,0.0094,0.3333,50.0
train,vfw,2,512,35,9596.046,34.9891,12.6139,24.5338,1956.131,9653.6401,0.0019,0.8667,50.0
train,vfw,3,384,100,16600.7845,100.0074,14.143,39.0354,7933.4234,11415.3778,0.0142,0.0,50.0
train,vfw,1,384,95,16073.4774,94.9324,51.9515,37.0258,7396.3182,11369.7282,0.0162,0.0666,50.0
train,vfw,2,1024,55,11774.1054,54.9944,14.2911,25.8046,3787.8431,10027.6071,0.0653,0.5995,50.0
train,vfw,2,896,80,14469.0019,79.9863,18.2109,25.8851,5615.185,10766.5397,0.0303,0.2665,50.0
train,vfw,1,768,30,8966.9141,29.9694,23.7938,23.764,1372.5947,9312.5097,0.0418,0.933,50.0
train,vfw,4,896,80,14444.1585,80.0624,10.5782,28.01,5287.4811,10571.3242,0.107,0.2683,50.0
train,vfw,4,896,70,13327.3575,69.9856,8.8289,27.9505,3892.7503,9093.0034,0.1535,0.4012,50.0
train,vfw,2,640,100,16640.7997,99.9571,20.16,25.4709,7212.1096,11112.8442,0.0142,0.0,50.0
train,vfw,2,768,75,13928.9345,74.9661,17.5483,25.4186,5731.4367,11082.5383,0.026,0.3332,50.0
train,vfw,4,1024,90,15545.6113,90.0981,9.8777,27.6723,6975.0688,11323.1595,0.0702,0.1361,50.0
train,vfw,4,1024,99999,18962.869,126.8956,12.4297,26.967,6718.7319,7477.7251,0.0015,0.0,50.0
train,vfw,3,896,60,12302.6304,60.0035,9.1072,25.9841,3563.1031,9504.5241,0.2095,0.533,50.0
train,vfw,3,384,55,11760.0078,54.9991,11.5756,38.4003,3357.459,8678.8678,0.1147,0.6,50.0
train,vfw,3,896,40,10120.9112,39.9941,7.8201,25.1316,1246.9148,8438.2253,0.1609,0.7995,50.0
train,vfw,4,512,70,13291.9305,70.0053,9.6474,28.3018,4350.2137,8747.0473,0.0672,0.3997,50.0
train,vfw,1,1024,99999,18971.9627,126.8837,46.7306,24.5931,10216.9778,11415.3778,0.0014,0.0,50.0
train,vfw,1,896,40,10087.2332,39.9705,24.9352,23.7391,2094.8198,9436.6178,0.0554,0.7995,50.0
train,vfw,1,1024,45,10662.0183,44.97,23.9437,24.1234,2784.6182,9850.9437,0.0681,0.7327,50.0
train,vfw,1,640,25,8396.9175,24.956,24.0541,23.6046,438.5778,8426.7507,0.09,0.9998,50.0
train,vfw,2,768,95,16085.5608,94.9782,19.6209,25.2496,7273.9166,11270.0467,0.0165,0.0666,50.0
train,vfw,2,512,25,8493.8168,24.9754,12.5084,24.0054,378.2,8678.5207,0.0,1.0,50.0
train,vfw,1,256,85,14959.1003,84.7762,49.7341,48.3834,5258.9285,9746.2399,0.0289,0.1998,50.0
train,vfw,3,768,75,13919.4308,74.9963,10.8377,25.7579,5282.4671,10697.1739,0.0795,0.3332,50.0
train,vfw,3,384,30,9060.7388,30.0082,6.7977,38.4715,1145.9981,7848.4668,0.001,0.9333,50.0
train,vfw,1,384,80,14427.3717,79.947,45.5945,36.6851,5966.3352,10875.5019,0.0221,0.2666,50.0
train,vfw,3,896,70,13373.4712,70.0015,10.4282,25.5499,3920.5222,9666.0514,0.1842,0.3998,50.0
train,vfw,3,640,65,12838.5845,65.0095,10.6933,25.1278,3728.4056,10002.0134,0.0312,0.4666,50.0
train,vfw,1,896,100,16657.8145,99.9315,39.4992,24.5296,7357.212,11400.1794,0.0162,0.0,50.0
train,vfw,2,512,55,11743.6075,54.9266,16.171,24.6481,2784.8732,9143.4032,0.0057,0.6,50.0
train,vfw,1,768,100,16664.8492,99.9901,43.564,24.8447,7977.2107,11415.3778,0.0143,0.0,50.0
train,vfw,2,768,95,16091.2145,94.9618,20.2346,25.5771,7077.186,10956.0782,0.0165,0.0666,50.0
train,vfw,3,896,90,15546.0701,90.0101,11.8777,25.9194,4649.7038,9903.5513,0.0465,0.1333,50.0
train,vfw,2,256,85,14991.7036,84.9924,24.0643,50.1549,5907.3335,10338.2051,0.0807,0.1998,50.0
train,vfw,3,896,99999,18977.2623,126.9526,14.8721,26.2584,7551.2165,8389.8601,0.0014,0.0,50.0
train,vfw,2,768,60,12313.1426,60.0009,14.4068,25.82,4265.1598,10522.7058,0.0331,0.5331,50.0
train,vfw,1,896,99999,18976.1949,126.9108,48.3961,24.2514,10216.9778,11415.3778,0.0016,0.0,50.0
train,vfw,3,896,99999,18961.499,126.9643,15.7654,25.8742,9343.1709,9957.2113,0.1058,0.0,50.0
train,vfw,3,768,40,10137.1037,39.9784,8.815,24.7806,1268.9059,8058.9009,0.2142,0.7997,50.0
train,vfw,2,384,30,8997.7423,30.0088,12.9497,38.3689,1243.0179,9206.82,0.0438,0.9329,50.0
train,vfw,1,1024,65,12847.4545,64.9374,27.254,23.9709,4130.9074,9926.1524,0.0485,0.4663,50.0
train,vfw,1,256,25,8455.8846,25.0163,32.9571,49.6047,365.0,8868.5781,0.0872,0.9992,48.0
train,vfw,3,640,30,9077.6397,30.0151,7.1614,24.7557,1404.2159,9157.7698,0.116,0.9331,50.0
train,vfw,2,1024,45,10691.5434,45.0034,13.4338,25.4643,2707.768,9973.1902,0.0767,0.7327,50.0
train,vfw,3,896,80,14459.6127,79.9864,14.3135,25.3251,4203.1889,9604.7984,0.1479,0.2665,50.0
train,vfw,1,768,55,11716.6428,54.9799,30.4911,24.1636,3616.2821,10149.4902,0.032,0.5998,50.0
train,vfw,4,512,100,16603.3558,100.0159,12.5926,28.7877,7027.1271,11258.7069,0.0141,0.0,50.0
train,vfw,3,256,100,16593.7127,99.9944,16.9483,51.2346,7974.8099,11415.3778,0.0141,0.0,50.0
train,vfw,3,768,70,13390.3618,70.0073,11.2018,25.6413,4588.3584,9872.1483,0.1909,0.3998,50.0
train,vfw,1,1024,99999,18977.0222,126.9086,40.5556,24.9931,10021.5111,11151.2889,0.0015,0.0,50.0
train,vfw,1,384,80,14427.8259,79.936,46.5133,36.8681,5269.3333,10493.4182,0.0221,0.2666,50.0
train,vfw,2,512,50,11207.3856,49.9468,15.6067,24.5631,2553.2804,9240.673,0.0047,0.6667,50.0
train,vfw,4,896,90,15540.8493,90.0554,11.3521,28.5556,7021.1992,11047.3078,0.0605,0.1354,50.0
train,vfw,2,768,45,10686.6956,44.9933,12.7308,25.2687,2463.8629,9611.4989,0.0402,0.733,50.0
train,vfw,3,640,65,12842.7247,65.0128,9.4803,25.7036,4471.8607,10329.9673,0.034,0.4666,50.0
train,vfw,1,256,35,9548.5656,34.9758,36.3556,49.4913,1162.6549,8500.1463,0.1632,0.866,48.0
train,vfw,1,640,75,13908.4485,75.0358,38.656,25.1888,5681.0616,10996.7582,0.0168,0.3333,50.0
train,vfw,3,384,25,8517.0391,24.9993,8.202,38.2777,439.9795,7326.5778,0.0,1.0,50.0
train,vfw,1,896,30,8992.2795,29.9881,21.4778,23.5862,861.7762,9107.2452,0.0623,0.9328,50.0
train,vfw,2,768,90,15549.9391,89.9687,19.3825,25.3621,5756.5074,10277.2071,0.0189,0.1333,50.0
train,vfw,1,896,70,13378.532,69.9631,31.4794,24.1058,5188.6459,10769.9137,0.0349,0.3998,50.0
train,vfw,2,768,50,11227.4038,49.9872,14.8769,25.1781,3109.5594,9974.5299,0.0378,0.6664,50.0
train,vfw,4,256,65,12786.6883,64.9742,7.6115,55.3683,3765.9168,9478.6436,0.0479,0.4663,50.0
train,vfw,1,768,45,10612.6187,44.9712,28.1193,23.685,2278.3862,9278.2493,0.0359,0.733,50.0
train,vfw,3,640,60,12303.8742,60.0065,9.1913,25.2782,3450.8726,9569.3024,0.0779,0.5332,50.0
train,vfw,3,896,65,12846.1995,65.0056,10.3245,25.6478,3683.5484,9863.6723,0.2195,0.4664,50.0
train,vfw,1,256,95,16047.4079,94.7578,51.8153,48.7029,7021.7523,11007.1448,0.0192,0.0666,50.0
train,vfw,1,768,100,16666.4645,99.9965,44.0308,25.0712,7739.9055,11415.3778,0.0143,0.0,50.0
train,vfw,2,1024,60,12306.4088,59.9829,15.1302,25.842,4057.1296,9958.135,0.0595,0.5329,50.0
train,vfw,1,896,35,9540.3282,34.9718,22.3555,23.7551,1429.4535,8730.1239,0.0589,0.8661,50.0
train,vfw,4,256,50,11141.4398,49.9864,7.6254,54.8366,3350.059,10057.9681,0.0623,0.6661,50.0
train,vfw,4,640,65,12757.123,65.0259,8.9147,27.8636,4531.6099,9387.2473,0.1096,0.4667,50.0
train,vfw,4,640,40,10009.3737,39.9978,7.034,27.6591,2093.9799,7587.7006,0.1778,0.7995,50.0
train,vfw,4,512,55,11640.3805,55.0186,8.4422,27.7956,3538.2031,8337.241,0.0938,0.5995,50.0
train,vfw,1,640,70,13347.5451,69.997,38.4691,24.3268,4891.0652,10469.6793,0.0174,0.3999,50.0
train,vfw,2,256,99999,18974.1015,126.9789,29.3463,50.6102,6890.7147,7750.4541,0.0496,0.0,50.0
train,vfw,1,768,100,16667.6766,100.0054,44.6277,24.8386,7818.8099,11415.3778,0.0143,0.0,50.0
train,vfw,2,1024,100,16614.2896,99.9912,17.9217,26.0695,6856.0657,10784.2839,0.0141,0.0,50.0
train,vfw,1,512,99999,18992.1348,126.9797,55.674,23.1782,9637.3,10727.3024,0.0013,0.0,50.0
train,vfw,4,1024,45,10652.5422,45.0339,6.7712,27.9365,2809.7569,9964.6112,0.3223,0.7336,49.0
train,vfw,4,896,45,10619.7887,45.0177,7.4468,27.4698,1605.7993,8101.7702,0.2696,0.7334,49.0
train,vfw,3,384,70,13368.0126,70.0037,12.4304,38.2359,4852.8163,9868.2139,0.0085,0.4,50.0
train,vfw,2,512,90,15563.7951,89.9449,20.5254,25.2136,6332.6042,10621.8026,0.0123,0.1333,50.0
train,vfw,2,640,60,12304.2437,59.9638,16.9252,24.7274,3687.9211,9853.7909,0.0199,0.5332,50.0
train,vfw,4,640,65,12754.9964,65.012,9.049,28.0393,4304.3437,9405.3504,0.0384,0.4667,50.0
train,vfw,3,512,90,15523.2724,90.0088,12.4554,25.2253,6053.5856,10439.1746,0.0107,0.1333,50.0
validation,vfw,3,512,25,8491.9111,24.9941,6.7481,24.4858,399.2667,6052.3778,0.086,0.9992,50.0
train,vfw,1,512,45,10576.4753,44.9928,33.192,24.3577,2644.254,9697.6333,0.0038,0.7333,50.0
train,vfw,4,256,95,16075.9432,94.9557,11.9226,56.345,6697.8289,10734.3176,0.019,0.0666,50.0
train,vfw,3,896,100,16632.2296,100.0073,12.3628,26.9271,7335.0451,11363.8379,0.0397,0.0,50.0
train,vfw,3,1024,30,9026.1183,29.9863,9.0223,24.8087,768.4551,8110.6554,0.3266,0.9326,50.0
train,vfw,2,768,85,15009.3911,84.9608,18.3366,25.3295,5049.1661,9588.0014,0.0213,0.1999,50.0
train,vfw,3,512,50,11231.856,50.0034,9.5279,24.8969,2374.5905,8947.386,0.0432,0.6667,50.0
train,vfw,2,256,25,8388.4242,25.0006,13.7404,53.0976,1002.8693,9254.5749,0.0919,0.9991,50.0
train,vfw,2,384,99999,18975.7686,126.988,29.8264,38.3426,8680.1158,9756.9808,0.0015,0.0,50.0
train,vfw,2,384,45,10625.8004,44.9813,17.9807,38.008,2567.1282,9577.3786,0.0375,0.733,50.0
train,vfw,3,640,90,15530.9545,89.9908,12.9084,25.3206,6007.9526,10380.5303,0.0368,0.1333,50.0
train,vfw,4,640,85,14940.0355,84.97,10.6144,28.4472,5113.2401,9243.8057,0.0551,0.2005,50.0
train,vfw,1,384,65,12783.1787,64.9469,41.663,36.8745,4279.8717,10282.2986,0.0257,0.4665,50.0
train,vfw,4,640,65,12759.6485,65.0021,9.2279,28.2396,4506.7475,8968.8179,0.1095,0.4667,50.0
train,vfw,2,896,85,15009.0666,84.9811,18.3479,25.7339,5856.8459,10363.2725,0.075,0.1999,50.0
train,vfw,4,1024,40,10108.6436,40.0207,7.5319,27.7865,2322.8854,9781.0355,0.3504,0.8,49.0
train,vfw,3,640,65,12841.943,64.9942,10.8428,25.071,3933.8181,9608.1526,0.0975,0.4666,50.0
train,vfw,3,256,70,13352.2151,69.9868,14.5374,51.5948,4951.8511,9224.2383,0.0085,0.4,50.0
train,vfw,1,640,80,14453.3403,80.03,42.2382,24.7109,5487.6878,10786.5553,0.0164,0.2666,50.0
train,vfw,2,1024,60,12307.7979,60.0039,15.5629,25.6525,3020.1663,9295.2135,0.0596,0.5329,50.0
train,vfw,2,1024,70,13385.968,70.0073,15.5767,25.6723,4893.1768,10541.1605,0.0482,0.3997,50.0
train,vfw,3,640,90,15534.6186,90.0021,12.8513,25.7902,6331.8337,10724.2708,0.0289,0.1333,50.0
train,vfw,2,640,75,13930.7836,74.9574,18.5916,25.146,5462.34,10606.4422,0.0177,0.3333,50.0
train,vfw,1,896,40,10090.1037,39.983,24.421,23.7806,2289.7138,9654.5405,0.0554,0.7995,50.0
train,vfw,3,768,30,9066.8752,29.9921,7.5408,25.3399,1463.1366,8408.3714,0.2874,0.933,50.0
train,vfw,4,768,35,9491.404,34.9964,6.1989,27.4344,1346.5325,7814.2546,0.2538,0.8662,50.0
train,vfw,3,768,40,10156.3692,39.998,8.4454,25.4163,1825.7716,8269.1478,0.3556,0.7997,50.0
train,vfw,2,512,60,12307.1764,59.9562,16.9084,24.8616,4499.4204,9979.9633,0.0066,0.5333,50.0
train,vfw,2,384,85,15001.7254,84.9581,25.3483,37.3827,6021.9688,10541.6634,0.0484,0.1999,50.0
train,vfw,4,384,99999,18980.9401,126.9177,13.4268,40.386,8963.7712,10021.1552,0.0015,0.0,50.0
train,vfw,2,256,55,11687.2247,54.9877,19.335,51.5429,3201.1768,9604.8865,0.0608,0.5995,50.0
train,vfw,2,512,45,10649.3732,44.9137,14.5628,24.5848,1700.4889,8520.7059,0.0038,0.7333,50.0
train,vfw,1,1024,95,16137.019,94.9097,34.3334,24.1336,7444.6099,11415.3778,0.0192,0.0666,50.0
train,vfw,2,640,70,13389.2064,69.9652,18.1647,24.9386,4047.5816,9534.8566,0.0184,0.3999,50.0
train,vfw,1,768,95,16113.1976,94.9764,43.2882,24.3788,6694.0985,10628.749,0.0601,0.0666,50.0
test,vfw,4,256,99999,18969.8889,126.9415,14.0833,55.2937,6537.6444,7259.7778,0.0014,0.0,50.0
train,vfw,3,256,80,14433.9891,79.9947,14.3649,51.6975,5744.5598,9986.5451,0.0104,0.2667,50.0
train,vfw,4,512,45,10535.1191,44.9981,7.6606,27.8887,2345.1526,7163.1035,0.1666,0.7327,50.0
train,vfw,2,896,70,13388.6289,69.9898,16.4358,25.5749,4668.6041,10405.0232,0.0383,0.3998,50.0
train,vfw,3,768,75,13918.1424,74.9916,11.4969,25.5158,4549.1009,9762.8115,0.1029,0.3332,50.0
train,vfw,2,768,40,10148.2002,39.979,14.0266,25.0853,1833.4981,9022.0559,0.1297,0.7997,50.0
train,vfw,2,896,85,15005.1015,84.9855,19.3747,25.9201,6020.9731,10903.1686,0.0262,0.1999,50.0
train,vfw,1,512,80,14435.7748,80.0383,45.0552,24.9479,5985.298,10540.7669,0.0104,0.2667,50.0
train,vfw,1,512,55,11678.0094,55.0033,37.3705,24.3114,3430.6694,9874.7978,0.0057,0.6,50.0
train,vfw,4,768,65,12788.2044,65.0348,10.1415,28.2277,4630.363,9900.3175,0.1432,0.4672,50.0
train,vfw,2,768,80,14472.8352,79.9814,18.3139,25.2468,5910.7275,10930.6412,0.0236,0.2666,50.0
train,vfw,1,256,50,11149.6093,49.8776,39.5183,49.3412,2307.4197,8854.1056,0.0629,0.6661,49.0
train,vfw,4,256,85,14974.3368,84.9706,9.8597,56.1725,6149.3955,10943.5379,0.0301,0.1998,50.0
train,vfw,4,256,75,13880.7314,74.9645,10.2248,55.5035,5016.5814,10213.4932,0.0383,0.3331,50.0
train,vfw,2,768,35,9599.0219,34.978,14.1969,24.7296,1250.5043,8989.7296,0.045,0.8663,50.0
train,vfw,3,768,55,11772.1699,54.9946,9.9195,25.1861,2442.7313,8509.6061,0.2632,0.5998,50.0
train,vfw,1,512,90,15544.4083,90.0738,50.086,25.4012,6961.1072,11277.1935,0.0124,0.1333,50.0
train,vfw,2,768,40,10148.5453,40.0044,13.6885,24.8435,2214.6449,9704.3724,0.0426,0.7997,50.0
train,vfw,2,1024,99999,18966.7543,126.9832,28.8746,25.7699,8602.11,11415.3778,0.0016,0.0,50.0
train,vfw,1,640,90,15554.5232,90.032,44.6328,24.8808,6913.086,11110.0852,0.0153,0.1333,50.0
train,vfw,3,512,75,13929.0794,75.0063,11.6832,25.2523,5233.5707,10103.2516,0.1339,0.3333,50.0
train,vfw,3,384,45,10671.0108,44.9951,11.5544,38.3346,2488.8746,8539.9069,0.0038,0.7333,50.0
train,vfw,1,384,45,10595.4028,44.9485,38.2804,36.4523,2291.8442,9289.8787,0.0358,0.733,49.0
train,vfw,2,512,85,15017.4757,84.9535,21.2522,24.8382,6286.352,10918.4876,0.0114,0.2,50.0
train,vfw,2,1024,80,14458.0684,79.9807,19.3296,25.7173,5348.8353,10317.7922,0.0368,0.2665,50.0
train,vfw,3,512,30,9079.4785,30.0076,7.6675,24.8429,1508.0534,9469.7882,0.001,0.9333,50.0
train,vfw,2,1024,100,16614.5397,99.9771,18.6556,25.7469,6747.298,10397.237,0.0141,0.0,50.0
train,vfw,2,768,25,8521.0271,24.9924,11.9004,24.8154,874.3219,9303.5215,0.0497,0.9996,50.0
train,vfw,1,384,99999,18970.321,126.9529,58.5499,36.4557,10216.9778,11251.6456,0.0014,0.0,50.0
train,vfw,2,896,25,8517.1492,24.9661,12.2151,25.2452,364.2,8591.7536,0.0746,0.9994,50.0
train,vfw,2,768,80,14475.1471,79.9654,18.6945,25.5066,5681.2691,10289.2421,0.1016,0.2666,50.0
train,vfw,2,256,75,13892.2552,75.0096,20.9272,50.686,5254.1285,10472.3836,0.04,0.333,50.0
train,vfw,1,896,60,12282.45,59.9651,29.0867,23.9819,4110.3274,10297.6288,0.0417,0.533,50.0
train,vfw,1,256,25,8456.294,25.0098,33.197,49.5597,374.0,8329.7303,0.0872,0.9992,48.0
train,vfw,3,896,55,11761.0374,54.9976,8.9973,25.9773,2719.2414,8957.3886,0.3164,0.5996,50.0
train,vfw,1,640,90,15553.5314,90.025,44.0612,24.809,6548.7932,10947.3177,0.0153,0.1333,50.0
train,vfw,3,1024,55,11752.71,54.9987,11.4013,25.566,2595.8107,8971.087,0.2987,0.5995,50.0
train,vfw,4,1024,85,15008.0115,85.0848,10.4126,27.8471,5912.0979,10579.1444,0.0981,0.2025,50.0
train,vfw,2,1024,70,13382.9618,69.9975,16.3044,25.8728,4907.2579,10663.9789,0.0198,0.3997,50.0
train,vfw,4,640,80,14413.1928,80.0158,10.0593,28.3224,5472.4283,9870.3166,0.0687,0.2671,50.0
train,vfw,3,512,99999,18948.56,126.9222,17.5353,24.998,7549.3395,8399.741,0.0015,0.0,50.0
train,vfw,4,768,60,12237.6912,60.0295,9.2348,27.9267,3973.5613,9397.4554,0.1731,0.5337,50.0
train,vfw,3,896,65,12851.9926,65.0115,11.0326,25.6136,3215.2648,8830.6186,0.3262,0.4664,50.0
train,vfw,2,640,30,9052.1476,29.9893,12.8334,24.6344,840.7244,9125.287,0.0241,0.9331,50.0
train,vfw,1,512,95,16100.1488,95.0871,50.7186,25.7005,7473.0561,11415.3778,0.0134,0.0667,50.0
train,vfw,1,512,90,15546.9555,90.0908,48.698,25.1783,6986.6416,11415.3778,0.0124,0.1333,50.0
train,vfw,3,1024,95,16086.9263,95.0308,12.6884,26.1944,5242.9956,11239.1017,0.0471,0.0666,50.0
train,vfw,2,640,70,13389.1482,69.9695,19.783,25.3006,4703.811,10273.656,0.0184,0.3999,50.0
train,vfw,2,768,85,15014.966,84.9728,18.4629,25.5465,6453.7337,11004.5137,0.0212,0.1999,50.0
train,vfw,2,896,85,15003.1786,84.9803,17.0891,25.5945,5704.6895,10300.4465,0.0262,0.1999,50.0
train,vfw,1,640,40,10044.9436,39.9753,27.5237,23.9594,1429.7508,8673.0475,0.0204,0.7998,50.0
train,vfw,3,384,90,15510.1727,89.9729,12.8393,38.4722,6132.8074,10226.7803,0.0123,0.1333,50.0
train,vfw,3,640,90,15528.9203,89.9874,12.9296,25.3054,6054.0865,10382.6872,0.0228,0.1333,50.0
train,vfw,4,1024,50,11193.7349,50.0247,7.4498,27.6864,3507.7847,10391.2312,0.2943,0.6672,49.0
train,vfw,2,768,35,9599.5754,34.977,13.6042,24.8776,1510.1123,9068.2571,0.0449,0.8663,50.0
train,vfw,2,768,40,10141.7225,39.9786,13.465,25.0578,1674.6567,8887.9296,0.0426,0.7997,50.0
train,vfw,4,768,55,11686.9041,55.0198,9.3499,28.0031,3524.1816,9190.7822,0.18,0.6002,50.0
train,vfw,4,384,60,12214.5024,59.9894,8.7148,41.8224,3934.2548,9306.3907,0.0688,0.5329,50.0
train,vfw,1,1024,65,12847.7041,64.9409,27.7463,23.9002,4226.3255,10096.9443,0.0485,0.4663,50.0
train,vfw,3,896,90,15558.2389,90.0305,11.4436,26.4188,5930.025,11136.8261,0.1015,0.1333,50.0
train,vfw,4,1024,50,11193.2567,50.0299,7.3245,27.6297,2919.7385,9735.9729,0.2943,0.6672,49.0
test,vfw,1,1024,25,8447.3778,24.9957,19.0889,25.1562,414.9333,5943.7778,0.1621,0.9992,50.0
train,vfw,1,896,60,12282.86,59.9684,30.1341,24.1053,4161.7216,10359.3035,0.0417,0.533,50.0
train,vfw,2,1024,45,10694.5166,44.9953,13.7526,25.6512,2609.202,9714.0602,0.0767,0.7327,50.0
train,vfw,3,1024,85,14999.9371,84.9793,11.8028,26.5845,5514.5231,10243.9489,0.0919,0.1998,50.0
train,vfw,3,768,45,10686.2914,44.9795,10.3645,24.7673,1730.1582,8124.5534,0.3106,0.733,50.0
train,vfw,3,256,65,12817.3434,64.9913,13.1451,51.5608,4033.3564,8603.2214,0.0075,0.4667,50.0
train,vfw,1,1024,90,15587.6302,89.9207,30.9903,24.3371,6691.9588,11079.5182,0.0241,0.1332,50.0
train,vfw,2,384,70,13362.9447,69.9737,19.7374,37.813,4268.2212,9733.7975,0.0269,0.3998,50.0
train,vfw,2,512,60,12304.0905,59.9569,16.8626,24.5487,3268.8611,9422.3336,0.0074,0.5333,50.0
train,vfw,4,256,35,9495.47,34.9899,5.9791,54.214,1948.3649,9514.8784,0.0768,0.866,50.0
train,vfw,2,896,99999,18971.2064,126.9828,29.7247,25.7385,8726.5799,11209.8983,0.0016,0.0,50.0
train,vfw,2,256,60,12237.0759,59.9907,19.693,51.4517,3969.7586,9889.5459,0.0556,0.5329,50.0
train,vfw,3,512,60,12304.7523,60.0022,7.9452,25.0038,3576.5194,9685.0787,0.0067,0.5333,50.0
train,vfw,3,1024,99999,18987.8667,127.0204,16.1704,26.1593,10009.8222,11126.1111,0.0014,0.0,50.0
train,vfw,4,384,65,12764.0575,64.9951,10.3646,41.9773,4693.191,9919.8765,0.062,0.4663,50.0
train,vfw,3,384,30,9054.8721,29.9984,8.3344,38.2806,635.5249,7448.2878,0.001,0.9333,50.0
train,vfw,1,896,35,9547.845,34.9734,22.6392,23.7615,1067.2245,8352.0245,0.1567,0.8661,50.0
train,vfw,2,512,95,16115.1629,94.9346,22.9885,25.0828,6835.5662,10484.6611,0.14,0.0667,50.0
train,vfw,3,256,50,11184.7933,49.9609,11.986,51.7699,2287.8024,6924.9252,0.0834,0.6667,50.0
train,vfw,2,768,100,16631.2757,99.9641,21.3863,25.6305,7639.8131,11390.8101,0.0141,0.0,50.0
train,vfw,3,768,65,12851.5421,65.0133,9.393,26.0171,4188.0048,9817.5509,0.1673,0.4665,50.0
train,vfw,2,640,60,12307.7414,59.9791,18.6717,25.2592,4141.4535,10367.9154,0.0199,0.5332,50.0
train,vfw,1,640,65,12795.8316,64.9934,35.7222,24.4111,3798.2297,9584.1497,0.0179,0.4666,50.0
train,vfw,3,384,99999,18966.6318,126.9312,14.8185,38.4535,7905.5506,8773.4216,0.0015,0.0,50.0
train,vfw,4,384,90,15517.4129,89.992,11.3504,42.5579,6503.2876,10677.6298,0.0278,0.1332,50.0
train,vfw,3,256,85,14968.7719,84.9779,17.7017,51.3219,6075.1718,10182.7767,0.0113,0.2,50.0
train,vfw,2,512,100,16645.5278,99.9238,23.3218,25.1942,7693.1623,11108.1547,0.0141,0.0,50.0
train,vfw,4,896,80,14446.5386,80.0487,9.9077,28.0085,5797.3208,10634.7927,0.107,0.2683,50.0
train,vfw,2,384,99999,18970.1302,126.981,28.3512,37.8689,7601.6047,8562.3819,0.0015,0.0,50.0
train,vfw,2,896,60,12296.1185,59.9666,15.4676,25.4056,3098.091,9551.6121,0.0464,0.533,50.0
train,vfw,3,512,85,14989.5176,84.9902,14.1484,25.1287,6328.2744,10624.3044,0.0113,0.2,50.0
train,vfw,3,896,35,9581.7228,35.0141,5.9262,25.105,1434.4852,8862.0042,0.1955,0.8661,50.0
train,vfw,4,512,35,9426.4628,35.005,6.4985,27.3854,1522.9824,6735.5533,0.1292,0.866,50.0
train,vfw,2,640,25,8514.2332,24.9976,12.6959,24.7018,840.6017,9180.6196,0.0248,0.9998,50.0
train,vfw,4,384,45,10565.1512,45.0051,6.4342,41.5852,2715.6723,8695.4922,0.0893,0.7327,50.0
train,vfw,2,768,60,12295.2509,59.9784,15.8845,25.1789,3908.9706,10346.0961,0.0376,0.5331,50.0
train,vfw,3,896,85,15016.8771,85.0375,11.8727,25.6815,5123.3511,10536.4385,0.1329,0.1999,50.0
train,vfw,3,640,80,14456.9533,80.0132,11.2622,25.2951,5442.1456,10493.4638,0.0614,0.2666,50.0
train,vfw,4,256,45,10591.9899,44.9926,7.5222,54.6339,2558.1326,9501.3488,0.0671,0.7327,50.0
train,vfw,1,384,25,8413.5954,24.9947,29.5952,36.6707,932.0919,9172.8044,0.0436,0.9996,49.0
train,vfw,1,1024,85,15040.1376,84.9181,31.4759,24.0663,5893.6947,10543.6817,0.029,0.1998,50.0
train,vfw,2,1024,85,15001.6826,84.9961,17.5309,26.0802,6382.83,10909.6763,0.0311,0.1998,50.0
train,vfw,1,512,60,12231.9006,60.0179,36.9993,24.6053,3949.3792,10003.6304,0.0067,0.5333,50.0
train,vfw,1,768,55,11718.1585,54.9926,30.7091,23.9903,3151.7165,9898.9767,0.032,0.5998,50.0
train,vfw,4,896,100,16641.0251,100.0748,11.5777,28.3911,7588.1727,11181.9858,0.0841,0.0025,50.0
train,vfw,4,256,85,14980.9296,84.9644,10.0728,56.2949,6231.4877,10608.7073,0.0286,0.1998,50.0
train,vfw,1,512,50,11125.6753,50.004,33.0948,24.3755,2949.9948,9787.9876,0.0051,0.6667,50.0
train,vfw,4,640,95,16070.1858,95.0181,11.6295,28.7387,7612.406,10812.0899,0.0512,0.0674,50.0
train,vfw,3,896,30,9054.2287,30.0181,7.6574,24.8485,1206.2342,8604.1692,0.3007,0.9328,50.0
train,vfw,2,256,80,14441.7408,79.9993,21.9667,50.4946,5540.189,10430.4991,0.0349,0.2664,50.0
train,vfw,1,768,30,8963.3694,29.9738,22.9118,23.7381,955.9384,8967.7426,0.0409,0.933,50.0
train,vfw,4,256,85,14978.6525,84.9601,10.5704,55.9262,5752.6668,10352.475,0.0286,0.1998,50.0
train,vfw,1,768,85,15014.3261,84.9931,39.7365,24.5453,5731.4697,10762.991,0.0435,0.1999,50.0
train,vfw,3,256,85,14953.3733,84.9863,15.7518,51.3363,6125.6526,10780.613,0.0114,0.2,50.0
train,vfw,4,1024,30,9008.2604,29.9868,7.0768,26.8824,549.862,8618.999,0.4064,0.9328,49.0
train,vfw,1,384,30,8960.2332,29.9803,31.15,36.7887,894.9155,8788.8558,0.0416,0.933,49.0
train,vfw,2,768,50,11226.2312,49.9901,15.4062,25.1408,2999.7717,9848.8805,0.0378,0.6664,50.0
train,vfw,2,256,99999,18963.9424,126.9558,29.9391,50.7783,6802.8975,7570.635,0.0015,0.0,50.0
train,vfw,4,896,65,12804.9558,65.037,9.2009,27.8683,4241.1933,9805.3859,0.1767,0.4676,50.0
train,vfw,2,768,45,10672.9322,44.986,14.1892,25.0232,2437.1049,9915.054,0.0444,0.733,50.0
train,vfw,4,768,85,14972.9914,85.0252,11.8267,27.8243,5697.1578,10056.3346,0.0694,0.2012,50.0
train,vfw,4,896,90,15537.0252,90.0551,10.4266,28.2383,6567.1478,10857.6624,0.0606,0.1354,50.0
train,vfw,1,896,99999,18975.7326,126.9191,47.5423,24.1914,9230.8396,10683.0006,0.0014,0.0,50.0
train,vfw,2,768,75,13927.6331,74.9697,17.4916,25.3381,4841.8341,10075.6331,0.026,0.3332,50.0
train,vfw,2,384,95,16091.8447,94.9799,23.6997,37.1677,7273.3803,11250.6998,0.0163,0.0666,50.0
train,vfw,2,640,60,12303.4048,59.969,17.0657,24.764,3490.5697,9801.2972,0.0199,0.5332,50.0
train,vfw,2,1024,35,9620.6243,35.0096,12.8829,25.4333,1720.8383,9581.5127,0.088,0.866,50.0
train,vfw,4,512,80,14397.2654,80.0083,11.3765,28.5101,5748.3572,10081.7912,0.0495,0.2665,50.0
train,vfw,4,896,25,8432.2922,24.9905,5.4959,27.3759,1019.0561,8683.8448,0.3625,0.9992,49.0
train,vfw,1,768,99999,18981.0898,126.9302,53.9372,23.7393,9912.1255,11038.3056,0.0013,0.0,50.0
train,vfw,3,384,60,12287.1612,59.9893,12.5845,38.2815,3924.0249,9152.1581,0.0066,0.5333,50.0
train,vfw,3,256,45,10653.0429,45.0038,12.6857,51.6078,2495.989,7570.0783,0.0037,0.7333,50.0
train,vfw,2,512,25,8506.9841,24.9916,12.2259,24.2562,409.8429,8632.1941,0.0,1.0,50.0
train,vfw,3,1024,80,14467.2921,80.0416,10.8301,26.5157,4665.7834,11003.6184,0.0645,0.2665,50.0
train,vfw,4,512,40,9978.8061,40.0029,8.7596,27.9111,1926.9662,7186.8267,0.1204,0.7994,50.0
train,vfw,3,1024,100,16633.7666,100.0015,11.4746,26.989,6540.9786,11062.1613,0.0139,0.0,50.0
train,vfw,1,512,95,16098.8558,95.0979,51.1068,25.231,7502.6719,11415.3778,0.0133,0.0667,50.0
train,vfw,1,256,70,13327.77,69.8225,47.6553,48.4143,4090.3643,9509.5921,0.0434,0.3997,49.0
validation,vfw,2,512,25,8470.1111,24.9995,11.9778,25.2749,409.5333,5810.4444,0.9912,0.9992,50.0
train,vfw,3,640,90,15534.157,89.9996,12.3089,25.6632,6406.7571,10511.9872,0.0256,0.1333,50.0
train,vfw,4,896,95,16084.9219,95.064,11.3895,28.2106,6848.8484,10854.4437,0.0373,0.0689,50.0
train,vfw,1,384,60,12241.7574,59.954,40.0918,36.8344,3676.093,9969.2204,0.0299,0.5331,49.0
train,vfw,3,640,65,12825.5149,64.9662,9.8701,25.4217,3670.2754,9381.6321,0.0635,0.4666,50.0
train,vfw,1,1024,45,10653.0188,44.9718,22.8497,23.4806,2574.3268,9577.3931,0.0681,0.7327,50.0
train,vfw,1,896,50,11177.8067,49.9576,26.6065,23.8412,2344.723,9332.9396,0.0486,0.6663,50.0
train,vfw,4,896,50,11167.0807,50.0317,7.6892,27.6362,2650.9634,9289.1065,0.2464,0.667,50.0
train,vfw,3,384,100,16595.7171,99.9862,17.2102,38.3085,7491.5586,11212.4168,0.0141,0.0,50.0
train,vfw,2,512,65,12845.5607,64.9495,18.3097,24.4378,4112.1583,9935.7899,0.0076,0.4667,50.0
train,vfw,3,512,99999,18953.499,126.9432,16.5464,24.8874,7471.9117,8399.9991,0.0016,0.0,50.0
train,vfw,4,896,85,14999.398,85.0666,9.6458,28.2228,6505.4236,11107.8264,0.0838,0.2018,50.0
train,vfw,2,896,40,10152.6615,39.9988,12.6182,25.404,2089.792,9623.744,0.0625,0.7995,50.0
train,vfw,1,256,40,10084.4517,39.9552,37.1948,49.431,2066.8739,9256.5666,0.0726,0.7994,48.0
train,vfw,3,512,60,12303.5656,59.9942,9.2521,25.0073,3432.0159,9515.2958,0.0066,0.5333,50.0
train,vfw,1,256,85,14969.2798,84.8107,48.7891,48.6104,5990.5677,10565.3912,0.0289,0.1998,50.0
train,vfw,2,896,100,16624.9487,99.9806,19.4207,25.8483,7245.0918,10941.7955,0.0141,0.0,50.0
train,vfw,4,1024,50,11182.4672,50.0047,7.4148,27.608,2590.4799,9365.7718,0.2943,0.6672,49.0
train,vfw,4,640,35,9464.7344,35.0168,6.2962,27.3978,1760.295,7634.9238,0.1915,0.8661,50.0
train,vfw,1,640,55,11696.6195,54.9975,33.0937,24.1854,3571.69,10024.9489,0.0189,0.5999,50.0
train,vfw,2,512,45,10675.7952,44.961,15.0145,24.5205,2908.3641,9333.6219,0.0038,0.7333,50.0
train,vfw,2,256,50,11137.2862,50.0003,17.6028,51.8369,2682.8624,9660.9769,0.066,0.6661,50.0
train,vfw,1,1024,55,11751.4289,54.947,25.1118,23.9132,3281.5682,9523.1985,0.0583,0.5995,50.0
train,vfw,2,256,40,10036.0036,40.0001,15.4621,52.2789,2247.698,9434.6764,0.0763,0.7993,50.0
train,vfw,3,640,25,8531.3314,25.015,7.0578,24.5978,914.6553,9103.9171,0.0617,0.9998,50.0
train,vfw,4,512,80,14401.1554,80.0022,11.3806,28.843,5901.8956,10009.2159,0.0495,0.2665,50.0
train,vfw,2,896,25,8529.5349,24.9893,12.2721,25.3064,986.0182,9153.5169,0.0745,0.9994,50.0
train,vfw,3,256,90,15505.0955,89.9829,16.6022,51.3583,6512.8714,10673.5652,0.0137,0.1333,50.0
train,vfw,4,896,30,8981.255,29.9976,5.8977,27.2958,453.8946,7742.91,0.3393,0.9328,49.0
train,vfw,3,1024,35,9592.7703,34.9877,8.0502,25.3552,1260.2121,7720.1307,0.5142,0.866,50.0
train,vfw,2,896,25,8533.2309,24.9947,13.4011,25.4211,812.2759,9293.0217,0.0746,0.9994,50.0
train,vfw,1,512,55,11682.2238,55.0044,35.8741,24.4852,3922.9745,9879.5902,0.0057,0.6,50.0
train,vfw,4,512,45,10531.5854,45.0046,6.8937,27.8752,2396.0623,7381.6177,0.1115,0.7327,50.0
train,vfw,2,256,40,10042.7566,39.9892,15.356,52.3869,2398.4205,9103.7195,0.0763,0.7993,50.0
train,vfw,2,384,50,11177.1741,49.9889,17.4512,38.2061,2779.3313,9500.6335,0.0353,0.6664,50.0
train,vfw,3,256,25,8492.7462,25.014,8.3611,51.7851,818.9314,6333.1746,0.0,1.0,50.0
train,vfw,4,512,75,13847.9099,75.0135,9.9949,28.4867,5307.9014,9652.5783,0.0584,0.3331,50.0
train,vfw,1,640,95,16108.2751,95.0404,45.8569,25.0068,7358.4093,11415.3778,0.0148,0.0667,50.0
train,vfw,1,1024,30,9017.6732,29.9933,19.4922,23.4239,468.4112,8707.2679,0.0828,0.9326,50.0
train,vfw,3,384,40,10132.7727,40.0025,10.57,38.4531,1800.9443,8316.0513,0.0028,0.8,50.0
train,vfw,1,640,80,14457.3698,80.0428,41.3174,24.459,5869.9338,11019.9918,0.0163,0.2666,50.0
train,vfw,1,256,90,15501.7033,89.7751,51.5977,48.8579,6838.4519,11153.2333,0.024,0.1332,50.0
train,vfw,4,640,60,12211.4277,60.0105,9.8396,28.1995,3563.6182,8588.8982,0.1233,0.5333,50.0
train,vfw,1,384,55,11694.7047,54.9532,39.2289,37.0014,3566.6269,9868.0557,0.0319,0.5998,49.0
train,vfw,4,1024,45,10652.3944,45.0175,7.3505,27.6384,2590.7404,9412.505,0.3757,0.7336,49.0
train,vfw,1,512,35,9473.8483,34.983,28.6406,24.1804,1427.0114,9023.7392,0.0019,0.8667,50.0
train,vfw,1,512,65,12785.4337,65.0347,40.0063,24.6442,4675.2488,10578.7999,0.0076,0.4667,50.0
train,vfw,4,256,65,12784.5044,64.9677,10.3841,55.2851,4456.8779,10252.4863,0.0479,0.4663,50.0
train,vfw,1,1024,45,10656.9753,44.9663,22.7523,23.6599,2819.9975,9906.5794,0.0681,0.7327,50.0
train,vfw,4,384,99999,18974.5643,126.912,13.6651,40.2201,8329.5473,9590.2291,0.0015,0.0,50.0
train,vfw,2,256,30,8940.2774,30.0024,15.9427,53.1799,1263.6719,9243.4413,0.0867,0.9325,50.0
train,vfw,4,256,65,12787.9767,64.9789,8.947,55.5793,4188.7111,9961.0171,0.0479,0.4663,50.0
train,vfw,4,384,50,11118.028,50.001,6.3007,41.4796,3151.1587,8949.2103,0.0825,0.6661,50.0
train,vfw,1,1024,45,10654.0053,44.9563,23.6007,23.4955,2197.3527,9202.6872,0.0681,0.7327,50.0
train,vfw,3,1024,35,9600.4593,35.0029,8.9495,25.2906,879.0505,7546.8809,0.5854,0.866,50.0
train,vfw,3,256,99999,18954.6753,126.8771,17.5721,50.4598,7994.3475,8813.7312,0.0014,0.0,50.0
train,vfw,1,640,100,16652.7441,100.0497,48.3354,24.9516,7953.1857,11415.3778,0.0143,0.0,50.0
train,vfw,2,768,50,11227.6225,49.9927,14.7134,25.0478,2995.8753,9844.8316,0.0378,0.6664,50.0
train,vfw,3,1024,25,8547.4,24.9872,8.9778,25.4118,380.4,5955.3111,1.0081,0.9992,50.0
train,vfw,1,384,75,13880.4356,74.9428,44.5221,36.7657,5309.9319,10474.6879,0.0241,0.3332,50.0
train,vfw,2,512,80,14475.9673,79.9482,19.8809,24.8076,5419.8248,10320.1274,0.0104,0.2667,50.0
train,vfw,3,384,100,16599.598,100.0033,16.1777,38.4012,7777.8703,11415.3778,0.0141,0.0,50.0
train,vfw,1,768,60,12266.3363,59.9864,33.0148,24.3019,4273.571,10480.9716,0.03,0.5331,50.0
train,vfw,1,896,80,14484.1388,79.9553,34.7657,24.3314,5594.9005,10448.8253,0.0975,0.2665,50.0
train,vfw,1,1024,40,10108.9347,39.9666,21.9249,23.8378,2316.8845,9357.7811,0.0729,0.7994,50.0
train,vfw,3,768,95,16079.5425,95.0105,12.7478,25.8895,6207.3552,10894.4874,0.0226,0.0666,50.0
train,vfw,3,768,30,9063.2095,29.9943,7.7361,25.0317,1150.3638,8580.3304,0.2509,0.933,50.0
train,vfw,2,896,100,16617.2548,99.9571,20.6114,25.3447,6887.9786,10551.9661,0.0141,0.0,50.0
train,vfw,3,768,35,9612.1585,35.015,7.9182,24.9435,1662.8126,8837.5896,0.2641,0.8663,50.0
train,vfw,4,768,99999,18966.4144,126.8837,13.6843,27.6489,9804.9331,10945.0513,0.0016,0.0,50.0
train,vfw,3,1024,75,13915.7029,74.9917,10.4535,26.2131,4316.656,9729.7566,0.1034,0.3331,50.0
train,vfw,3,1024,35,9569.559,35.0082,7.9892,25.077,1164.0199,8627.0713,0.2678,0.866,50.0
train,vfw,4,512,99999,18962.2386,126.8587,13.2259,27.9021,10216.9778,11415.3778,0.0016,0.0,50.0
train,vfw,4,384,100,16619.3959,99.9814,11.641,42.8868,8009.042,11214.8515,0.0142,0.0,50.0
train,vfw,3,384,90,15514.3813,89.9883,14.3519,38.4103,6737.1225,10814.7163,0.0125,0.1333,50.0
train,vfw,4,256,30,8950.5643,30.0059,4.9701,54.2887,1080.1908,8863.3892,0.0816,0.9326,50.0
train,vfw,3,384,90,15519.2405,89.9914,14.3402,38.3233,6229.8767,10337.9789,0.0123,0.1333,50.0
train,vfw,4,768,55,11685.0297,55.0069,9.8223,27.7395,3561.956,8925.0736,0.18,0.6002,50.0
train,vfw,3,384,45,10671.5649,44.9905,9.9543,38.4414,2825.6752,8472.2374,0.0037,0.7333,50.0
train,vfw,4,512,65,12741.5208,64.9996,9.7493,28.3606,4359.1268,8922.3668,0.0761,0.4663,50.0
train,vfw,4,768,95,16075.7812,95.0491,11.8811,28.5442,6920.4048,11071.8415,0.0325,0.0682,50.0
train,vfw,4,1024,95,16105.6043,95.0834,12.0687,28.0753,7013.7318,10758.33,0.1584,0.0697,50.0
train,vfw,2,1024,75,13919.9464,74.9897,16.8246,25.6575,4639.5256,10219.9216,0.0425,0.3331,50.0
train,vfw,1,768,85,15014.2903,84.9967,39.1552,24.5661,5578.8119,10200.0965,0.0202,0.1999,50.0
train,vfw,4,640,95,16060.2236,95.0149,13.1759,28.2687,6881.3646,10815.3439,0.0277,0.0674,50.0
train,vfw,1,256,80,14420.7963,79.8104,47.6468,48.9387,5681.2587,10627.416,0.0338,0.2665,49.0
train,vfw,4,384,99999,18974.8936,126.9061,14.3224,40.4267,8562.9034,9563.67,0.0015,0.0,50.0
train,vfw,4,640,30,8906.6288,29.9939,6.7149,27.4282,948.6651,6927.2723,0.2051,0.9326,50.0
train,vfw,3,256,65,12815.2648,64.9996,10.4989,51.8044,4005.325,8558.7221,0.0076,0.4667,50.0
train,vfw,4,640,100,16617.5104,100.028,12.5315,28.9081,7672.8378,11415.3778,0.0141,0.0008,50.0
train,vfw,1,384,40,10055.4693,39.9741,32.5635,36.8796,1986.6582,9305.5719,0.0378,0.7997,49.0
train,vfw,4,640,25,8351.9922,25.0076,5.3068,27.0772,695.198,6792.8246,0.2188,0.9992,50.0
train,vfw,3,1024,70,13389.6957,70.0003,11.6134,26.1615,3569.1906,9327.5502,0.3091,0.3997,50.0
train,vfw,1,896,45,10639.3467,44.9792,23.6177,24.0246,2506.0585,9544.3821,0.052,0.7329,50.0
train,vfw,2,384,60,12268.5065,59.9856,18.6414,37.9622,3184.2016,9615.681,0.0311,0.5331,50.0
train,vfw,4,768,100,16621.5393,100.0496,11.8322,28.4876,7592.5509,11415.3778,0.0143,0.0016,50.0
train,vfw,2,640,40,10140.6518,39.9784,14.032,24.7826,1698.7088,9062.7531,0.0227,0.7998,50.0
train,vfw,1,256,40,10089.4764,39.9547,37.3891,49.4583,1958.7453,9088.0425,0.1387,0.7994,48.0
train,vfw,4,768,60,12237.5537,60.0226,9.7562,28.219,4010.3443,9466.7441,0.1616,0.5337,50.0
train,vfw,2,256,80,14438.0708,80.0002,23.9199,50.6714,5755.6076,10721.1903,0.0195,0.2664,50.0
train,vfw,1,384,65,12784.6498,64.9342,42.3264,36.5372,3923.7008,9709.5585,0.028,0.4665,50.0
train,vfw,4,1024,80,14458.2531,80.0573,10.2148,27.6362,5218.705,10160.8448,0.1262,0.2689,50.0
train,vfw,2,384,60,12273.5726,59.9852,17.8456,38.057,4004.063,10149.3083,0.0311,0.5331,50.0
train,vfw,3,384,75,13908.1546,75.0088,10.0357,38.5468,5057.8471,9916.081,0.0095,0.3333,50.0
train,vfw,1,768,85,15007.9318,84.9902,39.3964,24.5449,6082.2144,11031.7165,0.0221,0.1999,50.0
train,vfw,2,384,65,12816.9483,64.9828,19.3844,37.871,3822.4884,9703.3103,0.029,0.4665,50.0
train,vfw,3,1024,99999,18985.6,126.9397,14.9333,26.3124,6794.5778,7549.5778,0.0013,0.0,50.0
train,vfw,1,384,25,8412.433,24.9776,28.8142,36.7146,370.8,8123.021,0.0436,0.9996,49.0
train,vfw,1,256,35,9544.181,34.9861,35.8504,49.3566,1574.2026,9316.6123,0.0775,0.866,48.0
train,vfw,3,640,30,9065.2861,30.0023,8.1169,24.8587,1360.7074,9283.1885,0.055,0.9331,50.0
train,vfw,2,640,85,15013.9474,84.9556,20.4613,25.2534,6507.928,11203.0796,0.0163,0.2,50.0
train,vfw,3,896,70,13384.0113,69.9833,11.0031,25.9672,4141.2214,9284.8726,0.2575,0.3998,50.0
train,vfw,4,512,100,16607.3233,100.0099,13.3752,29.0374,7374.6722,11151.6411,0.0141,0.0,50.0
train,vfw,4,640,80,14403.9277,79.9969,10.2818,28.388,5392.6341,9771.1595,0.0687,0.2671,50.0
train,vfw,2,896,50,11232.6693,49.9905,14.8731,25.4145,2698.7251,9414.5137,0.1057,0.6663,50.0
train,vfw,1,512,99999,18986.1037,126.9715,56.4972,23.1291,9027.1639,10045.768,0.0013,0.0,50.0
train,vfw,2,512,55,11747.4559,54.9376,16.25,24.5802,2922.7198,9299.7513,0.0057,0.6,50.0
train,vfw,3,896,75,13919.7144,75.0143,11.7596,25.4549,3689.2329,9902.1016,0.1077,0.3331,50.0
train,vfw,1,1024,40,10112.112,39.9773,22.2853,23.823,1969.9254,9454.9899,0.073,0.7994,50.0
train,vfw,4,512,75,13837.2483,74.9812,9.1698,28.3606,4334.78,8550.9147,0.0584,0.3331,50.0
train,vfw,1,256,60,12254.7717,59.8959,42.1296,49.4343,3777.2113,9867.7636,0.0532,0.5329,49.0
train,vfw,3,640,65,12822.6308,64.9585,10.203,25.2964,3166.691,8805.2527,0.0842,0.4666,50.0
train,vfw,2,1024,65,12851.8241,65.0057,14.7834,26.177,4680.9984,10520.7755,0.0539,0.4663,50.0
train,vfw,2,768,99999,18992.1489,126.992,29.4751,25.6716,9181.8069,10641.641,0.196,0.0,50.0
train,vfw,3,640,50,11242.3875,49.9963,9.7602,25.2838,2771.3812,8854.3776,0.2722,0.6665,50.0
train,vfw,4,384,90,15519.0625,89.9829,11.175,42.7067,6884.9039,10727.4555,0.0278,0.1332,50.0
train,vfw,4,896,55,11710.7916,55.0199,7.8802,27.7696,3202.6689,9089.8884,0.2231,0.6005,50.0
train,vfw,3,768,80,14461.0217,80.0126,11.6852,25.608,4801.241,10315.1073,0.0752,0.2666,50.0
train,vfw,1,640,25,8395.1616,24.9663,23.909,23.9594,852.3182,9067.0611,0.0219,0.9998,50.0
train,vfw,2,384,25,8446.1247,24.9971,13.0347,38.6884,897.4645,9175.6844,0.0459,0.9995,50.0
train,vfw,3,768,60,12300.5033,60.0093,10.3896,25.3336,2887.2592,9042.3818,0.1375,0.5331,50.0
train,vfw,1,384,35,9511.7828,34.9825,31.9163,37.0334,1777.9027,9355.6199,0.062,0.8663,49.0
train,vfw,1,768,85,15016.7262,84.9928,39.2683,24.5511,6492.0104,11217.6852,0.0202,0.1999,50.0
train,vfw,2,256,50,11140.1149,49.9997,17.983,51.9089,3083.8778,9784.5282,0.0837,0.6661,50.0
train,vfw,1,512,35,9472.7967,34.9799,29.3867,23.9935,1685.8571,9501.5137,0.0019,0.8667,50.0
train,vfw,3,384,40,10138.3407,40.0016,9.0166,38.4048,2301.7333,8444.7575,0.0028,0.8,50.0
train,vfw,3,640,99999,18921.8683,126.867,17.087,25.4873,7161.6712,8067.9283,0.0015,0.0,50.0
train,vfw,4,896,35,9526.5858,35.0043,6.3359,27.3941,1881.539,9052.0334,0.3161,0.8663,49.0
train,vfw,3,512,45,10692.2469,44.9947,8.4905,25.001,2707.6377,9544.6907,0.0037,0.7333,50.0
train,vfw,3,768,90,15545.9521,89.9948,12.9057,25.7881,5856.5562,10196.7776,0.141,0.1333,50.0
train,vfw,1,256,99999,18945.9333,126.9157,61.0222,49.7584,10132.8667,11275.9778,0.0015,0.0,50.0
train,vfw,2,896,85,15002.7358,84.9754,17.0966,25.6682,5533.8014,10187.3702,0.0057,0.1999,50.0
train,vfw,3,640,25,8537.7058,24.9985,9.1141,24.5977,721.8473,8539.1534,0.1823,0.9998,50.0
train,vfw,2,768,99999,18971.819,126.9677,29.6986,25.1598,9442.2958,10715.4259,0.0016,0.0,50.0
train,vfw,4,1024,30,9018.5502,30.0233,7.1318,27.3978,1555.8845,9657.3314,0.4064,0.9328,49.0
train,vfw,3,768,65,12823.6201,64.9648,9.9151,25.5781,3091.0695,9034.9668,0.141,0.4665,50.0
train,vfw,3,640,80,14458.6062,80.0076,11.7092,25.4127,4951.107,9990.9937,0.0635,0.2666,50.0
train,vfw,4,1024,70,13377.8786,70.0755,8.9897,27.5853,4950.9822,10583.7534,0.1822,0.4017,50.0
train,vfw,2,640,80,14462.0835,79.9573,18.9945,25.0621,5311.6292,10502.1718,0.0145,0.2666,50.0
train,vfw,3,1024,35,9608.8695,34.9997,8.7713,25.4691,649.8718,6562.8404,0.6925,0.866,50.0
train,vfw,2,256,40,10044.2016,40.0169,14.8735,52.7956,2366.9459,9806.3779,0.0764,0.7993,50.0
train,vfw,2,512,55,11762.9439,54.9725,16.1906,24.6518,3325.5145,10016.2953,0.0057,0.6,50.0
train,vfw,4,512,85,14951.3194,85.0124,11.7707,28.6542,6295.0495,10374.7583,0.0406,0.1998,50.0
train,vfw,3,768,100,16619.3412,100.0069,12.5,25.8748,5929.5245,10359.8829,0.0142,0.0,50.0
train,vfw,3,384,65,12828.8831,64.9918,11.629,38.255,3791.5901,8944.3846,0.0075,0.4667,50.0
train,vfw,1,1024,30,9020.1452,30.0031,19.3541,24.1567,1569.9845,9538.1054,0.0827,0.9326,50.0
train,vfw,2,1024,85,15001.0225,84.9971,18.0761,26.0696,6667.4252,11415.3778,0.0311,0.1998,50.0
train,vfw,2,256,90,15540.7465,90.0042,23.1514,50.1013,6497.2592,10785.5544,0.0245,0.1332,50.0
train,vfw,3,640,90,15534.9328,90.0118,13.2008,25.5937,6373.0542,10965.306,0.0347,0.1333,50.0
train,vfw,3,640,30,9072.5682,30.0068,8.2585,24.8702,931.3879,8852.8296,0.1383,0.9331,50.0
train,vfw,4,1024,45,10650.8288,45.0301,6.805,27.7803,2708.6131,9856.7397,0.3223,0.7336,49.0
train,vfw,2,896,55,11769.1085,54.9853,15.0614,25.4879,3552.9355,9815.8315,0.0504,0.5996,50.0
train,vfw,3,1024,60,12283.4596,59.9965,9.9991,25.8694,3307.9393,9581.2893,0.1461,0.5329,50.0
train,vfw,1,512,95,16096.2096,95.0771,50.111,25.1531,6941.393,10909.1329,0.0133,0.0667,50.0
train,vfw,1,1024,60,12298.2038,59.9494,26.3087,23.8594,3303.6751,9792.5911,0.0534,0.5329,50.0
train,vfw,2,512,100,16658.342,99.9381,24.0801,25.1459,7541.7326,10973.9555,0.1235,0.0,50.0
train,vfw,2,768,35,9596.7408,34.9708,14.0557,24.5095,909.0633,8608.1983,0.045,0.8663,50.0
train,vfw,1,896,30,8991.4205,29.9757,21.0828,23.7416,1362.7815,9304.1894,0.0623,0.9328,50.0
train,vfw,3,512,85,14993.6708,85.0124,10.5352,25.3223,5909.2665,10638.3448,0.0114,0.2,50.0
train,vfw,3,640,85,14997.1325,85.0153,13.1875,25.5577,6280.4192,11245.6827,0.0391,0.2,50.0
train,vfw,3,512,40,10149.6445,40.0128,7.8124,24.5707,2354.8203,9684.8085,0.0029,0.8,50.0
train,vfw,4,384,65,12764.8945,64.9918,7.7513,41.915,4376.865,9553.4196,0.062,0.4663,50.0
train,vfw,3,640,55,11766.6189,55.0097,9.3835,25.0535,3524.8615,9888.0743,0.0723,0.5999,50.0
train,vfw,1,640,60,12249.1635,60.0121,34.4922,24.1238,4139.3899,10103.5061,0.0735,0.5332,50.0
train,vfw,3,896,100,16627.9023,100.0102,13.274,26.3448,6537.6937,11127.8398,0.014,0.0,50.0
train,vfw,3,384,65,12827.0233,64.9924,11.881,38.333,4497.2303,9741.3718,0.0076,0.4667,50.0
train,vfw,1,896,95,16126.9106,94.9502,38.6354,24.4647,6898.7318,11070.9555,0.0487,0.0666,50.0
train,vfw,1,896,25,8449.1596,24.995,18.2162,23.8004,909.5269,9159.8033,0.0657,0.9994,50.0
train,vfw,4,512,60,12169.2731,60.0015,8.5537,28.0009,3738.3605,8928.5993,0.0751,0.5329,50.0
train,vfw,2,384,70,13353.8712,69.9793,20.6758,37.9803,4861.5884,10734.6586,0.0237,0.3998,50.0
train,vfw,3,1024,45,10643.6974,45.0002,9.8434,25.2492,1932.7464,9341.2438,0.0949,0.7327,50.0
train,vfw,1,896,85,15023.1677,84.9388,37.3822,24.3635,6385.7531,10825.776,0.0245,0.1999,50.0
train,vfw,3,896,35,9564.2951,34.9588,8.0271,25.1759,928.0888,8197.586,0.2032,0.8661,50.0
train,vfw,1,896,99999,18974.8289,126.9211,49.7738,24.2688,9583.6812,11254.4099,0.0014,0.0,50.0
train,vfw,4,896,100,16632.5819,100.0676,11.2879,28.2447,7485.1519,11287.2386,0.0141,0.0025,50.0
train,vfw,3,256,55,11734.1773,54.9868,12.0563,51.5451,2498.518,7225.7203,0.0056,0.6,50.0
train,vfw,4,512,35,9424.6756,34.9862,6.8094,27.3579,910.9977,6052.5236,0.1292,0.866,50.0
train,vfw,1,640,40,10043.9325,39.9598,29.5272,23.5315,1516.8396,8642.7977,0.0716,0.7998,50.0
train,vfw,4,640,55,11647.5458,55.0115,7.5149,27.8794,3300.8989,8910.2462,0.1386,0.5998,50.0
train,vfw,2,896,30,9073.4915,29.994,13.0413,25.2648,786.9603,8913.6833,0.0705,0.9328,50.0
train,vfw,2,1024,55,11768.5293,54.9951,15.5315,25.6476,3159.9862,9913.6958,0.0653,0.5995,50.0
train,vfw,3,640,30,9076.0998,29.9923,7.7345,24.9962,1613.6132,9208.1419,0.1722,0.9331,50.0
train,vfw,1,768,25,8421.1962,24.975,21.3679,23.7377,422.6914,8605.8868,0.0438,0.9996,50.0
train,vfw,2,768,65,12849.2414,64.9875,17.5787,25.343,4669.8842,10497.9398,0.0307,0.4665,50.0
train,vfw,4,512,100,16606.8444,100.0068,12.5667,28.9259,7401.9333,11175.7778,0.0141,0.0,50.0
train,vfw,4,384,50,11111.8241,49.995,8.6873,41.5387,2868.1098,8763.0871,0.0825,0.6661,50.0
train,vfw,2,384,55,11721.7507,54.9737,19.8738,38.0488,3377.9125,9805.3213,0.0332,0.5997,50.0
train,vfw,3,1024,95,16102.4693,95.0109,13.0376,26.5436,5707.6272,10566.0043,0.1401,0.0666,50.0
train,vfw,1,512,25,8370.8567,24.9547,24.8975,23.7658,372.3485,8546.4639,0.0,1.0,50.0
train,vfw,1,384,75,13885.0072,74.9348,44.8076,37.0978,5045.9418,10244.2608,0.0241,0.3332,50.0
train,vfw,3,768,60,12299.7484,59.9994,10.8022,25.6242,3704.0155,9717.2996,0.1282,0.5331,50.0
train,vfw,3,384,90,15518.107,89.9856,14.8219,38.1911,6444.2713,10474.9131,0.0123,0.1333,50.0
train,vfw,1,640,40,10046.1627,39.9878,28.5663,23.9026,1639.3482,9222.2166,0.0204,0.7998,50.0
train,vfw,1,256,80,14422.6493,79.8208,47.9787,48.8451,5700.5792,10593.3232,0.0337,0.2665,49.0
train,vfw,1,896,30,8992.6149,29.9727,21.1425,23.6961,943.8175,8635.7031,0.0622,0.9328,50.0
train,vfw,2,768,60,12308.6083,59.9935,16.3694,25.0437,3528.3818,9714.2233,0.0331,0.5331,50.0
train,vfw,4,256,70,13333.1694,69.9838,9.176,55.5499,4237.1093,10275.9164,0.0431,0.3997,50.0
train,vfw,2,384,60,12275.3409,59.9862,17.7954,38.0859,3987.9675,10188.8892,0.0311,0.5331,50.0
train,vfw,1,384,70,13336.861,69.9435,44.9959,37.2317,5033.1359,10510.8544,0.026,0.3998,50.0
train,vfw,4,512,40,9977.4026,39.994,7.3263,27.7682,2091.1406,7200.1125,0.1203,0.7994,50.0
train,vfw,2,384,80,14459.5488,79.9812,21.38,37.5452,5590.4376,10504.2776,0.0226,0.2665,50.0
train,vfw,1,1024,65,12850.0237,64.9486,28.1074,24.0154,4670.8742,10577.7219,0.0485,0.4663,50.0
train,vfw,3,512,25,8542.2697,24.9987,7.6786,24.7289,1009.2573,9339.8798,0.0,1.0,50.0
train,vfw,2,512,30,9028.9583,29.9471,12.4059,24.3417,533.314,8397.8774,0.001,0.9333,50.0
train,vfw,4,1024,75,13916.0411,75.0653,9.9727,27.9008,5040.8987,10576.3701,0.1542,0.3353,50.0
train,vfw,1,768,60,12272.9137,59.9827,32.4468,24.2406,3670.8944,9568.3572,0.1121,0.5331,50.0
train,vfw,1,896,100,16669.5516,99.9481,41.3208,24.8448,7791.2777,11415.3778,0.0129,0.0,50.0
test,vfw,2,256,25,8487.8667,24.9924,13.5,53.489,605.7778,9042.5333,0.1013,0.9983,49.0
train,vfw,3,256,99999,18968.9807,126.9184,15.6036,51.3365,8938.1307,10028.9037,0.0014,0.0,50.0
train,vfw,2,896,90,15537.2686,89.9665,18.8693,25.7934,6357.2839,10692.4535,0.0222,0.1333,50.0
train,vfw,3,640,75,13918.2722,75.0147,11.2249,25.2393,4489.6526,10288.0331,0.0335,0.3333,50.0
train,vfw,3,384,30,9056.4173,29.9952,8.1379,38.3562,711.6667,7346.9483,0.001,0.9333,50.0
train,vfw,2,384,30,8996.7552,30.005,12.178,39.0336,1131.2698,9067.6194,0.0438,0.9329,50.0
train,vfw,3,256,65,12812.5531,64.9862,13.6991,51.6413,4497.4771,8860.7356,0.0075,0.4667,50.0
train,vfw,4,256,95,16077.3997,94.9422,10.969,56.6534,6577.1427,10333.1291,0.1092,0.0666,50.0
train,vfw,1,1024,85,15035.9759,84.9112,33.4766,24.0821,6044.2333,10833.826,0.0289,0.1998,50.0
test,vfw,1,256,99999,18936.8,126.8743,60.3111,49.188,6901.6,11470.9778,0.0013,0.0,50.0
train,vfw,1,512,75,13890.3475,75.0456,43.8507,25.1194,5418.0427,10763.983,0.0095,0.3333,50.0
train,vfw,4,384,60,12213.0594,59.9925,9.2502,41.7937,3799.477,9229.3383,0.0688,0.5329,50.0
train,vfw,4,640,99999,18960.3162,126.8744,13.6614,27.4813,9372.8036,10645.0475,0.0016,0.0,50.0
train,vfw,4,640,55,11660.3892,55.0097,8.6808,27.9827,3164.8023,8533.6229,0.1369,0.5998,50.0
train,vfw,2,768,85,15004.2084,84.9521,19.76,25.0461,5494.0975,10086.9004,0.0213,0.1999,50.0
train,vfw,4,256,35,9490.7991,34.9867,6.7427,54.1421,1537.0072,9107.3905,0.0486,0.866,50.0
train,vfw,4,256,90,15532.1583,89.9767,11.3059,56.3422,6677.202,11051.8505,0.0238,0.1332,50.0
train,vfw,4,256,80,14437.4216,79.9828,9.4174,55.843,5954.9503,10937.2621,0.0335,0.2665,50.0
train,vfw,4,384,35,9450.8014,34.9905,5.7065,40.8155,1030.9662,7569.5647,0.0152,0.866,50.0
train,vfw,3,768,50,11215.8128,50.0006,8.797,25.1286,1863.6908,8662.6909,0.12,0.6664,50.0
train,vfw,3,512,75,13920.9057,75.0181,10.4074,25.5592,5378.042,10607.9291,0.0095,0.3333,50.0
train,vfw,1,384,35,9509.3704,34.9878,32.4168,36.5624,1212.1916,9229.3833,0.0398,0.8663,49.0
train,vfw,4,896,65,12806.348,65.0388,11.1096,28.1543,4528.3639,10133.6387,0.1767,0.4676,50.0
train,vfw,4,1024,40,10105.8452,40.0123,6.5795,27.4167,1687.5242,9084.354,0.3503,0.8,49.0
train,vfw,3,384,65,12826.2593,65.0005,12.8526,38.3502,4359.8796,9582.197,0.0075,0.4667,50.0
train,vfw,1,512,25,8368.8277,24.9547,25.1039,23.8723,929.2695,9161.7134,0.0,1.0,50.0
train,vfw,3,384,35,9592.9344,34.9803,9.1224,38.3625,1176.18,7423.9044,0.0662,0.8667,50.0
train,vfw,2,512,75,13933.5447,74.9579,19.2978,25.0045,5213.7967,10548.0583,0.0095,0.3333,50.0
train,vfw,2,640,30,9046.9498,29.9645,13.6932,24.2085,706.2118,8525.2634,0.0241,0.9331,50.0
train,vfw,2,640,50,11226.9919,49.9716,15.4758,24.9594,2521.3533,9265.2213,0.0213,0.6665,50.0
train,vfw,1,640,90,15554.5235,90.035,45.2438,24.9623,6995.7001,11240.8685,0.0153,0.1333,50.0
train,vfw,3,896,45,10689.6651,44.9937,9.3012,25.4183,2302.5206,8546.1343,0.4273,0.7329,50.0
train,vfw,2,768,55,11765.5104,54.9796,15.5589,25.1493,3415.8124,9980.2908,0.0355,0.5998,50.0
train,vfw,4,512,90,15490.6049,89.9971,13.667,28.5058,6496.2014,10740.8579,0.0340,0.1332,50.0
train,vfw,2,512,100,16649.0772,99.9418,23.073,25.2833,7450.6655,11173.8801,0.0142,0.0,50.0
train,vfw,1,768,99999,18980.0753,126.9445,51.6907,23.6407,10122.5282,11250.4491,0.0013,0.0,50.0
train,vfw,1,640,80,14454.4156,80.0281,41.3777,25.0139,5865.4858,10873.4846,0.0163,0.2666,50.0
test,vfw,2,512,100,16609.0,100.0255,20.0778,27.9978,7557.2667,11274.5556,0.014,0.0,50.0
train,vfw,1,896,75,13933.6022,74.971,33.0704,24.1124,5552.1541,10776.9663,0.0314,0.3331,50.0
train,vfw,4,256,85,14981.9484,84.971,10.9875,56.0895,6102.9943,10740.8827,0.0286,0.1998,50.0
train,vfw,2,512,99999,18979.0147,127.0137,28.1894,25.048,9679.9436,10768.7242,0.0015,0.0,50.0
train,vfw,2,512,60,12307.4133,59.9752,17.0092,24.6885,4033.294,10192.3611,0.0066,0.5333,50.0
train,vfw,1,512,70,13332.9383,70.0293,42.664,24.5937,4694.6594,10245.4666,0.0086,0.4,50.0
train,vfw,2,896,70,13385.9254,69.9864,16.7881,25.5615,4450.5361,10039.2935,0.0383,0.3998,50.0
train,vfw,3,640,25,8535.4025,25.0011,7.7174,24.8459,758.1204,8571.2495,0.1779,0.9998,50.0
train,vfw,1,384,35,9490.521,34.9737,32.3733,36.64,1582.3124,9685.0401,0.0352,0.8663,49.0
train,vfw,2,1024,40,10137.1596,39.9606,13.1446,25.5843,1226.0414,8865.4525,0.0824,0.7994,50.0
train,vfw,3,256,100,16589.1597,99.9702,18.2949,50.982,7311.3614,11064.147,0.0141,0.0,50.0
train,vfw,1,640,75,13905.5748,75.0308,39.3207,24.9861,5625.325,10937.6975,0.0168,0.3333,50.0
train,vfw,3,512,70,13381.6488,70.0075,11.2103,25.3925,5076.5988,10604.9473,0.0085,0.4,50.0
train,vfw,3,256,95,16049.6744,94.9833,17.4428,51.3299,6838.2988,10897.5424,0.0132,0.0667,50.0
train,vfw,3,256,65,12813.42,65.0025,13.6886,51.7791,3990.2764,8540.012,0.0075,0.4667,50.0
train,vfw,3,384,99999,18958.8892,126.9149,16.8882,37.849,7456.7539,8220.3802,0.0241,0.0,50.0
train,vfw,1,256,90,15495.4887,89.7748,50.1056,48.769,6551.6186,11102.0295,0.0220,0.1332,50.0
train,vfw,3,768,70,13388.1502,69.9996,10.9795,25.6221,4391.4451,9786.5879,0.1926,0.3998,50.0
train,vfw,4,640,75,13868.2867,75.0348,9.6738,28.8129,5612.9215,10229.4945,0.0823,0.3336,50.0
train,vfw,1,256,80,14415.6329,79.8207,48.136,48.8991,5674.9364,10759.928,0.0365,0.2665,49.0
train,vfw,4,384,85,14964.3156,84.9743,11.8937,42.2965,5869.5439,10217.5571,0.0347,0.1998,50.0
train,vfw,1,640,95,16103.7477,95.0327,45.8606,24.9355,6789.8445,10848.4546,0.0148,0.0667,50.0
train,vfw,2,256,25,8393.2878,25.0047,12.5221,53.109,907.6871,9197.009,0.0919,0.9991,50.0
train,vfw,1,1024,75,13945.782,74.9292,29.6535,24.1271,5474.2768,10647.1112,0.0387,0.3331,50.0
train,vfw,4,640,95,16066.9978,95.0213,11.6187,28.4925,6523.224,10411.7773,0.0277,0.0674,50.0
train,vfw,3,384,99999,18954.0134,126.9026,18.054,37.5767,8121.559,9029.8122,0.0015,0.0,50.0
train,vfw,2,384,90,15549.9883,89.964,23.8021,37.5293,6487.3334,10788.7843,0.0184,0.1333,50.0
train,vfw,2,896,75,13929.3795,74.9744,16.8408,25.737,5829.6718,10402.7159,0.0343,0.3331,50.0
train,vfw,2,384,95,16096.5194,94.9773,23.4398,37.6768,7217.2709,11335.916,0.0148,0.0666,50.0
train,vfw,4,896,60,12258.8942,60.0347,9.0645,27.8332,4055.8878,9908.1406,0.1999,0.5341,50.0
train,vfw,3,384,50,11206.2006,49.9885,8.8922,38.456,2613.1637,8418.5974,0.0047,0.6667,50.0
train,vfw,1,896,85,15032.3775,84.9708,33.4295,24.4577,6293.9839,11003.5705,0.0246,0.1999,50.0
train,vfw,3,1024,65,12848.734,64.9808,11.3892,26.4765,3998.9436,9126.4739,0.3648,0.4663,50.0
train,vfw,1,384,50,11150.0516,49.9553,38.0873,36.7596,2871.359,9467.9572,0.0752,0.6664,49.0
train,vfw,2,256,30,8938.2451,29.9871,13.7576,52.9193,1285.4779,8846.0712,0.0866,0.9325,50.0
train,vfw,1,512,45,10579.5712,44.9997,31.1207,24.5278,2490.2614,9507.3069,0.0038,0.7333,50.0
train,vfw,2,1024,90,15544.0204,89.9939,18.5447,26.2327,6600.6871,10849.1929,0.0711,0.1332,50.0
train,vfw,2,896,100,16627.3715,99.9847,17.9297,26.0031,7492.056,11225.3988,0.0141,0.0,50.0
validation,vfw,3,512,99999,18954.3333,127.0068,16.3407,27.1126,6860.3556,11357.6667,0.0015,0.0,50.0
train,vfw,2,768,75,13931.7942,74.9826,17.757,25.2675,5504.1448,10645.1742,0.026,0.3332,50.0
train,vfw,3,768,50,11214.1086,50.0102,9.121,25.0698,2078.7179,9256.7093,0.085,0.6664,50.0
train,vfw,4,384,100,16620.1918,99.9932,11.8176,43.1505,7565.4996,11368.0952,0.0142,0.0,50.0
train,vfw,4,768,100,16625.3479,100.0606,12.5148,28.5281,7572.3723,11415.3778,0.0141,0.0016,50.0
train,vfw,3,640,35,9613.0305,34.9939,7.4032,24.9398,921.7284,8135.6233,0.1591,0.8665,50.0
train,vfw,1,512,95,16093.4261,95.085,50.3594,25.1577,6799.119,11214.1915,0.0133,0.0667,50.0
train,vfw,1,768,35,9518.8913,34.9714,24.27,23.9452,2196.5875,9886.7284,0.0399,0.8663,50.0
train,vfw,4,256,90,15531.7429,89.9627,10.1236,56.4576,7092.5766,11415.3778,0.0238,0.1332,50.0
train,vfw,2,896,60,12307.4617,59.987,15.2162,25.4433,3448.8701,9748.5995,0.0464,0.533,50.0
train,vfw,4,896,25,8432.6145,24.9971,6.2729,27.3843,806.6666,8408.333,0.3741,0.9992,49.0
train,vfw,1,896,90,15571.5701,89.9385,37.6684,24.1719,6319.3099,10679.183,0.0212,0.1333,50.0
train,vfw,4,512,100,16597.3593,100.0053,13.0023,28.8272,7426.2599,11415.3778,0.0160,0.0,50.0
train,vfw,3,384,35,9591.6583,34.9896,10.8235,38.153,1393.2985,7849.2906,0.0019,0.8667,50.0
train,vfw,4,640,60,12196.4094,60.0102,8.1963,27.9069,3620.7391,9078.984,0.1116,0.5333,50.0
train,vfw,3,1024,99999,18979.4222,127.0061,19.5407,26.9217,10216.9778,11360.6444,0.0014,0.0,50.0
train,vfw,4,384,25,8356.2409,24.9813,7.651,40.4635,758.5467,7258.5108,0.1166,0.9992,50.0
train,vfw,4,256,75,13883.4652,74.9902,9.0076,55.5419,4967.4437,10488.5555,0.0383,0.3331,50.0
train,vfw,1,640,80,14448.3211,80.0083,41.5696,24.4192,5218.936,10139.5303,0.0163,0.2666,50.0
train,vfw,4,256,70,13342.8468,69.9737,8.8269,55.6828,4872.6757,10174.4567,0.1163,0.3997,50.0
train,vfw,2,640,55,11763.1374,54.9665,15.3121,24.8891,3104.8783,9362.5017,0.0206,0.5999,50.0
train,vfw,4,896,25,8432.7167,24.9973,7.1816,27.6274,837.688,8439.8146,0.3625,0.9992,49.0
train,vfw,4,1024,40,10086.5341,39.9765,6.7637,27.41,1387.4974,8735.1741,0.3504,0.8,49.0
train,vfw,2,384,50,11182.4002,49.9805,16.2069,38.0541,2177.776,8939.3419,0.0353,0.6664,50.0
train,vfw,4,256,100,16628.0667,99.9645,11.4,56.7976,7394.8444,11166.5556,0.0142,0.0,50.0
train,vfw,4,512,80,14397.1345,80.0044,10.7741,28.4941,5397.2917,9590.5774,0.0495,0.2665,50.0
train,vfw,4,768,75,13889.3948,75.0318,10.6946,28.4745,5362.1763,10028.8469,0.1627,0.3342,50.0
train,vfw,4,256,99999,18991.2643,126.9605,13.487,52.8852,6716.8159,7684.9257,0.0014,0.0,50.0
train,vfw,1,512,25,8383.6877,24.9607,25.4438,23.8233,730.8394,8545.5304,0.1409,1.0,50.0
train,vfw,3,768,50,11210.7834,50.0027,8.5454,25.1318,2516.1926,9308.4908,0.0771,0.6664,50.0
train,vfw,1,768,100,16664.1111,99.9883,43.6576,24.8548,7926.0977,11415.3778,0.0143,0.0,50.0
train,vfw,4,1024,95,16095.1403,95.0846,10.9766,28.0165,6697.0623,10734.8138,0.0421,0.0697,50.0
train,vfw,2,640,40,10135.7271,39.9883,13.4556,24.5028,1922.3408,9266.9651,0.0227,0.7998,50.0
train,vfw,4,1024,95,16100.1631,95.0905,12.0631,28.4329,7470.3359,11415.3778,0.0421,0.0697,50.0
train,vfw,4,640,90,15516.5401,90.0336,11.5468,28.7619,6929.2787,11070.977,0.0414,0.1339,50.0
train,vfw,1,896,99999,18975.4904,126.8929,55.0549,24.3013,10216.9778,11415.3778,0.0014,0.0,50.0
train,vfw,4,1024,50,11194.0567,50.0215,7.9587,27.9035,3337.9215,9887.7319,0.2943,0.6672,49.0
train,vfw,2,640,99999,18978.8708,127.0004,28.9365,25.433,10216.9778,11415.3778,0.0015,0.0,50.0
train,vfw,4,1024,45,10648.4886,45.0179,6.5698,27.5662,2096.975,9164.4804,0.3223,0.7336,49.0
train,vfw,4,1024,100,16639.1327,100.0919,11.214,28.1439,7766.2931,11373.8722,0.0134,0.0033,50.0
train,vfw,2,512,45,10672.4462,44.9674,14.5455,24.4199,1457.4187,8373.8372,0.0038,0.7333,50.0
train,vfw,2,512,25,8501.2936,24.9752,12.2978,24.1828,715.4923,8626.5382,0.0,1.0,50.0
train,vfw,4,384,50,11113.8803,49.9848,7.3771,41.431,3324.7796,8560.3544,0.0825,0.6661,50.0
train,vfw,1,768,95,16116.0917,95.0032,42.9799,24.6986,7130.8636,11394.9243,0.0163,0.0666,50.0
validation,vfw,2,256,25,8408.6667,24.9887,11.6444,52.813,624.2,8747.6444,1.1087,0.9967,50.0
train,vfw,4,896,99999,18974.252,126.8963,12.6529,27.3977,9256.1271,10144.4879,0.0609,0.0,50.0
train,vfw,3,512,85,14978.6012,84.9722,11.7721,25.3675,5643.9225,10185.3182,0.0114,0.2,50.0
train,vfw,3,512,75,13917.8359,75.0066,10.8481,25.2978,5247.0164,10464.9479,0.0095,0.3333,50.0
train,vfw,2,512,30,9047.1022,29.9802,12.2741,24.456,1352.4232,8978.0699,0.001,0.9333,50.0
train,vfw,1,896,75,13928.7839,74.9536,32.7246,24.2293,4988.4983,10227.8998,0.0315,0.3331,50.0
train,vfw,4,256,50,11142.6202,49.9873,8.9985,55.2185,3268.2571,9873.6589,0.0623,0.6661,50.0
train,vfw,4,768,45,10588.0378,45.0047,7.4194,27.7379,2543.6433,8420.9535,0.2169,0.7332,50.0
train,vfw,4,640,100,16615.8742,100.0255,11.9895,28.6779,7589.6136,11402.9859,0.0141,0.0008,50.0
train,vfw,2,768,90,15551.613,89.9654,19.7576,25.52,6473.9353,10755.7873,0.0385,0.1333,50.0
train,vfw,1,384,60,12257.7138,59.9476,40.5102,36.9465,3809.9125,9432.3552,0.2056,0.5331,49.0
train,vfw,4,896,70,13356.1213,70.039,8.8504,27.8428,4310.9544,9579.9087,0.1534,0.4012,50.0
train,vfw,4,256,40,10033.1868,39.9602,6.3473,54.6376,1703.9096,8868.9536,0.072,0.7994,50.0
train,vfw,3,384,70,13368.7593,69.9982,13.1604,38.5845,4784.5743,9888.6434,0.0085,0.4,50.0
train,vfw,2,1024,80,14464.5327,80.0076,16.9092,25.7803,5279.5006,10252.3933,0.0368,0.2665,50.0
train,vfw,1,512,30,8919.9703,29.9593,27.1405,24.0603,1516.1033,9123.0346,0.0009,0.9333,50.0
train,vfw,4,1024,99999,18977.5802,126.9452,12.8807,26.9067,8034.7976,8951.2582,0.0015,0.0,50.0
train,vfw,1,384,30,8964.2547,29.9852,31.6542,37.0144,1470.2042,9447.6363,0.0416,0.933,49.0
train,vfw,4,896,80,14446.7833,80.0509,9.548,28.122,5780.7019,10600.3024,0.107,0.2683,50.0
train,vfw,1,896,60,12280.9041,59.957,29.6102,23.9065,3777.6933,9922.4754,0.0417,0.533,50.0
train,vfw,1,768,75,13898.8343,74.9487,36.1035,24.4637,4713.4391,9918.987,0.0241,0.3332,50.0
train,vfw,4,384,25,8361.6179,24.9969,5.3228,40.5547,612.0019,7192.9355,0.1672,0.9992,50.0
train,vfw,1,384,85,14983.3119,84.9339,46.9912,37.0894,5774.7573,10368.7112,0.0201,0.1999,50.0
train,vfw,2,640,60,12307.1327,59.9736,16.554,24.9937,3973.8416,10169.9162,0.0199,0.5332,50.0
train,vfw,3,640,75,13912.5726,74.9902,11.5458,25.4595,4973.1473,10252.7011,0.0584,0.3333,50.0
train,vfw,2,640,100,16638.6087,99.9402,20.9057,25.2759,6768.6254,10399.8943,0.0142,0.0,50.0
train,vfw,4,768,55,11684.7625,55.0069,7.8899,27.9299,3443.192,8748.4294,0.18,0.6002,50.0
train,vfw,4,256,75,13883.995,74.9727,9.7274,55.9079,5582.0274,10648.8834,0.0382,0.3331,50.0
train,vfw,1,896,75,13934.0592,74.9577,34.1791,24.6992,5556.5368,10858.4249,0.0315,0.3331,50.0
train,vfw,4,384,90,15513.1042,89.9772,11.7448,42.1658,6198.6367,10339.9314,0.0278,0.1332,50.0
train,vfw,1,1024,75,13931.2116,74.931,29.6084,23.9779,5304.3526,10915.3178,0.0409,0.3331,50.0
train,vfw,1,256,45,10622.7869,44.9471,38.5149,49.1878,2204.1329,9159.9417,0.0678,0.7327,49.0
train,vfw,2,640,50,11219.835,49.9692,15.3376,24.9291,2998.9086,9563.5291,0.0213,0.6665,50.0
train,vfw,4,512,70,13293.0532,70.003,10.9275,28.4944,4852.3589,9320.3564,0.0672,0.3997,50.0
train,vfw,2,384,95,16102.3172,94.9646,23.7004,37.2377,6298.312,10240.4958,0.0162,0.0666,50.0
train,vfw,2,1024,25,8538.2203,24.9927,13.7415,25.3211,693.4055,9250.1294,0.0994,0.9992,50.0
train,vfw,1,256,40,10085.643,39.9533,37.364,49.558,2244.3283,9335.9569,0.0726,0.7994,48.0
train,vfw,4,384,60,12207.6238,59.9836,8.0822,41.4863,3643.6098,8989.1783,0.0688,0.5329,50.0
train,vfw,2,256,55,11691.4194,55.0041,17.8904,51.8408,3701.3122,10174.0264,0.0608,0.5995,50.0
train,vfw,1,768,55,11720.3449,54.9813,30.8628,24.1571,3271.7305,9560.1483,0.082,0.5998,50.0
train,vfw,4,256,95,16083.4944,94.9641,10.8975,56.4934,6587.4555,10618.9616,0.019,0.0666,50.0
train,vfw,4,768,80,14425.7004,80.0443,10.2979,28.071,5320.7358,10368.5016,0.0374,0.2677,50.0
train,vfw,2,896,30,9072.7321,30.0066,12.652,25.0807,942.8844,9296.8812,0.0706,0.9328,50.0
train,vfw,4,1024,65,12833.813,65.0446,8.7947,27.8277,4535.3268,10012.8673,0.2682,0.4681,50.0
train,vfw,2,384,95,16102.4833,94.9843,23.712,37.2097,7432.7766,11415.3778,0.0163,0.0666,50.0
train,vfw,3,384,95,16058.5209,94.9841,14.6625,38.489,7592.8165,11398.8104,0.0132,0.0667,50.0
train,vfw,4,640,95,16066.8865,95.0323,13.125,28.8475,7208.9667,11180.654,0.0277,0.0674,50.0
train,vfw,1,1024,95,16138.0931,94.8946,33.8399,24.103,6176.0437,10182.4568,0.0191,0.0666,50.0
train,vfw,4,384,55,11664.2354,54.9908,8.4189,41.7012,3422.2925,8985.2844,0.0757,0.5995,50.0
train,vfw,1,768,40,10067.6093,39.9753,25.8256,23.9837,2317.442,9675.0739,0.0379,0.7997,50.0
train,vfw,1,512,65,12788.124,65.0523,38.245,25.0761,4967.8326,10866.9449,0.0076,0.4667,50.0
train,vfw,3,768,25,8525.2108,25.0106,5.0340,25.1903,480.648,8162.762,0.2392,0.9996,50.0
train,vfw,4,256,70,13341.7075,69.997,7.9022,56.1188,5035.8988,10558.252,0.0431,0.3997,50.0
train,vfw,3,896,35,9578.5457,34.9925,9.1657,24.7858,1177.1484,8545.5273,0.1937,0.8661,50.0
train,vfw,1,768,45,10613.8741,44.9734,26.7126,24.0708,2340.3703,9355.0702,0.0359,0.733,50.0
train,vfw,3,256,80,14431.1837,79.993,15.887,51.4043,5053.7902,9221.684,0.0103,0.2667,50.0
train,vfw,3,640,100,16612.6156,100.008,13.043,25.716,7291.4113,11027.8159,0.0141,0.0,50.0
test,vfw,2,256,99999,18938.4889,126.871,28.2,51.9489,10012.5333,11141.8222,0.0016,0.0,50.0
train,vfw,3,1024,45,10685.8965,44.9953,8.6752,25.7789,2734.5065,8493.3739,0.4772,0.7327,50.0
train,vfw,1,768,95,16111.6076,95.0003,42.216,24.6314,7346.725,11415.3778,0.0163,0.0666,50.0
train,vfw,1,256,60,12251.4139,59.8766,41.1994,49.1054,3029.6234,9021.2182,0.0532,0.5329,49.0
train,vfw,4,384,55,11665.2112,55.0003,6.8506,41.7537,3448.2632,9016.1326,0.0757,0.5995,50.0
train,vfw,1,256,95,16044.4181,94.7681,51.2803,48.6259,7033.9739,10960.7143,0.0192,0.0666,50.0
train,vfw,2,896,70,13386.5298,69.9849,16.8444,25.5925,4863.1295,10508.426,0.0383,0.3998,50.0
train,vfw,2,256,60,12230.5375,59.9801,20.616,51.6929,3701.9899,9813.8028,0.0556,0.5329,50.0
train,vfw,1,384,25,8409.2254,24.9717,30.8644,36.4822,507.0636,8707.8408,0.0436,0.9996,49.0
train,vfw,2,512,90,15565.0711,89.9478,21.4954,25.0008,6498.2847,10831.1288,0.0123,0.1333,50.0
train,vfw,3,896,55,11775.7202,55.005,9.5006,25.6727,3240.296,9061.493,0.3597,0.5996,50.0
train,vfw,3,896,55,11768.9124,54.9909,9.4694,25.6451,2723.9416,8415.9038,0.3605,0.5996,50.0
train,vfw,3,896,95,16091.1935,95.0343,12.1929,25.948,5853.7868,11224.591,0.0455,0.0666,50.0
train,vfw,1,512,55,11671.9593,55.0053,35.3347,24.3119,2829.112,9405.8472,0.0050,0.6,50.0
train,vfw,2,384,99999,18970.8996,126.9833,28.6702,37.945,7849.8088,8834.9371,0.0015,0.0,50.0
train,vfw,1,1024,80,14490.5134,79.9172,31.5815,24.1347,5669.1118,10644.299,0.0339,0.2665,50.0
train,vfw,4,1024,50,11194.4731,50.0196,8.1079,27.6255,3431.9757,9725.6848,0.2943,0.6672,49.0
train,vfw,4,512,90,15496.428,89.9966,12.4101,28.7669,6712.2008,10738.4953,0.0318,0.1332,50.0
train,vfw,1,640,85,15005.9532,85.0165,42.8304,24.8934,6867.9356,10814.8329,0.0158,0.2,50.0
train,vfw,4,768,55,11686.6764,55.013,8.0206,27.8589,3688.6193,9371.0741,0.18,0.6002,50.0
train,vfw,2,640,99999,18978.016,127.0088,30.0369,25.5133,9487.9003,11320.527,0.0015,0.0,50.0
train,vfw,2,256,85,14961.3046,84.9356,23.1819,50.2556,5118.6408,9590.2001,0.0297,0.1998,50.0
train,vfw,3,1024,55,11768.6137,54.9847,9.956,25.9471,2774.0777,8016.8775,0.4775,0.5995,50.0
train,vfw,4,768,100,16630.2617,100.0695,10.926,29.0484,8018.4171,11415.3778,0.0141,0.0016,50.0
train,vfw,2,1024,60,12309.7504,59.9934,14.9931,25.8021,3964.1909,10040.2514,0.0596,0.5329,50.0
train,vfw,4,1024,45,10650.9192,45.0245,6.9333,27.5957,2673.8786,9743.7493,0.3223,0.7336,49.0
train,vfw,4,256,80,14435.7251,79.977,9.4047,56.0176,5666.4323,10656.5414,0.0335,0.2665,50.0
train,vfw,4,896,75,13897.1485,75.0481,9.4388,27.9408,4687.989,10003.6973,0.1303,0.3347,50.0
train,vfw,1,512,75,13890.3444,75.0454,42.763,24.8623,5569.5361,10662.0619,0.0095,0.3333,50.0
train,vfw,1,768,50,11152.8326,49.9817,28.9429,24.0393,3005.9228,10181.761,0.0360,0.6664,50.0
train,vfw,1,384,40,10059.4335,39.9868,33.4364,37.2936,2513.0891,9882.1703,0.0377,0.7997,49.0
train,vfw,2,384,40,10084.3611,39.9841,15.0179,38.4492,2059.9189,9299.7751,0.0396,0.7996,50.0
train,vfw,1,512,65,12786.1917,65.0349,39.0794,24.4745,4280.0114,10132.4417,0.0076,0.4667,50.0
train,vfw,3,512,80,14450.7137,79.9903,11.3548,25.3373,5800.9453,10404.1956,0.0104,0.2667,50.0
train,vfw,3,896,30,9052.7362,29.9889,7.5936,25.2172,1519.0315,8711.1167,0.3482,0.9328,50.0
train,vfw,3,640,50,11233.4302,50.0038,9.0178,25.1857,2823.0491,9285.8637,0.1449,0.6665,50.0
train,vfw,3,640,50,11230.6751,49.998,12.4637,25.3131,2924.1452,9471.875,0.1526,0.6665,50.0
train,vfw,2,768,75,13927.5149,74.9618,17.8166,25.5093,5586.7371,10386.899,0.0259,0.3332,50.0
train,vfw,1,768,90,15572.9458,89.9953,39.5361,24.8256,6586.5094,10767.2317,0.0923,0.1333,50.0
train,vfw,4,896,75,13902.7128,75.0595,9.296,28.1285,5443.3982,10525.1638,0.1302,0.3347,50.0
train,vfw,4,512,99999,18948.2582,126.8594,14.0572,27.6208,10216.9778,11415.3778,0.0017,0.0,50.0
train,vfw,1,768,90,15564.5496,89.9837,41.0772,24.399,6548.9836,10945.7001,0.0182,0.1333,50.0
train,vfw,2,256,80,14441.1322,80.0006,22.9924,50.7086,5769.1876,10680.6631,0.0349,0.2664,50.0
train,vfw,4,640,80,14415.5499,80.0184,10.8794,28.5328,5833.8417,10275.9019,0.0687,0.2671,50.0
train,vfw,2,256,40,10038.4773,39.9966,14.3281,52.3322,1277.3954,8528.9109,0.0764,0.7993,50.0
train,vfw,4,640,25,8351.7732,24.9782,6.6357,26.957,389.7,6194.2901,0.2188,0.9992,50.0
train,vfw,1,640,85,15006.3303,85.0388,41.2444,24.9643,6258.253,10961.335,0.0158,0.2,50.0
train,vfw,2,1024,80,14462.8288,79.9995,16.3337,25.9009,5753.5161,10760.82,0.0368,0.2665,50.0
train,vfw,3,768,45,10671.3239,45.0045,8.9315,25.1163,1837.7777,9241.5791,0.1024,0.733,50.0
train,vfw,4,896,35,9527.8556,35.0088,6.2147,27.4603,2014.1145,9168.257,0.3161,0.8663,49.0
train,vfw,2,256,90,15535.861,90.0151,23.9818,49.6838,6849.8653,11118.8787,0.0245,0.1332,50.0
train,vfw,2,256,75,13886.9296,74.9869,21.8589,50.8604,5513.5618,10321.1099,0.04,0.333,50.0
train,vfw,1,640,55,11699.4202,54.9903,33.0204,24.1957,3566.255,10060.3383,0.0189,0.5999,50.0
train,vfw,1,512,45,10576.0453,44.9866,32.4948,24.355,2690.7614,9569.5825,0.0038,0.7333,50.0
train,vfw,4,1024,70,13371.7743,70.0563,9.2398,27.7934,4610.653,10194.1149,0.1822,0.4017,50.0
train,vfw,1,256,90,15500.4961,89.7785,50.3873,48.7331,6253.9752,10725.1337,0.0243,0.1332,50.0
train,vfw,3,768,75,13921.6743,75.0232,9.841,25.555,4517.6726,10344.3079,0.0566,0.3332,50.0
train,vfw,2,256,90,15541.2265,90.006,24.5032,49.9111,6647.7867,10923.5014,0.0245,0.1332,50.0
train,vfw,1,256,30,8999.0633,29.9972,35.4532,49.5712,1278.2179,9237.3384,0.0823,0.9326,48.0
train,vfw,3,640,45,10691.7246,44.9955,8.6493,25.0409,1811.7963,8461.2943,0.1602,0.7332,50.0
train,vfw,1,384,40,10052.9879,39.9623,33.3821,36.8058,1874.0394,9014.0652,0.0377,0.7997,49.0
train,vfw,2,1024,40,10151.3567,39.9863,13.2286,25.5619,2000.387,9596.1918,0.0824,0.7994,50.0
train,vfw,2,640,95,16100.5557,94.9572,22.2025,25.4592,7224.3663,11284.037,0.0149,0.0667,50.0
train,vfw,4,768,95,16061.8141,95.0183,11.3933,28.4368,6420.2975,10330.0809,0.0325,0.0682,50.0
train,vfw,4,256,95,16078.0795,94.9603,10.1845,56.5039,6075.3998,10030.0986,0.019,0.0666,50.0
train,vfw,4,256,50,11143.3077,49.9732,6.5999,54.8306,2698.1823,9000.5248,0.0623,0.6661,50.0
train,vfw,2,640,50,11220.4989,49.9709,14.6382,24.8149,2457.0103,9178.0855,0.0213,0.6665,50.0
train,vfw,4,640,55,11652.9242,55.01,8.5254,27.8866,3429.8419,8868.7926,0.0576,0.5998,50.0
train,vfw,2,1024,30,9085.6181,30.0225,11.6549,25.3427,1337.6216,9599.2828,0.0937,0.9326,50.0
train,vfw,2,512,65,12849.1807,64.9722,17.9101,24.5577,4447.1418,10343.8877,0.0083,0.4667,50.0
train,vfw,1,1024,99999,18957.0554,126.8697,51.0739,24.1444,10216.9778,11415.3778,0.0012,0.0,50.0
train,vfw,2,384,35,9543.4672,34.9937,13.699,38.9027,1752.055,9409.298,0.0417,0.8663,50.0
train,vfw,3,1024,80,14474.4383,80.0293,11.9761,26.2974,4414.2689,10669.2689,0.1273,0.2665,50.0
train,vfw,4,768,99999,18965.7765,126.8752,11.8794,27.4909,9416.5335,10494.2434,0.0016,0.0,50.0
train,vfw,3,768,45,10692.5216,45.001,9.8255,25.2784,2295.8769,8792.497,0.3123,0.733,50.0
train,vfw,1,256,75,13872.7558,74.8132,47.3534,48.5378,4600.2862,9722.3504,0.0386,0.3331,49.0
train,vfw,4,896,90,15541.6017,90.0649,10.5529,28.2161,6772.3948,11094.1959,0.0606,0.1354,50.0
train,vfw,4,384,65,12757.9297,64.9854,8.2695,41.7136,3551.4533,8761.7086,0.0157,0.4663,50.0
train,vfw,1,384,25,8413.6182,24.9783,28.3989,36.808,810.9354,9057.877,0.0436,0.9996,49.0
train,vfw,2,896,85,15009.3476,84.9789,17.8352,25.7484,6666.3275,10769.4627,0.0262,0.1999,50.0
train,vfw,2,768,60,12305.8655,59.9762,16.7194,25.3756,3974.3391,10066.1751,0.0331,0.5331,50.0
train,vfw,3,768,50,11228.4802,49.9941,9.3723,25.3795,2933.7727,8943.5848,0.2395,0.6664,50.0
train,vfw,3,896,30,9062.196,29.9885,7.9288,25.1851,1076.7184,7659.1804,0.4331,0.9328,50.0
train,vfw,4,384,30,8911.0137,29.9938,6.338,40.9543,1139.7794,7692.3364,0.1098,0.9326,50.0
test,vfw,4,256,25,8543.2444,24.9977,6.6222,55.4396,601.0,5780.0444,0.42,0.9983,50.0
train,vfw,4,512,90,15495.818,90.0244,11.0979,28.3791,6956.2006,10915.611,0.0318,0.1332,50.0
train,vfw,1,896,65,12839.1246,64.9635,31.3112,24.2039,4522.9982,10179.4642,0.12,0.4664,50.0
train,vfw,1,896,70,13379.7002,69.958,32.5267,24.2973,5242.6974,10678.4246,0.0348,0.3998,50.0
train,vfw,1,384,30,8953.767,29.962,30.154,36.6695,390.0,8058.2629,0.0417,0.933,49.0
train,vfw,4,640,90,15513.06,90.021,12.7888,28.4109,6538.942,10631.3835,0.0414,0.1339,50.0
train,vfw,3,384,70,13356.6607,70.0021,12.3804,38.2062,4481.411,9975.5037,0.0079,0.4,50.0
train,vfw,3,896,50,11223.5364,49.9925,9.2092,25.6863,3134.118,8866.9064,0.3019,0.6663,50.0
train,vfw,4,1024,95,16095.4077,95.0762,12.6686,27.9882,7413.7376,11113.651,0.0421,0.0697,50.0
train,vfw,2,384,45,10629.9816,44.98,15.3779,38.2411,1707.0643,8652.505,0.0375,0.733,50.0
train,vfw,3,896,80,14465.5543,79.9762,12.1754,25.9158,5303.9798,9947.7026,0.1928,0.2665,50.0
train,vfw,3,384,85,14979.2268,84.9969,13.4058,38.2237,5986.1754,10300.5867,0.0113,0.2,50.0
train,vfw,1,640,100,16654.0159,100.0443,48.2957,25.0772,7280.3911,11382.8814,0.0143,0.0,50.0
train,vfw,3,768,60,12306.532,59.9995,9.7606,25.3784,2423.4731,8439.8128,0.2016,0.5331,50.0
train,vfw,2,896,65,12842.8967,64.9968,15.4642,25.2534,4663.8892,10599.1826,0.0423,0.4664,50.0
train,vfw,3,384,65,12830.3362,65.006,12.9312,38.4955,4556.2001,9798.4209,0.0075,0.4667,50.0
train,vfw,3,512,50,11230.652,50.0073,9.5562,24.9482,2972.9414,9727.6703,0.0047,0.6667,50.0
train,vfw,4,896,75,13904.1328,75.0638,9.5092,27.8191,5495.5852,10539.4752,0.1302,0.3347,50.0
train,vfw,1,640,100,16656.2225,100.0366,47.8899,25.0846,7849.2169,11356.4767,0.0143,0.0,50.0
train,vfw,3,640,80,14457.4722,80.0078,12.5953,25.6717,5681.7075,10706.9913,0.0327,0.2666,50.0
train,vfw,2,256,85,14991.232,85.0092,24.5217,50.3002,6456.119,11003.2413,0.0296,0.1998,50.0
train,vfw,1,1024,25,8481.4548,24.9897,18.7873,23.6387,645.9575,8417.8407,0.2446,0.9992,50.0
train,vfw,2,640,35,9580.45,34.9499,13.0738,24.711,933.7696,8556.8941,0.0234,0.8665,50.0
train,vfw,2,640,50,11227.3139,49.9679,14.6867,24.6478,1954.8876,8644.0773,0.0212,0.6665,50.0
train,vfw,1,384,85,14976.0646,84.9297,48.1057,36.8962,5806.2798,10356.7153,0.0202,0.1999,50.0
train,vfw,1,256,40,10085.9992,39.9647,36.9842,49.6588,2232.1821,9576.1238,0.0726,0.7994,48.0
train,vfw,2,768,80,14470.2795,79.9716,18.6428,25.373,5979.3597,11017.9626,0.0236,0.2666,50.0
train,vfw,2,1024,85,14981.9372,84.9522,16.3758,26.1831,5488.6064,10093.7309,0.0312,0.1998,50.0
train,vfw,1,384,60,12235.1531,59.9691,39.398,36.4658,4083.6607,10266.0891,0.0299,0.5331,49.0
train,vfw,2,256,70,13338.8121,69.9963,21.0368,50.9548,4767.1335,10179.96,0.0452,0.3996,50.0
train,vfw,2,384,60,12268.7957,59.9687,18.5647,37.7912,3834.8913,9987.8509,0.0311,0.5331,50.0
train,vfw,2,640,65,12858.8477,64.9623,17.9232,25.0113,4117.3737,9548.7804,0.1664,0.4666,50.0
train,vfw,4,384,45,10563.4704,44.9923,6.7093,41.2731,2724.52,8714.2445,0.0893,0.7327,50.0
train,vfw,2,384,40,10086.2973,39.9902,14.9422,38.3842,2172.8595,9410.1145,0.0396,0.7996,50.0
train,vfw,4,768,80,14436.3423,80.0487,9.2881,28.5707,5710.5654,10322.1016,0.0878,0.2677,50.0
train,vfw,1,768,45,10618.0052,44.9797,27.8375,24.0252,2704.1003,9583.1091,0.0359,0.733,50.0
train,vfw,2,640,45,10656.9154,44.9337,14.2031,24.7533,1781.4111,8768.2235,0.022,0.7332,50.0
train,vfw,2,256,75,13888.6779,74.9987,22.8131,50.5843,5202.1132,10409.5145,0.04,0.333,50.0
train,vfw,3,512,75,13911.7004,75.0163,10.4304,24.883,5462.2657,10639.3599,0.0095,0.3333,50.0
train,vfw,2,896,40,10155.6242,40.0092,13.2433,25.1946,2279.1479,9840.4157,0.0625,0.7995,50.0
train,vfw,1,256,85,14966.4153,84.7983,48.6318,48.9017,6174.0407,10769.8164,0.0289,0.1998,50.0
train,vfw,2,512,25,8487.4347,24.9547,12.348,24.4528,371.9,8363.0578,0.0,1.0,50.0
train,vfw,4,384,60,12213.2489,59.9897,8.8039,41.7606,3941.5748,9320.0873,0.0688,0.5329,50.0
train,vfw,2,640,65,12843.0551,64.9554,19.202,24.8114,3991.878,9815.8935,0.0191,0.4666,50.0
train,vfw,2,896,55,11770.351,54.9997,15.6616,25.3966,3728.7404,10350.6195,0.0504,0.5996,50.0
train,vfw,3,384,95,16053.884,94.9905,14.6612,38.3756,7316.5052,11415.3778,0.0121,0.0667,50.0
train,vfw,2,512,55,11765.4158,54.9778,16.4775,24.4879,3514.6802,9929.3971,0.0201,0.6,50.0
train,vfw,2,512,40,10132.4424,39.9786,15.7749,24.7494,2185.9522,9551.784,0.0028,0.8,50.0
train,vfw,2,896,99999,18979.4504,126.9694,28.5228,25.8612,9520.6019,10875.6121,0.0016,0.0,50.0
train,vfw,2,512,40,10133.6907,39.976,15.7484,24.7951,2431.9692,9560.9469,0.0028,0.8,50.0
train,vfw,3,384,65,12829.5494,65.0015,10.5262,38.4663,4208.7943,9376.746,0.0185,0.4667,50.0
train,vfw,3,640,40,10151.4108,39.9914,8.0707,25.0057,1531.5522,8462.5816,0.1524,0.7998,50.0
train,vfw,2,768,45,10684.1608,44.9837,15.1895,25.2635,2625.1321,9681.4058,0.0402,0.733,50.0
train,vfw,1,640,45,10595.3122,44.9821,30.6513,24.0645,2476.8041,9504.697,0.0199,0.7332,50.0
train,vfw,2,256,50,11140.1136,49.9971,17.745,52.0253,2848.7168,9564.8664,0.066,0.6661,50.0
train,vfw,3,512,80,14455.0613,80.0088,11.7904,25.172,5042.385,10364.2387,0.0525,0.2667,50.0
train,vfw,2,768,50,11230.9475,49.9975,14.121,25.4776,3309.5742,10191.3953,0.0378,0.6664,50.0
train,vfw,2,640,80,14471.2027,79.9555,19.0894,25.1107,5249.3312,10150.1564,0.017,0.2666,50.0
train,vfw,2,256,90,15541.2583,89.9923,25.7521,49.9538,6463.2417,10609.746,0.0714,0.1332,50.0
train,vfw,2,896,70,13389.5461,69.9792,17.8674,25.8624,4837.4067,10465.522,0.0383,0.3998,50.0
train,vfw,2,256,65,12788.5097,64.9935,19.5919,51.1717,4128.1911,9917.8402,0.0504,0.4662,50.0
train,vfw,2,256,75,13888.3766,74.9977,22.0186,50.6453,5061.1861,10268.3407,0.04,0.333,50.0
train,vfw,4,768,55,11673.8751,54.9888,8.5143,27.7991,2916.3646,8498.1004,0.18,0.6002,50.0
train,vfw,2,640,45,10677.3145,44.9762,15.02,24.8314,2188.1036,9003.3915,0.022,0.7332,50.0
train,vfw,2,512,40,10121.7296,39.9789,14.2209,24.4301,2047.6165,9691.6019,0.0031,0.8,50.0
train,vfw,2,1024,50,11225.4362,49.994,15.0756,25.5818,2867.8364,9959.561,0.0137,0.6661,50.0
train,vfw,4,896,70,13350.5781,70.0391,8.955,27.8331,3849.4956,9054.9036,0.1535,0.4012,50.0
train,vfw,4,1024,75,13920.6488,75.0741,9.3799,27.7283,5395.4609,10718.4545,0.1542,0.3353,50.0
train,vfw,4,640,35,9455.2061,34.9947,6.2446,27.4837,900.9824,6718.4904,0.1719,0.8661,50.0
train,vfw,2,640,80,14474.9575,79.9694,20.4058,24.8878,5810.8073,10785.3575,0.017,0.2666,50.0
train,vfw,3,640,75,13913.2182,75.0001,11.029,25.4023,4899.0468,10310.8596,0.0096,0.3333,50.0
train,vfw,4,896,75,13897.4524,75.0376,9.773,27.8955,5386.9196,10462.2879,0.1303,0.3347,50.0
train,vfw,4,384,55,11658.7186,54.9829,10.9714,41.3482,3515.4082,9093.4807,0.0756,0.5995,50.0
train,vfw,1,384,55,11693.3591,54.9433,38.4633,36.9944,3799.7832,9741.569,0.0318,0.5998,49.0
train,vfw,4,384,35,9465.3305,35.0137,5.4194,41.4047,1724.3872,8089.1302,0.103,0.866,50.0
train,vfw,2,1024,30,9080.7099,29.9941,13.09,25.846,1457.4781,9467.3159,0.0937,0.9326,50.0
train,vfw,3,256,60,12257.611,59.9608,12.9166,51.6062,3275.709,7910.5394,0.0066,0.5333,50.0
train,vfw,4,640,50,11111.8918,50.01,7.6938,27.8451,2863.1512,8333.4395,0.1505,0.6664,50.0
train,vfw,4,512,75,13842.9366,74.9946,10.7212,28.4596,5290.1791,9394.6286,0.0583,0.3331,50.0
train,vfw,3,384,35,9586.55,34.9932,9.2504,38.2499,711.8992,7721.0893,0.0019,0.8667,50.0
train,vfw,4,384,55,11665.06,54.9989,8.5439,41.5502,3679.9254,9105.863,0.0756,0.5995,50.0
train,vfw,4,256,90,15533.5594,89.9776,10.4178,56.3062,6665.085,11003.2194,0.0238,0.1332,50.0
train,vfw,3,256,35,9575.5261,35.0065,9.8803,51.871,1417.1179,6935.8717,0.0019,0.8667,50.0
train,vfw,1,640,75,13901.3722,75.0121,39.3449,24.5772,4911.8727,10141.3956,0.0168,0.3333,50.0
train,vfw,1,256,95,16048.4199,94.7641,50.497,48.8507,6862.7016,10814.5106,0.0192,0.0666,50.0
train,vfw,4,896,75,13899.8253,75.0428,9.5318,27.9771,5523.3038,10508.3287,0.1303,0.3347,50.0
train,vfw,2,256,95,16093.7518,94.996,26.0321,50.0619,6980.9363,10963.6198,0.0193,0.0666,50.0
train,vfw,3,256,85,14972.2325,84.9925,16.2278,51.3128,5815.1281,10281.2662,0.0113,0.2,50.0
train,vfw,4,768,35,9493.0131,35.0075,5.603,27.5731,1393.6858,7916.0902,0.2538,0.8662,50.0
train,vfw,2,384,85,15003.4292,84.9688,22.4838,37.6516,5887.8519,10474.6644,0.0205,0.1999,50.0
train,vfw,1,1024,35,9563.5155,34.9826,23.3532,24.0192,1864.085,9536.6163,0.0778,0.866,50.0
train,vfw,1,896,85,15026.2744,84.9541,36.3997,24.4131,6400.9466,11119.7559,0.0246,0.1999,50.0
train,vfw,2,640,95,16076.186,94.9037,21.3983,25.3216,6409.9677,10367.8538,0.0149,0.0667,50.0
train,vfw,4,768,85,14976.2857,85.0319,10.7012,28.4048,6298.8592,10459.6071,0.0694,0.2012,50.0
train,vfw,3,768,55,11777.3878,55.0137,8.7819,25.7972,3644.1254,9677.4376,0.25,0.5998,50.0
train,vfw,2,512,70,13399.3542,69.9788,17.5868,25.4937,5328.5272,10847.3813,0.0335,0.4,50.0
train,vfw,2,512,45,10676.0731,44.9763,13.6108,24.6262,2487.0609,9532.5107,0.0038,0.7333,50.0
train,vfw,2,1024,85,14999.7018,84.9903,16.9579,25.9468,5577.1278,10206.14,0.0312,0.1998,50.0
train,vfw,3,512,45,10692.5257,44.9968,8.4482,24.9549,2265.02,9284.649,0.0038,0.7333,50.0
train,vfw,1,256,30,9002.0214,30.0021,36.3209,49.8112,1437.5928,9421.6734,0.0823,0.9326,48.0
train,vfw,3,384,90,15523.4907,89.9919,14.7164,38.4872,6438.2085,10571.1448,0.0123,0.1333,50.0
train,vfw,1,640,80,14454.0592,80.0226,41.1771,24.7262,5880.0308,10889.3459,0.0163,0.2666,50.0
train,vfw,3,640,70,13384.0641,70.0054,10.1778,25.5163,4774.7826,10182.7595,0.0941,0.3999,50.0
train,vfw,1,1024,85,15038.5937,84.9077,34.6451,24.298,6340.1603,11039.4819,0.029,0.1998,50.0
train,vfw,4,1024,80,14459.2446,80.0617,11.9417,27.7705,5701.566,10694.1803,0.1262,0.2689,50.0
train,vfw,4,896,85,14981.7725,85.0316,10.1936,28.1574,5884.6395,10395.1704,0.0838,0.2018,50.0
train,vfw,2,896,70,13386.2885,69.978,16.2874,25.8821,5195.94,10406.786,0.0382,0.3998,50.0
train,vfw,3,896,35,9583.6362,34.9929,7.3537,24.9376,580.3417,7994.6879,0.1603,0.8661,50.0
train,vfw,4,256,95,16081.614,94.9695,8.605,56.7976,7177.3927,11003.5688,0.019,0.0666,50.0
train,vfw,1,640,55,11698.0784,54.9966,33.0648,24.2151,3119.6098,9670.6332,0.0189,0.5999,50.0
train,vfw,1,768,70,13372.7833,69.9995,33.9529,24.7704,4914.9592,10494.3661,0.0261,0.3998,50.0
train,vfw,3,1024,45,10672.9887,44.9932,8.9192,25.4434,1296.9879,7860.3184,0.3845,0.7327,50.0
train,vfw,4,384,30,8903.3599,29.9929,5.5913,40.7164,884.4884,7574.3485,0.0512,0.9326,50.0
validation,vfw,4,256,99999,18963.8444,126.917,14.6111,52.7038,10064.4444,11186.1556,0.0015,0.0,50.0
train,vfw,2,384,25,8443.2984,24.9964,12.7095,38.6197,376.4,8947.4148,0.046,0.9995,50.0
train,vfw,2,1024,80,14462.7354,79.9875,16.8999,26.1597,5883.3614,10659.2776,0.0368,0.2665,50.0
train,vfw,2,640,40,10140.7531,39.9758,14.1867,24.948,2488.3324,9442.9864,0.0227,0.7998,50.0
train,vfw,1,384,60,12240.6886,59.9583,39.3261,36.5246,3641.4531,9697.2469,0.0299,0.5331,49.0
train,vfw,2,896,95,16079.0212,94.9798,19.0061,25.7703,6884.2789,11131.8513,0.0177,0.0666,50.0
train,vfw,2,256,45,10585.0965,44.9862,15.9741,52.1709,2418.772,9450.7649,0.0712,0.7327,50.0
train,vfw,1,768,100,16664.2302,99.9878,43.642,24.8322,7958.0157,11415.3778,0.0143,0.0,50.0
train,vfw,4,768,35,9491.2936,35.0023,6.4587,27.4526,1106.8137,7627.7811,0.2538,0.8662,50.0
train,vfw,2,384,60,12271.8445,59.9833,18.4314,37.8583,3795.7549,9922.3896,0.0311,0.5331,50.0
train,vfw,2,384,25,8447.5569,25.0025,13.1012,38.6927,735.3122,8996.2138,0.0459,0.9995,50.0
train,vfw,1,896,99999,18972.1375,126.8975,53.0238,24.0287,9932.2606,11042.0206,0.0014,0.0,50.0
train,vfw,1,768,30,8966.5115,29.9781,23.4209,23.6984,520.2598,8363.4748,0.0418,0.933,50.0
train,vfw,3,640,100,16618.8961,100.005,13.268,25.7621,7072.8284,10821.758,0.0939,0.0,50.0
train,vfw,4,768,99999,18962.359,126.8937,13.5603,27.2872,8537.3584,9939.7222,0.0016,0.0,50.0
train,vfw,2,1024,99999,18978.4,126.9537,28.6667,26.2326,10002.3111,11144.2889,0.0016,0.0,50.0
train,vfw,1,640,45,10601.5164,44.9845,30.8953,24.5617,2904.0599,9975.2107,0.0199,0.7332,50.0
train,vfw,4,896,75,13898.6639,75.0466,9.7401,28.0004,5178.6372,10229.2988,0.1302,0.3347,50.0
train,vfw,4,768,35,9494.6327,34.9976,6.2515,27.4101,1064.8261,7489.0479,0.2538,0.8662,50.0
train,vfw,4,1024,30,9015.0089,30.0126,6.3483,27.2624,785.2425,9190.2053,0.4064,0.9328,49.0
train,vfw,4,1024,45,10648.346,45.0218,6.9675,27.5363,2303.8343,9402.1741,0.3223,0.7336,49.0
train,vfw,1,1024,35,9561.7105,34.9885,20.6659,23.5182,1408.3678,9230.4326,0.0779,0.866,50.0
train,vfw,3,1024,100,16633.8675,100.0045,13.309,26.6992,6145.9225,10742.9351,0.014,0.0,50.0
train,vfw,2,1024,55,11765.2793,54.989,14.6051,25.6486,2897.4323,9693.9049,0.0653,0.5995,50.0
train,vfw,3,512,85,14991.8276,85.0101,13.3273,25.4308,5821.8589,10402.036,0.0113,0.2,50.0
train,vfw,4,512,65,12733.3891,64.9969,10.2718,28.1062,4165.3293,8842.6833,0.0256,0.4663,50.0
train,vfw,2,768,55,11769.0886,54.9938,13.775,25.3489,3425.7194,9962.712,0.0355,0.5998,50.0
train,vfw,1,768,45,10617.0276,44.9886,27.8854,24.0437,2011.2578,8988.7218,0.0359,0.733,50.0
train,vfw,1,384,65,12790.4103,64.9397,41.2115,36.9074,4644.9859,10510.1243,0.028,0.4665,50.0
train,vfw,2,896,35,9603.2778,34.9736,13.0476,25.2886,1197.4233,8913.0514,0.0926,0.8661,50.0
train,vfw,1,256,90,15502.9494,89.7755,50.7455,48.7897,6033.8739,10072.6865,0.024,0.1332,50.0
train,vfw,1,896,55,11741.2081,54.9861,27.217,24.6049,3928.7191,10427.4714,0.0451,0.5996,50.0
train,vfw,1,1024,100,16680.6251,99.8964,35.8313,24.3177,7393.2394,11181.4275,0.0143,0.0,50.0
train,vfw,3,768,95,16067.9133,94.9881,12.2593,25.984,5770.9135,10537.7344,0.0207,0.0666,50.0
train,vfw,1,768,65,12815.4067,64.9781,33.1571,24.2608,3974.7339,9611.4903,0.0281,0.4665,50.0
train,vfw,4,1024,100,16642.9928,100.1001,11.6651,28.1115,7546.7659,11333.2874,0.0141,0.0033,50.0
train,vfw,3,640,55,11766.4249,55.0188,8.8734,25.2061,3502.8978,9878.9989,0.1105,0.5999,50.0
train,vfw,3,896,90,15549.9557,90.0304,10.2849,26.1661,5291.3516,10738.0856,0.0547,0.1333,50.0
train,vfw,3,896,80,14464.1677,79.9994,11.7828,26.0013,4952.2844,10096.1161,0.1327,0.2665,50.0
train,vfw,2,256,50,11141.3588,50.0035,15.7267,52.0273,2998.3557,9605.8625,0.066,0.6661,50.0
train,vfw,4,256,95,16081.0313,94.9665,10.3396,56.668,7129.5553,10999.7233,0.019,0.0666,50.0
train,vfw,1,768,35,9511.9492,34.9604,26.6137,23.4651,1281.9507,8868.9774,0.0399,0.8663,50.0
train,vfw,2,640,80,14473.604,79.9653,19.3952,25.3236,5855.8793,10829.9171,0.017,0.2666,50.0
train,vfw,4,512,60,12188.7884,60.0074,9.3256,28.1065,3808.313,8469.9701,0.0849,0.5329,50.0
train,vfw,4,384,55,11660.4149,54.9912,7.8986,41.4492,2781.0135,8527.4629,0.0757,0.5995,50.0
train,vfw,4,512,85,14943.7832,84.9894,12.273,28.0229,5342.4434,9567.0334,0.0407,0.1998,50.0
train,vfw,4,896,40,10068.2029,40.0054,8.7338,27.3525,2019.0432,8847.8921,0.2928,0.7999,49.0
train,vfw,2,256,40,10036.8646,40.005,16.2072,52.3738,1503.8341,9411.2463,0.0763,0.7993,50.0
train,vfw,4,256,85,14970.7434,84.9424,9.8776,56.2197,5624.6533,10166.5115,0.041,0.1998,50.0
train,vfw,3,1024,80,14446.9697,79.9877,11.2673,26.2316,4587.9587,10270.6441,0.0137,0.2665,50.0
train,vfw,2,256,100,16647.0739,99.9967,27.1353,49.8651,7582.5483,11113.8634,0.0709,0.0,50.0
train,vfw,1,384,40,10056.0241,39.9701,34.4335,36.9779,2050.1919,9371.3456,0.0377,0.7997,49.0
train,vfw,2,768,95,16090.0332,94.9734,19.2738,25.5897,6518.7581,10967.5168,0.0165,0.0666,50.0
train,vfw,3,640,60,12291.6411,59.9726,9.7369,25.3325,3516.9559,9358.2913,0.0716,0.5332,50.0
train,vfw,3,256,75,13894.5752,74.991,16.284,51.8335,5687.6796,10097.6056,0.0094,0.3333,50.0
train,vfw,2,896,80,14468.1238,79.9905,17.9361,25.6701,5746.7702,10754.098,0.0302,0.2665,50.0
train,vfw,3,768,100,16621.2908,99.9988,13.1442,26.4297,7329.4146,11251.8055,0.0141,0.0,50.0
train,vfw,4,768,90,15526.969,90.0488,11.0564,28.3557,6360.3928,10838.1051,0.051,0.1347,50.0
train,vfw,4,512,40,9979.8413,39.9935,6.968,27.551,1154.2891,6163.3759,0.1203,0.7994,50.0
train,vfw,2,1024,75,13921.0739,74.984,17.9785,25.8253,5231.2344,10430.1844,0.0425,0.3331,50.0
train,vfw,2,384,30,8990.5245,29.9824,13.5448,38.4115,1149.4071,9117.7912,0.0438,0.9329,50.0
train,vfw,4,384,100,16617.879,99.9828,11.4936,42.8228,7110.4758,10846.3146,0.0142,0.0,50.0
train,vfw,1,1024,65,12853.9331,64.9449,26.5546,24.099,4292.158,10009.4295,0.0984,0.4663,50.0
train,vfw,1,640,85,14996.0132,85.0304,43.1787,24.7583,6261.5887,11184.4034,0.0170,0.2,50.0
train,vfw,1,768,35,9516.9846,34.974,24.3887,23.8295,1355.6886,8944.9698,0.0399,0.8663,50.0
train,vfw,3,512,80,14464.5122,80.0209,10.6138,25.7633,6055.8542,10861.3339,0.0606,0.2667,50.0
train,vfw,2,768,25,8522.6593,24.9957,13.4931,25.18,723.7798,9132.5832,0.0497,0.9996,50.0
train,vfw,3,256,99999,18969.8872,126.9203,15.0591,52.1082,9266.441,10272.4121,0.0014,0.0,50.0
train,vfw,2,512,25,8503.2496,24.9784,11.5611,24.337,542.5168,8348.8993,0.0,1.0,50.0
train,vfw,2,256,95,16089.3439,94.998,25.8026,49.7653,7003.6463,10997.4244,0.0193,0.0666,50.0
train,vfw,1,640,70,13339.7145,70.009,37.7752,24.5119,5056.7029,10982.8288,0.0190,0.3999,50.0
train,vfw,4,896,90,15524.0768,90.0382,10.3907,28.0905,6247.6155,10465.6104,0.0606,0.1354,50.0
train,vfw,3,512,75,13914.4781,75.0024,11.1655,25.1864,4965.9086,10343.7549,0.0094,0.3333,50.0
train,vfw,3,1024,85,15005.3681,84.9967,13.0973,26.2574,5012.3217,10257.7503,0.0887,0.1998,50.0
train,vfw,1,512,95,16091.3272,95.0729,52.5276,25.0026,7000.1546,11148.089,0.0133,0.0667,50.0
train,vfw,2,1024,90,15551.7259,89.999,17.3722,26.3232,6651.2063,10710.1128,0.1365,0.1332,50.0
train,vfw,2,256,100,16636.6921,100.0056,26.01,49.3582,7580.9754,11191.6236,0.0292,0.0,50.0
train,vfw,1,640,95,16109.5734,95.0472,45.9007,24.9313,7362.7663,11415.3778,0.0148,0.0667,50.0
train,vfw,4,1024,35,9570.3153,35.0069,6.7918,27.5118,1544.0507,8910.6569,0.5071,0.8664,49.0
train,vfw,3,1024,25,8532.3071,24.9911,8.6808,25.3077,374.2,6444.9742,0.8522,0.9992,50.0
train,vfw,2,768,45,10678.4517,44.9902,15.2486,25.1016,2886.6781,10263.5204,0.0379,0.733,50.0
train,vfw,2,384,100,16647.5879,99.9807,25.1141,37.2104,7670.7927,11410.8804,0.0141,0.0,50.0
train,vfw,4,256,80,14437.266,79.9678,9.1929,55.8789,5076.7292,9946.6021,0.0334,0.2665,50.0
train,vfw,2,512,99999,18978.7385,127.0161,28.8474,25.1127,9952.35,10982.9996,0.0015,0.0,50.0
train,vfw,2,1024,60,12306.3295,59.9909,16.3341,25.6733,3759.0504,10063.3404,0.0524,0.5329,50.0
train,vfw,3,896,30,9045.816,29.9923,8.5133,25.0557,971.6169,8268.8197,0.2925,0.9328,50.0
train,vfw,4,896,50,11157.3064,50.0195,7.4112,27.593,3119.8877,9751.4278,0.1559,0.667,50.0
train,vfw,3,384,75,13904.2311,74.9991,14.0571,38.3864,5765.8083,10634.6873,0.0094,0.3333,50.0
train,vfw,4,1024,65,12829.6725,65.0625,8.7305,27.6724,3946.3604,10281.5062,0.2103,0.4681,50.0
train,vfw,4,640,99999,18961.9144,126.8744,14.1524,27.5901,9949.3117,11121.6357,0.0016,0.0,50.0
train,vfw,4,256,99999,18988.7551,126.9476,13.1802,53.0132,7288.7644,7716.3406,0.0015,0.0,50.0
train,vfw,4,768,65,12784.762,65.0269,9.3326,28.0469,4209.7686,9524.7519,0.1432,0.4672,50.0
train,vfw,4,512,75,13851.0532,75.0033,10.4254,28.4066,5111.3573,9189.9826,0.1401,0.3331,50.0
train,vfw,1,256,65,12797.1352,64.8816,45.3821,49.1031,4565.0624,10404.7705,0.0483,0.4663,49.0
train,vfw,3,1024,95,16098.1744,95.0122,12.7377,26.6205,6451.9691,11093.2825,0.0594,0.0666,50.0
train,vfw,3,896,95,16085.027,94.9993,12.4455,26.2758,5646.9014,10272.8133,0.053,0.0666,50.0
train,vfw,3,1024,40,10111.5377,40.011,8.1322,25.1247,1764.9579,8906.952,0.255,0.7994,50.0
train,vfw,2,384,99999,18970.885,126.9846,28.9938,37.9782,7938.1108,8936.9746,0.0015,0.0,50.0
train,vfw,1,768,75,13918.2194,75.0012,36.4795,24.2729,5279.6751,10728.8307,0.0241,0.3332,50.0
train,vfw,1,512,95,16092.6655,95.0718,52.0061,25.0221,6917.147,10996.437,0.0133,0.0667,50.0
train,vfw,2,896,60,12302.3025,59.9846,16.2935,25.4209,3771.6705,10139.0003,0.0034,0.533,50.0
train,vfw,1,384,65,12786.2832,64.9379,41.9877,36.7377,4166.9062,9880.6879,0.028,0.4665,50.0
train,vfw,4,384,90,15517.0442,89.9835,10.9742,42.6346,7021.0366,11251.0193,0.0278,0.1332,50.0
train,vfw,1,768,99999,18987.8495,126.9392,51.9523,23.9903,10062.948,11123.5226,0.0261,0.0,50.0
train,vfw,2,512,85,15020.9597,84.9583,22.1881,24.9645,6497.1847,11185.4947,0.0113,0.2,50.0
train,vfw,1,512,75,13886.0611,75.0413,42.804,24.7532,4790.059,10007.5246,0.0095,0.3333,50.0
train,vfw,3,640,45,10694.153,45.0093,8.8624,24.9563,2388.9661,9225.0684,0.146,0.7332,50.0
train,vfw,1,1024,45,10650.2164,44.964,23.2252,23.6962,1741.7586,9342.3461,0.0681,0.7327,50.0
train,vfw,4,768,65,12790.0048,65.0457,8.402,28.1855,4664.7402,9935.6976,0.1432,0.4672,50.0
train,vfw,2,512,90,15563.2692,89.9543,21.976,24.7655,6069.7296,10860.6723,0.0124,0.1333,50.0
train,vfw,1,640,55,11696.52,54.9977,33.4422,24.2444,3135.3341,9791.8864,0.0189,0.5999,50.0
train,vfw,1,640,75,13901.5703,75.0138,40.0705,24.7262,5529.2579,10835.4293,0.0168,0.3333,50.0
train,vfw,4,256,60,12233.7693,59.9675,8.9409,54.8388,3543.2815,9584.3599,0.0527,0.5329,50.0
train,vfw,1,896,60,12285.4998,59.9688,31.135,24.4571,4164.2482,10363.4392,0.0417,0.533,50.0
validation,vfw,1,512,25,8448.9111,24.9936,20.5778,23.7863,644.6889,8937.1111,0.0578,0.9992,50.0
train,vfw,2,768,55,11766.7278,54.9913,14.2079,25.2491,2885.5307,9357.5897,0.0355,0.5998,50.0
train,vfw,3,1024,80,14468.409,79.9904,12.0648,26.5535,5253.0538,10049.1731,0.1867,0.2665,50.0
train,vfw,3,768,25,8536.1826,24.9974,9.4797,25.3156,781.5814,8069.4752,0.3932,0.9996,50.0
train,vfw,3,256,35,9571.0006,34.9894,10.4578,52.0189,1749.6843,6677.9635,0.0018,0.8667,50.0
train,vfw,2,512,95,16098.2334,94.9181,24.4336,24.6415,6565.2704,10554.9877,0.0132,0.0667,50.0
train,vfw,3,256,40,10111.6824,39.9886,10.6087,51.7328,1449.987,6564.7581,0.0028,0.8,50.0
train,vfw,4,256,85,14986.6799,84.9641,9.9457,56.2896,6541.5866,10587.9882,0.0528,0.1998,50.0
train,vfw,4,768,30,8948.6381,29.9983,6.4415,27.462,864.9264,7438.4923,0.3431,0.9327,50.0
train,vfw,3,768,80,14440.7918,79.9619,12.4204,25.7381,4963.0599,9913.114,0.0408,0.2666,50.0
train,vfw,3,640,70,13377.7658,69.9964,10.2854,25.3824,4411.0745,9862.604,0.0447,0.3999,50.0
train,vfw,1,896,75,13927.9908,74.9599,32.8975,24.1679,5603.3158,10622.4421,0.0314,0.3331,50.0
train,vfw,2,896,30,9074.6631,30.0095,12.4004,25.0556,1211.8497,9381.9625,0.0705,0.9328,50.0
train,vfw,1,1024,55,11743.5872,54.9645,24.9702,23.7055,3554.8409,10388.9645,0.0575,0.5995,50.0
train,vfw,3,512,35,9621.2475,35.0118,7.6668,24.6417,1681.2588,9362.9201,0.0019,0.8667,50.0
train,vfw,1,512,55,11682.5959,55.0121,35.8038,24.3762,3730.9154,9946.1104,0.0057,0.6,50.0
train,vfw,4,1024,100,16644.9801,100.1023,11.1522,28.1745,7771.2233,11415.3778,0.0141,0.0033,50.0
train,vfw,1,1024,50,11208.836,49.9772,23.725,24.1627,2943.6816,9681.0494,0.0632,0.6661,50.0
train,vfw,3,768,30,9082.4349,30.0019,8.5283,25.1881,1192.2132,8118.8565,0.4154,0.933,50.0
train,vfw,4,512,100,16609.0082,100.0029,12.1547,29.0808,7137.5687,10868.2903,0.0141,0.0,50.0
train,vfw,2,768,99999,18983.1783,126.9935,28.5644,25.5346,10084.3486,11135.1293,0.0919,0.0,50.0
train,vfw,1,384,100,16617.5729,99.9159,53.0885,36.9867,7731.1634,11415.3778,0.0143,0.0,50.0
train,vfw,1,1024,80,14490.9322,79.915,30.3426,24.1533,5757.7512,10735.6253,0.0339,0.2665,50.0
train,vfw,4,512,35,9428.7618,35.0134,7.5311,27.6902,1819.8676,7069.6533,0.1292,0.866,50.0
train,vfw,2,768,80,14470.6732,79.9796,17.5253,25.4181,5374.7358,10539.0553,0.0237,0.2666,50.0
train,vfw,1,1024,50,11203.6334,49.9663,23.9206,23.8081,2548.1865,9665.9724,0.0632,0.6661,50.0
train,vfw,2,512,30,9033.5194,29.9584,12.6287,24.3754,584.0206,8566.0674,0.001,0.9333,50.0
train,vfw,2,384,45,10625.7794,44.971,15.551,38.3438,2273.0949,9283.5325,0.0375,0.733,50.0
train,vfw,3,768,80,14461.6829,80.005,11.3742,25.6419,4573.9444,9810.6949,0.0959,0.2666,50.0
train,vfw,4,512,65,12740.7181,65.0024,10.4267,28.4123,4325.2615,8886.1486,0.0761,0.4663,50.0
train,vfw,3,256,45,10654.2702,44.9949,11.0947,51.8652,2648.828,7547.3573,0.0037,0.7333,50.0
train,vfw,2,256,99999,18963.8,126.9603,29.4444,50.7961,6620.0889,7574.7556,0.0015,0.0,50.0
train,vfw,3,384,60,12281.2418,59.996,11.3545,38.312,3845.269,9469.0685,0.0063,0.5333,50.0
train,vfw,1,256,90,15505.4697,89.7808,51.5955,48.8306,6834.5871,11152.8099,0.024,0.1332,50.0
train,vfw,2,256,95,16088.7549,94.9977,25.8382,49.7721,7262.7723,11296.5945,0.0193,0.0666,50.0
train,vfw,4,896,35,9526.9795,35.0094,6.5499,27.4143,1469.5283,8592.3357,0.3161,0.8663,49.0
train,vfw,2,384,75,13905.7731,74.9603,23.5329,37.5232,4910.4938,10090.4115,0.0247,0.3332,50.0
train,vfw,4,768,40,10035.9141,40.0171,6.3691,27.298,2352.5706,8603.2326,0.2354,0.7997,50.0
train,vfw,2,384,65,12815.9705,64.969,19.067,38.0734,4532.0537,10038.3161,0.0289,0.4665,50.0
train,vfw,3,896,50,11209.2188,50.0161,9.2243,25.2013,2271.096,9406.5802,0.1397,0.6663,50.0
train,vfw,3,768,65,12835.3789,65.0138,10.5461,25.3324,3314.8015,9854.0434,0.1127,0.4665,50.0
train,vfw,4,512,30,8875.1831,29.9956,5.8164,27.5503,1279.159,6623.3028,0.138,0.9326,50.0
train,vfw,2,512,35,9595.8401,35.0042,13.289,24.1521,1881.6873,9567.1097,0.0019,0.8667,50.0
train,vfw,2,512,60,12302.6338,59.9526,17.1594,24.724,4198.8148,10158.4139,0.0066,0.5333,50.0
train,vfw,4,256,25,8391.9262,25.0045,5.0844,53.509,931.8491,8967.0387,0.0864,0.9992,50.0
train,vfw,3,256,25,8494.8292,25.0008,9.5317,52.113,638.1105,6168.4824,0.0,1.0,50.0
train,vfw,2,1024,50,11214.4275,49.9563,13.8501,25.7037,2332.2652,9193.7532,0.071,0.6661,50.0
train,vfw,2,384,50,11178.1349,49.983,16.9532,38.2212,3215.1875,9998.6019,0.0353,0.6664,50.0
train,vfw,1,384,100,16618.6164,99.9098,52.2728,37.006,7635.6619,11383.9752,0.0143,0.0,50.0
train,vfw,4,512,70,13289.8585,70.0077,9.7553,28.1909,4821.9328,9244.8338,0.0672,0.3997,50.0
train,vfw,1,768,30,8954.0108,29.947,22.8945,23.6943,681.3721,8541.3798,0.0418,0.933,50.0
train,vfw,3,896,40,10134.322,40.0064,10.4896,25.5231,1718.966,8749.2664,0.2806,0.7995,50.0
train,vfw,1,768,75,13915.5755,74.9906,37.8232,24.6178,5195.8037,10471.8232,0.0241,0.3332,50.0
train,vfw,2,768,85,15009.5713,84.9678,19.7952,25.5973,5845.2781,10480.5243,0.0213,0.1999,50.0
train,vfw,2,512,55,11761.6318,54.9735,17.3427,24.617,3795.4666,10288.4128,0.0057,0.6,50.0
train,vfw,2,384,90,15546.8163,89.9576,24.6278,37.3206,6216.5417,10478.2658,0.0184,0.1333,50.0
train,vfw,2,512,75,13931.3516,74.9467,19.5882,24.8744,5245.068,10349.7289,0.0094,0.3333,50.0
train,vfw,2,896,99999,18974.2191,126.9872,29.2314,25.7189,8509.694,11038.2514,0.0016,0.0,50.0
train,vfw,3,384,80,14442.2311,79.9906,13.469,38.3757,5767.694,10248.3633,0.0104,0.2667,50.0
train,vfw,4,1024,50,11192.6011,50.0325,7.2549,27.6168,2751.2016,9738.9649,0.2943,0.6672,49.0
train,vfw,1,384,65,12791.7799,64.9522,40.9475,37.3303,4835.2478,10420.0965,0.0279,0.4665,50.0
train,vfw,4,768,99999,18973.2304,126.9005,12.2788,27.4047,9916.6586,11080.0672,0.0016,0.0,50.0
train,vfw,1,1024,100,16679.7681,99.8959,35.9978,24.4855,7667.5381,11415.3778,0.0133,0.0,50.0
train,vfw,1,384,55,11694.4052,54.9584,41.0385,36.7053,3582.134,10032.8043,0.0319,0.5998,49.0
train,vfw,1,640,35,9493.8966,34.9631,26.8303,24.1788,2036.7821,9232.0912,0.0208,0.8665,50.0
train,vfw,1,512,90,15542.539,90.075,49.3397,24.9596,6675.2183,11081.8165,0.0124,0.1333,50.0
train,vfw,1,256,85,14959.8673,84.7906,49.6509,48.6603,5450.2192,9952.813,0.0289,0.1998,50.0
train,vfw,1,768,75,13920.0586,75.0023,36.152,24.9103,5706.9057,11024.4991,0.0241,0.3332,50.0
train,vfw,2,896,90,15543.3718,89.9875,17.7462,25.4363,6345.8298,10628.8218,0.0222,0.1333,50.0
train,vfw,1,512,90,15541.344,90.0665,47.9426,25.0223,5967.2222,10280.5639,0.0124,0.1333,50.0
train,vfw,2,896,95,16092.0953,95.003,17.7949,26.5195,7582.9947,11415.3778,0.0182,0.0666,50.0
train,vfw,2,768,85,15010.0092,84.9727,19.5863,25.4818,6239.0935,10918.5592,0.0212,0.1999,50.0
train,vfw,1,896,55,11734.3806,54.961,27.8305,24.0158,3770.991,10142.0672,0.0451,0.5996,50.0
train,vfw,3,896,85,14989.3696,84.993,11.4529,26.2072,5965.8786,11084.4249,0.0613,0.1999,50.0
train,vfw,1,384,30,8944.592,29.9517,30.6778,36.7018,377.2,8506.7759,0.0417,0.933,49.0
train,vfw,1,768,99999,18975.1891,126.9038,56.7339,23.1291,9281.9822,10327.829,0.0013,0.0,50.0
train,vfw,1,384,65,12776.8037,64.9598,40.9372,36.5497,4547.1929,10566.4354,0.0256,0.4665,50.0
train,vfw,3,256,40,10113.4007,39.9937,10.5643,51.9046,1625.3921,6746.3767,0.0028,0.8,50.0
train,vfw,2,768,100,16634.9358,99.9743,21.8222,25.3276,7639.4226,11391.615,0.0141,0.0,50.0
train,vfw,1,896,99999,18970.2904,126.9008,52.2175,23.8774,9551.3304,10951.4578,0.0014,0.0,50.0
train,vfw,3,768,90,15547.4823,90.0165,13.0028,26.2435,5975.3417,11043.0087,0.0524,0.1333,50.0
train,vfw,2,1024,50,11230.1953,49.9916,15.364,25.5817,2746.3069,9661.1679,0.071,0.6661,50.0
train,vfw,3,512,50,11230.0399,50.0005,9.7289,25.2694,3136.3604,9997.7701,0.0042,0.6667,50.0
train,vfw,3,896,25,8511.9839,25.0025,7.47,24.9399,687.1027,8109.8311,0.3561,0.9994,50.0
train,vfw,2,1024,45,10693.223,45.0036,14.663,25.6538,1974.3578,9181.9202,0.0766,0.7327,50.0
train,vfw,4,896,70,13349.3388,70.0307,9.6054,27.8354,4731.1669,9847.7062,0.1534,0.4012,50.0
train,vfw,4,768,40,10050.0908,40.0101,6.7022,27.682,2136.106,8239.0754,0.2996,0.7997,50.0
train,vfw,2,384,35,9538.5331,34.9894,14.3904,38.4813,1349.1761,8753.4959,0.0417,0.8663,50.0
train,vfw,4,384,85,14959.993,84.9727,11.6582,41.9333,5401.5498,9701.276,0.0346,0.1998,50.0
train,vfw,3,256,55,11729.9995,54.9855,11.8661,51.5675,2246.6977,6935.8795,0.0057,0.6,50.0
train,vfw,2,640,95,16099.9345,94.9513,20.7276,25.2901,6724.5711,10730.0608,0.0149,0.0667,50.0
train,vfw,1,768,95,16111.7712,94.9885,44.4652,24.5104,6861.8452,11159.515,0.0163,0.0666,50.0
train,vfw,1,1024,55,11760.6681,54.9486,26.518,23.8619,3354.7114,9504.0401,0.161,0.5995,50.0
train,vfw,1,768,50,11166.8721,49.9791,29.4154,24.0507,3337.617,10147.074,0.034,0.6664,50.0
train,vfw,3,896,55,11749.72,55.0102,9.4074,25.4041,3189.9253,9718.0625,0.1101,0.5996,50.0
train,vfw,2,384,95,16101.2797,94.9759,24.0322,37.4941,7506.9908,11415.3778,0.0162,0.0666,50.0
train,vfw,2,896,65,12848.0303,64.981,15.8567,25.6122,4680.8228,10506.2401,0.0423,0.4664,50.0
train,vfw,1,384,90,15518.2935,89.9327,49.4314,36.7826,6167.0069,10998.9453,0.0193,0.1333,50.0
train,vfw,2,256,25,8390.0551,24.9947,12.7063,52.9622,374.7,8352.2044,0.0919,0.9991,50.0
train,vfw,3,768,55,11770.7846,55.0156,9.7935,25.4616,3254.1164,9464.6227,0.2238,0.5998,50.0
train,vfw,1,768,85,15017.4757,84.9959,37.4438,24.7265,6077.9776,10757.9189,0.0202,0.1999,50.0
train,vfw,3,384,85,14980.6239,84.9924,13.6506,38.3222,5781.456,10176.5885,0.0113,0.2,50.0
train,vfw,2,256,45,10589.1931,44.9995,18.6989,52.3508,2669.8342,9736.2181,0.0711,0.7327,50.0
train,vfw,3,512,30,9089.2103,29.9973,7.8484,24.8172,1066.7956,8735.9278,0.105,0.9333,50.0
train,vfw,3,256,30,9032.3285,30.0063,10.8096,51.6566,508.7321,6290.3229,0.001,0.9333,50.0
train,vfw,4,512,99999,18965.0971,126.8628,12.9449,27.7424,10216.9778,11415.3778,0.0016,0.0,50.0
train,vfw,1,640,95,16103.2964,95.0306,46.1759,25.0105,7111.0018,11048.6803,0.0148,0.0667,50.0
train,vfw,1,896,45,10637.6431,44.9688,25.1542,23.8903,2834.3889,9921.5541,0.052,0.7329,50.0
train,vfw,3,1024,100,16639.6889,100.0409,13.4815,26.1848,4992.4,11076.0444,0.0142,0.0,50.0
train,vfw,4,384,85,14956.9304,84.9884,10.4427,42.3618,6050.2363,10686.8059,0.0309,0.1998,50.0
train,vfw,2,256,60,12237.3685,60.0023,19.7847,51.4001,3756.6127,10120.6503,0.0556,0.5329,50.0
train,vfw,3,1024,95,16092.5989,95.0163,12.9304,26.4308,5400.2578,10849.5537,0.0411,0.0666,50.0
train,vfw,2,256,100,16648.2803,99.991,26.8995,49.4868,7232.1559,10540.0571,0.1377,0.0,50.0
train,vfw,1,256,85,14962.7191,84.7982,50.0029,48.7262,5998.3946,10570.6123,0.0289,0.1998,50.0
train,vfw,2,1024,25,8541.4176,24.9989,12.5047,25.5529,832.0802,9194.5362,0.0994,0.9992,50.0
train,vfw,1,768,70,13368.4961,69.9989,35.0542,24.1914,4684.6466,10478.8209,0.0261,0.3998,50.0
train,vfw,1,256,75,13882.0207,74.8354,46.0473,49.0232,5211.8154,10437.8348,0.0386,0.3331,49.0
train,vfw,2,1024,75,13922.1282,74.9986,15.9279,25.7515,5413.2295,10753.6383,0.0426,0.3331,50.0
train,vfw,4,640,99999,18965.1623,126.8785,13.1407,27.5471,9703.3187,10850.9403,0.0016,0.0,50.0
train,vfw,3,256,100,16590.4444,99.9797,17.9556,51.314,7487.3111,11249.0667,0.0141,0.0,50.0
train,vfw,3,1024,75,13931.9172,75.0234,12.0786,26.0029,4143.6158,10106.7201,0.2219,0.3331,50.0
train,vfw,1,384,50,11141.5075,49.9421,36.7629,36.7743,2887.3111,9623.301,0.0339,0.6664,49.0
train,vfw,4,640,45,10560.7128,44.9999,7.3007,27.8264,3034.1886,8621.218,0.1642,0.733,50.0
train,vfw,1,768,90,15567.6526,89.9959,40.7514,24.5371,6539.0263,10928.6219,0.0182,0.1333,50.0
train,vfw,1,640,50,11145.4846,49.9874,31.8905,24.2253,2776.3317,9258.0935,0.0193,0.6665,50.0
train,vfw,1,512,65,12786.42,65.0227,39.1825,24.503,3854.2672,9664.8575,0.0076,0.4667,50.0
train,vfw,4,1024,35,9560.3953,35.0225,6.4125,27.6181,1253.4924,8946.7875,0.3783,0.8664,49.0
train,vfw,3,512,90,15528.7533,90.0099,12.8688,25.3151,5940.0988,10165.6201,0.0123,0.1333,50.0
train,vfw,2,512,100,16647.108,99.9356,23.4743,25.05,7180.6098,10878.0291,0.0142,0.0,50.0
train,vfw,3,384,75,13902.0221,74.9993,12.723,38.2089,5365.3878,10147.677,0.0094,0.3333,50.0
train,vfw,3,256,95,16034.9808,94.984,17.0387,51.2536,6971.1041,11321.0185,0.0149,0.0667,50.0
train,vfw,4,768,70,13328.5294,70.0061,10.1914,27.4566,3826.0756,8753.1956,0.1247,0.4007,50.0
train,vfw,3,640,35,9601.5332,34.9914,8.0497,24.7871,1506.5263,9149.0996,0.0433,0.8665,50.0
train,vfw,4,640,55,11665.1331,55.0188,7.5378,27.9205,3683.9167,8921.2173,0.1369,0.5998,50.0
train,vfw,4,896,65,12805.6431,65.038,9.4229,27.9251,4711.1888,10330.8746,0.1767,0.4676,50.0
train,vfw,1,256,65,12792.7462,64.8678,43.9104,49.0885,3973.8442,10003.5385,0.0483,0.4663,49.0
train,vfw,2,768,25,8521.4912,25.0031,12.1136,24.7366,365.8,9027.9896,0.0498,0.9996,50.0
train,vfw,2,384,35,9540.3204,35.002,14.0808,38.6871,1271.0311,8874.178,0.0417,0.8663,50.0
train,vfw,4,256,30,8950.8839,30.002,4.8792,54.1812,1242.2439,9047.0972,0.0816,0.9326,50.0
train,vfw,2,512,55,11765.1822,54.9693,16.0104,24.6217,3588.5035,10059.934,0.0057,0.6,50.0
train,vfw,3,896,45,10659.3157,44.9958,8.662,25.3561,2313.4701,9254.5979,0.109,0.7329,50.0
train,vfw,1,768,90,15571.3705,90.013,40.6999,24.3947,6998.6613,11415.3778,0.0182,0.1333,50.0
train,vfw,2,1024,35,9616.0663,35.0138,12.435,25.2522,1842.6726,9569.0217,0.1356,0.866,50.0
train,vfw,1,512,60,12238.3185,60.0175,38.0332,24.5372,3719.9533,9628.2657,0.0861,0.5333,50.0
train,vfw,2,512,100,16646.5372,99.9276,23.2949,25.0981,7626.8561,11259.8349,0.0142,0.0,50.0
train,vfw,3,256,25,8496.9415,25.0162,8.4516,52.2815,733.0349,6324.6045,0.0,1.0,50.0
train,vfw,3,256,99999,18968.7895,126.9236,16.0437,51.1758,8574.7826,9798.2681,0.0014,0.0,50.0
train,vfw,3,896,40,10144.8276,39.9843,8.9955,25.2866,1024.4037,7203.9014,0.4438,0.7995,50.0
train,vfw,4,640,90,15514.5664,90.0233,11.4899,28.5845,6807.6177,10933.6986,0.0414,0.1339,50.0
train,vfw,2,1024,85,15006.3679,84.9905,17.1029,26.0077,5777.0217,10235.8009,0.0983,0.1998,50.0
train,vfw,2,896,35,9598.1438,34.9657,12.9114,25.318,1231.8774,8904.5324,0.0665,0.8661,50.0
train,vfw,4,768,40,10038.3671,40.01,6.7586,27.4696,2115.9947,8370.9004,0.2354,0.7997,50.0
train,vfw,3,896,90,15547.1411,90.0012,12.5653,26.3529,5790.957,10553.3151,0.0736,0.1333,50.0
train,vfw,3,1024,25,8494.2349,25.0052,4.9362,25.2822,652.1088,8058.9353,0.3821,0.9992,50.0
train,vfw,1,384,45,10598.4679,44.967,35.2457,36.7164,1828.2751,9228.3482,0.0358,0.733,49.0
train,vfw,3,384,70,13368.1773,70.0031,12.3671,38.281,4829.3816,9838.6864,0.0085,0.4,50.0
train,vfw,3,1024,35,9610.6379,34.9874,8.6193,25.3872,630.0025,6692.9622,0.6507,0.866,50.0
train,vfw,4,768,80,14428.6927,80.0385,10.5493,28.1721,5302.2876,9868.1091,0.0878,0.2677,50.0
train,vfw,2,1024,90,15539.7095,89.9932,18.1598,26.1837,6500.2931,10863.5209,0.0255,0.1332,50.0
train,vfw,3,384,99999,18965.4503,126.9392,16.3341,38.3465,8628.1167,9436.7706,0.0015,0.0,50.0
train,vfw,4,512,99999,18957.1674,126.8517,14.5785,27.6215,10170.2959,11382.3029,0.0016,0.0,50.0
train,vfw,3,640,60,12304.6613,59.9937,9.2641,25.2962,3287.4158,9186.6939,0.097,0.5332,50.0
train,vfw,2,896,80,14469.1877,79.9936,17.3513,25.5375,5685.9779,10684.0395,0.0302,0.2665,50.0
train,vfw,3,256,60,12272.2855,59.9831,14.3452,51.7071,3729.5679,8419.6148,0.0066,0.5333,50.0
train,vfw,2,256,60,12228.2334,59.9673,19.6276,51.7084,3541.6757,9616.7274,0.0556,0.5329,50.0
train,vfw,3,768,70,13381.6242,69.9949,12.0674,25.5165,4409.3999,9922.7798,0.1407,0.3998,50.0
train,vfw,2,768,85,15010.0625,84.9698,20.6999,25.6792,6228.9298,10911.4231,0.0212,0.1999,50.0
train,vfw,1,256,65,12795.9607,64.8723,43.7836,49.3069,4349.9832,10148.6965,0.0483,0.4663,49.0
train,vfw,3,1024,90,15552.2292,90.0049,12.2377,26.4821,5720.539,10972.5705,0.0864,0.1332,50.0
train,vfw,2,384,30,8997.8142,29.9973,12.584,38.9937,1809.9533,9345.5112,0.0438,0.9329,50.0
train,vfw,3,1024,30,9025.0728,30.0049,7.6355,25.096,624.5262,8522.3846,0.2689,0.9326,50.0
train,vfw,1,896,30,8986.1205,29.9522,21.4015,23.7458,661.3417,8296.8058,0.1406,0.9328,50.0
train,vfw,3,768,85,15000.3969,85.0122,12.3549,25.625,4695.3706,9896.0963,0.0867,0.1999,50.0
train,vfw,4,640,40,10012.4756,40.0099,7.739,27.6987,2427.6572,7875.3456,0.1778,0.7995,50.0
train,vfw,3,256,30,9035.2715,30.0191,9.3712,51.6245,1226.2473,6637.7338,0.0009,0.9333,50.0
train,vfw,4,640,50,11109.3028,50.0041,7.6989,27.7644,2304.5868,7597.9334,0.1506,0.6664,50.0
train,vfw,1,896,30,8987.3828,29.9871,20.782,23.4722,963.9081,8817.4429,0.0623,0.9328,50.0
train,vfw,4,640,70,13315.9154,70.0145,10.592,28.3179,4452.7434,9165.9297,0.0959,0.4002,50.0
train,vfw,2,512,50,11215.7641,49.9704,15.9101,24.5354,2660.2294,9661.4161,0.0047,0.6667,50.0
train,vfw,4,256,60,12238.9683,59.9828,8.6164,55.2989,4447.2618,10593.4125,0.0527,0.5329,50.0
train,vfw,3,768,40,10147.3676,39.996,9.7421,25.0716,1657.2532,8534.2982,0.2814,0.7997,50.0
train,vfw,4,1024,60,12282.0176,60.0475,9.1338,27.6931,3791.7222,10001.5209,0.2382,0.5344,49.0
train,vfw,4,896,90,15539.8893,90.0597,9.958,28.1698,6224.686,10464.3856,0.0606,0.1354,50.0
train,vfw,2,896,90,15540.57,89.9828,18.4717,25.5109,6555.1707,10875.9969,0.0222,0.1333,50.0
train,vfw,2,640,65,12846.8123,64.9677,18.0226,25.1216,4270.8983,10140.1829,0.0192,0.4666,50.0
train,vfw,2,768,75,13932.6529,74.9818,15.8913,25.6849,5226.1969,10511.7817,0.026,0.3332,50.0
train,vfw,4,384,95,16069.6638,94.9901,11.1576,42.9009,7270.9925,11078.7601,0.021,0.0666,50.0
train,vfw,4,512,30,8871.9253,29.9929,6.3061,27.4443,943.7025,6257.1387,0.1381,0.9326,50.0
train,vfw,3,256,30,9028.9532,30.0059,9.8763,51.7841,388.6,6138.2715,0.0009,0.9333,50.0
train,vfw,2,384,100,16649.9102,99.9832,23.7937,37.7721,7921.9718,11415.3778,0.0141,0.0,50.0
train,vfw,2,256,25,8384.1189,25.011,12.4829,52.7695,968.5164,9195.1507,0.0919,0.9991,50.0
train,vfw,3,896,45,10666.2805,44.9852,9.0996,25.2021,1912.0501,8481.0624,0.2147,0.7329,50.0
train,vfw,2,1024,45,10697.358,44.9996,14.0724,25.7108,3000.4216,9837.4023,0.0766,0.7327,50.0
train,vfw,4,512,65,12745.9148,64.9973,9.5221,28.2607,4304.9754,8487.5188,0.139,0.4663,50.0
train,vfw,3,768,95,16083.1892,95.0176,10.8661,25.9359,5850.9569,10603.2728,0.0361,0.0666,50.0
train,vfw,3,1024,80,14472.2759,80.0201,12.1524,26.1228,4576.183,10222.3283,0.165,0.2665,50.0
train,vfw,3,512,65,12830.7873,64.9759,10.9937,25.0219,3908.9355,9685.3297,0.0076,0.4667,50.0
train,vfw,4,1024,85,15002.352,85.0612,10.6888,27.6174,5694.4533,10333.2906,0.0982,0.2025,50.0
train,vfw,3,768,25,8517.3642,24.997,7.3006,24.8776,600.1571,8359.4408,0.212,0.9996,50.0
train,vfw,3,1024,55,11760.1616,55.0201,6.8745,25.8533,2569.4667,8986.8173,0.2967,0.5995,50.0
train,vfw,4,256,50,11129.1074,49.954,6.8306,54.8434,2430.156,8957.7879,0.0791,0.6661,50.0
train,vfw,1,256,25,8457.8259,25.0064,33.074,49.5898,965.5234,9259.6779,0.0872,0.9992,48.0
train,vfw,3,384,40,10123.5225,39.9787,9.2491,38.2258,1625.3576,7845.5671,0.0028,0.8,50.0
train,vfw,3,256,50,11190.3754,49.9921,11.7858,51.6217,1961.677,6790.0506,0.0047,0.6667,50.0
train,vfw,4,768,70,13321.1169,70.0396,8.8456,27.7973,4952.4942,10169.0728,0.0457,0.4007,50.0
train,vfw,2,640,80,14471.5492,79.9562,19.1109,25.1125,5244.2427,10147.4159,0.017,0.2666,50.0
validation,vfw,3,256,25,8503.2222,24.9789,9.2741,52.1408,409.1778,6031.6222,0.0,1.0,50.0
train,vfw,3,384,50,11210.7041,49.9972,10.8275,38.333,3056.8397,8925.2051,0.0047,0.6667,50.0
train,vfw,3,512,90,15528.3947,89.9999,11.8912,25.331,6399.07,10579.7984,0.0123,0.1333,50.0
train,vfw,2,640,95,16096.5597,94.9558,22.604,25.435,6787.8456,11148.4758,0.0149,0.0667,50.0
train,vfw,4,768,50,11151.5346,50.0161,6.9896,27.9137,2804.1823,8250.9174,0.3359,0.6667,50.0
train,vfw,2,256,55,11688.2556,55.0091,18.2683,51.7552,3065.1638,9931.2812,0.0608,0.5995,50.0
train,vfw,4,896,80,14446.0499,80.0514,10.1693,28.0658,5638.1391,10215.8503,0.107,0.2683,50.0
train,vfw,3,384,70,13372.2357,70.0169,10.3214,38.898,5094.7235,10125.3552,0.0085,0.4,50.0
train,vfw,2,384,75,13909.7547,74.9689,21.2677,37.6873,5331.6822,10583.7819,0.0248,0.3332,50.0
train,vfw,3,768,100,16626.2021,100.0183,12.6301,25.9051,7435.2751,11324.4208,0.014,0.0,50.0
train,vfw,3,512,25,8545.5755,24.9996,7.7946,25.0391,938.7974,9228.545,0.0,1.0,50.0
train,vfw,2,768,70,13388.4357,69.9665,18.5059,25.4271,4705.8819,10291.0473,0.0284,0.3998,50.0
train,vfw,2,512,45,10670.5763,44.9605,15.4227,24.2482,1972.285,8951.9462,0.0038,0.7333,50.0
train,vfw,2,384,100,16637.8381,99.9654,24.9583,37.3769,7477.9626,11364.7713,0.0155,0.0,50.0
train,vfw,1,768,65,12815.2195,64.9929,33.5447,24.2527,3928.3926,10330.66,0.0281,0.4665,50.0
train,vfw,2,640,95,16103.492,94.9641,21.421,25.3627,7390.6911,11415.3778,0.0149,0.0667,50.0
train,vfw,2,896,75,13929.1476,74.9918,16.5493,25.4907,5050.6117,10339.5133,0.0343,0.3331,50.0
train,vfw,3,512,85,14994.6561,85.0112,8.8966,25.4388,5817.7367,10385.3031,0.0114,0.2,50.0
train,vfw,4,896,45,10623.2628,45.0239,5.1483,27.8551,2654.1633,9004.019,0.2696,0.7334,49.0
train,vfw,3,640,95,16050.4312,94.9511,12.2251,25.713,5988.3614,10020.6067,0.0279,0.0667,50.0
train,vfw,4,384,95,16062.1173,94.9991,11.3757,42.4923,6681.548,11078.8701,0.021,0.0666,50.0
train,vfw,3,640,85,14995.0762,85.0038,11.8488,25.6659,5855.0644,10436.31,0.0316,0.2,50.0
train,vfw,3,256,80,14433.2334,79.9844,15.7418,51.6599,5614.8396,9835.9924,0.0104,0.2667,50.0
train,vfw,1,768,70,13358.9655,69.9762,35.0871,24.3387,4371.5159,10146.3073,0.0261,0.3998,50.0
train,vfw,3,512,65,12844.7656,65.0116,8.1168,25.2735,4324.8154,10160.7765,0.0076,0.4667,50.0
train,vfw,2,256,50,11135.1277,49.983,18.1677,51.4137,2559.0397,9256.4744,0.066,0.6661,50.0
validation,vfw,4,256,25,8426.8667,24.999,7.2056,55.1748,441.5778,5704.5333,0.0988,0.9992,50.0
train,vfw,3,256,75,13889.9194,74.9813,15.334,51.4358,4906.2848,9215.7582,0.0094,0.3333,50.0
train,vfw,2,640,25,8513.3918,24.987,11.7706,24.569,988.2996,9374.5128,0.0249,0.9998,50.0
train,vfw,2,640,99999,18975.9264,127.006,28.4993,25.2492,9109.6832,10810.2169,0.0015,0.0,50.0
train,vfw,1,384,45,10605.5867,44.9725,34.1972,36.9045,2652.3499,9703.6048,0.0358,0.733,49.0
train,vfw,4,512,95,16050.38,94.9926,12.2446,28.4962,6193.8819,9993.3292,0.023,0.0666,50.0
train,vfw,3,1024,99999,18987.9333,126.9832,14.5778,27.0833,10166.7333,11308.7333,0.0014,0.0,50.0
train,vfw,1,512,65,12790.2216,65.0479,39.4336,24.4235,4664.7006,10570.814,0.0076,0.4667,50.0
train,vfw,4,1024,80,14464.1694,80.0798,10.4775,27.9215,5813.3284,10830.2251,0.1262,0.2689,50.0
train,vfw,2,256,90,15507.5434,89.927,23.9916,50.0238,5441.8872,9592.3245,0.0245,0.1332,50.0
train,vfw,1,256,95,16049.3959,94.7609,52.8771,49.0018,7254.1303,11249.9991,0.0192,0.0666,50.0
train,vfw,2,768,70,13386.2842,69.9713,16.3943,25.2346,4261.4656,9777.8047,0.0284,0.3998,50.0
train,vfw,1,768,80,14469.0761,80.0033,36.3806,24.6872,5868.2276,10874.9607,0.0222,0.2666,50.0
train,vfw,1,896,90,15574.93,89.9432,36.3131,24.3851,6323.1711,10683.0215,0.0212,0.1333,50.0
train,vfw,3,256,85,14947.8596,84.9328,15.7392,51.428,5245.7917,9309.7823,0.0113,0.2,50.0
train,vfw,4,256,45,10592.441,44.9815,6.3983,54.6796,2874.8042,9411.9054,0.0456,0.7327,50.0
train,vfw,2,768,60,12308.4485,59.9861,14.2588,25.3749,3764.5138,9973.2247,0.0331,0.5331,50.0
train,vfw,4,512,65,12748.7732,65.0166,8.6597,28.6936,4579.6584,9034.0853,0.1196,0.4663,50.0
train,vfw,4,640,85,14963.1373,85.0232,11.0114,28.4119,5716.9378,9925.6504,0.055,0.2005,50.0
train,vfw,3,1024,45,10665.4269,44.9973,8.6297,25.3944,1228.0089,7885.6857,0.3258,0.7327,50.0
train,vfw,3,896,65,12845.982,65.0101,10.7827,25.6265,3348.8021,9412.5623,0.2363,0.4664,50.0
train,vfw,2,512,100,16649.1151,99.9252,23.0306,25.0335,7117.5972,10667.9824,0.0142,0.0,50.0
train,vfw,3,640,75,13923.4993,75.0092,11.0366,25.3751,5265.7358,10345.6539,0.0762,0.3333,50.0
train,vfw,3,256,80,14433.0655,79.9784,15.2371,51.5694,6263.0561,10221.776,0.0104,0.2667,50.0
train,vfw,1,768,40,10073.5714,39.9734,24.9242,23.7882,1206.8523,8453.0577,0.0379,0.7997,50.0
train,vfw,2,1024,40,10155.9845,39.9987,13.8288,25.7236,2437.0577,9740.9227,0.0823,0.7994,50.0
train,vfw,2,384,65,12819.0538,64.9769,19.4202,38.0926,4400.9378,10240.6719,0.029,0.4665,50.0
train,vfw,4,512,70,13292.9405,70.0006,9.6441,28.3168,4896.9939,9489.8315,0.0673,0.3997,50.0
train,vfw,3,640,55,11766.4125,54.9996,10.7905,25.4514,3538.3102,9726.1616,0.0952,0.5999,50.0
train,vfw,1,384,25,8410.892,24.9746,29.5905,36.4882,467.3291,8669.5657,0.0436,0.9996,49.0
train,vfw,2,1024,65,12849.751,64.9938,15.507,25.8778,4675.2858,10254.1868,0.0539,0.4663,50.0
train,vfw,1,640,35,9490.0606,34.9606,28.8546,23.6235,1385.5011,8980.4002,0.0209,0.8665,50.0
train,vfw,3,768,70,13377.7055,70.0113,12.515,25.7983,4280.8705,10174.8351,0.0619,0.3998,50.0
train,vfw,4,640,80,14412.1608,80.0216,10.5019,28.2814,4941.5359,9269.9085,0.0687,0.2671,50.0
train,vfw,4,1024,100,16635.075,100.0967,11.3122,28.0796,7400.3534,11415.3778,0.0123,0.0033,50.0
train,vfw,1,896,30,8990.5965,29.9863,22.3307,23.7235,667.432,8536.6112,0.0623,0.9328,50.0
train,vfw,2,256,70,13340.8753,70.0039,20.8759,50.9112,4646.6604,10310.7974,0.0452,0.3996,50.0
train,vfw,3,512,60,12304.6497,59.9973,9.6531,25.0874,4118.7971,10281.8902,0.0066,0.5333,50.0
train,vfw,2,768,35,9602.3433,34.996,13.241,24.8716,1373.559,9313.4306,0.045,0.8663,50.0
train,vfw,4,384,85,14969.2323,85.0019,10.2747,42.5587,6022.1258,10636.8358,0.0347,0.1998,50.0
train,vfw,1,512,85,14991.8416,85.0578,46.5297,25.0523,6545.0821,11018.5889,0.0114,0.2,50.0
train,vfw,4,512,45,10534.1319,44.9985,8.1692,28.1172,2594.1891,7595.4582,0.1115,0.7327,50.0
train,vfw,3,384,55,11747.1346,54.991,11.5972,38.1762,3223.0079,8838.9491,0.0057,0.6,50.0
train,vfw,3,768,80,14438.7458,79.9597,10.6836,25.6796,4034.544,9386.007,0.0848,0.2666,50.0
train,vfw,2,512,80,14472.965,79.9348,20.3087,25.0442,5956.9587,10416.9222,0.0103,0.2667,50.0
train,vfw,4,384,40,10012.9633,39.9906,6.8535,41.2861,1910.0438,8044.1678,0.0962,0.7994,50.0
train,vfw,4,640,65,12761.8599,65.009,7.5692,28.0837,3640.9693,8442.8134,0.1097,0.4667,50.0
train,vfw,4,1024,25,8467.523,25.0016,5.8994,27.3087,803.8299,9139.1588,0.4344,0.9992,49.0
train,vfw,3,384,100,16603.6653,100.0071,15.1458,38.1322,7470.6598,11205.1783,0.0141,0.0,50.0
train,vfw,2,512,85,15027.763,84.9359,21.3539,25.0661,6199.182,10286.1469,0.1288,0.2,50.0
train,vfw,4,768,50,11140.6705,50.0246,7.9144,27.6395,3080.1147,8953.4723,0.1985,0.6667,50.0
train,vfw,1,896,35,9541.9657,34.9699,22.3666,23.8631,2271.6294,9580.8739,0.0589,0.8661,50.0
train,vfw,1,768,65,12819.6062,64.9975,30.897,24.5428,4477.5762,10362.5704,0.0281,0.4665,50.0
train,vfw,3,384,80,14444.7565,79.993,13.9702,38.5872,5814.1678,10335.466,0.0104,0.2667,50.0
train,vfw,2,1024,25,8528.9815,24.9753,11.5042,25.5015,377.8,8684.5544,0.0994,0.9992,50.0
train,vfw,1,384,100,16622.4352,99.907,51.9316,36.8484,6879.2279,10551.4177,0.0143,0.0,50.0
train,vfw,4,1024,45,10654.0712,45.021,7.846,27.8732,2518.1104,9642.9338,0.3223,0.7336,49.0
train,vfw,2,384,35,9533.24,34.9729,15.0231,38.0837,1122.3072,8715.218,0.0417,0.8663,50.0
train,vfw,2,256,100,16640.7507,100.001,26.1982,49.4356,7664.6132,11392.9024,0.0141,0.0,50.0
train,vfw,1,768,50,11167.4274,49.9804,29.9866,24.2089,3199.4822,9986.7067,0.034,0.6664,50.0
train,vfw,4,640,100,16616.8951,100.0268,13.2869,28.8796,7576.8677,11364.2011,0.0141,0.0008,50.0
train,vfw,1,384,99999,18962.9892,126.9579,58.7532,36.4035,10177.5235,11415.3778,0.0013,0.0,50.0
train,vfw,4,640,85,14964.929,85.0139,10.483,28.4626,6012.7929,9805.7137,0.055,0.2005,50.0
train,vfw,1,768,75,13919.823,74.9909,35.9341,24.4818,5606.1959,10940.5367,0.0241,0.3332,50.0
train,vfw,2,896,30,9070.4496,29.9907,12.5033,25.2114,1355.7776,9476.6317,0.0705,0.9328,50.0
train,vfw,2,640,30,9054.2299,30.0062,12.4305,24.4271,1343.6175,9542.2799,0.0240,0.9331,50.0
train,vfw,1,384,75,13883.345,74.9393,43.6799,36.9417,4899.6012,10091.5901,0.0241,0.3332,50.0
train,vfw,2,256,95,16086.1503,94.995,26.5587,49.6748,6755.2037,10903.6762,0.0193,0.0666,50.0
train,vfw,4,384,65,12760.5488,64.9967,9.2921,41.7456,3743.7071,9453.017,0.062,0.4663,50.0
train,vfw,1,896,90,15574.8566,89.9437,36.7649,24.366,6492.4715,10892.3362,0.0212,0.1333,50.0
train,vfw,4,512,50,11076.7444,49.988,8.8301,27.5326,2220.5449,7281.8546,0.1026,0.6661,50.0
train,vfw,1,640,75,13898.0493,75.0202,38.9946,24.4329,5151.6854,10369.158,0.0169,0.3333,50.0
train,vfw,2,256,99999,18966.8313,126.9707,29.1758,51.0606,6965.3853,7959.0511,0.0015,0.0,50.0
train,vfw,1,256,35,9536.5239,34.9579,36.6816,49.064,1183.6335,8777.105,0.0775,0.866,48.0
train,vfw,2,768,100,16637.3257,99.9532,20.2097,25.4769,6922.4724,10340.6236,0.0141,0.0,50.0
train,vfw,1,640,65,12799.0752,64.9992,36.4659,24.4374,4609.1924,10498.8808,0.0179,0.4666,50.0
train,vfw,3,768,30,9049.9114,29.9971,7.77,24.9139,977.6223,8778.0726,0.1128,0.933,50.0
train,vfw,4,640,100,16612.2666,100.0362,12.5268,28.6407,6815.1516,11211.0314,0.0141,0.0008,50.0
train,vfw,4,512,70,13296.4722,70.0173,9.2358,28.6226,4840.661,9417.0516,0.0672,0.3997,50.0
train,vfw,1,256,65,12791.7632,64.8548,43.9511,49.1366,4343.3633,9827.9237,0.0483,0.4663,49.0
train,vfw,1,640,95,16101.2306,95.0401,46.3016,24.8761,6391.7323,10987.6174,0.0148,0.0667,50.0
train,vfw,2,1024,75,13924.4565,75.0032,16.7708,25.8944,5096.845,10624.3608,0.0425,0.3331,50.0
train,vfw,3,256,100,16592.6003,99.9825,19.3147,51.5572,7616.591,11406.5894,0.0141,0.0,50.0
train,vfw,2,1024,45,10695.8603,45.0026,13.6414,25.6302,2425.3546,9778.2999,0.0767,0.7327,50.0
train,vfw,4,640,35,9451.2947,34.9841,5.5984,27.6279,1150.1983,6940.1407,0.1915,0.8661,50.0
train,vfw,1,896,45,10641.3895,44.9843,22.6554,24.0972,2517.4707,9560.6339,0.052,0.7329,50.0
train,vfw,3,896,85,15007.7078,84.9961,12.2269,26.2302,5441.6419,9999.332,0.1447,0.1999,50.0
train,vfw,3,256,25,8499.7563,25.0263,8.0158,52.5577,893.9648,6443.2346,0.0,1.0,50.0
train,vfw,2,384,25,8448.6237,24.9986,12.4874,38.9763,864.4134,9127.8555,0.046,0.9995,50.0
train,vfw,1,512,40,10027.9777,39.9971,31.5653,24.2066,2427.9418,9806.1492,0.0028,0.8,50.0
train,vfw,3,768,85,15001.8939,85.0148,12.9921,25.8675,5395.5393,10670.273,0.0614,0.1999,50.0
train,vfw,4,384,35,9459.9327,34.9857,5.9304,41.0128,1992.7065,8282.854,0.103,0.866,50.0
train,vfw,3,384,85,14984.7602,84.9917,13.6593,38.4273,6526.1519,10524.562,0.0113,0.2,50.0
train,vfw,3,896,100,16633.6457,99.9885,13.4551,26.4916,6874.9533,10622.8651,0.1174,0.0,50.0
train,vfw,4,384,55,11661.5001,54.9883,9.2722,41.5708,3318.9414,8882.6303,0.0756,0.5995,50.0
train,vfw,4,768,40,10037.1937,40.0117,7.228,27.527,1423.0899,8288.8607,0.2353,0.7997,50.0
train,vfw,4,896,55,11709.8287,55.0392,7.4404,27.5347,3692.1333,9755.6043,0.2232,0.6005,50.0
train,vfw,1,384,25,8401.356,24.9571,28.8702,36.8004,362.3,8466.7397,0.0436,0.9996,49.0
train,vfw,4,768,30,8946.2852,30.001,5.7416,27.5009,1310.7538,8017.3767,0.2722,0.9327,50.0
train,vfw,4,896,25,8431.9013,24.9962,5.4539,27.38,580.8324,8184.489,0.3625,0.9992,49.0
train,vfw,1,896,100,16672.2718,99.9428,39.7749,24.5868,7613.3376,11415.3778,0.0143,0.0,50.0
train,vfw,1,256,55,11696.3682,54.8707,40.8255,49.2574,2838.4686,9177.0454,0.0581,0.5995,49.0
train,vfw,1,384,30,8963.1019,29.982,30.3927,36.7826,1296.4935,9245.7746,0.0416,0.933,49.0
validation,vfw,4,512,100,16625.0,99.9628,12.7444,27.6542,7528.8889,11300.2667,0.0142,0.0,50.0
train,vfw,1,640,70,13350.2327,70.0213,38.1809,24.3555,4520.4714,10393.7857,0.0174,0.3999,50.0
train,vfw,2,896,45,10693.0073,44.9962,13.6324,25.4083,2679.5306,9919.0628,0.0584,0.7329,50.0
train,vfw,3,256,30,9035.27,30.0066,7.5557,52.0625,1048.1035,6455.5966,0.001,0.9333,50.0
train,vfw,2,896,60,12311.5291,59.9896,16.4214,25.8275,4047.6567,10322.8789,0.0464,0.533,50.0
train,vfw,1,1024,25,8469.6731,24.9925,18.2935,23.5697,986.4382,8881.1437,0.0876,0.9992,50.0
train,vfw,1,896,85,15030.9418,84.9564,35.6868,24.5346,6425.0991,11146.7046,0.0246,0.1999,50.0
train,vfw,4,1024,99999,18968.6889,126.9312,13.5944,26.9662,6808.8444,7576.7333,0.0015,0.0,50.0
train,vfw,1,1024,75,13946.9692,74.9212,29.2977,23.9176,4404.4265,9591.3894,0.0387,0.3331,50.0
train,vfw,4,896,99999,18970.9871,126.9035,12.4023,27.3486,9128.6972,10216.9175,0.0016,0.0,50.0
train,vfw,1,256,60,12246.5857,59.9035,41.9059,48.8207,4167.1447,10225.8128,0.0532,0.5329,49.0
train,vfw,3,384,100,16598.7596,99.9872,15.3463,38.4243,7835.1452,11155.3952,0.0141,0.0,50.0
train,vfw,3,640,80,14457.9242,80.0065,11.5578,25.4348,5257.3328,10426.2018,0.0483,0.2666,50.0
train,vfw,2,640,100,16638.866,99.9459,21.9949,25.3325,7316.1073,11023.3068,0.0142,0.0,50.0
train,vfw,1,768,80,14467.0783,79.9973,36.6472,24.5605,5524.3597,10668.0469,0.0222,0.2666,50.0
train,vfw,2,384,85,15008.7756,84.9738,22.4944,38.0362,6327.7964,10961.8235,0.0205,0.1999,50.0
train,vfw,4,896,90,15539.4394,90.0597,10.7565,28.1552,6792.2237,11126.5512,0.0606,0.1354,50.0
train,vfw,2,384,45,10633.4258,44.9914,14.5034,38.4624,2463.4728,9497.2382,0.0375,0.733,50.0
train,vfw,2,1024,35,9617.4188,35.0037,13.8453,25.427,1596.5207,9511.7359,0.088,0.866,50.0
train,vfw,3,640,99999,18945.9121,126.9138,15.221,25.7477,7432.7101,8237.1187,0.0015,0.0,50.0
train,vfw,2,512,75,13930.2301,74.9464,20.2701,24.6215,5029.1193,10246.4286,0.0095,0.3333,50.0
train,vfw,4,768,60,12243.0019,60.0137,8.0839,27.7334,2946.9223,8216.1207,0.1887,0.5337,50.0
train,vfw,1,512,55,11666.2148,54.977,35.4928,24.4424,2989.2535,9380.6113,0.0057,0.6,50.0
train,vfw,1,256,55,11707.3554,54.909,40.9936,49.0996,3469.6297,9853.4197,0.058,0.5995,49.0
train,vfw,2,896,55,11771.5459,55.0001,16.0512,25.5383,3600.1467,10208.7546,0.0504,0.5996,50.0
train,vfw,1,512,30,8916.342,29.9798,27.174,23.7886,1568.6534,9468.374,0.001,0.9333,50.0
train,vfw,2,1024,35,9609.4591,34.9781,14.1973,24.9414,857.8686,8774.0274,0.088,0.866,50.0
train,vfw,2,384,95,16096.3945,94.9706,25.0194,37.4773,7334.0565,11389.3752,0.0162,0.0666,50.0
train,vfw,2,512,85,15021.5184,84.9411,21.8222,25.3047,6377.3405,10937.8313,0.0114,0.2,50.0
train,vfw,1,896,45,10632.8029,44.9714,24.9954,23.8473,2325.2856,9460.7968,0.0081,0.7329,50.0
train,vfw,2,384,90,15558.0684,89.9954,22.5134,37.6025,7001.9387,11368.385,0.0184,0.1333,50.0
train,vfw,4,640,55,11653.8268,54.9902,8.172,27.8856,3214.4882,8414.825,0.1369,0.5998,50.0
train,vfw,1,1024,55,11752.1313,54.9566,25.9055,23.9397,3291.9673,9914.672,0.0583,0.5995,50.0
train,vfw,4,768,55,11689.0725,55.0163,7.7225,27.9142,3828.0098,9524.0899,0.18,0.6002,50.0
train,vfw,1,768,100,16675.8398,99.9891,44.2418,24.9037,7537.5592,10895.8304,0.1522,0.0,50.0
train,vfw,3,512,25,8542.3317,24.9997,7.1569,24.6669,486.6529,8874.9526,0.0,1.0,50.0
train,vfw,3,384,100,16597.6832,99.9759,16.4661,37.964,7022.0641,10522.5226,0.0761,0.0,50.0
train,vfw,1,1024,30,9008.6046,29.9688,18.9543,23.6751,965.6942,8869.3763,0.0827,0.9326,50.0
train,vfw,3,768,65,12845.3244,65.0101,10.6356,25.4393,3875.8949,9390.7141,0.156,0.4665,50.0
train,vfw,1,640,75,13899.5852,75.0241,39.6628,24.4582,5203.5117,10606.9431,0.0169,0.3333,50.0
train,vfw,4,512,80,14401.1234,80.0186,10.7523,28.7552,5930.5579,10185.919,0.0495,0.2665,50.0
train,vfw,2,384,75,13913.2762,74.9754,22.0705,37.9869,5125.4138,10351.4412,0.0247,0.3332,50.0
train,vfw,2,384,75,13907.735,74.9821,21.4738,37.7256,4881.1675,10622.3781,0.0247,0.3332,50.0
train,vfw,4,1024,85,15012.8201,85.0742,9.9592,27.8123,5529.9624,10165.0786,0.0981,0.2025,50.0
train,vfw,4,640,85,14968.1193,85.0368,7.9823,28.6422,5932.0157,10293.1745,0.0551,0.2005,50.0
train,vfw,3,512,99999,18957.2849,126.9369,19.1858,24.8778,8196.0213,8956.6031,0.0623,0.0,50.0
train,vfw,1,256,70,13339.6288,69.8463,45.2314,49.057,4637.5586,10012.253,0.0821,0.3997,49.0
train,vfw,3,384,40,10127.0017,40.0,9.3923,38.2591,1959.6471,8380.0252,0.0028,0.8,50.0
train,vfw,3,1024,65,12822.5028,64.9932,7.555,26.0446,3064.738,9369.252,0.13,0.4663,50.0
train,vfw,2,512,70,13385.8526,69.9435,21.0898,24.6178,4759.391,10288.4006,0.0085,0.4,50.0
train,vfw,4,640,100,16623.0354,100.0272,12.3918,28.7491,7330.5266,10874.0407,0.0921,0.0008,50.0
train,vfw,3,640,65,12843.5156,65.007,10.2796,25.1645,3472.8746,9514.2391,0.0869,0.4666,50.0
train,vfw,4,768,35,9491.6596,35.0028,7.0092,27.5583,1802.5306,8304.5494,0.2538,0.8662,50.0
train,vfw,2,256,35,9492.3959,34.9987,13.6538,52.5614,1156.3675,8758.9224,0.0815,0.8659,50.0
train,vfw,4,896,45,10618.9656,45.0226,7.2291,27.5963,2218.1573,9154.2317,0.2696,0.7334,49.0
train,vfw,2,896,45,10690.9139,44.9841,15.3978,25.5451,2500.595,9703.6793,0.0585,0.7329,50.0
train,vfw,2,256,40,10040.1368,40.0023,15.9765,52.3881,2282.002,9657.4533,0.0763,0.7993,50.0
train,vfw,1,256,60,12255.5784,59.8785,42.4225,49.2409,4094.5058,9718.3407,0.0735,0.5329,49.0
train,vfw,2,1024,70,13384.1235,69.9992,16.1763,25.7557,3868.6384,9421.6831,0.0482,0.3997,50.0
train,vfw,4,640,100,16614.0352,100.0256,11.6203,28.6867,7116.7625,10883.2558,0.0016,0.0008,50.0
train,vfw,2,640,45,10680.6448,44.973,14.4972,24.8519,2705.5794,9413.4998,0.022,0.7332,50.0
train,vfw,2,768,85,14999.5973,84.9715,18.7897,25.3589,6111.4638,11026.487,0.0244,0.1999,50.0
train,vfw,4,512,80,14408.4015,79.9964,12.3124,28.4986,5506.8643,9300.9306,0.1936,0.2665,50.0
train,vfw,1,768,60,12265.5832,59.9872,32.3069,24.2146,3537.0651,9651.7666,0.03,0.5331,50.0
train,vfw,3,1024,85,15005.8742,85.0047,11.0008,26.1912,4474.3035,10023.9097,0.0763,0.1998,50.0
train,vfw,4,896,70,13355.4725,70.0538,9.3908,27.8227,4978.6785,10322.6659,0.1535,0.4012,50.0
train,vfw,3,512,90,15530.029,90.0119,12.0322,25.16,5974.7657,10600.5004,0.0124,0.1333,50.0
train,vfw,1,256,30,9005.7225,29.9954,32.2133,49.5802,533.995,8411.0449,0.0823,0.9326,48.0
train,vfw,3,1024,65,12852.5106,64.9933,10.962,26.1222,3724.1381,8933.519,0.3955,0.4663,50.0
train,vfw,3,640,85,14994.8099,85.0104,12.3076,25.5891,5516.2379,10723.3176,0.0224,0.2,50.0
train,vfw,1,1024,40,10110.8196,39.985,22.0582,23.5512,1511.9937,9329.3051,0.073,0.7994,50.0
train,vfw,4,512,100,16611.6988,100.0005,11.9512,28.7971,6890.0949,10616.0411,0.0141,0.0,50.0
train,vfw,4,1024,65,12823.4657,65.0384,8.3511,27.7144,3753.9065,9592.9046,0.2103,0.4681,50.0
train,vfw,1,256,75,13883.7596,74.8497,46.6268,48.8283,5362.043,10577.8019,0.0386,0.3331,49.0
train,vfw,2,896,80,14463.1768,79.9899,17.737,25.5342,5237.38,10160.2553,0.0302,0.2665,50.0
train,vfw,1,384,30,8958.663,29.9854,30.3875,36.6255,1296.1493,9208.8413,0.0417,0.933,49.0
train,vfw,3,768,50,11191.099,49.9531,8.6975,25.2547,1954.5872,8678.2631,0.0744,0.6664,50.0
train,vfw,1,1024,70,13402.646,69.9574,27.7998,24.6263,5365.2612,10992.5381,0.0436,0.3997,50.0
train,vfw,1,640,45,10593.7616,44.9885,30.0941,24.0327,1891.0703,9326.8339,0.0199,0.7332,50.0
train,vfw,3,512,35,9618.7655,35.0004,8.1095,24.7886,1236.9941,9058.7541,0.0379,0.8667,50.0
train,vfw,3,640,25,8543.9793,24.9928,7.4189,24.8422,369.6,7963.2561,0.2451,0.9998,50.0
train,vfw,4,640,25,8355.9906,24.9927,5.6776,27.3916,623.6255,7079.6796,0.2188,0.9992,50.0
train,vfw,4,512,60,12189.9401,60.0038,9.5935,28.3924,4055.5824,8717.3645,0.0849,0.5329,50.0
train,vfw,1,640,30,8943.7832,29.9675,25.2571,23.9213,1324.692,9079.6889,0.0214,0.9331,50.0
train,vfw,1,256,25,8458.8084,25.0168,33.2272,49.5499,476.9099,8927.0394,0.0872,0.9992,48.0
train,vfw,1,384,99999,18974.867,126.9595,60.5392,36.816,10216.9778,11415.3778,0.0014,0.0,50.0
train,vfw,1,640,55,11698.8684,55.0012,33.872,24.3026,3645.1129,10123.3683,0.0188,0.5999,50.0
train,vfw,4,384,80,14412.9756,79.9871,9.9044,42.1688,4799.5539,9549.6083,0.0415,0.2665,50.0
train,vfw,2,1024,70,13386.9286,70.0112,13.0307,25.9319,4804.9636,10439.0923,0.0483,0.3997,50.0
train,vfw,3,512,90,15534.1292,90.0216,11.4292,25.7716,6854.9991,11179.0872,0.0123,0.1333,50.0
train,vfw,1,896,40,10082.3562,39.9673,24.8872,23.432,1307.6353,8984.5015,0.0554,0.7995,50.0
train,vfw,2,768,90,15556.8024,89.9625,19.9362,25.6988,6232.3668,10546.0406,0.0189,0.1333,50.0
train,vfw,4,1024,45,10655.7565,45.0234,8.3582,27.7628,2586.5462,9518.2005,0.3965,0.7336,49.0
train,vfw,4,1024,90,15557.5744,90.0822,10.643,28.0656,6634.3409,10863.1554,0.1273,0.1361,50.0
train,vfw,1,1024,40,10103.4719,39.9814,22.1376,23.6903,2194.7246,9791.2851,0.0792,0.7994,50.0
train,vfw,3,640,30,9067.3517,30.0133,7.2067,24.5685,1487.2453,9087.6268,0.1441,0.9331,50.0
train,vfw,3,384,35,9598.4537,34.9947,9.8789,38.7662,1876.9631,8218.6826,0.0019,0.8667,50.0
train,vfw,3,896,45,10663.0054,44.9958,10.5105,25.3161,2187.7908,9257.0089,0.1439,0.7329,50.0
train,vfw,1,640,65,12803.0464,65.0068,36.3684,24.4329,4776.7969,10268.4324,0.0178,0.4666,50.0
train,vfw,3,640,95,16072.3898,95.0161,12.8736,25.5132,6115.5969,10917.1342,0.0193,0.0667,50.0
train,vfw,2,384,50,11177.1878,49.9781,16.7206,38.1217,2977.0874,9731.5578,0.0354,0.6664,50.0
train,vfw,3,256,25,8485.0306,25.0013,8.9364,51.8896,514.0705,6191.2061,0.0,1.0,50.0
train,vfw,1,768,50,11169.5279,49.9803,28.7754,24.0852,2697.1848,9411.4554,0.0339,0.6664,50.0
train,vfw,1,896,70,13381.409,69.9675,32.0944,24.0994,4536.7532,10366.2024,0.0349,0.3998,50.0
train,vfw,4,1024,75,13918.4838,75.0658,8.1516,27.986,5257.2544,10508.7112,0.1542,0.3353,50.0
train,vfw,4,384,85,14976.4774,84.9855,10.9201,42.4681,6023.636,10058.0989,0.1523,0.1998,50.0
train,vfw,3,1024,85,15018.0205,84.9984,11.2403,26.6814,6028.3699,10630.469,0.1596,0.1998,50.0
train,vfw,1,1024,35,9555.2803,34.9766,19.9001,23.5973,1203.6791,8981.0594,0.0054,0.866,50.0
train,vfw,3,384,95,16061.0174,95.0014,13.2336,38.4755,6933.0905,10915.3221,0.0132,0.0667,50.0
train,vfw,1,256,100,16587.3468,99.7366,53.2414,48.7051,7146.1217,10557.5736,0.0143,0.0,50.0
train,vfw,2,512,85,15018.1489,84.942,20.4701,25.0215,6151.8041,10655.278,0.0113,0.2,50.0
train,vfw,4,896,95,16082.9607,95.0824,10.588,28.1231,7374.0687,11389.641,0.0373,0.0689,50.0
train,vfw,1,384,90,15529.229,89.916,48.7788,36.774,5768.4011,10018.4443,0.0182,0.1333,50.0
train,vfw,1,1024,75,13939.9511,74.9206,32.5739,23.9333,5416.8767,10710.6886,0.0387,0.3331,50.0
train,vfw,2,640,70,13388.7495,69.9682,18.1411,24.9716,4535.6146,10280.1066,0.0185,0.3999,50.0
train,vfw,1,256,35,9539.9675,34.965,35.7461,49.5907,1659.3518,8969.5032,0.0774,0.866,48.0
train,vfw,2,640,30,9053.0155,29.9939,12.7981,24.5513,789.6964,9101.5794,0.0092,0.9331,50.0
train,vfw,4,512,25,8319.2444,24.9656,5.6298,27.5408,601.186,5842.5556,0.1468,0.9992,50.0
train,vfw,1,640,35,9491.5112,34.9735,27.8322,23.759,1655.9837,9260.7455,0.0209,0.8665,50.0
train,vfw,1,896,70,13390.5859,69.9627,31.0668,24.3347,4742.0381,10030.4385,0.1318,0.3998,50.0
train,vfw,3,384,50,11207.6728,49.9879,10.9519,38.1012,2533.8256,8332.9954,0.0047,0.6667,50.0
train,vfw,3,384,55,11749.7493,55.0014,11.2462,38.2749,3175.0305,8974.9951,0.0057,0.6,50.0
train,vfw,1,640,40,10047.882,39.9878,26.7232,24.1318,1963.0286,9345.1097,0.0204,0.7998,50.0
train,vfw,2,768,99999,18972.9894,126.9828,28.7339,25.5571,9570.1754,11415.3778,0.0016,0.0,50.0
train,vfw,2,896,55,11761.9652,54.9732,16.2263,24.8449,2630.24,9309.9737,0.0504,0.5996,50.0
train,vfw,1,768,55,11716.7738,54.9958,29.828,24.518,3770.8936,10370.3778,0.0340,0.5998,50.0
train,vfw,1,512,95,16093.0858,95.0808,49.8205,25.1126,6920.4135,10983.0592,0.0134,0.0667,50.0
train,vfw,4,896,25,8431.4516,24.9937,5.5557,27.364,864.0951,8492.7858,0.3625,0.9992,49.0
train,vfw,1,1024,35,9555.4338,34.967,21.3716,23.3064,1213.9184,8878.1249,0.0503,0.866,50.0
train,vfw,4,1024,25,8475.8962,25.0209,5.6244,27.7583,1253.9171,9665.3259,0.4344,0.9992,49.0
train,vfw,2,384,75,13909.4168,74.9693,20.8793,37.8488,5383.5377,10415.574,0.0247,0.3332,50.0
train,vfw,1,1024,40,10107.9196,39.9705,21.4919,23.6105,1634.9476,9064.7142,0.0237,0.7994,50.0
train,vfw,2,640,45,10674.9686,44.9895,14.2084,24.5544,2717.5988,9782.806,0.022,0.7332,50.0
train,vfw,1,640,55,11701.952,54.9979,33.0072,24.0761,2684.7481,9337.1087,0.0189,0.5999,50.0
train,vfw,1,768,55,11727.5595,54.9772,30.9555,24.2457,3436.1635,9425.8392,0.162,0.5998,50.0
train,vfw,4,384,85,14969.1262,84.9975,11.1438,42.7979,6373.763,10783.2468,0.0346,0.1998,50.0
train,vfw,2,512,35,9587.6734,34.9776,13.2193,24.3901,1147.0026,8729.6736,0.0019,0.8667,50.0
train,vfw,3,512,90,15528.4874,90.0107,13.239,25.3176,6605.7175,10917.1663,0.0123,0.1333,50.0
train,vfw,1,256,30,9001.8495,29.9861,33.782,49.4407,428.7775,8281.7627,0.0823,0.9326,48.0
train,vfw,1,640,85,14999.7817,85.0206,44.8913,24.6418,5947.6462,10605.8211,0.0158,0.2,50.0
train,vfw,4,640,70,13314.8579,70.0162,10.3364,28.4598,4780.6822,9608.601,0.096,0.4002,50.0
train,vfw,4,512,75,13847.2558,74.9981,10.144,28.4482,5514.8264,9390.7189,0.0584,0.3331,50.0
train,vfw,4,768,50,11139.7088,50.0219,6.4388,27.8171,2728.1239,8682.1899,0.1985,0.6667,50.0
train,vfw,3,256,85,14971.9624,84.9809,16.0737,51.4725,6336.8718,10237.6819,0.0113,0.2,50.0
train,vfw,3,1024,50,11202.6044,50.0017,9.3464,25.5627,1839.7749,8789.9885,0.2669,0.6661,50.0
train,vfw,2,256,55,11691.4627,55.0006,17.9931,51.7227,3236.1046,9645.1233,0.0608,0.5995,50.0
train,vfw,2,512,50,11218.6286,49.974,14.7871,24.6352,2796.5867,9593.5346,0.0048,0.6667,50.0
train,vfw,4,512,80,14401.5136,80.0022,12.1438,28.924,5878.8943,10118.4554,0.0495,0.2665,50.0
train,vfw,1,384,60,12244.5894,59.9571,39.7608,36.8724,3856.0721,10142.3079,0.0299,0.5331,49.0
train,vfw,1,1024,99999,18974.1134,126.8984,45.0489,24.6897,10216.9778,11408.0811,0.0014,0.0,50.0
train,vfw,2,384,60,12266.5131,59.9664,18.99,37.6956,3446.364,9531.8667,0.0311,0.5331,50.0
train,vfw,1,640,85,15006.2818,85.0303,41.2439,24.8693,5918.4804,10582.1104,0.0158,0.2,50.0
train,vfw,1,896,25,8446.2901,24.9949,17.188,23.8599,624.8821,8834.3421,0.0657,0.9994,50.0
train,vfw,3,640,45,10685.5428,44.9956,8.659,25.1549,1766.5258,8705.7452,0.0718,0.7332,50.0
train,vfw,4,512,60,12185.9422,60.004,9.5601,28.0994,3738.1359,8610.0129,0.0849,0.5329,50.0
train,vfw,2,384,100,16645.0498,99.9709,25.3023,37.3412,7721.7527,11300.9974,0.0141,0.0,50.0
train,vfw,3,256,55,11731.9887,55.0033,12.8261,51.5295,2767.5416,8066.03,0.0057,0.6,50.0
train,vfw,2,1024,25,8545.9239,25.0174,11.9595,25.2822,1005.7445,9472.3907,0.0994,0.9992,50.0
train,vfw,1,384,70,13327.5917,69.9292,43.9461,36.2565,4345.3188,9802.2978,0.026,0.3998,50.0
train,vfw,4,256,90,15531.4619,89.9641,10.2158,56.456,6953.5651,11353.0331,0.0238,0.1332,50.0
train,vfw,3,768,50,11221.9921,49.9948,8.8401,25.1603,2150.2679,8639.5987,0.1215,0.6664,50.0
train,vfw,3,1024,25,8518.5405,25.0117,6.975,25.7167,1007.8755,7773.1784,0.6161,0.9992,50.0
train,vfw,1,896,100,16673.1309,99.9464,39.7354,24.5354,7560.933,11415.3778,0.0143,0.0,50.0
train,vfw,1,1024,25,8473.3917,25.0018,19.0409,23.7968,984.0393,9232.0923,0.0876,0.9992,50.0
train,vfw,3,768,55,11756.2239,55.0017,9.3371,25.304,3347.5366,9705.4319,0.1224,0.5998,50.0
train,vfw,2,896,80,14467.3378,79.9805,18.1495,25.8516,5688.2755,10679.0201,0.0302,0.2665,50.0
train,vfw,1,384,25,8414.1784,24.991,27.0939,36.8788,646.3569,8911.1101,0.0281,0.9996,49.0
train,vfw,4,1024,85,15007.7594,85.0734,9.6447,28.0303,6278.5157,10991.3017,0.0982,0.2025,50.0
train,vfw,3,256,45,10654.3175,45.0066,12.1026,51.772,2507.6778,7578.2562,0.0038,0.7333,50.0
train,vfw,4,1024,80,14461.7911,80.0719,10.0185,27.8684,5485.7984,10457.459,0.1262,0.2689,50.0
train,vfw,1,768,70,13365.3698,69.9813,34.9656,24.3545,5002.6735,10556.0461,0.0261,0.3998,50.0
train,vfw,4,512,55,11638.0616,55.0055,8.2017,28.0218,3257.4482,8022.5008,0.0938,0.5995,50.0
train,vfw,4,256,30,8937.3666,29.9908,4.9642,54.0322,1429.6442,9533.1816,0.0868,0.9326,50.0
train,vfw,2,512,80,14474.0337,79.9392,19.6393,24.8303,5093.3947,9956.9213,0.0104,0.2667,50.0
train,vfw,3,896,40,10138.8396,39.9922,8.419,25.3659,2287.1725,8878.2535,0.3252,0.7995,50.0
train,vfw,4,512,95,16048.9875,94.9858,12.792,28.5273,6801.3991,10420.1674,0.0229,0.0666,50.0
train,vfw,4,256,65,12789.9353,64.9891,9.9431,55.6428,4596.9242,10428.1135,0.0479,0.4663,50.0
train,vfw,4,640,70,13307.8665,70.0265,9.1574,27.9348,4928.1576,9622.501,0.096,0.4002,50.0
train,vfw,2,384,35,9542.3456,34.9848,13.7858,38.6882,2204.1533,9246.5103,0.0417,0.8663,50.0
train,vfw,3,384,50,11211.3491,49.9934,10.3422,38.362,3063.2233,8920.5592,0.0047,0.6667,50.0
train,vfw,2,256,95,16088.1184,94.9924,25.4095,49.8049,7148.7288,11020.9659,0.0193,0.0666,50.0
train,vfw,2,256,95,16085.6761,94.9879,25.9242,49.5307,6745.7211,10709.7729,0.0193,0.0666,50.0
train,vfw,3,640,70,13379.0719,69.9998,10.5633,25.4228,4693.8546,10172.1982,0.0456,0.3999,50.0
train,vfw,4,1024,35,9559.9318,35.0052,6.3889,27.4915,1842.6738,9267.8707,0.3784,0.8664,49.0
train,vfw,2,512,30,9057.2375,29.9816,13.6162,24.7129,1237.2808,8909.7353,0.0977,0.9333,50.0
train,vfw,4,512,30,8874.4612,30.0065,6.1512,27.3338,1096.5042,6459.0586,0.1245,0.9326,50.0
train,vfw,1,512,90,15530.1601,90.0783,48.0194,24.9137,6762.3341,11415.3778,0.0142,0.1333,50.0
train,vfw,3,512,40,10151.8573,40.001,8.6161,24.7085,2079.9485,9418.0447,0.0028,0.8,50.0
train,vfw,2,256,60,12236.9765,59.9958,18.5102,51.331,3094.4547,9387.2293,0.0556,0.5329,50.0
train,vfw,2,256,30,8938.7339,30.0005,14.0082,52.7802,998.6904,9027.7882,0.0867,0.9325,50.0
train,vfw,2,896,50,11228.3859,49.9929,14.3752,25.2744,2217.6714,9270.7643,0.0545,0.6663,50.0
train,vfw,2,384,40,10089.343,40.0014,15.2148,38.3197,2229.5438,9599.7092,0.0396,0.7996,50.0
train,vfw,4,384,50,11114.0563,50.0021,8.2125,41.3727,3139.9692,8936.4929,0.0825,0.6661,50.0
train,vfw,4,384,95,16072.4045,94.9927,11.7384,42.6245,6727.6402,10689.1548,0.0209,0.0666,50.0
train,vfw,2,896,60,12310.1224,59.9944,13.6126,25.6398,3826.5598,10089.288,0.0464,0.533,50.0
train,vfw,3,256,60,12265.0951,59.9941,12.5638,51.6385,3743.553,8655.4111,0.0068,0.5333,50.0
train,vfw,2,768,90,15561.551,89.9641,20.0104,25.5768,6445.5144,10416.9905,0.1469,0.1333,50.0
train,vfw,2,640,80,14468.1272,79.9462,21.6334,24.9391,5407.5119,10321.0235,0.017,0.2666,50.0
train,vfw,2,768,70,13390.9789,69.9753,16.8795,25.3513,4424.3649,9984.033,0.0283,0.3998,50.0
train,vfw,2,512,35,9590.1022,34.9797,13.2498,24.436,1959.3498,9641.3,0.0019,0.8667,50.0
train,vfw,1,768,80,14469.1851,79.9833,37.9541,24.486,5975.706,10893.0853,0.065,0.2666,50.0
train,vfw,3,256,45,10653.7341,44.9988,10.2364,51.8301,2435.9797,7503.2808,0.0038,0.7333,50.0
train,vfw,1,256,95,16045.6926,94.7686,50.6912,48.7613,6284.4615,10725.1553,0.0192,0.0666,50.0
train,vfw,4,896,60,12256.4817,60.0301,9.8451,27.6781,3455.1746,9231.5109,0.1999,0.5341,50.0
train,vfw,4,896,80,14449.933,80.0461,9.6197,27.9626,5238.6902,9850.9623,0.107,0.2683,50.0
train,vfw,2,640,60,12318.7011,59.9683,17.2997,25.0433,3802.7807,9530.9666,0.1763,0.5332,50.0
train,vfw,2,256,70,13338.9897,69.9923,20.5251,50.8732,4779.8147,10317.2475,0.0453,0.3996,50.0
train,vfw,1,896,80,14484.4836,79.962,32.5814,24.5076,5676.7705,10528.7233,0.073,0.2665,50.0
train,vfw,1,256,100,16594.2919,99.757,52.0149,49.164,7548.2759,11210.3442,0.0143,0.0,50.0
train,vfw,2,1024,99999,18967.6541,127.0012,27.9357,25.9226,7145.3551,11268.1229,0.0016,0.0,50.0
train,vfw,4,896,99999,18970.5157,126.9115,11.5538,27.3309,8638.6692,9832.6912,0.0016,0.0,50.0
train,vfw,3,896,85,14999.6333,84.9904,11.5736,26.334,6043.5533,10658.3172,0.0448,0.1999,50.0
train,vfw,2,640,90,15555.898,89.9672,20.8815,25.0786,6175.5326,10978.3067,0.0156,0.1333,50.0
train,vfw,3,384,85,14985.3926,84.9937,14.6358,38.7105,6255.9495,10623.6973,0.0113,0.2,50.0
train,vfw,2,1024,55,11769.0471,54.9937,14.5347,25.7574,3526.0956,9951.8468,0.0653,0.5995,50.0
train,vfw,2,768,55,11767.7748,54.9754,15.6449,25.0515,2878.5088,9352.548,0.0354,0.5998,50.0
train,vfw,4,768,99999,18967.6904,126.9027,12.8801,27.6697,9065.994,10113.9824,0.0016,0.0,50.0
train,vfw,3,256,55,11732.6726,54.996,12.6179,51.6704,3197.9864,7998.4275,0.0056,0.6,50.0
train,vfw,2,384,25,8443.7834,25.0087,11.5914,39.0847,1041.5094,9525.6799,0.0,0.9995,50.0
train,vfw,2,1024,100,16615.6667,99.991,18.3556,26.1321,7375.5778,11087.7333,0.0141,0.0,50.0
train,vfw,2,768,25,8524.9177,24.9836,11.583,24.8226,367.5,8311.2598,0.0496,0.9996,50.0
train,vfw,3,1024,70,13381.9074,70.0009,10.8497,26.109,4091.945,9734.5861,0.2054,0.3997,50.0
train,vfw,2,896,55,11768.4489,54.9929,15.1718,25.3896,3166.67,9911.0144,0.0504,0.5996,50.0
train,vfw,2,1024,60,12303.9343,59.9902,15.2666,25.72,3228.3959,9453.0518,0.0596,0.5329,50.0
train,vfw,4,256,100,16627.1134,99.9682,12.054,56.7976,7741.0048,11415.3778,0.002,0.0,50.0
train,vfw,2,1024,75,13924.4421,75.0008,17.7761,26.0312,5730.1661,11137.8568,0.0425,0.3331,50.0
train,vfw,2,512,35,9591.9138,34.9784,14.1561,24.7596,1833.095,9494.4584,0.0019,0.8667,50.0
train,vfw,3,512,80,14440.742,79.9719,12.3951,25.1426,5198.3304,10047.0818,0.0104,0.2667,50.0
train,vfw,3,896,55,11745.4924,55.0149,9.3682,25.2626,2775.0131,9618.506,0.14,0.5996,50.0
train,vfw,1,768,55,11720.1257,54.999,30.1411,24.5026,3426.9633,9870.5057,0.032,0.5998,50.0
train,vfw,2,640,75,13929.7006,74.9588,18.3936,25.0777,4925.3066,10144.8179,0.0177,0.3333,50.0
train,vfw,4,512,30,8870.5358,29.9854,7.3917,27.4291,1208.6231,6535.6537,0.138,0.9326,50.0
train,vfw,1,384,45,10605.833,44.9622,35.9155,36.8035,2418.1048,9258.0742,0.0973,0.733,49.0
train,vfw,2,640,99999,18975.8363,126.9968,28.698,25.2527,9466.2344,10837.1314,0.0015,0.0,50.0
train,vfw,4,1024,80,14462.2322,80.0655,9.7366,27.8737,5921.2851,10965.4427,0.1262,0.2689,50.0
train,vfw,1,1024,100,16680.4257,99.8981,36.0075,24.3039,7308.4717,11088.412,0.0143,0.0,50.0
train,vfw,4,768,75,13875.7505,75.0164,13.2598,27.9117,5214.7815,9944.4284,0.1062,0.3342,50.0
train,vfw,2,384,45,10635.1758,44.9865,16.5412,38.6276,2622.3099,9715.1433,0.0375,0.733,50.0
train,vfw,1,256,35,9546.6805,34.9899,31.9387,49.7948,1509.0482,9134.6925,0.0775,0.866,48.0
train,vfw,3,640,75,13930.9663,74.9977,11.387,25.5218,4881.4634,9670.0574,0.195,0.3333,50.0
train,vfw,4,896,25,8437.3786,24.9967,6.4526,27.4145,822.6926,8280.1106,0.4259,0.9992,49.0
train,vfw,3,1024,60,12315.6912,60.0101,11.727,26.0167,3146.8541,9189.2056,0.4431,0.5329,50.0
train,vfw,2,256,80,14440.2843,80.0052,24.1419,50.6343,5593.5174,10700.9941,0.0349,0.2664,50.0
train,vfw,1,384,40,10052.2991,39.9719,34.0296,36.74,1721.1877,9306.9952,0.0377,0.7997,49.0
train,vfw,4,896,40,10074.0081,40.0195,5.7281,27.6992,2182.5965,9053.5754,0.2928,0.7999,49.0
train,vfw,3,768,90,15538.6195,90.0018,13.3822,26.1652,6173.7833,10846.6088,0.052,0.1333,50.0
train,vfw,3,768,35,9606.5741,34.9854,8.1104,25.2402,1614.9108,8247.687,0.2925,0.8663,50.0
train,vfw,1,1024,60,12295.1792,59.9469,26.3424,23.9102,3935.6622,10253.0414,0.0483,0.5329,50.0
train,vfw,1,1024,30,9015.3668,29.9826,19.4183,23.6666,1401.7631,9240.9278,0.0827,0.9326,50.0
train,vfw,4,768,65,12777.5044,65.0067,8.8912,28.0129,4187.4102,9185.6905,0.1432,0.4672,50.0
train,vfw,1,768,99999,18984.4807,126.9426,50.9431,24.1837,10046.467,11188.7339,0.0014,0.0,50.0
train,vfw,3,256,35,9579.3688,34.9917,10.4817,51.9676,1547.4203,6365.2629,0.0897,0.8667,50.0
train,vfw,1,1024,60,12284.2081,59.9125,26.5355,23.954,3476.2891,9582.6675,0.0534,0.5329,50.0
train,vfw,2,384,40,10073.0095,39.9589,15.9233,38.337,1627.5442,8912.1777,0.0396,0.7996,50.0
train,vfw,3,256,95,16049.6685,94.9899,17.4975,51.2562,6661.7246,10965.2748,0.0132,0.0667,50.0
train,vfw,1,384,50,11147.4088,49.9563,36.4158,36.7778,2570.2963,9243.6118,0.0339,0.6664,49.0
train,vfw,3,384,25,8508.7833,24.973,9.4845,37.612,355.4,6671.5232,0.0,1.0,50.0
train,vfw,3,896,99999,18909.7907,126.8306,16.5506,25.8237,6446.7514,7241.0926,0.0015,0.0,50.0
train,vfw,4,384,90,15515.214,89.9776,10.5681,42.6335,6490.8571,10377.5973,0.0278,0.1332,50.0
train,vfw,3,1024,65,12850.2882,65.0111,11.8893,25.9205,3276.0591,9253.5882,0.3448,0.4663,50.0
train,vfw,4,1024,65,12828.1355,65.0506,8.8903,27.752,4454.9242,10387.4121,0.2102,0.4681,50.0
train,vfw,4,896,55,11707.8302,55.0177,8.9045,27.407,2784.5007,8797.1295,0.2231,0.6005,50.0
train,vfw,2,768,80,14468.6611,79.9661,17.5505,25.3611,5063.8975,9954.0461,0.0237,0.2666,50.0
train,vfw,3,768,65,12847.9144,64.9945,10.0232,25.5533,3677.8438,9174.7558,0.2101,0.4665,50.0
train,vfw,2,640,55,11764.646,54.9716,16.3637,24.9337,3152.6952,9613.0405,0.0206,0.5999,50.0
train,vfw,4,640,65,12760.0867,65.0189,9.1493,28.0407,4403.8741,9272.946,0.1096,0.4667,50.0
train,vfw,1,384,80,14424.298,79.9246,46.2089,37.0088,5890.457,10617.9184,0.0243,0.2666,50.0
train,vfw,2,896,90,15547.0001,89.9894,18.0863,26.0081,6741.7538,11110.5527,0.0222,0.1333,50.0
train,vfw,1,256,85,14967.4601,84.798,48.5451,48.9337,6283.2576,10747.1935,0.0289,0.1998,50.0
train,vfw,2,512,50,11220.0917,49.9712,15.4376,24.6356,3082.0076,9802.8021,0.0047,0.6667,50.0
train,vfw,2,1024,99999,18968.5023,126.9817,30.0126,26.0272,8025.3984,11326.5761,0.0016,0.0,50.0
train,vfw,2,512,90,15562.6647,89.9325,21.5371,25.0638,7103.1928,11181.4933,0.0123,0.1333,50.0
train,vfw,3,640,40,10150.8871,40.0007,7.6664,25.0944,1668.3226,8839.9874,0.0807,0.7998,50.0
train,vfw,4,768,100,16623.4851,100.052,12.4006,28.525,7473.2448,11257.3307,0.0141,0.0016,50.0
train,vfw,4,1024,40,10113.096,40.0172,8.2777,27.7672,2161.6063,9344.862,0.4451,0.8,49.0
train,vfw,3,640,65,12841.0797,65.0008,10.6538,25.4038,3969.8669,9806.3849,0.0612,0.4666,50.0
train,vfw,1,896,40,10090.55,39.9884,21.5994,23.986,1765.9035,9338.3204,0.0554,0.7995,50.0
train,vfw,2,384,70,13364.3864,69.9747,19.5038,37.8363,4380.8192,9861.9561,0.0269,0.3998,50.0
train,vfw,2,1024,70,13386.9561,69.9984,17.3905,26.1383,4896.4092,10577.8754,0.0482,0.3997,50.0
train,vfw,1,640,85,15000.4486,85.0187,43.0376,24.6408,5665.8934,10294.2717,0.0158,0.2,50.0
train,vfw,3,1024,55,11764.4033,55.0032,9.2728,26.3188,3483.262,9129.2429,0.3767,0.5995,50.0
train,vfw,4,768,80,14430.0595,80.0284,10.3122,28.0146,5167.6774,9724.2948,0.0878,0.2677,50.0
train,vfw,3,768,50,11234.0399,50.0013,11.5847,25.7287,2888.7934,9038.0505,0.299,0.6664,50.0
train,vfw,2,896,30,9076.7888,30.0157,11.949,25.8198,1601.2597,9805.1392,0.0705,0.9328,50.0
train,vfw,3,384,60,12289.5209,59.9969,11.9674,38.4875,3786.3887,9196.3974,0.0066,0.5333,50.0
train,vfw,3,1024,40,10117.1934,40.0155,7.5445,25.6875,1815.0127,9082.43,0.2178,0.7994,50.0
train,vfw,3,640,40,10144.3126,40.0049,8.7344,24.885,1328.873,8608.8586,0.0724,0.7998,50.0
train,vfw,1,256,65,12793.7408,64.8613,43.096,49.0667,3806.1467,9540.4092,0.0483,0.4663,49.0
train,vfw,4,256,70,13336.7585,69.9712,8.4055,55.6958,5253.2011,10804.6923,0.0431,0.3997,50.0
train,vfw,1,256,60,12226.0733,59.8386,41.99,49.1547,3042.2614,9212.5919,0.0477,0.5329,49.0
train,vfw,1,896,85,15024.9175,84.9471,37.0652,24.364,6112.8888,10801.5784,0.0246,0.1999,50.0
train,vfw,4,640,25,8362.8791,24.9917,5.8634,27.3994,395.4283,6326.4222,0.2872,0.9992,50.0
train,vfw,4,768,50,11139.5205,50.0154,7.669,27.754,3321.7822,8862.1001,0.1984,0.6667,50.0
train,vfw,2,256,45,10587.9156,44.9892,16.4956,52.2094,2644.0473,9363.0197,0.0711,0.7327,50.0
train,vfw,3,768,50,11226.6492,49.9951,9.5024,25.4787,3102.3183,9193.2687,0.1936,0.6664,50.0
train,vfw,4,384,100,16618.5752,99.9791,11.7117,42.9294,7957.8499,11218.8649,0.0161,0.0,50.0
train,vfw,4,384,25,8355.1877,24.984,8.8897,40.5252,640.7108,7387.8053,0.1166,0.9992,50.0
train,vfw,4,384,65,12772.5167,64.9994,8.49,42.141,4456.4876,9456.8167,0.1257,0.4663,50.0
train,vfw,1,640,35,9497.5859,34.9839,24.6915,24.0821,1519.7063,9180.6887,0.0209,0.8665,50.0
train,vfw,4,1024,30,9016.2265,30.0127,5.6837,27.6434,1239.5397,9386.5634,0.4064,0.9328,49.0
train,vfw,1,640,35,9499.0354,34.9809,26.4868,24.1392,1730.0393,9292.8123,0.0455,0.8665,50.0
train,vfw,3,256,99999,18940.0795,126.8305,22.3524,49.0554,6880.59,7647.9434,0.0014,0.0,50.0
train,vfw,3,512,30,9083.7907,30.0104,4.9725,25.0453,1160.5494,9136.3738,0.001,0.9333,50.0
train,vfw,1,1024,25,8456.5586,24.9938,18.2039,23.5101,643.2762,9171.5941,0.0,0.9992,50.0
train,vfw,4,640,45,10558.0173,45.0046,7.3911,27.6375,1601.103,7018.9784,0.1642,0.733,50.0
train,vfw,4,384,30,8896.7266,29.9666,5.2904,40.9029,654.9143,7144.9346,0.1098,0.9326,50.0
train,vfw,4,640,45,10556.3873,45.0086,7.1146,27.5693,2337.8748,7811.383,0.1642,0.733,50.0
train,vfw,1,384,80,14435.259,79.9488,45.3275,37.4994,6202.3501,11047.568,0.0221,0.2666,50.0
train,vfw,2,512,70,13388.3371,69.95,18.9381,24.8199,4039.8418,9494.0825,0.0085,0.4,50.0
train,vfw,4,896,80,14433.3513,80.0242,9.8145,28.065,5165.442,9901.1678,0.107,0.2683,50.0
train,vfw,3,640,50,11236.0273,50.0165,9.4511,24.9921,2920.466,9480.7375,0.1553,0.6665,50.0
validation,vfw,4,1024,100,16647.5778,100.0994,13.2111,27.9864,7554.4889,11350.3111,0.0142,0.0,50.0
train,vfw,4,1024,30,9012.4173,30.0089,6.6331,27.2964,371.1175,8323.5557,0.4064,0.9328,49.0
train,vfw,1,768,55,11716.4727,54.9822,29.9702,24.0317,2820.9107,9404.4485,0.0321,0.5998,50.0
train,vfw,2,896,100,16608.0023,99.9391,19.1877,25.8993,7012.7243,10676.9703,0.0141,0.0,50.0
train,vfw,1,384,100,16618.1292,99.9158,54.9082,37.2628,7599.3759,11361.2058,0.0143,0.0,50.0
train,vfw,3,384,35,9594.5583,34.9984,8.7866,38.2769,1865.7128,7993.1524,0.0019,0.8667,50.0
train,vfw,4,512,25,8321.9576,24.991,5.8736,27.3747,539.3448,5889.305,0.1736,0.9992,50.0
train,vfw,1,256,99999,18951.0876,126.9224,60.4101,49.8234,10216.9778,11415.3778,0.0015,0.0,50.0
train,vfw,1,768,90,15560.767,89.9797,41.502,24.3927,6350.4375,10714.4864,0.0182,0.1333,50.0
test,vfw,3,1024,99999,18973.8222,126.9714,15.4593,27.1134,10182.4222,11329.3111,0.0015,0.0,50.0
train,vfw,2,384,70,13363.0893,69.9703,19.1023,37.8005,4112.3922,9551.847,0.0269,0.3998,50.0
train,vfw,2,1024,99999,18981.2142,126.9685,29.4691,26.1873,9597.674,11240.1701,0.0445,0.0,50.0
train,vfw,2,896,95,16081.2644,94.9806,18.7924,25.7376,7204.2411,11092.6879,0.0181,0.0666,50.0
train,vfw,3,384,70,13378.9825,69.9918,12.8497,38.437,4750.2156,9202.2401,0.1539,0.4,50.0
train,vfw,1,896,40,10089.4813,39.9814,25.8921,24.0918,2023.5692,9364.1272,0.0554,0.7995,50.0
train,vfw,1,256,55,11709.7285,54.8988,40.9357,49.2882,3609.3739,10209.8778,0.0581,0.5995,49.0
train,vfw,3,512,30,9082.8153,30.0088,6.9466,25.065,1316.1374,9341.0879,0.0009,0.9333,50.0
train,vfw,2,256,35,9494.6917,35.004,15.6411,52.9223,1906.5324,9583.8415,0.0815,0.8659,50.0
train,vfw,4,256,55,11690.7982,54.9775,6.9371,54.9179,2648.319,8919.9369,0.0575,0.5995,50.0
train,vfw,3,640,55,11766.7229,54.9987,9.3342,25.1983,3577.217,9917.0122,0.1139,0.5999,50.0
train,vfw,4,512,90,15506.5597,90.0127,11.6934,29.1189,6812.089,10836.6776,0.0318,0.1332,50.0
train,vfw,4,512,80,14396.9959,80.0026,10.9085,28.5646,5728.301,9827.0061,0.0495,0.2665,50.0
train,vfw,3,512,70,13373.9081,70.0041,11.1902,25.2192,4800.2466,10508.5733,0.0091,0.4,50.0
train,vfw,1,384,60,12240.8276,59.9492,40.2375,36.8616,3723.6154,9717.7802,0.0299,0.5331,49.0
test,vfw,1,512,25,8468.6222,25.009,18.6222,25.4364,596.9333,8860.2,0.0586,0.9992,50.0
train,vfw,1,512,30,8923.4296,29.9595,26.7876,23.971,1577.3271,9010.6735,0.001,0.9333,50.0
train,vfw,3,1024,90,15554.078,90.0104,12.1489,26.428,5664.276,10721.5619,0.0687,0.1332,50.0
train,vfw,2,384,55,11724.7444,54.9813,17.8112,38.2373,3703.0245,9918.0273,0.0332,0.5997,50.0
train,vfw,2,896,50,11233.4414,50.0057,12.5875,25.7902,3104.2581,10010.613,0.0544,0.6663,50.0
train,vfw,2,1024,85,15000.4566,84.9985,17.5058,25.9503,5713.5235,10358.7685,0.0311,0.1998,50.0
train,vfw,1,640,25,8390.2142,24.9551,22.7553,23.4676,357.9,8415.7254,0.0219,0.9998,50.0
train,vfw,3,256,90,15500.5961,89.9929,16.3639,51.2278,6709.7392,11120.8207,0.0134,0.1333,50.0
train,vfw,3,640,30,9065.5333,29.9954,7.5112,24.8306,1233.6694,9119.8825,0.0615,0.9331,50.0
train,vfw,2,256,80,14441.9822,79.9964,22.4253,50.4194,5338.9161,10212.6614,0.0348,0.2664,50.0
train,vfw,2,256,40,10037.8342,39.9937,15.2983,52.3069,1605.7672,8893.7132,0.0764,0.7993,50.0
train,vfw,1,1024,70,13398.192,69.9472,29.5651,24.0522,5074.5178,10684.5899,0.0436,0.3997,50.0
train,vfw,3,512,55,11769.1725,55.001,10.8843,25.2943,3769.4267,10020.6589,0.0057,0.6,50.0
train,vfw,1,640,25,8391.0269,24.9574,24.8259,23.6889,696.4525,8842.3004,0.0219,0.9998,50.0
train,vfw,4,384,75,13862.6467,74.9824,10.9482,42.0397,5153.6814,9866.8207,0.0483,0.3331,50.0
train,vfw,1,512,80,14437.8109,80.0566,45.2737,24.8892,5647.7913,10808.0212,0.0105,0.2667,50.0
train,vfw,3,512,50,11230.595,50.0073,9.1056,24.8317,2655.7476,9742.6903,0.0048,0.6667,50.0
train,vfw,4,512,40,9980.6592,40.0129,8.1588,27.7074,2155.7897,7284.5443,0.1203,0.7994,50.0
train,vfw,4,640,75,13865.7678,75.0183,10.7906,28.5535,5251.8051,9825.3504,0.0823,0.3336,50.0
train,vfw,2,640,25,8512.5472,24.9942,12.7194,24.6624,1003.8555,9367.91,0.0248,0.9998,50.0
train,vfw,1,384,60,12243.506,59.9507,40.6748,36.9254,3701.0526,9817.4618,0.0299,0.5331,49.0
train,vfw,2,896,35,9612.9829,35.0004,14.8346,25.6286,1870.6288,9759.4477,0.0665,0.8661,50.0
train,vfw,3,1024,70,13382.2674,69.9964,10.919,26.1119,4016.6843,9526.9795,0.2178,0.3997,50.0
train,vfw,4,896,85,15000.1547,85.0526,10.6913,28.2288,6198.5376,10347.8713,0.1763,0.2018,50.0
train,vfw,1,896,70,13376.0684,69.9461,33.4971,23.9234,4495.5888,10039.6679,0.0349,0.3998,50.0
train,vfw,1,384,95,16070.8367,94.9196,50.7977,36.9423,6767.6862,10764.3124,0.0163,0.0666,50.0
train,vfw,2,512,75,13931.9394,74.9474,19.4246,24.7888,5143.1309,10381.0792,0.0095,0.3333,50.0
train,vfw,2,896,40,10156.123,39.9916,13.8378,25.3558,1931.2505,9225.8257,0.1383,0.7995,50.0
train,vfw,1,1024,25,8466.4429,24.9932,18.8017,23.749,768.9567,9075.5223,0.0573,0.9992,50.0
train,vfw,3,384,30,9057.865,30.0046,7.0852,38.4391,979.9581,7657.1724,0.001,0.9333,50.0
train,vfw,1,384,50,11143.9642,49.9696,36.8158,36.6287,2800.7004,9752.4548,0.0338,0.6664,49.0
train,vfw,1,256,90,15506.0028,89.7792,49.2971,48.8679,6407.7237,10668.5702,0.024,0.1332,50.0
train,vfw,4,896,55,11705.9782,55.0193,8.1734,27.7069,2914.6489,9247.8196,0.2232,0.6005,50.0
train,vfw,2,256,55,11688.1146,54.9978,18.3878,51.6073,3337.9859,9896.8949,0.0608,0.5995,50.0
train,vfw,2,640,45,10682.3214,44.988,15.4794,25.2094,2767.7844,9898.4538,0.022,0.7332,50.0
train,vfw,4,256,85,14983.8991,84.973,8.7795,56.3272,6273.5485,10931.4321,0.0287,0.1998,50.0
train,vfw,3,256,40,10115.7644,40.001,11.3404,51.9858,2065.2709,7245.0065,0.0028,0.8,50.0
train,vfw,2,256,45,10588.1493,44.9961,16.4149,52.1479,2679.3906,9964.3935,0.0712,0.7327,50.0
train,vfw,2,384,40,10073.5889,39.9593,14.5331,38.4468,1643.4886,8934.7716,0.0396,0.7996,50.0
train,vfw,1,1024,30,9015.9583,29.9881,20.7647,23.8444,1317.1629,9200.781,0.0827,0.9326,50.0
train,vfw,3,384,60,12289.1365,59.9935,11.4791,38.3629,3974.7977,9153.4783,0.0066,0.5333,50.0
train,vfw,3,896,60,12292.8109,60.0107,11.7737,25.7788,3788.8662,10250.9941,0.1263,0.533,50.0
train,vfw,1,768,80,14470.1545,80.0044,36.0306,24.9386,5984.1428,10993.1782,0.0222,0.2666,50.0
train,vfw,3,896,50,11206.3142,50.0046,9.8281,25.2646,2496.3476,9349.7463,0.1396,0.6663,50.0
train,vfw,1,640,45,10595.3856,44.9745,29.9548,24.0453,2870.3599,9944.3779,0.0199,0.7332,50.0
train,vfw,3,384,90,15523.9922,89.9908,14.3522,38.3062,6240.2895,10284.2526,0.0369,0.1333,50.0
train,vfw,1,256,55,11709.2385,54.904,41.3981,49.1864,3009.7786,9378.2694,0.058,0.5995,49.0
train,vfw,4,640,40,10009.0932,40.0078,5.9699,27.7092,1679.2924,7544.3416,0.1779,0.7995,50.0
train,vfw,3,640,75,13913.7316,75.0249,10.3123,24.992,5337.578,10646.8085,0.0563,0.3333,50.0
train,vfw,4,1024,55,11738.2573,55.0282,8.6264,27.6468,3706.2406,9882.7192,0.2663,0.6008,49.0
train,vfw,2,640,50,11225.6384,49.9801,14.536,24.9039,2987.1818,9785.7411,0.0213,0.6665,50.0
train,vfw,2,512,45,10671.8618,44.9804,14.7764,24.3556,2502.9032,9588.6932,0.0038,0.7333,50.0
train,vfw,2,1024,99999,18964.7278,126.9914,30.5867,25.7188,7287.1296,11282.1557,0.0016,0.0,50.0
train,vfw,2,640,55,11766.0812,54.9691,16.7884,25.306,3717.1209,10067.23,0.0206,0.5999,50.0
train,vfw,2,896,70,13385.5838,69.9762,15.7408,25.6008,4367.8615,9782.7504,0.0383,0.3998,50.0
train,vfw,2,768,30,9061.79,29.9913,12.7996,24.948,1090.2718,9168.8886,0.0473,0.933,50.0
train,vfw,3,1024,95,16092.9153,94.9977,12.9888,26.9093,6485.7262,11271.9937,0.0277,0.0666,50.0
train,vfw,2,256,50,11142.1167,49.9957,17.725,51.881,2535.7882,9230.9898,0.0659,0.6661,50.0
train,vfw,2,640,65,12839.3881,64.9556,17.4102,24.979,3837.3352,9860.9038,0.0192,0.4666,50.0
train,vfw,2,256,50,11134.8803,50.0083,17.049,51.659,3125.5326,9826.3473,0.066,0.6661,50.0
train,vfw,1,512,100,16649.0969,100.0922,52.6506,25.4866,7598.2606,11415.3778,0.0143,0.0,50.0
train,vfw,2,512,70,13390.8245,69.9682,19.6476,24.7774,4811.0659,10545.4078,0.0085,0.4,50.0
train,vfw,1,640,45,10598.4804,44.9957,29.4471,24.4061,2765.6113,9861.2265,0.0067,0.7332,50.0
test,vfw,1,512,100,16596.4,99.9448,50.8222,23.541,7580.3778,11341.6444,0.0141,0.0,50.0
train,vfw,1,896,100,16670.9547,99.9374,40.8743,24.4632,7677.0526,11415.3778,0.0143,0.0,50.0
train,vfw,1,896,25,8452.7288,25.008,18.8897,24.3426,1269.3394,9468.0891,0.0908,0.9994,50.0
train,vfw,2,640,40,10138.4346,39.9712,14.7478,24.766,2464.3161,9335.1294,0.0227,0.7998,50.0
train,vfw,4,256,45,10594.0466,44.9998,6.7565,54.4377,1943.1486,9357.3673,0.0672,0.7327,50.0
train,vfw,2,1024,35,9619.4271,34.9982,12.156,25.6486,1804.3373,9387.5793,0.088,0.866,50.0
train,vfw,3,512,30,9080.4436,30.0021,7.4844,24.6887,966.2014,9178.1363,0.001,0.9333,50.0
train,vfw,1,768,55,11718.2344,54.9885,30.6512,24.0066,3484.8748,9944.3077,0.032,0.5998,50.0
train,vfw,2,768,65,12849.027,64.985,16.4393,25.284,4149.2682,10375.9409,0.0307,0.4665,50.0
train,vfw,2,1024,95,16079.9078,94.993,18.7273,26.3458,7125.0853,11182.6193,0.0198,0.0666,50.0
train,vfw,3,896,95,16074.9202,94.968,12.1123,26.1716,5142.4652,9758.9625,0.047,0.0666,50.0
train,vfw,4,384,95,16066.9447,94.9818,10.8521,42.6615,6724.7786,10672.242,0.021,0.0666,50.0
train,vfw,2,256,25,8389.5292,24.9922,12.6511,53.1397,1281.5704,9601.2547,0.0919,0.9991,50.0
train,vfw,3,1024,40,10130.9885,39.967,8.7802,25.5552,1212.6572,7231.415,0.5587,0.7994,50.0
train,vfw,1,1024,40,10110.2695,39.9701,21.7374,23.7173,2276.6636,9647.2811,0.073,0.7994,50.0
train,vfw,2,1024,30,9091.4031,29.9968,12.7959,25.5374,860.4285,8693.3987,0.2225,0.9326,50.0
train,vfw,4,640,45,10571.7892,45.0043,7.0841,27.8586,2303.6898,7444.1343,0.2927,0.733,50.0
train,vfw,4,512,90,15496.8533,90.0032,11.4381,28.7137,6694.128,10665.8736,0.0362,0.1332,50.0
train,vfw,1,256,99999,18947.3966,126.9214,61.0222,49.8489,10216.9778,11415.3778,0.0015,0.0,50.0
train,vfw,2,256,100,16638.7772,100.0,26.42,49.4921,7255.2002,11048.7559,0.0141,0.0,50.0
train,vfw,4,1024,85,15009.6643,85.0792,8.6707,28.0388,5952.5763,10624.9665,0.0982,0.2025,50.0
train,vfw,3,768,60,12310.4429,60.008,9.9761,25.7247,3479.0577,9575.1371,0.1972,0.5331,50.0
train,vfw,3,640,55,11766.7793,55.0016,10.0714,25.2473,3502.4666,9780.4857,0.109,0.5999,50.0
train,vfw,4,384,75,13865.2625,74.9869,9.5602,42.1337,5389.4101,10258.29,0.0483,0.3331,50.0
train,vfw,3,384,45,10676.9415,45.0016,10.9524,38.6687,2522.8234,8730.284,0.0038,0.7333,50.0
train,vfw,4,768,75,13879.2519,75.0193,10.2341,27.7924,4605.7952,9358.3978,0.1063,0.3342,50.0
train,vfw,2,512,25,8497.6517,25.0031,11.5147,24.0281,1001.9872,9209.783,0.0,1.0,50.0
train,vfw,1,640,40,10049.1452,39.991,28.1339,24.375,2343.6711,9701.6684,0.0204,0.7998,50.0
train,vfw,3,256,30,9036.0283,30.0133,9.8823,51.7627,1219.6615,6653.7649,0.0009,0.9333,50.0
train,vfw,2,768,95,16087.0211,94.954,20.8888,25.2627,6584.0837,10574.8105,0.0165,0.0666,50.0
train,vfw,4,896,40,10074.0127,40.0145,4.8809,27.7951,2148.7949,8799.9546,0.2928,0.7999,49.0
train,vfw,1,512,100,16646.4119,100.0882,53.0458,25.5075,7782.6089,11415.3778,0.0143,0.0,50.0
train,vfw,4,384,99999,18975.9853,126.9178,14.4532,40.2756,8387.2031,9371.3675,0.0015,0.0,50.0
train,vfw,3,384,30,9058.347,30.0054,7.9952,38.5347,1083.5912,7764.8022,0.001,0.9333,50.0
train,vfw,2,512,50,11216.6453,49.9711,15.7992,24.4587,2157.7953,9307.4232,0.0047,0.6667,50.0
train,vfw,1,256,75,13883.2872,74.8417,45.7514,49.2645,5386.3467,10594.7944,0.0386,0.3331,49.0
train,vfw,1,256,80,14417.9404,79.809,47.331,48.8115,4529.1675,9514.8455,0.0338,0.2665,49.0
train,vfw,3,1024,75,13919.0947,75.0165,11.114,25.8546,4107.6356,10429.2486,0.0839,0.3331,50.0
train,vfw,2,384,80,14453.8184,79.9635,23.4885,37.5218,5507.9606,10403.7524,0.0226,0.2665,50.0
train,vfw,3,896,80,14462.78,79.9897,11.4159,26.2087,5576.6148,10439.1627,0.1211,0.2665,50.0
train,vfw,2,896,100,16631.4556,99.9971,19.1025,25.7125,7788.4102,11415.3778,0.0141,0.0,50.0
train,vfw,4,640,55,11655.8675,55.0031,10.3355,27.6666,3358.3208,8537.8573,0.1369,0.5998,50.0
train,vfw,2,1024,40,10157.9412,40.0005,13.7967,25.7561,2111.0148,9700.674,0.0823,0.7994,50.0
train,vfw,2,896,65,12850.7124,64.9952,15.4285,25.8803,4688.4831,10667.7113,0.0423,0.4664,50.0
train,vfw,4,896,30,8979.8218,29.9999,5.7671,27.5586,1481.215,8877.3203,0.3393,0.9328,49.0
train,vfw,1,768,60,12267.5112,59.981,32.9742,24.4867,4448.1079,10674.4108,0.03,0.5331,50.0
train,vfw,3,768,99999,18962.924,126.9614,19.4883,26.3861,8920.89,9885.5353,0.0015,0.0,50.0
train,vfw,3,256,55,11728.5102,55.0013,12.361,51.5059,3338.2242,8224.5813,0.0056,0.6,50.0
train,vfw,4,256,50,11137.4571,49.9923,6.9706,54.6128,3094.8601,9708.4613,0.0623,0.6661,50.0
train,vfw,3,256,100,16590.403,99.9677,18.1315,51.1878,7740.2963,11050.1014,0.0141,0.0,50.0
train,vfw,3,512,60,12313.3385,60.0045,10.3822,25.0935,3870.5462,9758.0756,0.0956,0.5333,50.0
train,vfw,3,256,40,10115.7956,39.9982,10.3053,51.8883,2337.7701,7556.1235,0.0028,0.8,50.0
train,vfw,3,640,95,16079.4866,95.0085,14.2897,25.9566,6868.2383,10997.4253,0.0768,0.0667,50.0
train,vfw,4,768,30,8945.1534,29.9976,4.9161,27.6016,1512.0401,8235.1681,0.2722,0.9327,50.0
train,vfw,4,1024,99999,18970.758,126.9208,12.8866,27.0077,7866.3051,8786.1761,0.0015,0.0,50.0
train,vfw,1,768,65,12814.3425,64.9808,35.4681,24.094,4382.401,10247.0,0.028,0.4665,50.0
train,vfw,1,768,60,12268.5219,59.9903,31.2679,24.4712,3732.927,9864.8556,0.03,0.5331,50.0
train,vfw,4,256,40,10045.3554,40.0044,4.9782,54.5243,2103.0629,9302.0522,0.072,0.7994,50.0
train,vfw,2,640,40,10137.7538,39.9751,13.3443,24.7484,1783.9568,8948.8736,0.0227,0.7998,50.0
train,vfw,4,640,45,10556.9969,45.0097,7.3056,27.617,2518.2683,8012.755,0.1642,0.733,50.0
train,vfw,4,1024,99999,18979.9812,126.9151,12.134,27.9127,9894.9133,11000.1462,0.0016,0.0,50.0
train,vfw,3,256,95,16050.3232,94.9757,16.3288,51.3006,6493.9497,10299.322,0.0132,0.0667,50.0
train,vfw,1,896,55,11732.839,54.9588,27.6802,24.0583,3251.3859,9430.7668,0.0451,0.5996,50.0
train,vfw,3,256,35,9561.4388,35.0019,10.0163,51.7534,1436.3135,7066.2425,0.0016,0.8667,50.0
train,vfw,1,640,99999,18995.5043,126.9654,53.5245,23.68,10216.9778,11170.7732,0.0013,0.0,50.0
train,vfw,1,256,50,11169.3499,49.9298,40.6147,49.2956,2610.4991,9643.7072,0.0629,0.6661,49.0
train,vfw,4,384,100,16618.3199,99.9862,11.984,42.7954,7034.4465,10769.0519,0.0141,0.0,50.0
train,vfw,3,256,70,13334.4373,69.9474,14.2938,51.6764,4139.905,8528.7071,0.0085,0.4,50.0
train,vfw,4,512,50,11083.0074,49.9997,6.1829,27.9503,2237.6748,7039.4767,0.1027,0.6661,50.0
train,vfw,2,640,75,13928.7107,74.9546,18.9304,24.9444,5167.7121,10436.8654,0.0177,0.3333,50.0
train,vfw,3,384,80,14442.718,79.9925,13.4606,38.3849,5817.0765,10210.3526,0.0103,0.2667,50.0
train,vfw,3,1024,75,13910.3809,74.9771,10.8915,26.3155,4687.6199,10010.4509,0.1116,0.3331,50.0
train,vfw,3,768,100,16625.038,100.0044,12.3177,26.2283,7565.6554,11407.5064,0.014,0.0,50.0
train,vfw,2,768,60,12304.4143,59.9764,15.8998,25.1226,2903.0182,9009.1129,0.0331,0.5331,50.0
train,vfw,2,256,45,10590.9131,45.0206,15.3741,52.6919,3015.05,10244.6426,0.0208,0.7327,50.0
train,vfw,1,512,25,8374.9214,24.9745,22.4132,24.3007,934.6184,9167.5338,0.0,1.0,50.0
train,vfw,1,1024,50,11207.2179,49.9589,24.057,23.7119,2350.2717,9030.4409,0.0631,0.6661,50.0
train,vfw,2,640,40,10145.1481,40.0062,12.9961,25.2551,2552.2108,10005.5986,0.0227,0.7998,50.0
train,vfw,3,640,85,15000.2414,85.0054,11.1352,25.6506,5839.7216,10440.3101,0.0766,0.2,50.0
train,vfw,1,512,55,11681.7839,55.0134,35.2471,24.2914,3199.4535,9614.9151,0.0057,0.6,50.0
train,vfw,3,896,40,10151.6776,39.9862,8.4267,25.4631,1309.9127,7351.8923,0.4959,0.7995,50.0
train,vfw,1,256,80,14419.1904,79.8093,47.1311,48.8616,4932.1356,9887.5881,0.0338,0.2665,49.0
train,vfw,2,896,95,16082.8412,94.9706,18.0872,25.7269,6056.5087,9978.8161,0.0182,0.0666,50.0
train,vfw,2,256,40,10041.889,39.9989,15.3511,52.3225,1883.7529,9212.9234,0.0763,0.7993,50.0
train,vfw,1,768,35,9507.2896,34.9691,26.5495,23.6612,1572.0472,9408.2225,0.0365,0.8663,50.0
train,vfw,1,384,55,11700.9313,54.9603,38.1478,36.8926,3562.1695,9947.1512,0.0556,0.5998,49.0
train,vfw,2,512,65,12846.0556,64.9559,18.0191,24.7473,4347.8058,10185.9222,0.0076,0.4667,50.0
train,vfw,3,768,30,9075.4486,30.0057,9.2591,25.1899,1266.5598,8386.3525,0.3587,0.933,50.0
train,vfw,3,896,35,9610.986,34.9878,8.8878,25.415,1340.6314,7617.8201,0.5454,0.8661,50.0
train,vfw,1,384,90,15518.5389,89.9372,48.9456,36.6621,6689.3177,11060.382,0.0182,0.1333,50.0
train,vfw,2,896,55,11774.3256,55.0046,14.1336,25.8951,3613.1937,10206.8308,0.0504,0.5996,50.0
train,vfw,2,256,25,8390.2218,24.9996,10.7368,53.1137,365.4,8379.2074,0.0919,0.9991,50.0
train,vfw,3,512,80,14457.3943,80.0011,11.8971,25.5254,5494.8044,10378.8024,0.0104,0.2667,50.0
train,vfw,3,768,99999,18968.5791,126.9319,15.8448,26.2219,8163.762,8551.8414,0.0014,0.0,50.0
train,vfw,1,896,100,16674.5635,99.9391,39.7746,24.6735,7939.4834,11365.0971,0.0143,0.0,50.0
train,vfw,1,896,45,10633.2282,44.9601,28.6489,23.643,2513.7811,9546.6306,0.052,0.7329,50.0
train,vfw,4,256,55,11691.8463,54.9876,6.7474,55.1986,3325.7791,9664.7001,0.0575,0.5995,50.0
train,vfw,3,768,30,9070.6661,29.9942,8.4315,25.1026,1201.5631,8438.3754,0.3259,0.933,50.0
train,vfw,2,896,95,16091.7772,94.9857,18.1881,25.8812,7193.8403,11271.7932,0.0181,0.0666,50.0
train,vfw,2,640,99999,18971.5521,126.9934,29.5924,24.9773,9201.5158,10921.2953,0.0015,0.0,50.0
train,vfw,1,256,70,13336.5103,69.8441,45.0203,49.1206,5032.568,10154.9263,0.0434,0.3997,49.0
train,vfw,1,256,35,9544.483,34.9884,36.7489,49.5164,1848.6687,9517.8591,0.0775,0.866,48.0
train,vfw,2,640,100,16643.0289,99.957,21.4427,25.6403,7824.5725,11415.3778,0.0142,0.0,50.0
train,vfw,1,512,50,11130.6961,50.0124,34.1823,24.3801,3186.945,9958.9394,0.0048,0.6667,50.0
train,vfw,3,896,90,15545.3332,89.9984,12.456,26.3382,6517.0722,10902.1494,0.0635,0.1333,50.0
train,vfw,3,640,35,9606.6576,34.9849,7.8475,25.0925,1758.8938,8762.3359,0.1043,0.8665,50.0
train,vfw,3,640,60,12308.1247,60.0221,9.4745,25.971,4350.4197,10503.765,0.0568,0.5332,50.0
train,vfw,2,896,35,9604.5937,34.9894,13.005,25.3189,1698.798,9473.317,0.0188,0.8661,50.0
train,vfw,1,1024,50,11205.6945,49.9562,23.9869,23.7992,3286.8365,10090.6247,0.0632,0.6661,50.0
train,vfw,2,384,55,11720.553,54.9911,16.8524,37.8582,3770.5175,10202.7573,0.0333,0.5997,50.0
train,vfw,4,640,90,15525.4452,90.0281,10.3349,28.6996,6475.1148,10270.5864,0.1448,0.1339,50.0
train,vfw,3,384,55,11750.4333,55.0051,9.902,38.3953,2947.962,8531.4142,0.0057,0.6,50.0
train,vfw,3,384,35,9599.9521,35.0143,5.0564,38.6328,1442.6214,7912.9591,0.0019,0.8667,50.0
train,vfw,3,1024,99999,18974.4667,126.9722,22.4815,27.8803,9977.2444,11102.4889,0.0014,0.0,50.0
train,vfw,1,1024,99999,18955.3509,126.8458,57.2368,23.8294,10210.3324,11316.5402,0.0013,0.0,50.0
test,vfw,4,1024,100,16632.7778,100.0069,9.7444,28.2454,7319.6222,11002.3111,0.014,0.0,50.0
train,vfw,2,1024,80,14460.4492,79.9855,16.8591,25.9196,5637.4742,10463.4003,0.0368,0.2665,50.0
train,vfw,4,512,85,14946.91,84.9953,11.7097,28.4651,5343.9492,9364.2295,0.0407,0.1998,50.0
train,vfw,2,768,100,16632.1363,99.9659,21.034,25.5889,7300.4949,11010.5078,0.0142,0.0,50.0
train,vfw,4,768,99999,18967.2165,126.8957,13.9698,27.4317,10087.3521,11269.9634,0.0015,0.0,50.0
train,vfw,2,384,95,16096.0902,94.9673,24.0361,37.3451,6626.1731,10789.8737,0.0163,0.0666,50.0
train,vfw,3,768,40,10159.7591,39.9972,9.4018,25.402,1830.0537,8373.9779,0.3813,0.7997,50.0
train,vfw,3,384,25,8521.1573,25.0095,7.4639,38.6267,919.773,7856.8754,0.0,1.0,50.0
train,vfw,1,1024,65,12855.9677,64.9471,27.113,24.0635,4597.2113,10409.8209,0.0804,0.4663,50.0
train,vfw,4,768,30,8944.0316,29.999,6.0948,27.3783,1204.874,7910.1012,0.2722,0.9327,50.0
train,vfw,2,384,65,12819.5305,64.982,20.3233,38.208,4493.2952,10352.881,0.029,0.4665,50.0
train,vfw,3,512,65,12836.1372,64.9827,11.1058,24.6273,3901.3901,9688.1705,0.0076,0.4667,50.0
train,vfw,2,768,80,14467.7446,79.9671,18.0939,25.3331,4952.7749,9891.2633,0.0237,0.2666,50.0
train,vfw,1,512,80,14439.3599,80.0571,45.1553,24.8658,5336.548,10580.1492,0.0377,0.2667,50.0
train,vfw,4,512,30,8859.9064,29.9649,5.9948,27.5064,619.6932,5876.5383,0.1381,0.9326,50.0
train,vfw,3,1024,65,12841.3356,65.0001,13.6838,25.5885,3229.9226,9301.3384,0.2777,0.4663,50.0
train,vfw,1,768,40,10063.5752,39.963,26.5383,23.844,2108.641,9137.823,0.0379,0.7997,50.0
train,vfw,2,768,35,9599.1878,34.9983,13.053,24.8611,1646.5605,9612.7394,0.0453,0.8663,50.0
train,vfw,4,512,50,11068.3847,49.9648,7.3634,27.8333,1731.4172,6466.95,0.1027,0.6661,50.0
train,vfw,4,896,65,12807.4148,65.0299,8.6574,27.9254,4620.2584,9694.788,0.1767,0.4676,50.0
train,vfw,3,384,40,10128.2476,39.9821,11.1072,37.9761,1562.2843,7786.3765,0.0028,0.8,50.0
train,vfw,4,640,65,12761.3986,65.0164,9.4697,27.9275,3875.4241,8996.9753,0.1097,0.4667,50.0
train,vfw,1,512,80,14437.8137,80.0487,44.4516,24.8244,5162.3303,10081.8588,0.0105,0.2667,50.0
train,vfw,4,768,95,16070.5895,95.0341,12.3498,28.059,6542.7879,10477.0445,0.0325,0.0682,50.0
train,vfw,4,256,45,10593.9429,44.9827,6.3899,54.5938,2229.0706,9057.7665,0.0671,0.7327,50.0
train,vfw,2,640,80,14461.5364,79.9334,19.1608,25.1709,5361.9822,10273.4454,0.017,0.2666,50.0
train,vfw,4,768,95,16070.2573,95.0508,11.3181,28.3555,7080.997,11172.4841,0.0361,0.0682,50.0
train,vfw,4,512,60,12192.216,59.997,9.0423,28.1059,3813.2776,8327.1273,0.1404,0.5329,50.0
train,vfw,1,640,25,8396.5175,24.9576,23.1488,23.5821,385.6,8166.0719,0.0219,0.9998,50.0
train,vfw,3,384,40,10133.5487,39.9925,9.196,38.3683,2153.9511,8433.3659,0.0028,0.8,50.0
train,vfw,2,384,80,14459.1818,79.9787,22.4393,38.0261,5828.5259,10778.5719,0.0226,0.2665,50.0
train,vfw,4,896,65,12810.6967,65.0293,8.1273,27.6896,3415.7639,8891.3187,0.1767,0.4676,50.0
train,vfw,4,512,45,10531.5209,44.9928,7.6707,27.8969,2640.8509,7312.5104,0.1115,0.7327,50.0
train,vfw,1,1024,65,12853.6075,64.9402,28.5747,24.4475,4748.8444,10535.4785,0.0485,0.4663,50.0
train,vfw,1,512,85,14992.7299,85.0675,47.0812,25.0283,6457.7482,11011.4489,0.0114,0.2,50.0
train,vfw,2,256,25,8383.1109,24.9812,13.003,53.0638,379.7552,8529.7619,0.1149,0.9991,50.0
train,vfw,1,768,40,10068.108,39.9736,25.7577,24.0097,1726.3455,9005.9016,0.0379,0.7997,50.0
train,vfw,3,512,55,11763.1592,55.0083,9.7811,24.8964,2634.2867,9764.7722,0.0057,0.6,50.0
train,vfw,1,1024,95,16135.3252,94.8998,34.3778,24.2098,6716.4934,10778.386,0.0192,0.0666,50.0
train,vfw,4,256,70,13335.1349,69.9743,8.8473,55.6469,4693.2251,10044.7264,0.0431,0.3997,50.0
train,vfw,3,1024,70,13393.3076,70.0243,11.2191,25.7692,3511.0592,9632.359,0.2856,0.3997,50.0
train,vfw,3,768,85,14995.6124,84.9888,11.2601,25.8816,5239.8961,9749.126,0.0435,0.1999,50.0
train,vfw,2,1024,70,13391.2546,69.9861,15.2881,25.7782,4424.5422,9676.6977,0.0482,0.3997,50.0
train,vfw,4,384,30,8898.4143,29.9692,5.8761,40.8163,671.3626,7168.4758,0.1098,0.9326,50.0
train,vfw,2,896,30,9070.3448,29.9948,12.1039,25.252,622.746,8716.4284,0.0705,0.9328,50.0
train,vfw,3,768,40,10155.1661,40.0056,8.2476,25.2177,1223.04,7772.6635,0.3496,0.7997,50.0
train,vfw,2,512,45,10671.6054,44.9638,16.6448,24.395,2339.8508,9354.3506,0.0038,0.7333,50.0
train,vfw,3,384,85,14986.0176,84.9966,14.8288,38.4158,6383.8267,10633.706,0.0635,0.2,50.0
train,vfw,1,640,45,10593.9948,45.002,29.9363,23.8952,2885.7285,9915.3122,0.0199,0.7332,50.0
train,vfw,1,768,95,16117.7588,94.9939,42.5794,24.9366,7308.2568,11415.3778,0.0163,0.0666,50.0
train,vfw,1,640,25,8397.8411,24.9784,19.9691,24.037,645.0792,8853.0718,0.0219,0.9998,50.0
train,vfw,1,512,95,16097.4085,95.0898,47.7248,25.3729,6974.9855,11065.3856,0.0134,0.0667,50.0
train,vfw,3,512,75,13924.5858,75.008,11.6185,25.227,5270.096,10290.3249,0.0825,0.3333,50.0
train,vfw,2,896,85,15007.6318,84.9908,16.502,25.8008,5883.0464,10691.0989,0.0263,0.1999,50.0
train,vfw,4,256,70,13336.6496,69.9713,7.9574,55.6541,4238.8432,9662.0675,0.0431,0.3997,50.0
train,vfw,4,512,70,13292.2686,70.0069,11.1056,28.1058,4734.0944,9186.9307,0.0672,0.3997,50.0
train,vfw,4,896,30,8975.6802,29.9927,6.0742,27.5199,1321.573,8434.7911,0.3233,0.9328,49.0
train,vfw,1,512,60,12230.1185,60.0074,38.8548,24.471,4316.3159,10513.646,0.0067,0.5333,50.0
train,vfw,4,896,85,14993.2445,85.0644,10.3837,27.9983,5684.3428,10524.7114,0.0838,0.2018,50.0
train,vfw,4,256,100,16627.9748,99.9588,11.4918,56.734,7504.008,11069.682,0.0142,0.0,50.0
train,vfw,3,512,65,12833.167,64.9848,10.1758,25.0733,3853.1021,9754.5168,0.0076,0.4667,50.0
train,vfw,2,768,50,11223.7498,49.98,14.8125,25.0869,2458.271,9240.8674,0.0379,0.6664,50.0
train,vfw,3,896,100,16622.1238,100.0165,13.3573,26.1941,5915.9539,10748.3562,0.0122,0.0,50.0
train,vfw,3,896,65,12847.3475,65.0034,11.0673,25.7439,3382.1459,8746.9586,0.2722,0.4664,50.0
train,vfw,4,256,55,11691.5164,54.99,8.0349,55.0794,3667.5426,9950.4303,0.0575,0.5995,50.0
train,vfw,3,768,70,13376.6177,69.9775,12.4692,24.8997,3666.8961,9094.5453,0.1559,0.3998,50.0
train,vfw,4,640,100,16609.7887,100.0447,11.3917,28.3844,7960.9306,11415.3778,0.0141,0.0008,50.0
train,vfw,2,640,60,12300.3726,59.9556,20.3923,24.754,3813.6772,9977.5772,0.0198,0.5332,50.0
train,vfw,1,896,95,16124.2872,94.9455,37.1025,24.5307,6719.1511,10768.7889,0.0178,0.0666,50.0
train,vfw,4,768,95,16074.4963,95.054,12.3088,28.438,7483.8841,11415.3778,0.0325,0.0682,50.0
train,vfw,1,256,30,8990.1827,29.9726,33.1966,49.6523,712.7351,8594.8911,0.0824,0.9326,48.0
train,vfw,3,384,100,16598.9968,99.999,15.7479,38.3567,7272.4015,11236.9533,0.0142,0.0,50.0
train,vfw,3,384,100,16595.4391,99.9884,16.669,38.2683,7384.1494,11094.5725,0.0141,0.0,50.0
train,vfw,1,640,60,12250.74,60.014,34.7885,24.5622,3619.669,9740.3626,0.0183,0.5332,50.0
train,vfw,2,384,99999,18971.6518,126.9857,29.3305,38.0934,8831.5325,9614.4936,0.0014,0.0,50.0
train,vfw,4,512,99999,18960.7241,126.8675,11.676,27.7768,9873.1592,11049.6825,0.0016,0.0,50.0
train,vfw,3,256,100,16596.3339,99.9876,18.192,51.8105,7898.2987,11415.3778,0.0141,0.0,50.0
train,vfw,3,896,50,11226.718,49.9956,10.7155,25.7513,2946.1794,9040.6761,0.3533,0.6663,50.0
train,vfw,3,896,50,11210.6843,49.9897,8.6349,25.3783,2430.6574,8739.9289,0.14,0.6663,50.0
train,vfw,4,640,45,10564.3834,45.0059,7.1072,27.5525,1981.548,7459.2358,0.1642,0.733,50.0
train,vfw,3,640,75,13932.6118,75.0022,10.5883,25.5961,4964.2442,9770.284,0.1978,0.3333,50.0
train,vfw,2,384,70,13368.0252,69.9693,19.4116,37.7066,4270.0095,9760.5365,0.0268,0.3998,50.0
train,vfw,1,512,40,10024.0298,39.9758,32.4994,24.1938,2164.1447,9495.94,0.0029,0.8,50.0
train,vfw,4,384,65,12762.0547,64.9955,9.3643,41.717,3532.4338,8613.2438,0.062,0.4663,50.0
train,vfw,4,896,30,8963.2296,29.9638,5.7867,27.4032,667.2194,7978.8972,0.3393,0.9328,49.0
train,vfw,2,512,70,13386.4461,69.9447,20.718,24.6175,4769.353,10309.477,0.0085,0.4,50.0
train,vfw,2,512,99999,18958.6559,126.9684,29.0213,25.3009,9598.248,10674.2354,0.0015,0.0,50.0
train,vfw,2,640,25,8513.7232,24.9879,11.6583,24.6868,1053.0425,9414.3522,0.0249,0.9998,50.0
train,vfw,3,512,95,16068.6264,95.01,11.0034,25.4688,7035.1917,11038.6567,0.0133,0.0667,50.0
train,vfw,1,256,75,13868.8431,74.8337,46.4103,48.9039,4784.5193,10457.8148,0.0412,0.3331,49.0
train,vfw,4,896,70,13352.8086,70.0387,10.4517,28.038,4839.476,10155.5968,0.1535,0.4012,50.0
train,vfw,2,1024,65,12849.9904,65.0004,15.8369,25.8634,4625.3773,10383.0716,0.0539,0.4663,50.0
train,vfw,3,256,95,16046.326,94.9716,20.1191,51.1341,6901.7522,10890.883,0.0131,0.0667,50.0
train,vfw,2,256,55,11689.1789,54.9902,17.8644,51.6304,3129.8592,9161.7599,0.0608,0.5995,50.0
train,vfw,4,896,35,9529.4483,35.0083,5.9464,27.5974,1909.363,8916.4155,0.316,0.8663,49.0
train,vfw,2,640,80,14469.1089,79.9562,20.0341,24.9349,5028.646,9910.1549,0.017,0.2666,50.0
train,vfw,1,1024,90,15585.9558,89.8989,33.0309,24.3721,7288.6518,11415.3778,0.0241,0.1332,50.0
train,vfw,3,896,50,11222.4804,50.0038,10.0844,25.4764,2446.6467,8936.1405,0.3245,0.6663,50.0
train,vfw,1,1024,50,11199.7385,49.959,23.9838,23.7662,3094.4978,10039.0228,0.0028,0.6661,50.0
train,vfw,3,768,85,15000.1825,85.0103,12.5484,25.6206,5355.0034,10509.3274,0.0607,0.1999,50.0
train,vfw,2,896,99999,18969.1359,126.9863,28.5374,25.6669,7820.9342,10790.5182,0.0016,0.0,50.0
train,vfw,4,1024,25,8463.2898,24.9816,5.5923,27.3347,518.4375,8847.5657,0.4344,0.9992,49.0
train,vfw,3,512,65,12839.7716,64.9948,10.6557,24.9758,3759.0749,9521.6514,0.0076,0.4667,50.0
train,vfw,2,384,30,8993.6489,29.9975,13.7936,38.6233,1338.2765,9311.1642,0.0438,0.9329,50.0
train,vfw,3,640,45,10677.7646,44.9949,8.2955,25.0805,2802.4587,10010.3556,0.1068,0.7332,50.0
train,vfw,4,768,99999,18963.8761,126.892,12.7184,27.4151,8961.424,10367.6982,0.0016,0.0,50.0
train,vfw,4,256,65,12779.0534,64.9681,8.3706,55.3762,3693.9592,9775.3199,0.0479,0.4663,50.0
train,vfw,2,384,65,12821.7601,64.9872,18.5018,38.1678,4538.3201,10393.0981,0.029,0.4665,50.0
train,vfw,1,640,40,10048.1077,39.9862,28.5333,23.9321,1753.2879,9282.8753,0.04,0.7998,50.0
train,vfw,1,896,25,8444.3496,24.9762,19.8292,23.6823,929.3753,8642.4702,0.0657,0.9994,50.0
train,vfw,1,1024,85,15046.9666,84.937,30.9008,24.7977,6595.8594,11326.0183,0.0289,0.1998,50.0
train,vfw,3,640,75,13923.9381,75.0279,9.6019,25.2883,5010.5729,10547.7058,0.0346,0.3333,50.0
train,vfw,4,768,70,13332.9194,70.0442,9.1675,28.2808,4484.2274,10000.3443,0.1247,0.4007,50.0
train,vfw,1,256,60,12247.762,59.8731,43.6967,48.7413,3418.1861,9480.3608,0.0532,0.5329,49.0
train,vfw,3,256,75,13890.0003,74.9839,15.0245,51.563,5185.4744,9476.9498,0.0094,0.3333,50.0
train,vfw,3,256,100,16593.6546,99.993,18.8496,51.3882,7992.581,11415.3778,0.0141,0.0,50.0
train,vfw,1,512,50,11126.1809,50.0041,34.5716,24.3201,2651.6638,9727.435,0.0048,0.6667,50.0
train,vfw,4,1024,99999,18974.269,126.9124,12.1151,27.1218,8130.1292,9050.4652,0.0015,0.0,50.0
train,vfw,4,640,95,16060.0823,95.0278,11.4839,28.494,7043.2911,10950.398,0.0278,0.0674,50.0
train,vfw,1,640,60,12236.7211,59.9763,34.0354,24.6941,3632.6445,9745.664,0.0184,0.5332,50.0
train,vfw,3,1024,85,15012.4857,85.0214,12.8213,26.1993,4692.3097,10413.6301,0.1462,0.1998,50.0
train,vfw,1,256,100,16592.27,99.7552,53.0684,48.4712,7121.348,11010.5556,0.0143,0.0,50.0
train,vfw,2,896,50,11228.8411,49.9819,15.6876,25.2332,2526.595,9371.0821,0.0544,0.6663,50.0
train,vfw,2,1024,25,8541.343,25.0075,11.1761,25.5151,370.9,8848.8674,0.0994,0.9992,50.0
train,vfw,1,256,25,8457.2438,25.0087,33.8525,49.742,370.2,8457.1935,0.0872,0.9992,48.0
train,vfw,3,896,50,11234.1121,49.995,9.3967,25.4735,2142.6228,7878.3696,0.426,0.6663,50.0
train,vfw,2,640,45,10679.6089,44.9821,15.7457,24.875,3018.5221,10070.6542,0.022,0.7332,50.0
train,vfw,3,384,80,14443.0831,79.9896,13.2363,38.3508,5547.0803,9858.5885,0.0104,0.2667,50.0
train,vfw,1,896,80,14474.1446,79.9726,33.8915,23.9818,6080.2952,11037.9465,0.028,0.2665,50.0
train,vfw,4,768,99999,18963.3829,126.8829,13.3414,27.41,9147.1884,9964.2523,0.0015,0.0,50.0
train,vfw,3,640,99999,18965.3564,126.9662,17.0972,25.6262,9252.3583,10271.3192,0.0015,0.0,50.0
train,vfw,4,896,85,14988.9586,85.0656,10.0252,27.9317,6229.8211,10741.5873,0.0838,0.2018,50.0
train,vfw,2,384,90,15552.912,89.972,22.8378,37.5272,6703.1165,11040.6621,0.0184,0.1333,50.0
validation,vfw,1,1024,100,16610.7333,99.8636,48.7333,25.6355,7563.8222,11381.3333,0.0141,0.0,50.0
train,vfw,4,896,95,16085.9974,95.0693,12.3574,28.1051,7111.0385,11152.9875,0.0373,0.0689,50.0
train,vfw,2,640,70,13379.6884,69.9667,18.058,24.9761,4494.8234,10273.7757,0.0169,0.3999,50.0
train,vfw,1,512,30,8917.969,29.9703,26.6588,23.7807,1301.1956,9200.1236,0.001,0.9333,50.0
train,vfw,4,640,85,14965.4707,85.0297,11.6169,28.5053,6247.6369,10525.6343,0.055,0.2005,50.0
train,vfw,4,384,55,11664.816,55.0013,7.6813,41.6573,3331.5311,9036.6455,0.0757,0.5995,50.0
train,vfw,4,256,55,11690.0375,54.9773,6.8086,54.9588,3263.2056,9615.3451,0.0576,0.5995,50.0
train,vfw,3,512,40,10149.2692,39.9992,8.3454,24.9092,2050.0473,9595.3484,0.0028,0.8,50.0
train,vfw,1,768,40,10071.3603,39.9702,25.7796,23.8688,1891.8744,8870.0041,0.0379,0.7997,50.0
train,vfw,4,256,65,12781.9157,64.9625,9.1982,54.9795,3824.3445,9557.204,0.0479,0.4663,50.0
train,vfw,4,1024,30,9010.4557,29.9995,6.037,27.4265,1206.5114,9211.4625,0.3762,0.9328,49.0
train,vfw,1,256,99999,18948.9287,126.9129,60.6462,49.7525,9895.3082,10909.7964,0.0354,0.0,50.0
train,vfw,3,256,65,12810.8962,65.005,13.4024,51.3511,4488.0656,9062.4335,0.0075,0.4667,50.0
train,vfw,1,896,75,13928.0489,74.9573,32.7781,24.2271,5747.3449,11054.7996,0.0315,0.3331,50.0
train,vfw,3,768,95,16076.9155,95.0014,12.9669,26.0315,6209.5653,10472.8487,0.0326,0.0666,50.0
train,vfw,3,1024,80,14473.0938,80.0192,11.9653,26.0449,4014.279,9893.6025,0.1977,0.2665,50.0
train,vfw,2,384,70,13359.7246,69.9649,23.0643,37.6534,4783.0821,10306.1331,0.0268,0.3998,50.0
train,vfw,1,384,80,14429.3148,79.9288,46.2608,36.9629,5804.3331,10658.8709,0.0221,0.2666,50.0
train,vfw,4,256,75,13883.8689,74.971,8.2681,55.7585,4405.5717,9522.7203,0.0383,0.3331,50.0
train,vfw,1,1024,90,15586.5193,89.9127,33.7977,24.2415,6524.4297,11064.6051,0.0241,0.1332,50.0
train,vfw,3,256,30,9036.6924,30.003,10.1842,51.8506,441.2679,5842.5556,0.0584,0.9333,50.0
train,vfw,4,896,90,15539.8165,90.0711,9.4706,28.2804,6336.3376,10849.7328,0.0606,0.1354,50.0
train,vfw,1,1024,85,15027.889,84.9231,31.7385,23.9822,6348.3274,11255.6546,0.0298,0.1998,50.0
train,vfw,2,1024,100,16618.8205,99.9997,18.1996,26.0121,7599.4731,11350.314,0.0141,0.0,50.0
train,vfw,4,256,30,8947.0417,29.9848,4.9546,54.157,1809.6902,9606.7671,0.0816,0.9326,50.0
train,vfw,2,1024,100,16616.6011,99.9955,18.3579,26.0401,7256.876,11186.6749,0.0141,0.0,50.0
train,vfw,4,512,65,12732.136,65.0018,9.3894,28.1697,4236.9595,9004.9029,0.0873,0.4663,50.0
train,vfw,4,640,99999,18964.7473,126.8795,12.8806,27.8135,10076.1691,11253.0976,0.0016,0.0,50.0
train,vfw,4,256,80,14437.1762,79.9699,9.5412,56.0018,5284.0297,10027.9857,0.0817,0.2665,50.0
train,vfw,2,256,60,12236.5223,60.0032,19.6414,51.3671,3492.4988,10003.5269,0.0556,0.5329,50.0
train,vfw,1,768,25,8416.1011,24.9721,21.5109,23.6258,376.0,8300.9783,0.0438,0.9996,50.0
train,vfw,3,1024,30,9077.8368,29.9855,9.8911,25.3825,880.5204,6577.9908,0.8503,0.9326,50.0
train,vfw,3,1024,35,9578.7419,35.0025,8.8464,25.4048,1613.9241,8584.1528,0.3383,0.866,50.0
train,vfw,2,640,80,14475.7408,79.9727,17.9859,25.3005,5745.3568,10714.3348,0.017,0.2666,50.0
train,vfw,1,896,70,13382.5691,69.9626,30.4559,24.2664,4978.4475,10589.1329,0.0349,0.3998,50.0
train,vfw,1,1024,85,15039.2918,84.9265,31.611,24.4879,6456.5673,11249.9328,0.0014,0.1998,50.0
train,vfw,4,256,35,9498.6776,35.0018,6.013,54.2752,1842.2961,9380.4082,0.0768,0.866,50.0
train,vfw,2,640,95,16097.5223,94.9528,21.5003,25.2447,6816.5053,10960.4318,0.0149,0.0667,50.0
train,vfw,3,896,99999,18976.1574,126.9628,17.9632,25.8037,8300.9567,9224.2943,0.0014,0.0,50.0
train,vfw,2,896,45,10690.4023,44.9897,14.124,25.3506,2512.3794,9686.6364,0.074,0.7329,50.0
train,vfw,3,640,80,14458.8707,80.0082,10.9335,25.7179,5466.7377,10431.3741,0.042,0.2666,50.0
train,vfw,4,384,70,13314.3677,69.9894,9.2873,41.9117,4703.2705,9759.0687,0.0552,0.3997,50.0
train,vfw,2,256,95,16095.9852,94.9939,25.5384,49.8453,7120.1048,10894.5826,0.0987,0.0666,50.0
train,vfw,2,1024,99999,18974.4058,126.9787,28.7779,26.2802,8874.2854,11409.2537,0.0016,0.0,50.0
train,vfw,2,512,85,15017.3092,84.9351,20.8532,25.1768,6521.5436,10745.0328,0.0113,0.2,50.0
train,vfw,1,1024,80,14485.4423,79.9201,30.7702,24.0425,5481.7671,10646.2753,0.0317,0.2665,50.0
train,vfw,1,384,95,16069.7304,94.9162,50.3767,36.8918,6324.6484,10264.1734,0.0163,0.0666,50.0
train,vfw,4,1024,55,11738.687,55.0297,7.6371,27.6936,3936.6731,10524.2487,0.2663,0.6008,49.0
train,vfw,2,896,100,16618.5776,99.9779,19.9842,26.0987,7611.6889,11415.3778,0.0143,0.0,50.0
train,vfw,3,768,45,10671.3948,45.0038,9.0353,24.7615,2198.7414,9294.6099,0.0716,0.733,50.0
train,vfw,4,768,80,14425.2357,80.0465,9.5826,27.9753,6137.5884,10735.4592,0.0879,0.2677,50.0
train,vfw,4,384,99999,18974.0725,126.9106,13.9282,40.2864,8381.922,9611.1493,0.0015,0.0,50.0
train,vfw,2,768,40,10145.27,39.9885,14.4174,25.0152,2065.2745,9542.3963,0.0425,0.7997,50.0
train,vfw,3,896,90,15549.0251,90.02,13.1564,26.0472,5564.7589,10907.8428,0.0856,0.1333,50.0
train,vfw,1,1024,45,10661.2078,44.9773,22.8482,23.682,2655.8647,9717.5076,0.068,0.7327,50.0
train,vfw,3,640,35,9604.2108,34.9989,8.0931,24.9156,1521.4843,9127.5749,0.0575,0.8665,50.0
train,vfw,1,768,85,15017.0397,84.999,37.8746,24.6613,6005.6514,10834.3036,0.0202,0.1999,50.0
train,vfw,1,640,50,11147.7319,49.9853,31.3934,24.222,3373.3595,10168.872,0.0194,0.6665,50.0
train,vfw,4,768,100,16623.4454,100.0565,12.7533,28.5126,7438.573,11219.078,0.0141,0.0016,50.0
train,vfw,2,384,65,12804.364,64.9756,18.8024,37.9305,4382.6576,10459.5822,0.0299,0.4665,50.0
train,vfw,3,896,25,8528.8025,24.9845,9.1819,25.0311,362.6,7030.4852,0.5891,0.9994,50.0
train,vfw,4,512,95,16051.0648,95.0126,11.7925,28.6794,7093.6374,10996.0011,0.0112,0.0666,50.0
train,vfw,1,384,85,14971.8501,84.9409,47.2823,36.63,6396.7111,10996.7471,0.0202,0.1999,50.0
train,vfw,4,768,45,10592.0125,45.01,7.1785,27.5267,1847.202,8001.3472,0.2169,0.7332,50.0
train,vfw,2,640,40,10139.8037,39.9903,14.6041,24.8034,2390.878,9837.815,0.0227,0.7998,50.0
train,vfw,3,1024,90,15555.9692,90.0171,11.8206,26.2034,4581.5078,10046.7155,0.1263,0.1332,50.0
train,vfw,3,1024,70,13366.9097,70.003,10.4616,25.9379,3696.0744,9863.1317,0.0532,0.3997,50.0
train,vfw,1,512,99999,18998.9556,126.9945,56.9484,23.2335,9926.4063,10832.5274,0.0798,0.0,50.0
train,vfw,3,768,45,10695.5656,45.0148,8.0752,25.7199,2477.5,9054.6192,0.2691,0.733,50.0
train,vfw,3,384,80,14419.505,79.9407,13.3623,38.2279,4754.019,9212.9645,0.0104,0.2667,50.0
train,vfw,2,256,70,13341.1666,69.9965,21.1625,50.878,4508.6325,10003.1546,0.0452,0.3996,50.0
train,vfw,1,512,80,14440.0687,80.0548,45.7676,25.0431,5740.7122,10731.2254,0.0105,0.2667,50.0
validation,vfw,3,1024,25,8571.4444,25.0106,7.4519,25.522,575.8,8836.3778,0.0648,0.9983,50.0
train,vfw,1,896,55,11734.7358,54.9732,29.3733,24.1666,3213.8836,9648.4257,0.0451,0.5996,50.0
train,vfw,3,384,35,9600.7192,35.0065,8.6854,38.4516,1821.6317,8343.8361,0.0019,0.8667,50.0
train,vfw,1,640,40,10046.8625,39.9817,28.5812,24.0491,2241.0068,9442.1802,0.0204,0.7998,50.0
train,vfw,4,768,70,13330.9336,70.0313,9.6875,28.0532,4441.4299,9726.0489,0.1247,0.4007,50.0
train,vfw,4,512,99999,18942.6893,126.8177,13.9466,27.4201,9557.7288,10690.4956,0.0016,0.0,50.0
train,vfw,3,640,90,15534.6417,90.0062,12.2059,25.5777,6289.3637,10948.7375,0.025,0.1333,50.0
train,vfw,1,256,45,10627.1009,44.9458,38.3917,49.5067,2343.8009,9342.8731,0.0678,0.7327,49.0
train,vfw,4,768,50,11138.5579,50.0147,8.704,27.8997,2925.5681,8781.5011,0.1985,0.6667,50.0
train,vfw,3,256,65,12810.5704,64.9836,13.2264,51.5011,3641.4993,8163.2686,0.0075,0.4667,50.0
train,vfw,2,512,60,12307.0441,59.9518,16.7808,24.5858,3265.1293,9191.0416,0.0066,0.5333,50.0
train,vfw,4,384,45,10558.9222,44.9803,7.5724,40.8328,2144.6453,8075.4488,0.0893,0.7327,50.0
train,vfw,4,896,45,10615.3691,45.0199,7.6006,27.5401,2001.5005,8606.459,0.2451,0.7334,49.0
train,vfw,1,896,90,15570.1458,89.9597,36.4111,24.1543,6634.9695,10967.4075,0.0212,0.1333,50.0
train,vfw,1,512,100,16633.6254,100.0652,51.7955,25.2449,7179.2729,10927.5581,0.0143,0.0,50.0
train,vfw,3,256,50,11196.3726,49.9936,12.7956,52.0744,3164.2669,8135.579,0.0047,0.6667,50.0
train,vfw,3,768,45,10685.0858,45.0166,8.9237,25.0094,2232.798,9040.1398,0.1827,0.733,50.0
train,vfw,1,512,60,12237.6073,60.01,37.0247,24.306,3053.1389,9129.5018,0.0066,0.5333,50.0
train,vfw,2,640,99999,18970.6879,126.9934,30.0056,24.9604,9090.8662,10918.3056,0.0015,0.0,50.0
train,vfw,1,256,85,14969.274,84.7963,50.7594,49.1611,6113.5484,10528.5193,0.0899,0.1998,50.0
train,vfw,4,512,35,9423.084,34.9846,7.8812,27.5406,1803.8431,7036.5844,0.1292,0.866,50.0
train,vfw,1,896,95,16126.6094,94.9434,38.7192,24.7749,7579.3356,11415.3778,0.0177,0.0666,50.0
train,vfw,1,640,100,16655.1672,100.0381,47.8707,25.0451,7766.611,11415.3778,0.0143,0.0,50.0
validation,vfw,2,1024,100,16630.7333,99.9994,17.1333,26.303,7382.3333,11146.7111,0.0141,0.0,50.0
train,vfw,1,768,40,10068.8454,39.983,26.5754,23.9086,2346.3661,9728.9882,0.0379,0.7997,50.0
train,vfw,3,512,25,8542.0482,24.9977,7.137,24.6969,562.9291,8874.0438,0.0,1.0,50.0
train,vfw,3,384,75,13902.4984,74.9845,12.6982,38.4588,5317.6087,9751.4085,0.0094,0.3333,50.0
train,vfw,1,256,40,10088.3586,39.9671,37.0335,49.3055,2320.6589,9484.1171,0.0726,0.7994,48.0
train,vfw,2,512,99999,18982.6707,127.0204,29.2122,25.1295,10216.9778,11415.3778,0.0015,0.0,50.0
train,vfw,1,256,75,13877.8278,74.8256,47.741,49.0083,5096.3182,10266.5058,0.0386,0.3331,49.0
train,vfw,4,640,85,14969.927,85.0317,10.5982,28.5519,6566.1425,10890.8008,0.055,0.2005,50.0
train,vfw,4,896,45,10618.9388,45.0121,7.8818,27.662,2436.6754,9019.8029,0.2696,0.7334,49.0
train,vfw,2,768,50,11214.9294,49.9603,14.7317,25.1311,2477.7295,9256.2104,0.0379,0.6664,50.0
train,vfw,2,384,80,14453.3931,79.9589,23.2885,37.6304,5795.7528,10480.4379,0.0226,0.2665,50.0
test,vfw,1,1024,99999,18978.7556,127.0022,39.9556,25.1065,9926.3111,11221.5778,0.0014,0.0,50.0
train,vfw,4,1024,55,11740.5175,55.0418,7.4164,28.0115,3806.2331,10191.8989,0.2663,0.6008,49.0
train,vfw,3,1024,25,8530.9091,25.0011,5.2145,25.5083,384.5,6446.3437,0.7856,0.9992,50.0
train,vfw,2,512,70,13394.2258,69.9757,17.9097,25.2956,4989.9465,10765.2992,0.0085,0.4,50.0
train,vfw,1,256,60,12253.0821,59.891,43.1105,49.1812,3558.8238,9884.6604,0.0532,0.5329,49.0
train,vfw,3,384,30,9044.8294,30.0001,8.5239,38.3491,1086.401,8145.3192,0.0011,0.9333,50.0
train,vfw,3,384,25,8518.7344,24.9948,8.0058,38.3644,843.843,7398.1834,0.0,1.0,50.0
train,vfw,4,768,35,9495.1351,35.0079,6.6596,27.8376,1726.8937,8210.8549,0.2538,0.8662,50.0
train,vfw,4,256,45,10590.6317,44.9953,6.4723,54.5016,2635.8991,9550.1374,0.0672,0.7327,50.0
train,vfw,4,512,25,8319.2444,24.9975,5.8858,27.3003,371.8,6030.6998,0.0885,0.9992,50.0
train,vfw,4,256,100,16628.1039,99.968,11.2397,56.7887,7160.177,10906.2813,0.0142,0.0,50.0
train,vfw,2,256,75,13891.3822,74.997,20.8594,50.8289,5471.2038,10322.2028,0.04,0.333,50.0
train,vfw,2,384,30,8990.6898,29.9851,13.7895,38.6154,1192.7386,9002.0268,0.0438,0.9329,50.0
train,vfw,3,896,99999,18967.1798,126.9834,18.6982,26.4994,9862.7187,11198.5583,0.0012,0.0,50.0
train,vfw,1,512,65,12797.6174,65.0252,39.9976,24.6804,4184.603,9571.2654,0.1679,0.4667,50.0
train,vfw,2,640,65,12853.6022,64.972,16.5752,25.015,4284.9372,10168.0295,0.0191,0.4666,50.0
train,vfw,4,640,80,14415.9777,80.0238,11.1217,28.6399,5930.8394,10352.5079,0.0687,0.2671,50.0
train,vfw,2,384,35,9532.1384,34.9762,14.1866,38.4918,1199.3674,8793.6282,0.0417,0.8663,50.0
train,vfw,3,640,60,12310.6549,60.0222,9.0651,25.946,4351.1887,10409.184,0.084,0.5332,50.0
train,vfw,2,256,100,16636.8329,99.9907,26.3591,49.6321,7547.1325,11045.6825,0.0141,0.0,50.0
train,vfw,3,1024,55,11764.8661,54.9705,10.0397,25.8301,2087.0138,7604.6614,0.5458,0.5995,50.0
train,vfw,1,768,35,9507.4909,34.9743,24.2149,23.7517,1158.0714,9004.4765,0.0435,0.8663,50.0
train,vfw,3,512,65,12846.6683,65.0064,10.0403,25.2389,4526.1359,10385.8119,0.0076,0.4667,50.0
train,vfw,4,768,30,8945.215,30.0078,6.7879,27.4468,1308.6925,8022.6582,0.2722,0.9327,50.0
train,vfw,3,256,100,16590.7831,99.9839,18.473,51.3168,7680.4532,11415.3778,0.0141,0.0,50.0
train,vfw,2,640,65,12845.9505,64.9613,16.7129,25.1683,4515.7639,10076.5253,0.0191,0.4666,50.0
train,vfw,2,768,95,16090.4678,94.9565,20.0347,25.6617,7400.9824,11310.2207,0.0165,0.0666,50.0
train,vfw,3,640,100,16614.7284,100.012,13.8827,25.9157,6909.5641,10972.1133,0.0142,0.0,50.0
train,vfw,2,1024,99999,18969.4889,126.9896,27.7995,26.0465,7645.948,11064.1526,0.0016,0.0,50.0
train,vfw,1,640,75,13901.199,75.008,38.7574,24.5861,4834.4142,9894.2221,0.0169,0.3333,50.0
train,vfw,2,640,100,16639.9089,99.9434,21.8122,25.3911,7829.9378,11415.3778,0.0142,0.0,50.0
train,vfw,4,384,30,8909.9561,29.9896,5.6319,40.8472,1392.6756,7973.3923,0.1098,0.9326,50.0
train,vfw,1,1024,35,9561.7211,34.9753,20.0594,23.6246,1093.8259,8654.3436,0.0778,0.866,50.0
train,vfw,2,512,30,9050.9079,29.9853,12.3135,24.1886,653.1729,8549.4846,0.0009,0.9333,50.0
train,vfw,2,896,80,14463.3444,79.9967,16.815,25.4539,5975.9761,10948.3405,0.0302,0.2665,50.0
train,vfw,3,896,90,15545.8565,89.9961,12.4438,26.4096,5894.7308,10588.0555,0.0361,0.1333,50.0
train,vfw,4,384,40,10013.3915,39.9931,6.8606,41.0648,1761.3269,7916.3146,0.1389,0.7994,50.0
train,vfw,1,640,50,11145.5717,49.9773,31.6713,24.0805,3308.8314,10087.8749,0.0194,0.6665,50.0
train,vfw,2,256,85,14987.572,84.9968,24.8321,50.2148,6252.2213,10870.1586,0.0296,0.1998,50.0
train,vfw,1,256,65,12795.7717,64.8696,43.2688,49.0107,3981.1995,9738.2913,0.0483,0.4663,49.0
train,vfw,2,512,90,15563.014,89.9357,21.9279,25.0361,6589.8554,10713.2915,0.042,0.1333,50.0
train,vfw,2,256,99999,18965.2105,126.9459,30.2993,50.4569,6253.5822,6991.9401,0.0647,0.0,50.0
train,vfw,3,896,50,11227.6287,50.0087,9.0296,25.5642,2847.8624,9212.6594,0.3061,0.6663,50.0
train,vfw,4,768,55,11685.9101,55.0119,7.892,27.8373,2650.0612,8204.0953,0.1801,0.6002,50.0
train,vfw,2,512,70,13390.4879,69.95,18.4715,24.7856,5319.3929,10262.7828,0.0085,0.4,50.0
train,vfw,1,512,45,10580.7261,44.9888,32.5027,24.2662,2507.0222,9335.3992,0.0598,0.7333,50.0
train,vfw,4,640,30,8890.7575,29.9978,5.8581,27.3672,995.9279,7489.5344,0.0255,0.9326,50.0
train,vfw,4,384,35,9460.4279,34.999,6.3286,40.8158,1207.1916,7790.4706,0.103,0.866,50.0
train,vfw,4,640,30,8912.5969,30.0012,6.0312,27.6247,1259.5772,7281.5208,0.2051,0.9326,50.0
train,vfw,2,640,85,15015.3207,84.9542,19.795,25.2886,6327.7203,10823.6027,0.0163,0.2,50.0
train,vfw,1,768,45,10617.7889,44.9786,28.1827,24.0584,2977.3668,9812.6607,0.0359,0.733,50.0
train,vfw,3,1024,50,11219.9921,50.0122,10.3458,26.2418,2933.2258,9197.0532,0.3675,0.6661,50.0
train,vfw,4,256,60,12237.2307,59.9763,8.0295,55.1485,3407.826,9423.7446,0.0527,0.5329,50.0
train,vfw,4,256,35,9498.2312,34.992,6.6347,54.5571,1777.665,9296.5149,0.0768,0.866,50.0
train,vfw,3,256,55,11729.3013,54.9863,12.4502,51.7512,3661.6275,8118.9448,0.0056,0.6,50.0
train,vfw,3,512,55,11756.584,55.0039,8.5956,24.9772,3354.0861,10125.6972,0.0057,0.6,50.0
train,vfw,2,512,45,10672.9723,44.9726,15.0884,24.4546,1812.7979,8771.7837,0.0038,0.7333,50.0
train,vfw,3,256,35,9565.7266,34.9991,10.2281,51.8384,1415.5299,6899.9872,0.0019,0.8667,50.0
train,vfw,4,1024,35,9562.6732,35.0225,5.9971,27.7785,1893.5461,9658.8977,0.3784,0.8664,49.0
train,vfw,3,1024,30,9031.2747,30.0027,8.044,25.5181,1192.2343,8522.6094,0.3094,0.9326,50.0
train,vfw,1,1024,50,11205.8794,49.9599,23.8325,23.8126,2726.3776,9444.9215,0.0632,0.6661,50.0
train,vfw,3,768,55,11771.1015,55.0059,11.5528,25.6724,3291.661,9386.1948,0.2577,0.5998,50.0
train,vfw,1,384,45,10605.7236,44.9644,36.3198,37.2255,2672.4964,9709.7426,0.0358,0.733,49.0
train,vfw,1,896,85,15028.8895,84.9609,34.1292,24.4903,6066.9581,10836.5332,0.0246,0.1999,50.0
train,vfw,3,512,50,11227.711,49.991,9.5617,24.7267,2654.0126,9331.6802,0.018,0.6667,50.0
train,vfw,1,512,75,13892.716,75.0672,43.7318,24.7064,5671.6762,11006.36,0.0095,0.3333,50.0
train,vfw,2,640,55,11763.585,54.9759,16.9207,25.0464,3536.0376,10027.6268,0.0206,0.5999,50.0
train,vfw,2,768,35,9596.1703,34.9735,12.9321,24.9593,996.3746,8696.7774,0.045,0.8663,50.0
train,vfw,1,896,60,12285.7223,59.9623,28.9909,23.9481,3252.4932,9479.841,0.0417,0.533,50.0
train,vfw,3,896,95,16092.3716,95.0182,12.0472,26.6991,6555.4568,11195.3117,0.0582,0.0666,50.0
train,vfw,4,768,95,16077.4681,95.0469,11.92,28.6407,7180.2839,11179.762,0.0325,0.0682,50.0
train,vfw,1,384,70,13334.2351,69.9499,43.2888,36.9018,4319.8562,10287.7038,0.026,0.3998,50.0
train,vfw,2,640,95,16098.8742,94.9439,21.1835,25.2678,6748.2355,10622.1364,0.0148,0.0667,50.0
train,vfw,3,512,35,9621.8926,35.0146,8.4595,24.5292,1805.8011,9504.4578,0.0019,0.8667,50.0
train,vfw,1,384,85,14973.4347,84.9186,48.9476,36.7283,5826.0084,10427.6799,0.0202,0.1999,50.0
train,vfw,3,896,75,13926.6439,74.9936,10.6856,26.1978,5305.545,10205.0216,0.1595,0.3331,50.0
train,vfw,1,640,45,10597.7613,44.9912,32.1137,24.4147,2995.2701,10102.5725,0.0198,0.7332,50.0
train,vfw,2,1024,80,14459.5854,79.9837,18.1053,25.7899,5338.9155,10303.3536,0.0368,0.2665,50.0
train,vfw,1,512,25,8361.3739,24.9547,24.7658,23.6809,675.6307,8841.4083,0.0,1.0,50.0
train,vfw,4,256,25,8388.3655,24.9717,4.8807,53.82,375.1,8057.6578,0.0864,0.9992,50.0
train,vfw,2,896,100,16637.2063,99.9856,19.32,26.2216,7627.0321,11046.2415,0.1269,0.0,50.0
test,vfw,3,512,99999,18974.5111,126.8909,15.4148,24.9163,5046.7667,7543.5111,0.0015,0.0,50.0
train,vfw,3,1024,55,11777.1196,55.0181,10.1878,25.5624,2838.0324,8782.2701,0.4864,0.5995,50.0
train,vfw,2,640,90,15562.6397,89.9503,20.8974,25.3018,6584.6323,10703.4308,0.0939,0.1333,50.0
train,vfw,4,512,100,16608.6637,100.0002,12.6767,28.9652,7844.335,11168.0754,0.0141,0.0,50.0
train,vfw,3,640,35,9614.3974,35.0,8.3742,24.9387,1113.8374,8643.2198,0.187,0.8665,50.0
train,vfw,1,256,99999,18951.3918,126.9114,60.1738,49.5019,9325.4959,10378.6007,0.0015,0.0,50.0
train,vfw,4,768,70,13335.3294,70.0411,9.1008,28.2381,4751.5058,9948.003,0.1247,0.4007,50.0
train,vfw,1,768,45,10615.899,44.984,27.7434,23.9134,2279.9109,9548.8571,0.0214,0.733,50.0
train,vfw,4,384,55,11662.9616,54.9938,7.9513,41.4629,3269.1169,9026.3609,0.0757,0.5995,50.0
train,vfw,1,640,80,14456.7197,80.0236,42.3587,25.0761,5898.3349,10996.133,0.0164,0.2666,50.0
train,vfw,4,256,100,16626.7601,99.9626,10.2723,56.6795,6976.6401,10673.2964,0.0142,0.0,50.0
train,vfw,2,640,35,9596.8235,34.9908,11.9657,24.8133,1414.743,9202.8989,0.0234,0.8665,50.0
train,vfw,3,1024,80,14472.1832,80.001,10.8303,26.339,4507.6293,9653.9045,0.207,0.2665,50.0
train,vfw,1,512,99999,18997.1212,126.9898,56.9335,23.1291,9846.6884,10967.6221,0.0013,0.0,50.0
train,vfw,3,768,60,12310.7823,60.0091,8.6421,25.5549,3416.2376,9317.0135,0.2132,0.5331,50.0
train,vfw,2,256,80,14433.9034,80.0014,22.5915,50.3778,5674.0232,10658.636,0.0299,0.2664,50.0
train,vfw,1,1024,30,9019.0063,30.0001,16.4906,23.8791,1161.8215,9091.469,0.0827,0.9326,50.0
train,vfw,3,384,85,14981.3685,84.9924,13.9701,38.3195,6162.5683,10541.7113,0.0113,0.2,50.0
train,vfw,1,768,30,8963.2792,29.9656,23.8307,23.8926,1032.3183,8938.1996,0.0418,0.933,50.0
train,vfw,3,896,30,9038.8395,29.9923,6.8843,24.9695,790.8219,8402.213,0.2011,0.9328,50.0
train,vfw,2,1024,70,13380.0015,69.9785,19.9114,25.559,4660.5675,10296.2517,0.0482,0.3997,50.0
train,vfw,3,512,30,9080.8982,29.998,6.6169,24.7841,1260.6822,9266.1461,0.001,0.9333,50.0
train,vfw,1,768,95,16116.3342,94.9971,42.4612,24.767,7256.2603,11381.5918,0.0163,0.0666,50.0
train,vfw,4,640,65,12758.2339,65.0032,11.5166,27.9238,4187.1174,9060.0385,0.1096,0.4667,50.0
train,vfw,3,256,25,8488.5394,25.0186,8.3268,51.7126,848.2833,6330.486,0.0,1.0,50.0
train,vfw,1,768,30,8966.8571,29.9731,23.8241,23.8725,1546.7132,9322.5515,0.0418,0.933,50.0
train,vfw,4,256,99999,18989.7197,126.9535,13.4732,52.9138,6362.5132,7079.3755,0.0014,0.0,50.0
train,vfw,4,384,35,9452.2626,34.9951,6.681,40.9793,1567.8444,8169.2544,0.0169,0.866,50.0
train,vfw,4,384,99999,18973.7261,126.9013,13.3113,40.2686,8135.786,9081.0444,0.0015,0.0,50.0
train,vfw,4,256,100,16624.3892,99.9522,14.162,56.597,7490.284,11267.9753,0.0142,0.0,50.0
train,vfw,3,896,50,11205.6394,50.0014,9.0472,25.3244,2496.8455,9425.8662,0.1284,0.6663,50.0
train,vfw,2,896,80,14464.9474,79.9849,18.1717,25.7468,5472.7821,10638.7165,0.0302,0.2665,50.0
train,vfw,2,640,80,14468.4896,79.9604,19.0782,25.0665,5931.1374,10671.2671,0.017,0.2666,50.0
train,vfw,1,768,85,15016.7044,85.0008,38.6547,24.5357,5827.413,10834.8965,0.0203,0.1999,50.0
train,vfw,1,768,65,12819.9006,64.9806,33.1677,24.3865,4899.9337,10298.0276,0.0281,0.4665,50.0
validation,vfw,2,256,99999,19007.7111,127.0753,30.2556,52.8931,6519.6444,7275.7111,0.0015,0.0,50.0
train,vfw,1,640,35,9501.7498,34.969,26.7644,24.0215,1921.6645,8989.406,0.0786,0.8665,50.0
train,vfw,4,768,25,8399.4013,24.9858,5.1553,27.2153,385.8,6555.2002,0.2906,0.9992,50.0
train,vfw,2,512,90,15557.2207,89.9392,22.2934,24.7945,5972.3007,10681.6354,0.0123,0.1333,50.0
train,vfw,4,512,45,10531.8258,45.0063,7.614,27.6714,2287.5021,7384.5175,0.1115,0.7327,50.0
train,vfw,3,896,95,16087.1852,95.003,12.7602,26.3092,6236.3528,10833.7497,0.0525,0.0666,50.0
train,vfw,4,512,70,13285.228,70.005,9.6036,28.2085,4707.4492,9298.2081,0.0072,0.3997,50.0
train,vfw,2,640,30,9049.559,29.9714,16.0518,24.4293,1188.6204,9042.4201,0.0241,0.9331,50.0
train,vfw,3,768,55,11773.116,55.0064,8.3824,25.5663,3085.1274,9065.9525,0.2637,0.5998,50.0
train,vfw,3,256,99999,18967.6993,126.9079,15.7465,51.3012,9391.0692,10426.5225,0.0014,0.0,50.0
train,vfw,2,256,80,14431.6774,79.9919,23.1699,49.964,5421.3945,10264.7463,0.0349,0.2664,50.0
train,vfw,2,768,95,16097.6875,94.9694,19.4464,25.582,7048.5353,11104.5045,0.0165,0.0666,50.0
train,vfw,3,512,95,16068.9295,95.007,12.3617,25.3552,7082.6648,11087.9824,0.0132,0.0667,50.0
train,vfw,1,256,35,9540.7966,34.9755,37.0466,49.4923,1839.6945,9503.9346,0.0775,0.866,48.0
train,vfw,2,384,40,10080.5993,39.9738,15.525,38.0569,1618.8071,8913.8234,0.0396,0.7996,50.0
train,vfw,2,512,100,16647.9795,99.9238,23.3592,25.0628,7764.2924,11027.4063,0.0142,0.0,50.0
train,vfw,1,384,90,15526.8135,89.9289,49.3566,36.8423,6601.0135,10726.7874,0.0802,0.1333,50.0
train,vfw,2,896,75,13927.3064,74.9822,17.0886,25.5834,5528.7106,10907.1518,0.0343,0.3331,50.0
train,vfw,3,768,85,15000.3461,85.0092,11.8663,25.6537,5528.8403,10844.9663,0.0489,0.1999,50.0
train,vfw,2,896,70,13384.6103,69.976,16.6656,25.7128,4858.9277,10076.4534,0.0382,0.3998,50.0
train,vfw,3,768,40,10142.7739,40.0104,7.6274,25.5537,2371.281,9458.0524,0.1677,0.7997,50.0
train,vfw,2,768,90,15552.6078,89.9589,19.4813,25.5872,7036.4664,10808.1551,0.0189,0.1333,50.0
train,vfw,3,896,40,10172.1739,39.9918,9.6915,25.515,1612.5638,7223.9353,0.7155,0.7995,50.0
train,vfw,3,768,70,13372.1368,69.9896,10.1575,25.4211,3475.8609,9015.5201,0.0527,0.3998,50.0
train,vfw,1,512,45,10578.9357,45.0044,31.671,24.5082,2835.8556,9890.8966,0.0038,0.7333,50.0
train,vfw,1,896,50,11183.3151,49.9644,25.5607,23.8801,2378.2447,9100.8508,0.027,0.6663,50.0
train,vfw,1,768,50,11165.2526,49.9854,29.8625,24.0708,2996.3526,9997.4278,0.0339,0.6664,50.0
train,vfw,3,1024,95,16096.7635,95.015,13.049,26.4957,5598.0548,10703.0834,0.0732,0.0666,50.0
train,vfw,2,640,90,15562.5325,89.9575,21.0808,25.6139,6918.4427,11299.9715,0.0156,0.1333,50.0
train,vfw,1,384,60,12244.2007,59.9628,40.8419,36.8638,4066.25,10225.2079,0.0299,0.5331,49.0
train,vfw,3,384,95,16059.6461,94.9976,15.6943,38.4638,6640.9747,10530.9402,0.0132,0.0667,50.0
train,vfw,1,640,30,8951.3715,29.9755,25.3877,23.787,818.2874,8789.2685,0.0933,0.9331,50.0
train,vfw,1,1024,99999,18961.5254,126.8638,53.3363,24.2292,10041.4266,11160.9966,0.0014,0.0,50.0
train,vfw,3,768,85,15001.6758,85.0003,10.1534,25.905,5017.1735,9674.9953,0.0803,0.1999,50.0
train,vfw,3,640,60,12302.3291,60.0137,9.7255,25.0691,3834.5984,10045.9817,0.0415,0.5332,50.0
train,vfw,1,896,30,8994.7865,29.9913,21.6934,23.7373,1392.8044,9349.9741,0.0623,0.9328,50.0
train,vfw,4,384,95,16071.6235,94.9806,11.4307,42.7868,7366.4031,10815.0666,0.0494,0.0666,50.0
train,vfw,3,384,25,8518.5761,25.0033,8.4019,38.2819,389.9,7289.1249,0.0387,1.0,50.0
train,vfw,2,768,100,16625.4377,99.9676,20.985,25.5198,6926.9754,11222.3916,0.0155,0.0,50.0
train,vfw,2,512,30,9044.0325,29.9814,13.6638,24.1686,1015.1371,8948.8557,0.0009,0.9333,50.0
train,vfw,2,1024,65,12849.0181,64.9976,14.2003,25.9374,4450.0777,10442.847,0.0539,0.4663,50.0
train,vfw,2,256,35,9485.0171,34.9929,15.344,52.3466,1147.0808,8960.2989,0.0815,0.8659,50.0
train,vfw,2,384,35,9539.5372,34.9924,14.1034,38.449,1538.4372,9441.531,0.0418,0.8663,50.0
train,vfw,3,768,100,16626.0745,100.0275,12.5241,26.6104,7310.0548,11415.3778,0.0141,0.0,50.0
train,vfw,1,640,80,14459.231,80.0329,38.3105,24.9735,5677.4217,10557.6126,0.0518,0.2666,50.0
train,vfw,3,896,35,9586.3636,34.9966,7.9853,25.1033,1395.9333,8716.3077,0.2441,0.8661,50.0
train,vfw,2,640,25,8518.9733,25.0111,10.616,25.2345,1055.7218,9404.1125,0.0249,0.9998,50.0
train,vfw,3,512,65,12842.9518,65.0014,9.102,25.1777,3899.3448,9667.5144,0.0076,0.4667,50.0
train,vfw,3,640,30,9082.5295,30.0113,7.6144,25.3201,1563.2199,9083.5627,0.2023,0.9331,50.0
train,vfw,1,512,40,10027.0236,39.9841,30.1627,24.1928,1908.0402,9218.2457,0.0028,0.8,50.0
train,vfw,3,640,35,9611.598,34.9895,7.4553,25.3124,1459.839,8667.9046,0.1865,0.8665,50.0
train,vfw,4,384,100,16615.9059,99.9894,12.1113,42.8188,7089.1293,11176.1235,0.0141,0.0,50.0
train,vfw,1,1024,60,12296.055,59.953,25.0673,23.9939,3860.4868,10195.4386,0.0595,0.5329,50.0
train,vfw,2,256,95,16088.6556,94.9972,24.9663,49.6957,6518.4526,10579.2303,0.0193,0.0666,50.0
train,vfw,2,896,65,12850.9927,64.9783,15.3432,25.3609,3243.1078,9071.6764,0.0423,0.4664,50.0
train,vfw,1,384,25,8412.4065,24.9795,28.7947,36.6921,388.7,8494.6103,0.0436,0.9996,49.0
train,vfw,2,640,70,13391.4787,69.9663,18.9293,25.3441,4714.3546,10268.3245,0.0185,0.3999,50.0
train,vfw,2,384,70,13352.3574,69.9724,20.7944,37.7234,4704.6487,10521.1271,0.0251,0.3998,50.0
train,vfw,4,640,75,13872.5023,75.0156,10.388,28.3318,5084.689,9331.9998,0.1922,0.3336,50.0
train,vfw,4,384,80,14414.9809,79.9846,10.1421,42.274,5744.5435,10250.8329,0.0415,0.2665,50.0
train,vfw,1,1024,25,8466.2382,24.9842,18.2311,23.7947,1075.0731,8886.9213,0.0875,0.9992,50.0
train,vfw,3,512,35,9620.3109,35.0076,7.1361,25.0989,1693.5398,9363.6692,0.0019,0.8667,50.0
train,vfw,1,768,99999,18985.1204,126.9392,49.5985,23.868,9527.3971,10590.3327,0.0014,0.0,50.0
train,vfw,2,512,30,9048.7421,29.9844,12.4344,24.3243,1225.6204,9187.4512,0.0009,0.9333,50.0
train,vfw,3,768,45,10680.417,45.0005,9.8125,25.6336,2458.4815,9505.3661,0.1337,0.733,50.0
train,vfw,1,256,75,13874.978,74.8204,48.2176,48.7889,4947.3184,10101.9777,0.0386,0.3331,49.0
train,vfw,4,640,80,14422.2531,80.0189,11.1257,28.4779,5603.9943,9739.1847,0.1657,0.2671,50.0
train,vfw,2,512,99999,18973.9302,127.0204,27.8444,24.7538,10216.9778,11415.3778,0.0015,0.0,50.0
train,vfw,1,768,55,11695.7052,54.9375,30.3172,24.1419,2621.98,9088.6074,0.032,0.5998,50.0
train,vfw,1,384,35,9507.3283,34.981,33.2325,36.7542,1833.3361,9635.8095,0.0397,0.8663,49.0
train,vfw,3,384,90,15517.2175,89.9829,14.9584,38.0703,6184.9899,10292.512,0.0123,0.1333,50.0
train,vfw,1,1024,70,13395.3884,69.9356,28.7745,23.953,4331.6205,10130.811,0.0436,0.3997,50.0
train,vfw,2,768,30,9063.6363,29.9977,14.1597,25.1571,1150.5556,9381.1867,0.0473,0.933,50.0
train,vfw,4,640,35,9458.2253,34.997,6.752,27.5318,1641.5532,7506.6274,0.1915,0.8661,50.0
train,vfw,4,896,50,11163.4407,50.0044,7.2189,27.5628,2185.9597,8439.9573,0.2464,0.667,50.0
train,vfw,3,1024,75,13930.8759,74.9849,12.8529,25.5906,3558.1032,8839.9765,0.3212,0.3331,50.0
train,vfw,2,768,90,15545.0668,89.971,19.6194,25.4116,6323.3336,11002.682,0.0192,0.1333,50.0
train,vfw,1,896,95,16113.0763,94.9183,37.6914,24.5764,6820.021,10891.3349,0.0177,0.0666,50.0
train,vfw,2,896,30,9067.9144,29.9832,14.9636,25.0719,1246.7184,9182.6508,0.0705,0.9328,50.0
train,vfw,2,768,40,10141.0565,39.9973,14.0978,24.9187,1394.8722,9467.8184,0.0426,0.7997,50.0
train,vfw,4,512,50,11088.3592,49.9985,6.0586,27.8696,2145.405,6948.7649,0.1026,0.6661,50.0
train,vfw,3,1024,65,12847.8605,64.9993,9.8237,26.0953,3784.4331,9322.8885,0.2953,0.4663,50.0
train,vfw,3,512,95,16064.4703,95.0035,12.9302,25.3748,6981.9215,10971.3002,0.0133,0.0667,50.0
train,vfw,1,640,35,9492.6622,34.9684,29.0318,23.8942,1635.3613,9260.4416,0.0209,0.8665,50.0
train,vfw,1,256,85,14960.1986,84.7982,49.3013,48.796,5511.8102,10488.329,0.0289,0.1998,50.0
train,vfw,1,896,35,9540.4907,34.9835,22.6047,23.6462,1165.4698,9029.3639,0.0589,0.8661,50.0
train,vfw,1,512,75,13884.9519,75.0634,43.1249,24.5894,5673.853,10948.5501,0.0095,0.3333,50.0
train,vfw,1,256,65,12793.8701,64.8684,44.3606,49.1307,4340.8712,10147.706,0.0483,0.4663,49.0
train,vfw,3,640,45,10688.2364,44.9984,8.7842,25.0555,2435.6147,9196.5664,0.1008,0.7332,50.0
train,vfw,2,256,70,13338.9849,69.9909,20.3943,50.8524,3764.8689,9097.9312,0.0674,0.3996,50.0
train,vfw,4,384,30,8910.1028,29.9938,5.4174,40.6211,755.8187,7255.2281,0.1098,0.9326,50.0
train,vfw,2,384,40,10084.7381,39.9875,15.2307,38.4238,2065.8432,9409.3558,0.0396,0.7996,50.0
train,vfw,4,1024,70,13374.99,70.0473,8.8426,27.9052,5409.3433,10450.0247,0.1822,0.4017,50.0
train,vfw,3,256,35,9571.1827,35.0076,10.2971,51.8942,1037.0151,6765.3504,0.0019,0.8667,50.0
train,vfw,4,768,100,16627.5158,100.0558,11.7604,28.3278,6802.4651,10839.9029,0.0141,0.0016,50.0
train,vfw,3,256,99999,18963.971,126.9136,15.4188,51.0393,9297.9112,10283.894,0.0014,0.0,50.0
train,vfw,4,768,50,11123.1983,49.9942,7.2905,27.5981,2628.2078,8400.8042,0.1985,0.6667,50.0
train,vfw,1,512,100,16646.3773,100.0896,55.0593,25.5526,7807.8088,11415.3778,0.0143,0.0,50.0
train,vfw,3,896,55,11758.7536,55.0001,9.1384,25.459,2237.2154,8631.1299,0.2478,0.5996,50.0
train,vfw,3,768,40,10138.5267,39.994,8.7527,25.2238,2116.53,8987.8586,0.1826,0.7997,50.0
train,vfw,2,384,100,16638.835,99.9607,24.5584,37.1446,7328.7758,11022.7299,0.0141,0.0,50.0
train,vfw,2,768,95,16089.4758,94.9668,20.3282,25.4619,6216.7974,10159.2442,0.0165,0.0666,50.0
train,vfw,4,384,40,10008.7571,39.9845,7.8545,40.9946,2136.94,8302.0461,0.0961,0.7994,50.0
train,vfw,1,896,40,10080.2258,39.9653,23.7371,23.7268,1901.0675,9187.8418,0.0554,0.7995,50.0
train,vfw,3,256,25,8497.1594,24.9998,8.5945,51.8462,388.4,5842.5556,0.0,1.0,50.0
train,vfw,3,896,75,13922.0102,75.0085,11.2253,25.8882,4031.1453,9413.8653,0.14,0.3331,50.0
train,vfw,1,1024,95,16132.4115,94.9027,34.8277,24.2145,6783.2529,10848.6746,0.0192,0.0666,50.0
train,vfw,1,640,60,12247.7516,59.9957,34.5072,24.2989,3376.2372,9474.0726,0.0184,0.5332,50.0
train,vfw,3,768,35,9615.3508,35.0125,8.2188,24.9088,1561.1525,8482.1214,0.3443,0.8663,50.0
train,vfw,2,384,55,11729.6836,54.9788,17.6367,38.1909,3360.053,9549.3033,0.0958,0.5997,50.0
train,vfw,2,896,50,11225.8404,49.993,14.1315,25.2549,2651.5087,9479.538,0.0544,0.6663,50.0
train,vfw,4,640,70,13313.0245,70.0021,9.3243,28.2465,4667.8422,8989.7888,0.0959,0.4002,50.0
train,vfw,2,768,40,10143.1675,39.9834,13.3294,25.0152,1719.824,9095.5033,0.0426,0.7997,50.0
train,vfw,4,384,85,14972.3141,84.9863,10.834,42.4498,6006.2418,10162.3604,0.1076,0.1998,50.0
validation,vfw,2,1024,99999,18959.3556,126.9752,25.7,26.2787,10010.6444,11075.8222,0.0014,0.0,50.0
train,vfw,1,768,100,16666.2143,99.9937,43.5488,24.8166,7812.1839,11415.3778,0.0143,0.0,50.0
train,vfw,4,512,65,12743.2397,65.012,9.2783,28.0805,4421.016,8917.9308,0.0761,0.4663,50.0
train,vfw,2,512,30,9049.3903,29.9799,12.6025,24.3916,878.0396,8646.7288,0.0493,0.9333,50.0
train,vfw,3,896,75,13924.9713,75.0197,12.2773,25.7526,4106.0367,9952.3874,0.1556,0.3331,50.0
train,vfw,4,640,60,12213.6326,60.0068,8.4196,27.9945,3462.6616,8366.3372,0.1566,0.5333,50.0
train,vfw,2,640,85,15014.3882,84.9574,20.8417,25.2566,6573.3567,11106.7966,0.0163,0.2,50.0
train,vfw,1,256,50,11168.7172,49.9212,39.793,49.3005,3065.4772,9618.7265,0.0629,0.6661,49.0
train,vfw,2,768,45,10695.0071,44.985,14.2817,25.1803,2375.9139,9184.4322,0.156,0.733,50.0
train,vfw,2,256,70,13333.8153,69.9833,21.8091,50.5554,4314.8393,9780.6559,0.0452,0.3996,50.0
train,vfw,1,1024,60,12305.2584,59.9436,26.9978,24.2687,4397.3965,10232.4055,0.0534,0.5329,50.0
train,vfw,1,1024,80,14490.8231,79.9266,31.2652,24.0513,5394.0748,10515.8858,0.0339,0.2665,50.0
train,vfw,2,256,85,14986.9952,84.9998,23.7893,50.1718,5821.9384,10776.677,0.0297,0.1998,50.0
train,vfw,1,512,90,15543.8358,90.0753,48.24,25.0206,6555.8747,10939.8157,0.0124,0.1333,50.0
train,vfw,2,896,40,10154.2947,39.996,13.8827,25.5826,2258.0549,9806.2074,0.0625,0.7995,50.0
train,vfw,4,640,35,9455.631,34.9906,8.3669,27.4142,1463.3206,7293.3329,0.1915,0.8661,50.0
train,vfw,3,896,85,15002.4495,85.0178,12.5508,25.9551,4764.977,10313.1196,0.0553,0.1999,50.0
train,vfw,1,640,70,13353.466,70.0243,37.9363,24.3074,4978.4713,10574.9131,0.0173,0.3999,50.0
train,vfw,3,768,30,9070.394,29.9849,8.8895,24.6565,444.8444,7587.8688,0.3746,0.933,50.0
train,vfw,3,256,25,8487.5361,24.9849,9.2676,51.531,356.9,5842.5556,0.0,1.0,50.0
train,vfw,2,896,80,14468.016,79.981,17.4803,25.5385,4819.6604,9722.1124,0.0302,0.2665,50.0
train,vfw,3,640,45,10692.7219,45.0086,8.9174,24.9837,2467.371,9293.3457,0.1321,0.7332,50.0
train,vfw,1,512,95,16098.076,95.0726,49.2998,25.0294,6206.0658,10207.4365,0.0133,0.0667,50.0
train,vfw,2,512,60,12307.919,59.9617,17.8057,24.7256,3921.289,9913.9315,0.0609,0.5333,50.0
train,vfw,2,896,50,11226.8219,49.9868,14.2134,25.3284,2167.5767,9071.2404,0.0544,0.6663,50.0
train,vfw,3,512,75,13916.7584,75.0039,11.5325,25.1889,5477.973,10738.4574,0.0095,0.3333,50.0
train,vfw,1,896,100,16676.9649,99.9521,38.4473,24.6925,7727.1353,11415.3778,0.0143,0.0,50.0
train,vfw,4,512,95,16054.7602,95.004,12.0148,28.7929,7109.1574,11027.79,0.023,0.0666,50.0
train,vfw,4,1024,65,12829.0537,65.0508,8.6014,27.6801,4546.8993,10499.5221,0.2102,0.4681,50.0
train,vfw,3,1024,90,15559.6602,89.9906,11.6093,26.724,5525.8396,9898.7508,0.1312,0.1332,50.0
train,vfw,4,768,90,15526.5152,90.0457,11.4281,28.3244,6209.0546,10173.8601,0.051,0.1347,50.0
train,vfw,4,640,60,12214.3763,60.023,8.7704,28.2191,4051.3109,9124.6569,0.1233,0.5333,50.0
train,vfw,4,256,60,12241.5334,59.9892,8.2012,55.5897,4020.7993,10122.7409,0.0527,0.5329,50.0
train,vfw,3,768,90,15540.9457,90.004,12.268,25.8931,6141.4382,10691.1177,0.0431,0.1333,50.0
train,vfw,4,768,45,10587.6277,45.019,7.903,27.623,2074.5894,8558.2564,0.2169,0.7332,50.0
train,vfw,2,640,25,8507.3127,24.9777,11.8961,24.6393,598.7911,8903.4973,0.0249,0.9998,50.0
train,vfw,1,640,30,8945.3549,29.9735,23.9343,23.9545,1125.9496,9012.9918,0.0214,0.9331,50.0
train,vfw,4,1024,40,10108.7313,40.0105,6.4323,27.3745,1415.708,8744.5688,0.3637,0.8,49.0
train,vfw,4,384,80,14418.2593,79.9973,10.0649,42.1594,5786.6583,10379.3435,0.0415,0.2665,50.0
train,vfw,1,640,50,11140.8563,49.9741,31.4678,24.2177,2859.7964,9583.5184,0.0194,0.6665,50.0
train,vfw,2,256,60,12237.3311,59.9907,20.5395,51.3318,3921.5971,9887.7501,0.0556,0.5329,50.0
train,vfw,3,512,90,15528.2386,90.0072,12.5159,25.2382,6136.1033,10393.2669,0.0123,0.1333,50.0
train,vfw,2,512,50,11220.1007,49.9766,12.9298,24.7507,2572.7757,9269.4959,0.0048,0.6667,50.0
train,vfw,1,256,40,10084.5044,39.9628,37.4286,49.3652,1829.772,9323.3842,0.0726,0.7994,48.0
train,vfw,4,1024,35,9562.7931,35.0138,6.6551,27.3807,1371.2868,9091.7364,0.3783,0.8664,49.0
train,vfw,2,512,40,10132.4237,39.9801,14.6102,24.4805,2157.9504,9519.344,0.0028,0.8,50.0
train,vfw,3,512,100,16606.3185,100.0083,12.7332,25.4387,7562.6767,11264.7853,0.0142,0.0,50.0
train,vfw,2,896,60,12310.2921,59.9991,16.0203,25.4202,4141.6705,10441.8631,0.0463,0.533,50.0
train,vfw,2,896,60,12306.6189,59.9884,15.823,25.4794,3534.7406,9703.8206,0.0463,0.533,50.0
train,vfw,1,1024,70,13404.5308,69.9586,27.4289,24.652,5451.3286,11091.9756,0.0436,0.3997,50.0
train,vfw,4,1024,90,15561.9931,90.0804,11.1117,28.1853,6641.5753,10736.2851,0.1736,0.1361,50.0
train,vfw,2,768,100,16635.945,99.9765,17.5078,25.8399,7333.4761,11107.3949,0.0142,0.0,50.0
train,vfw,2,640,95,16098.6885,94.9584,22.2334,25.2833,7413.3654,11415.3778,0.0149,0.0667,50.0
train,vfw,3,768,25,8523.1582,25.0026,7.2407,24.8171,545.1157,8220.7225,0.2434,0.9996,50.0
train,vfw,3,1024,90,15533.7264,89.9636,12.03,26.4787,5021.5105,10037.5432,0.0846,0.1332,50.0
train,vfw,3,512,50,11231.1222,50.0021,9.8886,25.1256,3220.6282,10001.301,0.0047,0.6667,50.0
train,vfw,3,640,70,13380.3296,70.0104,11.4357,25.4978,4172.5903,10288.2721,0.051,0.3999,50.0
train,vfw,1,768,99999,18965.6898,126.9013,54.9434,23.5301,9273.1552,10621.1736,0.0013,0.0,50.0
train,vfw,3,1024,100,16630.8,99.9761,12.8593,27.126,7383.5333,11047.5556,0.0138,0.0,50.0
train,vfw,1,384,75,13885.0985,74.9348,45.3407,37.1914,5417.6407,10552.5774,0.0241,0.3332,50.0
train,vfw,3,896,45,10691.0859,44.9916,9.7208,25.5843,2070.8988,8027.7178,0.4539,0.7329,50.0
train,vfw,1,640,70,13352.8434,70.0221,39.2255,24.624,5088.3916,10699.1449,0.0173,0.3999,50.0
train,vfw,2,512,99999,18981.9027,127.0193,28.3425,25.1609,10216.9778,11415.3778,0.0015,0.0,50.0
train,vfw,4,768,100,16626.1153,100.0451,11.7913,28.5892,7910.0245,11219.3318,0.0141,0.0016,50.0
train,vfw,3,256,65,12813.0624,64.9841,13.4813,51.6373,4442.5014,8637.1951,0.0075,0.4667,50.0
train,vfw,2,1024,35,9613.1025,34.9869,15.6285,25.3744,1554.2471,9384.8146,0.088,0.866,50.0
train,vfw,4,256,25,8398.511,24.9988,5.1375,53.9639,864.9924,8935.3125,0.0864,0.9992,50.0
train,vfw,3,896,65,12828.9922,64.9933,10.6012,26.0217,4271.7175,10149.3309,0.0528,0.4664,50.0
train,vfw,1,1024,90,15591.1359,89.9105,33.7168,24.2367,6321.0924,10774.1549,0.0985,0.1332,50.0
train,vfw,4,768,45,10587.2295,45.0082,8.3833,27.5831,2155.2586,8173.5954,0.2169,0.7332,50.0
train,vfw,1,384,95,16070.567,94.9215,51.8118,37.0813,6951.2711,11065.5673,0.0162,0.0666,50.0
train,vfw,4,768,75,13881.8648,75.0419,9.9212,27.9617,4598.6142,9801.7738,0.1064,0.3342,50.0
train,vfw,4,768,80,14429.4513,80.0376,10.8018,28.2328,5904.3777,10548.8758,0.0878,0.2677,50.0
train,vfw,3,384,65,12825.7543,64.9888,11.4046,38.2705,3548.7568,8546.9191,0.0076,0.4667,50.0
train,vfw,2,768,55,11765.5358,54.977,15.2751,25.2084,3490.1708,10024.392,0.0355,0.5998,50.0
train,vfw,3,256,70,13354.6932,69.9987,12.4098,51.7816,4741.7677,9211.2486,0.0085,0.4,50.0
train,vfw,2,512,60,12298.2139,59.943,17.3728,24.2618,3058.0652,9097.6722,0.0066,0.5333,50.0
train,vfw,2,1024,70,13371.3496,69.9953,15.5312,25.8021,4749.3269,10778.8521,0.0491,0.3997,50.0
train,vfw,3,384,65,12827.8395,64.9883,11.3104,38.3528,4209.3578,9043.5304,0.0076,0.4667,50.0
train,vfw,2,512,30,9049.6328,29.9989,12.7184,24.1959,1171.3909,9123.1191,0.0009,0.9333,50.0
train,vfw,2,1024,45,10695.6818,45.002,11.83,25.7382,2190.2612,9414.6947,0.0767,0.7327,50.0
train,vfw,4,896,35,9521.7959,35.0152,6.3182,27.2843,1516.104,8571.4793,0.3161,0.8663,49.0
train,vfw,3,896,75,13918.1598,74.9997,11.1831,25.9458,4654.5532,10110.7958,0.0989,0.3331,50.0
train,vfw,4,1024,30,9022.2905,30.0299,5.3794,27.5191,1615.4551,9713.2754,0.4064,0.9328,49.0
train,vfw,2,512,40,10134.4651,39.9699,13.8729,24.3567,1696.7465,9017.5687,0.0028,0.8,50.0
train,vfw,2,512,80,14487.2384,79.9432,20.5808,24.9694,5697.5737,10254.6233,0.1438,0.2667,50.0
train,vfw,3,1024,25,8528.2716,24.9849,8.1724,25.4187,1010.1086,7303.7472,0.7831,0.9992,50.0
train,vfw,4,384,40,10008.992,40.0007,6.7427,41.0051,1449.1435,8159.3818,0.0961,0.7994,50.0
train,vfw,4,640,99999,18964.7437,126.8735,13.1565,27.4868,9470.2775,10590.1153,0.0016,0.0,50.0
train,vfw,4,1024,70,13373.9843,70.068,9.3499,27.6535,4442.9822,10012.9243,0.1822,0.4017,50.0
train,vfw,3,384,75,13899.7163,74.9833,12.8844,38.3282,5113.4512,9895.5343,0.0094,0.3333,50.0
train,vfw,1,896,40,10090.254,39.9884,21.7178,23.9738,1735.4486,9338.5878,0.0554,0.7995,50.0
train,vfw,4,768,80,14428.5507,80.0319,10.6155,28.3112,5972.7483,10393.5675,0.0878,0.2677,50.0
train,vfw,1,256,95,16033.5073,94.7616,51.2075,48.6696,6917.8254,11328.0266,0.0204,0.0666,50.0
train,vfw,4,384,100,16617.1277,99.9907,12.4308,42.9447,7109.1207,11290.761,0.0142,0.0,50.0
train,vfw,1,256,95,16045.3104,94.7574,51.8383,48.7368,6686.0081,10716.2966,0.0191,0.0666,50.0
train,vfw,3,1024,30,9042.6044,29.9576,8.1889,25.3465,410.9533,6761.808,0.6241,0.9326,50.0
train,vfw,2,512,50,11217.7998,49.9654,15.7376,24.5892,3071.974,9668.0333,0.0047,0.6667,50.0
train,vfw,4,384,35,9439.0082,34.9459,6.161,40.981,798.8811,7056.6593,0.103,0.866,50.0
train,vfw,3,384,30,9058.507,30.0067,8.4719,38.5791,1217.1288,7918.3281,0.0009,0.9333,50.0
train,vfw,2,512,80,14477.164,79.959,20.1364,25.0838,5462.5007,10368.7787,0.0104,0.2667,50.0
train,vfw,3,512,100,16611.979,100.0099,12.9233,25.601,7524.7261,11013.0552,0.0848,0.0,50.0
train,vfw,1,512,40,10022.7058,39.9737,30.3665,24.1972,2069.4975,9124.9841,0.0028,0.8,50.0
train,vfw,2,896,25,8525.9442,24.982,12.4048,24.7543,362.2,8565.107,0.0746,0.9994,50.0
train,vfw,2,256,65,12788.1904,64.9891,21.2811,51.1251,4521.3636,10029.8361,0.0504,0.4662,50.0
train,vfw,3,896,60,12290.6003,60.0009,10.9053,25.8193,3979.3736,10186.0709,0.1092,0.533,50.0
train,vfw,4,384,99999,18976.0571,126.9166,13.7361,40.1259,8042.19,9506.7403,0.0016,0.0,50.0
train,vfw,2,1024,60,12308.2927,59.9932,14.4052,25.7133,3229.4416,9445.9143,0.0596,0.5329,50.0
train,vfw,2,640,35,9597.7096,34.9818,12.9773,24.8443,1920.5282,9411.4772,0.0234,0.8665,50.0
train,vfw,4,384,50,11109.2043,49.9961,7.7631,41.3013,2391.5816,8575.3116,0.0825,0.6661,50.0
train,vfw,2,896,65,12847.4307,64.9827,15.9639,25.5135,4495.8311,10479.3411,0.0423,0.4664,50.0
train,vfw,3,384,55,11750.887,55.0047,11.1395,38.209,3026.0417,8909.3965,0.0057,0.6,50.0
train,vfw,1,1024,90,15588.7869,89.9077,33.131,24.134,6316.1427,10680.1131,0.0241,0.1332,50.0
train,vfw,1,640,65,12790.6766,64.9851,36.8849,24.4212,4043.9681,9864.9376,0.0178,0.4666,50.0
train,vfw,4,256,35,9496.0111,34.9959,6.5227,54.32,1516.3022,9156.2672,0.0768,0.866,50.0
train,vfw,3,768,40,10135.5493,39.9939,9.245,25.0952,1783.5029,8899.0986,0.1645,0.7997,50.0
train,vfw,4,384,45,10563.2477,44.9987,4.8636,41.3148,2267.9726,8206.9151,0.0893,0.7327,50.0
train,vfw,4,384,65,12749.5634,64.9912,8.558,41.7334,4233.6347,9813.7249,0.0642,0.4663,50.0
train,vfw,1,256,60,12247.245,59.8692,44.2165,48.8747,3407.388,9470.7891,0.0532,0.5329,49.0
train,vfw,4,768,45,10590.981,45.0103,8.2211,28.0545,2682.6844,8829.9785,0.1909,0.7332,50.0
train,vfw,1,640,60,12247.1144,59.9901,34.8644,24.5071,4210.9411,9996.8511,0.0183,0.5332,50.0
train,vfw,2,768,99999,18974.1888,127.0084,27.3733,25.6369,8698.2779,11261.5553,0.0016,0.0,50.0
train,vfw,3,256,50,11194.0768,49.9856,11.4529,51.7675,3062.5889,7450.8162,0.0047,0.6667,50.0
train,vfw,2,896,30,9067.5432,29.9896,14.324,25.0903,968.2735,9188.6896,0.0705,0.9328,50.0
train,vfw,4,896,99999,18978.8665,126.8938,12.9107,27.6467,9685.7196,10565.1047,0.0801,0.0,50.0
train,vfw,2,640,99999,18971.9923,126.9974,29.3252,25.0125,9387.7693,11042.4467,0.0015,0.0,50.0
train,vfw,4,256,40,10046.6538,39.9992,6.0946,54.3135,2098.9626,9354.6538,0.072,0.7994,50.0
train,vfw,3,256,85,14963.4042,84.9799,16.3258,51.3629,5373.829,10017.2626,0.0113,0.2,50.0
train,vfw,2,1024,70,13389.033,70.0038,15.2063,25.8563,4993.773,10669.3329,0.0482,0.3997,50.0
train,vfw,1,1024,90,15584.7972,89.9102,33.1746,24.1338,6840.417,11253.8497,0.0241,0.1332,50.0
train,vfw,3,640,25,8531.3203,25.0087,7.6338,24.673,1155.0569,9059.3146,0.1551,0.9998,50.0
train,vfw,4,1024,35,9556.673,35.0144,6.9431,27.4423,1180.7396,9327.3402,0.3784,0.8664,49.0
train,vfw,1,384,90,15522.6609,89.9168,48.8408,36.9037,6053.991,10320.8679,0.0182,0.1333,50.0
train,vfw,1,768,35,9501.5405,34.9583,24.0746,23.6477,1375.7127,8919.0973,0.0399,0.8663,50.0
train,vfw,2,1024,55,11769.3735,55.0002,14.7864,25.6395,2644.5943,9175.1243,0.0653,0.5995,50.0
train,vfw,3,384,25,8514.288,24.9903,8.8133,37.8706,361.2,7099.2683,0.0,1.0,50.0
train,vfw,3,768,50,11231.5385,50.0149,10.1535,25.3332,3170.1101,9429.5051,0.239,0.6664,50.0
train,vfw,3,896,65,12828.8601,64.9801,10.3204,25.6768,3303.5157,9290.637,0.1717,0.4664,50.0
train,vfw,1,512,50,11126.6069,49.9922,34.8339,24.2346,2838.2086,9561.9754,0.0048,0.6667,50.0
train,vfw,4,256,95,16078.9158,94.962,10.569,56.6183,6850.5201,10787.0454,0.019,0.0666,50.0
train,vfw,2,640,100,16640.1826,99.9566,22.1371,25.1678,6856.7692,10963.4674,0.0142,0.0,50.0
train,vfw,1,256,90,15502.79,89.7808,50.4616,48.6927,6201.6942,10414.9146,0.024,0.1332,50.0
train,vfw,4,896,80,14444.0905,80.0542,10.1283,28.0463,5488.5208,10631.6175,0.107,0.2683,50.0
train,vfw,2,512,99999,18979.3234,127.0147,28.6203,25.1056,10216.9778,11415.3778,0.0015,0.0,50.0
train,vfw,3,384,30,9055.7023,29.9969,8.3686,38.3082,847.1333,7503.4006,0.001,0.9333,50.0
train,vfw,3,256,45,10647.1209,44.9894,11.4541,51.6643,1867.2952,7140.2898,0.0038,0.7333,50.0
train,vfw,3,256,40,10109.2249,39.9712,10.9019,51.8542,1456.4078,6313.7359,0.0908,0.8,50.0
train,vfw,1,256,99999,18954.4184,126.919,61.0222,49.7405,9950.104,11008.9207,0.0876,0.0,50.0
train,vfw,4,384,30,8916.5156,29.9912,5.9276,40.7919,849.1497,7128.5172,0.1947,0.9326,50.0
train,vfw,4,640,30,8908.7752,30.0011,8.0801,27.7486,1350.1038,7391.4817,0.2051,0.9326,50.0
train,vfw,3,1024,50,11221.2009,50.0027,9.7042,25.5478,2325.4238,8709.5667,0.4157,0.6661,50.0
train,vfw,4,896,70,13355.5781,70.0504,9.3961,27.9199,4906.5827,10237.5433,0.1535,0.4012,50.0
train,vfw,2,896,95,16076.7536,94.9673,19.1054,25.7902,6478.079,10739.4209,0.0182,0.0666,50.0
train,vfw,1,768,85,15013.3966,84.9915,39.5949,24.512,5566.5158,10181.933,0.0202,0.1999,50.0
test,vfw,2,256,100,16594.0889,99.958,20.7667,49.6154,7504.8667,11322.2889,0.0142,0.0,50.0
train,vfw,3,640,70,13374.1618,69.993,11.1737,25.0999,4266.3853,9886.9452,0.0312,0.3999,50.0
train,vfw,4,896,40,10070.0855,40.0146,6.675,27.4239,2170.8761,9016.1089,0.2929,0.7999,49.0
train,vfw,2,512,40,10128.6646,39.9694,14.3388,24.5727,2039.3227,9286.2431,0.0028,0.8,50.0
train,vfw,2,1024,80,14456.7374,79.9704,16.1817,25.8579,4845.195,9765.2802,0.0368,0.2665,50.0
train,vfw,4,1024,55,11742.7728,55.048,8.1085,27.713,3760.6995,10329.6904,0.2663,0.6008,49.0
train,vfw,3,512,45,10693.787,45.0001,9.921,25.1575,2776.828,9692.2176,0.0038,0.7333,50.0
train,vfw,2,384,100,16646.309,99.9766,24.3751,37.6353,7734.5818,11415.3778,0.0141,0.0,50.0
train,vfw,2,384,60,12273.3743,59.9807,18.9141,38.2758,3848.6928,9972.7284,0.0311,0.5331,50.0
train,vfw,3,512,80,14453.2757,79.9988,10.8656,25.0629,5021.4601,10016.5563,0.0116,0.2667,50.0
train,vfw,3,1024,99999,18946.4492,126.8666,16.2269,25.9521,6253.1974,6926.3601,0.0014,0.0,50.0
train,vfw,4,256,70,13334.5017,69.9716,9.4529,55.5338,4561.702,10031.2432,0.0431,0.3997,50.0
train,vfw,1,1024,75,13947.7821,74.9221,29.4178,23.9269,4555.977,9761.9813,0.0387,0.3331,50.0
train,vfw,4,256,90,15527.6559,89.9571,10.9893,56.1048,6347.9336,10690.0515,0.0238,0.1332,50.0
train,vfw,2,512,99999,18975.4852,127.0204,28.9458,25.0516,9505.754,11337.1719,0.0015,0.0,50.0
train,vfw,4,512,30,8868.4517,29.9818,6.8769,27.1875,669.7113,5884.6347,0.138,0.9326,50.0
train,vfw,4,512,40,9974.5355,39.9973,7.4626,27.6914,1991.6197,7162.5633,0.0952,0.7994,50.0
test,vfw,3,1024,100,16632.2667,100.0033,11.9481,27.7175,7395.0889,11063.3111,0.0139,0.0,50.0
train,vfw,3,1024,70,13399.702,70.0168,11.3819,25.9018,3460.291,9476.8417,0.3732,0.3997,50.0
train,vfw,3,768,25,8538.237,25.0049,7.6692,24.8769,689.2117,7954.1672,0.3949,0.9996,50.0
train,vfw,2,640,85,15003.4344,84.926,19.572,25.2702,6153.5091,10796.4229,0.0163,0.2,50.0
train,vfw,2,512,55,11761.1017,54.966,17.3503,24.7978,3454.9167,9901.164,0.0057,0.6,50.0
train,vfw,4,384,90,15515.1521,89.9915,11.1718,42.5226,6181.719,10694.2521,0.0278,0.1332,50.0
train,vfw,3,512,90,15528.5867,90.0022,11.7375,25.3236,7105.8069,11415.3778,0.0123,0.1333,50.0
train,vfw,3,384,70,13364.8553,69.998,12.8004,38.1562,4345.133,9563.271,0.0085,0.4,50.0
train,vfw,4,384,30,8914.6374,30.0048,5.5653,40.633,1448.984,7772.6609,0.1098,0.9326,50.0
train,vfw,3,896,95,16081.5055,94.9996,12.3188,26.4251,6084.0804,10846.0307,0.0267,0.0666,50.0
train,vfw,4,896,40,10069.4949,40.0174,6.7817,27.4202,2162.6407,8994.0295,0.2928,0.7999,49.0
train,vfw,3,640,65,12840.7688,65.0014,10.296,25.2527,4132.3636,10073.0695,0.0583,0.4666,50.0
train,vfw,3,640,80,14455.6842,80.0071,12.1752,25.5056,5693.8077,10829.3659,0.0282,0.2666,50.0
train,vfw,3,512,99999,18953.9111,126.9297,15.2889,24.9284,6803.4667,7533.9111,0.0016,0.0,50.0
train,vfw,1,1024,95,16133.7831,94.9009,34.7212,24.2675,7384.9778,11415.3778,0.0192,0.0666,50.0
train,vfw,2,512,70,13390.7385,69.9551,18.8848,24.8468,5216.8728,10805.2385,0.0085,0.4,50.0
train,vfw,3,384,99999,18957.4219,126.9273,17.5729,37.5909,7804.0294,9058.0107,0.0015,0.0,50.0
train,vfw,4,1024,70,13373.5033,70.0617,9.441,27.8062,4754.944,10360.1799,0.1822,0.4017,50.0
train,vfw,3,256,90,15514.1617,89.992,16.6099,51.3035,6859.1395,10756.1174,0.0122,0.1333,50.0
train,vfw,1,896,65,12822.3411,64.9425,30.149,24.2884,4077.8361,9902.2374,0.0383,0.4664,50.0
train,vfw,3,256,35,9571.5035,34.999,10.3484,51.799,1031.0016,6263.8077,0.0019,0.8667,50.0
train,vfw,4,896,65,12816.1907,65.0403,9.2464,27.8539,4034.3186,9474.0088,0.2883,0.4676,50.0
train,vfw,3,384,80,14438.9636,79.9825,13.6573,38.0659,4956.1804,9448.1038,0.0104,0.2667,50.0
train,vfw,1,512,99999,18998.9556,126.9946,56.4222,23.1291,9893.1111,11014.8667,0.0013,0.0,50.0
train,vfw,3,256,90,15511.1002,89.9866,17.1074,51.3755,6607.6308,10714.05,0.0122,0.1333,50.0
train,vfw,1,512,40,10035.566,40.0039,29.5045,24.7761,2602.5004,9849.3381,0.0497,0.8,50.0
train,vfw,2,896,55,11765.0536,54.9952,14.5755,25.2788,3383.2764,9914.0764,0.0504,0.5996,50.0
train,vfw,3,512,100,16605.0912,100.0042,12.8235,25.3883,7640.641,11364.5384,0.0142,0.0,50.0
train,vfw,4,256,45,10586.4883,44.9688,7.5567,54.1423,1973.6801,8846.4169,0.0671,0.7327,50.0
train,vfw,3,640,85,15013.3478,85.0053,12.3984,25.5855,5605.1814,9978.6172,0.2245,0.2,50.0
train,vfw,3,256,90,15513.9223,89.9861,15.3264,51.4462,6344.1589,10320.684,0.0122,0.1333,50.0
train,vfw,2,256,30,8939.2304,29.9983,13.886,52.7731,1241.107,9215.445,0.0867,0.9325,50.0
train,vfw,1,512,70,13328.009,70.0143,44.0879,24.2011,4442.0003,9967.2044,0.0086,0.4,50.0
train,vfw,4,384,95,16070.4125,94.9895,11.2966,42.5346,6337.8805,10508.7479,0.021,0.0666,50.0
train,vfw,3,256,50,11192.7515,50.0017,13.0304,51.7415,3310.3656,8307.1683,0.0047,0.6667,50.0
train,vfw,2,768,99999,18971.1202,127.0074,28.6841,25.5135,8877.1578,11415.3778,0.0018,0.0,50.0
train,vfw,1,384,35,9501.7873,34.9583,34.0314,36.3906,1270.6169,8858.2849,0.0397,0.8663,49.0
train,vfw,1,896,70,13365.5519,69.9631,31.6728,24.0981,4649.4933,10805.4065,0.0335,0.3998,50.0
train,vfw,4,640,75,13865.9039,75.0243,8.664,28.3918,5212.4708,9791.3031,0.0823,0.3336,50.0
train,vfw,1,640,85,15004.2171,85.0326,43.1108,24.766,5871.3263,10529.7231,0.0158,0.2,50.0
train,vfw,3,1024,30,9034.9448,30.0101,7.2336,25.5867,1401.0003,8701.1299,0.3294,0.9326,50.0
train,vfw,4,256,100,16627.3482,99.963,10.771,56.7107,6668.7496,10348.056,0.0142,0.0,50.0
train,vfw,3,1024,40,10115.8001,40.0006,9.5293,25.5831,2213.2273,9242.9869,0.2537,0.7994,50.0
train,vfw,2,512,65,12848.8686,64.9736,19.0644,24.7301,4403.3594,10260.2951,0.0076,0.4667,50.0
train,vfw,4,384,95,16067.9362,94.9854,12.0142,42.8676,7298.1872,11313.7893,0.021,0.0666,50.0
train,vfw,1,512,99999,18998.9556,127.0011,56.6051,23.1291,9702.0251,11066.0621,0.0013,0.0,50.0
train,vfw,3,640,100,16615.7845,100.0014,12.5774,25.561,6712.7275,10717.2905,0.0141,0.0,50.0
train,vfw,3,768,90,15538.8707,90.0048,12.3326,25.8891,5984.0803,10712.6951,0.0371,0.1333,50.0
train,vfw,3,768,55,11759.5029,54.9895,10.0952,25.0654,2608.9397,8876.6177,0.1624,0.5998,50.0
train,vfw,1,768,35,9517.1438,34.9753,24.6429,23.8038,1727.126,9374.0265,0.0399,0.8663,50.0
train,vfw,1,896,60,12281.2556,59.9664,29.2844,24.0155,3388.1627,9780.5038,0.0417,0.533,50.0
train,vfw,1,256,55,11713.7808,54.9114,40.9103,49.1831,3478.6072,9902.9643,0.058,0.5995,49.0
train,vfw,2,768,70,13388.5445,69.9703,17.2371,25.3447,4982.8389,10324.8774,0.0284,0.3998,50.0
train,vfw,4,640,75,13857.8654,75.0013,13.1129,28.0963,5240.6131,9667.3349,0.0823,0.3336,50.0
train,vfw,1,1024,100,16682.4074,99.8906,34.9595,24.3052,7118.2849,10811.0208,0.0332,0.0,50.0
train,vfw,2,512,99999,18984.2557,127.0193,27.9662,25.2513,10216.9778,11415.3778,0.0015,0.0,50.0
train,vfw,3,768,80,14464.9127,80.0132,9.8339,25.86,5007.4128,10179.2951,0.1013,0.2666,50.0
train,vfw,4,384,75,13861.1332,74.9946,9.3585,41.9633,5404.2251,10054.797,0.0483,0.3331,50.0
train,vfw,3,896,30,9068.9337,29.9717,9.4676,24.7611,526.3674,6804.5677,0.5918,0.9328,50.0
train,vfw,2,256,60,12233.5681,59.9827,20.0791,51.0012,3395.4992,9469.2056,0.0556,0.5329,50.0
train,vfw,4,640,50,11109.2797,50.0015,7.4946,27.8129,2595.1237,7870.7002,0.1506,0.6664,50.0
train,vfw,3,896,70,13375.439,70.0145,10.8663,25.6177,3709.3974,10031.386,0.0825,0.3998,50.0
train,vfw,1,512,70,13334.563,70.0301,40.8843,24.6908,4045.8813,9521.7979,0.0086,0.4,50.0
train,vfw,3,896,100,16626.2779,100.0071,14.4328,26.1838,6323.6431,11064.2448,0.0141,0.0,50.0
train,vfw,4,256,95,16075.7018,94.9723,10.5,56.457,7297.6246,11199.3398,0.019,0.0666,50.0
train,vfw,3,1024,90,15553.5876,90.0099,12.6226,26.3687,5214.8303,10475.3327,0.1073,0.1332,50.0
train,vfw,3,512,100,16603.8757,100.0125,12.602,25.3286,7618.8483,11300.2118,0.0142,0.0,50.0
train,vfw,4,256,65,12794.0707,64.9957,7.2995,55.9655,4894.3521,10551.5799,0.0479,0.4663,50.0
train,vfw,4,640,40,10008.9613,39.9979,5.6184,27.6383,1408.2645,7008.8934,0.1779,0.7995,50.0
train,vfw,2,384,40,10085.4486,39.9865,13.9119,38.4372,1725.3554,9022.6923,0.0396,0.7996,50.0
train,vfw,2,896,65,12844.7001,64.9922,16.4602,25.4634,3624.8758,9853.0846,0.0423,0.4664,50.0
train,vfw,2,256,80,14438.9512,79.9975,23.1918,50.4649,6008.7674,10975.4536,0.0348,0.2664,50.0
train,vfw,3,256,60,12275.2369,59.9951,13.1817,51.5711,3818.2808,8330.954,0.0654,0.5333,50.0
train,vfw,2,512,75,13934.6674,74.9531,17.7041,25.0064,5495.5653,10761.8679,0.0095,0.3333,50.0
train,vfw,2,640,90,15556.1199,89.9459,20.1643,25.3066,6891.6939,11262.8518,0.0156,0.1333,50.0
train,vfw,1,384,100,16625.1357,99.9352,52.6719,36.8827,7770.0389,11415.3778,0.0143,0.0,50.0
train,vfw,4,896,50,11164.6849,50.0148,9.6118,27.7054,2988.2243,9322.8907,0.2464,0.667,50.0
train,vfw,3,896,75,13920.2209,75.0083,13.3252,25.6413,4113.7549,10079.7109,0.122,0.3331,50.0
train,vfw,3,768,85,14999.5159,84.9992,12.1738,25.2766,4740.2155,9900.8033,0.093,0.1999,50.0
train,vfw,4,256,25,8389.3949,24.9698,6.1842,53.1635,389.3,7989.024,0.0864,0.9992,50.0
train,vfw,1,384,55,11691.5689,54.9535,39.8927,36.6998,3063.0494,9749.2458,0.0319,0.5998,49.0
train,vfw,1,896,60,12283.201,59.972,30.7434,24.1471,4553.9331,10802.7869,0.0417,0.533,50.0
train,vfw,4,512,25,8319.2444,24.9925,5.8778,27.3794,438.8,5842.5556,0.1469,0.9992,50.0
train,vfw,1,512,35,9479.2554,34.9597,29.667,23.7753,1241.0713,8485.1992,0.1208,0.8667,50.0
train,vfw,3,512,55,11770.8035,55.0152,10.3156,24.9977,3605.9114,10083.1895,0.0057,0.6,50.0
train,vfw,3,512,45,10696.1721,45.0102,8.4584,24.725,2778.7768,9886.5567,0.0038,0.7333,50.0
train,vfw,3,896,40,10140.0719,39.9795,8.7835,25.3401,1242.4098,7628.9764,0.4411,0.7995,50.0
train,vfw,2,512,80,14480.6489,79.952,21.4844,25.2897,5998.9346,10966.5915,0.0104,0.2667,50.0
train,vfw,4,256,99999,18978.7317,126.926,13.2339,52.9787,6424.147,7142.5489,0.0014,0.0,50.0
train,vfw,1,256,95,16053.4522,94.7591,52.9594,48.953,6919.2346,10694.846,0.085,0.0666,50.0
train,vfw,4,512,65,12741.223,65.0,8.6603,28.2019,3995.6109,8509.9419,0.0761,0.4663,50.0
train,vfw,2,512,25,8515.7419,24.9861,12.5097,24.4125,611.2424,8436.1543,0.1441,1.0,50.0
train,vfw,2,384,90,15549.0055,89.9682,23.4987,37.4752,6354.3562,10647.4217,0.0184,0.1333,50.0
train,vfw,3,896,40,10159.3487,40.0005,8.8198,25.7008,1964.7573,7997.3153,0.5478,0.7995,50.0
train,vfw,1,512,90,15537.7989,90.0844,47.934,24.815,6907.8021,11269.0903,0.0124,0.1333,50.0
train,vfw,1,512,25,8372.2526,24.9661,22.3638,24.0494,654.7827,8860.347,0.0,1.0,50.0
train,vfw,1,256,80,14418.7853,79.8081,47.3781,48.8232,4623.3983,9384.2517,0.0338,0.2665,49.0
train,vfw,1,896,50,11184.7356,49.9639,26.6539,24.0352,3145.6093,9660.4132,0.0485,0.6663,50.0
train,vfw,3,384,25,8520.9794,25.0115,8.2287,38.1505,719.5198,7635.308,0.0,1.0,50.0
train,vfw,1,384,45,10602.0976,44.974,35.1485,36.5654,2578.2338,9620.3548,0.0358,0.733,49.0
train,vfw,1,768,99999,18987.6849,126.9536,54.0795,23.3872,10216.9778,11415.3778,0.0013,0.0,50.0
train,vfw,1,1024,99999,18966.3491,126.8672,50.3488,24.5624,10216.9778,11311.3879,0.0014,0.0,50.0
train,vfw,2,896,75,13931.5303,74.9842,17.9939,25.8015,5218.5361,10378.3473,0.0886,0.3331,50.0
train,vfw,3,896,80,14463.2132,80.0054,12.6196,26.2031,5036.8765,10362.5304,0.1017,0.2665,50.0
train,vfw,1,896,40,10088.5372,39.9796,25.2049,23.9967,2017.9409,9524.698,0.0554,0.7995,50.0
train,vfw,3,256,75,13891.6131,74.9925,14.79,51.352,4436.3577,9046.6162,0.0095,0.3333,50.0
train,vfw,1,768,50,11169.7312,49.9898,28.2036,24.3781,2853.9722,9576.393,0.034,0.6664,50.0
train,vfw,1,512,80,14442.4924,80.0623,44.6096,24.8706,5690.8483,10872.6239,0.0105,0.2667,50.0
train,vfw,1,896,90,15578.5065,89.9506,38.1226,24.621,6732.3472,11055.7791,0.0522,0.1333,50.0
train,vfw,4,256,35,9497.5973,34.9935,5.2739,54.2568,1542.7979,9041.8766,0.0768,0.866,50.0
train,vfw,2,640,85,15020.808,84.9652,19.5621,25.3351,6471.3704,11174.5338,0.0163,0.2,50.0
train,vfw,2,256,45,10589.3949,44.9966,16.695,52.1998,2289.2846,9298.3828,0.0712,0.7327,50.0
train,vfw,2,1024,75,13925.6404,74.9902,16.2164,25.9482,5406.8886,10309.9807,0.0425,0.3331,50.0
train,vfw,4,640,95,16065.4212,95.0264,12.2079,28.6964,7128.7135,11091.981,0.0277,0.0674,50.0
train,vfw,4,768,25,8398.0789,25.0057,5.635,27.2453,849.1367,7646.5052,0.2906,0.9992,50.0
train,vfw,1,896,65,12833.3891,64.9681,31.6323,24.3603,4633.6336,10521.3805,0.0383,0.4664,50.0
train,vfw,3,896,30,9056.6077,29.997,8.846,25.4191,1252.9752,8423.8723,0.3623,0.9328,50.0
train,vfw,4,896,55,11710.4805,55.0197,8.2972,27.631,3366.3726,9442.2786,0.2232,0.6005,50.0
train,vfw,4,768,45,10589.189,45.0096,7.3705,27.6675,2466.3123,8600.591,0.2169,0.7332,50.0
train,vfw,4,1024,99999,18973.5391,126.9196,11.0412,27.321,8607.1552,9577.493,0.0016,0.0,50.0
train,vfw,2,640,25,8512.9481,24.9858,11.7999,24.6266,754.5135,9080.8255,0.0249,0.9998,50.0
train,vfw,1,512,50,11126.3918,49.9935,34.3403,24.1695,2947.917,9697.2415,0.0048,0.6667,50.0
train,vfw,4,1024,50,11197.6934,50.0373,7.1349,27.6209,3065.4612,10025.7695,0.2943,0.6672,49.0
train,vfw,3,640,99999,18952.8879,126.9433,17.3755,25.3092,7858.7336,8734.2409,0.0015,0.0,50.0
train,vfw,2,512,65,12846.7024,64.9544,18.1175,24.8269,4615.2557,10485.3778,0.0076,0.4667,50.0
train,vfw,3,640,25,8530.2209,24.9973,7.3866,24.7911,421.6808,8347.3365,0.1109,0.9998,50.0
train,vfw,2,896,55,11769.8021,54.9959,15.5694,25.4534,3589.007,10197.8204,0.0504,0.5996,50.0
train,vfw,1,1024,25,8452.5753,24.959,17.9855,23.5492,385.9,8016.5971,0.0876,0.9992,50.0
train,vfw,1,512,55,11679.5652,55.0081,35.96,24.4195,3429.7073,9838.5791,0.0057,0.6,50.0
train,vfw,4,640,30,8908.1161,30.0007,5.9393,27.3356,478.3939,6698.4734,0.2052,0.9326,50.0
train,vfw,4,896,100,16634.0049,100.0736,12.1064,28.4716,7647.8129,11415.3778,0.0141,0.0025,50.0
train,vfw,3,1024,90,15552.3142,89.9961,12.2862,26.6343,6105.1086,10616.2815,0.101,0.1332,50.0
train,vfw,2,512,95,16108.1394,94.9504,22.2284,25.349,7315.9319,11377.3239,0.0133,0.0667,50.0
train,vfw,1,896,65,12838.6601,64.9624,30.8926,24.1644,4167.4992,9902.6183,0.1225,0.4664,50.0
train,vfw,1,768,60,12270.2455,59.9723,32.3657,23.971,3057.9221,9129.5801,0.03,0.5331,50.0
train,vfw,1,896,55,11736.4748,54.9764,29.5902,24.2124,3425.0788,10109.757,0.0452,0.5996,50.0
train,vfw,4,256,40,10041.5719,39.9985,6.4371,54.3082,1343.9942,9196.1617,0.072,0.7994,50.0
train,vfw,4,896,100,16612.2831,100.0375,11.0516,28.2126,7007.9545,10692.6413,0.0141,0.0025,50.0
train,vfw,3,256,35,9569.9026,34.99,10.4618,51.7036,623.098,5842.5556,0.0019,0.8667,50.0
train,vfw,3,640,95,16075.247,95.0022,12.3016,25.6579,6587.4058,10723.8748,0.0174,0.0667,50.0
train,vfw,4,896,99999,18972.9414,126.9258,12.4017,27.6207,8646.248,9632.1291,0.0015,0.0,50.0
train,vfw,2,384,65,12820.0879,64.9792,19.8028,38.233,4340.3698,10286.8153,0.029,0.4665,50.0
train,vfw,4,512,95,16054.3553,94.9932,12.8543,28.5121,6613.2541,10341.0393,0.0659,0.0666,50.0
train,vfw,4,768,90,15531.5538,90.0599,11.7704,28.0869,6825.7382,11056.048,0.051,0.1347,50.0
train,vfw,4,256,30,8950.6599,29.9946,6.5365,54.4724,1414.0509,9229.2358,0.0816,0.9326,50.0
train,vfw,4,1024,90,15552.382,90.0822,9.8844,28.0959,6775.3084,11180.314,0.0702,0.1361,50.0
train,vfw,4,896,25,8431.1917,24.9955,6.4774,27.4365,1054.4827,8592.6587,0.3625,0.9992,49.0
test,vfw,2,1024,25,8397.5556,24.9895,10.6778,26.5751,648.9333,8870.5778,0.0,1.0,49.0
train,vfw,4,256,99999,18983.3993,126.9296,14.5796,52.3712,6324.8712,7044.5027,0.0014,0.0,50.0
train,vfw,2,512,65,12840.7621,64.974,17.1702,24.3224,4511.1943,10285.0617,0.0076,0.4667,50.0
train,vfw,3,896,100,16627.0724,100.0194,13.2884,26.253,6798.2117,11365.8809,0.014,0.0,50.0
train,vfw,2,384,30,8994.5239,30.0015,14.197,38.675,1548.049,9401.6742,0.0438,0.9329,50.0
train,vfw,2,512,100,16642.2858,99.9186,24.2385,24.5766,7010.5697,10693.2922,0.0142,0.0,50.0
train,vfw,3,512,99999,18956.5372,126.9549,19.906,25.3048,9965.647,11122.4533,0.0014,0.0,50.0
train,vfw,1,256,65,12793.2187,64.8728,43.841,49.1105,4411.3,10185.3797,0.0483,0.4663,49.0
train,vfw,2,640,45,10680.8461,44.9748,14.4596,24.9521,2199.1253,9247.3512,0.022,0.7332,50.0
train,vfw,3,640,85,14996.9678,85.0107,12.5825,25.5043,5833.8172,10766.8089,0.0461,0.2,50.0
train,vfw,4,1024,40,10101.082,40.009,8.4732,27.3819,2002.3451,9423.5717,0.3503,0.8,49.0
train,vfw,2,640,35,9590.8151,34.9754,13.8341,24.4691,1288.9854,9014.0583,0.0052,0.8665,50.0
train,vfw,1,896,45,10638.8621,44.9783,23.9517,23.9957,2465.7453,9499.0755,0.052,0.7329,50.0
train,vfw,4,384,100,16620.5354,99.9835,11.715,42.7735,7031.8414,10770.253,0.0141,0.0,50.0
train,vfw,4,1024,85,15010.3752,85.0774,10.9514,28.0219,6411.6319,11019.9648,0.1399,0.2025,50.0
train,vfw,3,768,85,15003.5028,85.0065,12.4425,25.9936,5729.5695,10819.0267,0.063,0.1999,50.0
train,vfw,3,1024,75,13923.3738,74.997,11.3488,26.0184,3525.419,9301.0006,0.2312,0.3331,50.0
train,vfw,3,384,60,12300.1036,59.9958,11.901,38.3848,3654.7197,8744.4149,0.139,0.5333,50.0
train,vfw,2,256,70,13325.6685,69.9686,21.208,51.0236,4301.654,9758.5477,0.0452,0.3996,50.0
train,vfw,2,640,60,12294.9119,59.9797,16.022,25.1201,4023.9804,10592.7526,0.0222,0.5332,50.0
train,vfw,1,384,50,11148.6688,49.9603,36.3869,36.8281,3024.4322,9771.8549,0.0338,0.6664,49.0
train,vfw,3,896,40,10147.9021,39.9838,7.6662,25.3642,1120.676,7223.3128,0.46,0.7995,50.0
train,vfw,3,384,75,13905.4049,74.9976,11.8995,38.4462,5262.82,10053.313,0.0094,0.3333,50.0
train,vfw,1,256,55,11712.3631,54.9144,41.8804,49.2416,3495.0493,9968.6146,0.058,0.5995,49.0
train,vfw,4,896,30,8976.92,29.9966,4.8719,27.2966,505.1734,7763.4574,0.3393,0.9328,49.0
train,vfw,3,896,75,13922.7367,75.016,12.5574,26.0634,5035.0035,10563.7668,0.1074,0.3331,50.0
train,vfw,3,1024,50,11210.2553,49.9989,9.9334,25.6513,2436.0701,8801.6488,0.3338,0.6661,50.0
train,vfw,4,384,70,13314.1725,69.9868,9.1925,41.9925,4871.2537,9852.81,0.0552,0.3997,50.0
train,vfw,1,256,55,11710.9513,54.898,41.0665,49.25,3578.9128,9777.1085,0.058,0.5995,49.0
train,vfw,2,768,55,11770.6693,54.9974,14.6219,25.6533,3660.7753,10211.1791,0.0355,0.5998,50.0
train,vfw,4,1024,90,15552.1826,90.0876,12.055,27.9719,6813.5826,11228.5924,0.0701,0.1361,50.0
train,vfw,2,384,45,10632.16,44.9918,14.9727,38.363,2129.8531,9126.572,0.0375,0.733,50.0
train,vfw,3,512,85,14979.9585,84.9731,11.5918,25.37,5926.0999,10234.0979,0.0113,0.2,50.0
train,vfw,3,768,90,15543.6824,90.023,10.2954,26.0568,6076.4896,10905.2446,0.0349,0.1333,50.0
train,vfw,1,640,90,15556.4892,90.0249,44.2582,24.8182,6433.8276,10810.3474,0.0153,0.1333,50.0
train,vfw,4,384,70,13314.1985,69.9899,9.6744,41.9887,4894.5407,9812.3305,0.0551,0.3997,50.0
train,vfw,1,256,90,15505.7823,89.7816,52.5056,49.1477,6546.1467,10948.9409,0.024,0.1332,50.0
train,vfw,3,512,40,10144.3573,39.9737,7.6511,24.7913,1069.3434,8310.6934,0.0029,0.8,50.0
train,vfw,4,896,35,9514.5598,35.0091,6.1697,27.4859,1593.5637,9039.1856,0.1949,0.8663,49.0
train,vfw,2,640,25,8513.3418,24.9911,12.859,24.757,710.817,9005.5419,0.0359,0.9998,50.0
train,vfw,4,640,45,10559.5495,45.0093,8.2501,27.7207,2551.3632,8221.7935,0.1642,0.733,50.0
train,vfw,4,384,25,8363.3506,24.9921,5.7254,40.8182,478.6311,7206.7401,0.1166,0.9992,50.0
train,vfw,4,768,50,11135.6875,50.0179,8.1161,27.6868,2386.7785,8461.7681,0.1985,0.6667,50.0
train,vfw,1,1024,95,16137.9365,94.9032,34.0716,24.3637,7508.4022,11390.1243,0.0192,0.0666,50.0
train,vfw,4,768,90,15528.4838,90.0527,11.2222,28.2277,6229.9316,10720.0675,0.051,0.1347,50.0
train,vfw,1,768,55,11712.2552,54.9872,30.2486,24.2651,3546.8148,10174.7917,0.0313,0.5998,50.0
train,vfw,2,1024,75,13924.7781,74.9964,17.2569,26.083,5263.3916,10608.9442,0.0425,0.3331,50.0
train,vfw,2,1024,30,9065.8651,29.9726,12.545,25.5176,676.0361,8846.7255,0.0937,0.9326,50.0
train,vfw,1,896,95,16122.8884,94.9461,38.1956,24.4472,6541.9709,10573.2094,0.0177,0.0666,50.0
train,vfw,3,1024,45,10664.3761,45.0083,9.6354,25.4295,2024.2867,9006.7133,0.2967,0.7327,50.0
train,vfw,3,640,100,16613.8516,100.0171,13.9095,25.7487,7097.7548,11294.775,0.0142,0.0,50.0
train,vfw,1,1024,85,15049.0307,84.9131,32.5588,24.2468,6118.9243,10460.9111,0.1485,0.1998,50.0
train,vfw,4,1024,35,9566.7432,35.0085,6.7629,27.4895,1446.9815,8978.2493,0.473,0.8664,49.0
train,vfw,4,384,25,8361.0699,25.0036,4.9838,40.8456,663.8339,7409.7915,0.1166,0.9992,50.0
train,vfw,1,1024,95,16137.0171,94.907,33.9561,24.3465,7266.9348,11394.2646,0.0192,0.0666,50.0
train,vfw,2,640,75,13925.2982,74.9507,19.6241,24.7169,4544.7242,9730.5438,0.0177,0.3333,50.0
train,vfw,3,1024,85,15020.6645,85.0254,13.4693,26.5575,5019.4238,10682.3393,0.1644,0.1998,50.0
train,vfw,1,512,70,13338.1709,70.0364,41.7928,24.9463,4972.2892,10554.8984,0.0086,0.4,50.0
train,vfw,4,896,45,10615.3013,45.0061,7.8542,27.3549,2176.907,8734.4084,0.2696,0.7334,49.0
train,vfw,1,256,45,10623.1767,44.9379,39.1452,49.174,1783.1767,8722.5532,0.0677,0.7327,49.0
train,vfw,4,256,75,13879.1142,74.9605,10.2513,55.2315,4484.0609,9812.7113,0.0383,0.3331,50.0
train,vfw,2,384,25,8426.677,24.9547,12.2008,38.7008,362.5,8153.0811,0.046,0.9995,50.0
train,vfw,4,896,99999,18964.5222,126.8943,15.8664,27.0435,8516.2167,9487.8132,0.0015,0.0,50.0
train,vfw,3,512,40,10156.2308,39.9918,8.1216,24.9306,2439.3458,9306.2089,0.0028,0.8,50.0
train,vfw,1,896,35,9544.8123,34.9946,21.966,24.1752,1907.0572,9608.9898,0.0589,0.8661,50.0
train,vfw,2,1024,99999,18968.6328,126.9906,29.6464,25.7918,7514.3594,11228.0848,0.0016,0.0,50.0
train,vfw,2,256,70,13337.4715,69.9986,21.5818,50.8799,4409.6714,9881.8768,0.0452,0.3996,50.0
train,vfw,2,256,80,14442.5948,80.0045,20.3594,50.6839,5771.8489,10471.9334,0.0349,0.2664,50.0
train,vfw,2,512,45,10672.1048,44.965,15.0461,24.3807,1986.9178,8966.1372,0.0038,0.7333,50.0
train,vfw,3,768,60,12301.9924,60.0007,10.8613,25.855,3826.0278,9994.9566,0.1042,0.5331,50.0
train,vfw,4,512,45,10531.0623,44.9958,7.5533,27.6975,1812.7346,6732.2223,0.1115,0.7327,50.0
train,vfw,1,1024,50,11206.0372,49.9591,23.983,23.8651,3173.2602,9941.685,0.0632,0.6661,50.0
train,vfw,4,512,35,9436.0717,34.9973,6.81,27.7635,1448.5524,6320.7277,0.2429,0.866,50.0
train,vfw,4,896,45,10620.181,45.0105,7.1316,27.7669,3031.4463,9680.7931,0.2696,0.7334,49.0
train,vfw,1,384,60,12236.1564,59.9536,39.9263,36.7661,3849.4183,10101.4558,0.0274,0.5331,49.0
train,vfw,1,384,85,14976.1375,84.927,46.8855,36.857,5855.8337,10458.1052,0.0202,0.1999,50.0
train,vfw,2,768,70,13376.1195,69.9459,17.837,25.0069,4125.7264,9647.1321,0.0284,0.3998,50.0
train,vfw,4,640,25,8354.4303,24.9948,6.0858,27.2703,386.0,6567.2603,0.2188,0.9992,50.0
train,vfw,3,1024,60,12285.7259,59.9809,10.3406,25.8246,3510.4399,9230.1195,0.1956,0.5329,50.0
train,vfw,3,512,65,12842.5938,65.0,10.3569,25.0874,4253.6361,9721.4913,0.0076,0.4667,50.0
train,vfw,3,896,70,13391.9602,70.0093,11.6425,26.0709,4976.8847,10115.7855,0.2337,0.3998,50.0
train,vfw,4,256,30,8944.439,29.9795,5.7084,53.8165,1118.829,8580.2118,0.0816,0.9326,50.0
train,vfw,4,896,99999,18968.3669,126.9112,13.1326,27.1561,8227.4402,9445.7982,0.0016,0.0,50.0
train,vfw,2,512,55,11758.1738,54.9623,16.3714,24.6526,3564.5273,10083.8534,0.0061,0.6,50.0
train,vfw,3,1024,30,9029.5753,30.0076,6.0752,25.2508,1050.954,8613.7286,0.265,0.9326,50.0
train,vfw,3,256,75,13892.9635,74.9888,15.5248,51.6767,5098.869,9435.0504,0.0094,0.3333,50.0
train,vfw,1,1024,40,10107.5263,39.963,22.8438,23.7359,2219.3709,9318.5136,0.0729,0.7994,50.0
train,vfw,1,896,80,14474.0606,79.9626,34.5453,24.1836,5408.9318,10822.5025,0.0273,0.2665,50.0
train,vfw,1,1024,75,13941.8376,74.9288,29.9869,24.0004,4595.8204,9795.0081,0.0387,0.3331,50.0
train,vfw,1,384,25,8413.6055,24.983,28.1252,36.7597,437.395,8626.8815,0.0436,0.9996,49.0
train,vfw,3,1024,60,12285.9552,60.0064,9.5638,25.9511,3081.6936,9632.1153,0.1598,0.5329,50.0
train,vfw,2,512,75,13934.5864,74.9592,19.6302,24.6211,5234.8157,10477.0431,0.0095,0.3333,50.0
train,vfw,4,384,95,16068.6397,94.9909,9.7151,42.8052,6680.8569,10623.2757,0.021,0.0666,50.0
train,vfw,2,512,80,14480.6455,79.9554,19.7211,24.9236,5833.0508,10869.0957,0.0104,0.2667,50.0
train,vfw,2,896,100,16622.3684,99.9819,20.0396,25.7814,6770.6795,10416.6738,0.0141,0.0,50.0
train,vfw,1,256,80,14421.44,79.8188,47.8312,48.8152,5258.1227,10440.1644,0.0338,0.2665,49.0
train,vfw,4,640,25,8351.7916,25.0098,5.5226,27.0813,1004.7873,7135.2983,0.2188,0.9992,50.0
train,vfw,4,384,75,13861.8682,74.9743,10.0216,41.8942,5264.7189,10044.3242,0.0483,0.3331,50.0
train,vfw,3,640,90,15538.0421,90.002,11.7973,25.7025,6746.8798,11084.2531,0.0381,0.1333,50.0
train,vfw,1,512,85,14991.9749,85.0657,46.1668,25.1187,6114.4262,10787.9329,0.0114,0.2,50.0
train,vfw,4,1024,35,9558.7132,35.0051,6.1207,27.3979,1020.6932,8653.8444,0.3902,0.8664,49.0
train,vfw,3,1024,75,13931.8678,75.0106,11.3567,26.0377,4364.5191,9556.025,0.2976,0.3331,50.0
train,vfw,3,768,60,12301.6495,60.0027,9.7343,25.4198,3794.4463,9725.1485,0.1048,0.5331,50.0
train,vfw,3,384,50,11210.5955,50.0005,11.3287,38.3714,3194.8003,9076.0331,0.0047,0.6667,50.0
train,vfw,1,896,90,15573.9336,89.9442,36.8713,24.4329,6282.4115,10554.9165,0.0212,0.1333,50.0
train,vfw,4,896,60,12260.9637,60.0405,7.1329,27.8654,3668.736,9620.2387,0.2,0.5341,50.0
train,vfw,2,896,60,12308.1928,59.9909,16.2852,25.5801,3771.9368,10120.2556,0.0464,0.533,50.0
train,vfw,2,384,40,10092.3925,40.0101,12.7852,39.017,2445.5181,9826.0963,0.0396,0.7996,50.0
train,vfw,3,768,99999,18969.9593,126.9673,18.3404,26.2396,9683.6352,10878.6332,0.0014,0.0,50.0
train,vfw,3,768,30,9068.2501,30.0164,7.7567,24.7752,1103.0482,8528.7601,0.2484,0.933,50.0
train,vfw,2,1024,45,10689.6478,45.0132,13.2836,25.3315,2604.8553,9926.4785,0.0767,0.7327,50.0
train,vfw,1,896,25,8442.6174,24.9785,20.1325,23.7039,780.9563,8794.0441,0.076,0.9994,50.0
train,vfw,2,384,60,12272.72,59.9844,17.9178,38.2804,4046.7089,10103.4572,0.0311,0.5331,50.0
train,vfw,4,640,65,12760.1058,65.007,10.2533,27.9983,4283.4229,9178.5715,0.1096,0.4667,50.0
train,vfw,2,384,85,15005.1286,84.9749,21.9399,37.4844,5927.725,10519.2068,0.0205,0.1999,50.0
train,vfw,2,384,40,10086.5302,39.9838,14.8192,38.3883,1612.6613,8827.4419,0.0656,0.7996,50.0
train,vfw,1,768,50,11164.0085,49.9936,29.0086,23.8806,3253.2951,9985.0654,0.034,0.6664,50.0
train,vfw,2,1024,80,14457.151,80.0117,15.5497,25.6346,5955.1401,10920.0703,0.0369,0.2665,50.0
train,vfw,3,1024,99999,18979.2188,126.9574,18.3206,27.5713,9970.1017,11107.8171,0.0015,0.0,50.0
train,vfw,2,1024,100,16615.5071,99.9838,17.7027,26.0785,6851.4617,10287.2497,0.0141,0.0,50.0
train,vfw,2,512,60,12302.9574,59.9555,16.5213,24.6215,3495.7549,9590.4986,0.0067,0.5333,50.0
train,vfw,3,768,30,9057.7094,30.0189,6.5741,25.1917,1554.6326,9160.7754,0.1765,0.933,50.0
train,vfw,1,512,30,8923.5031,29.9672,26.2807,24.2077,1758.034,9735.6597,0.001,0.9333,50.0
train,vfw,2,768,100,16629.1802,99.9573,22.7625,25.5081,7567.9538,11306.5057,0.0141,0.0,50.0
train,vfw,2,384,100,16642.5633,99.957,25.7576,37.2723,7663.5739,11073.0038,0.0141,0.0,50.0
train,vfw,1,768,90,15565.701,89.9926,41.4059,24.7819,6759.3486,11173.9717,0.0182,0.1333,50.0
train,vfw,4,256,65,12788.7819,64.9722,7.8374,55.4484,4404.321,9789.0742,0.0479,0.4663,50.0
train,vfw,3,384,55,11741.9654,54.9728,12.2204,37.7025,2777.802,8353.1237,0.0057,0.6,50.0
train,vfw,3,384,55,11748.5697,54.9967,11.4125,38.3226,3192.8051,8808.0181,0.0056,0.6,50.0
train,vfw,3,1024,90,15551.1405,90.0007,9.771,26.775,5697.0895,10388.4933,0.0719,0.1332,50.0
train,vfw,3,256,70,13352.1568,69.9927,13.6611,51.6067,4552.3465,8999.8247,0.0085,0.4,50.0
train,vfw,2,256,90,15538.1326,89.9971,24.439,49.9425,6673.3781,10985.2459,0.0245,0.1332,50.0
train,vfw,4,256,80,14431.9668,79.9722,10.0642,55.7408,5193.5009,10324.4207,0.0335,0.2665,50.0
train,vfw,1,768,65,12815.4397,64.9801,33.09,24.2844,4178.7961,10014.5932,0.0281,0.4665,50.0
train,vfw,4,640,45,10553.4253,44.994,6.5991,28.1354,2367.8221,7868.6212,0.1642,0.733,50.0
train,vfw,4,640,35,9462.7098,35.0059,4.9156,27.7908,1658.8412,7235.0824,0.1915,0.8661,50.0
train,vfw,4,256,80,14433.4467,79.9678,9.5137,56.0962,6031.0995,10589.8996,0.0334,0.2665,50.0
train,vfw,2,1024,85,15011.2247,84.9945,18.5352,26.2671,6174.8824,10586.3111,0.1347,0.1998,50.0
train,vfw,2,512,45,10675.9966,44.9797,13.4915,24.6383,2260.5422,9273.7257,0.0038,0.7333,50.0
train,vfw,2,256,35,9491.2771,35.0039,13.6388,52.7668,1594.8133,9240.6279,0.0815,0.8659,50.0
train,vfw,3,640,99999,18953.8825,126.9348,18.306,25.7311,9230.376,9942.3115,0.0014,0.0,50.0
train,vfw,4,768,50,11131.5712,50.0154,7.8629,27.6933,2671.4273,8658.241,0.1393,0.6667,50.0
train,vfw,1,640,90,15555.6174,90.024,44.3974,24.831,6314.868,10547.154,0.0153,0.1333,50.0
train,vfw,3,256,60,12278.5039,60.0074,12.2,52.1826,4407.4543,8944.2959,0.0066,0.5333,50.0
train,vfw,2,768,50,11230.9859,50.0011,14.7016,24.9646,3183.5856,10060.6193,0.0378,0.6664,50.0
train,vfw,3,896,75,13932.8311,75.0165,11.627,25.7244,3983.1904,9796.1493,0.2287,0.3331,50.0
train,vfw,2,256,25,8388.71,24.9952,12.9772,53.0329,858.0746,9100.8598,0.0919,0.9991,50.0
train,vfw,1,768,75,13915.4991,74.983,36.3775,24.4837,5522.5667,10761.7367,0.0241,0.3332,50.0
train,vfw,3,512,55,11765.2255,54.9934,9.6932,24.828,3309.4931,9752.3899,0.0057,0.6,50.0
train,vfw,4,1024,40,10102.0367,40.0165,7.5885,27.4201,1681.5667,9068.8845,0.3503,0.8,49.0
train,vfw,1,896,35,9541.5764,34.9772,22.6575,23.6543,997.6904,8559.1252,0.0588,0.8661,50.0
train,vfw,2,896,70,13381.138,69.9943,15.9687,25.3592,5129.1586,10569.3552,0.0383,0.3998,50.0
train,vfw,3,384,30,9057.5314,30.0024,7.4071,38.4006,1043.6302,7733.6826,0.001,0.9333,50.0
train,vfw,4,768,85,14977.9729,85.0419,10.6729,28.1708,5379.341,10151.4088,0.0694,0.2012,50.0
train,vfw,1,512,80,14439.5304,80.0537,44.7673,24.9289,5867.7947,10876.3797,0.0105,0.2667,50.0
train,vfw,3,640,95,16074.7745,95.0084,13.7575,25.729,6614.3846,11072.354,0.0182,0.0667,50.0
train,vfw,3,512,55,11766.5219,54.9978,9.5925,25.0647,3555.4502,9819.4286,0.0056,0.6,50.0
train,vfw,1,640,50,11142.8654,50.0,31.0187,24.4127,3198.0989,10179.0407,0.0200,0.6665,50.0
train,vfw,2,384,99999,18973.391,126.9879,29.4707,38.1452,8559.397,9626.0704,0.0015,0.0,50.0
train,vfw,2,256,99999,18962.1092,126.9564,29.3764,50.849,6774.0989,7611.4918,0.0016,0.0,50.0
train,vfw,1,896,100,16673.5728,99.9494,39.0533,24.5985,7434.8289,11335.5526,0.0143,0.0,50.0
train,vfw,1,768,70,13364.8136,69.9889,35.6728,24.3782,4462.7639,9994.869,0.0261,0.3998,50.0
train,vfw,2,1024,50,11227.5668,50.0055,14.5296,25.6615,3048.197,10193.9079,0.0045,0.6661,50.0
train,vfw,4,256,90,15518.3065,89.9366,9.4523,56.3668,5665.9226,9899.6486,0.0239,0.1332,50.0
train,vfw,4,512,35,9421.1837,34.9839,6.784,27.3335,721.6145,5842.5556,0.1292,0.866,50.0
train,vfw,4,256,25,8395.747,24.9785,4.9808,53.8754,384.5519,8257.5554,0.1428,0.9992,50.0
train,vfw,3,896,100,16626.7406,100.0125,14.3846,26.025,5726.3829,10729.3741,0.0141,0.0,50.0
train,vfw,3,768,70,13377.5396,69.9926,10.8337,25.3239,3566.2338,9150.9206,0.1111,0.3998,50.0
train,vfw,2,384,85,14994.7373,84.9622,22.0141,37.4545,5971.4189,10536.0982,0.0205,0.1999,50.0
train,vfw,2,896,35,9598.3236,34.9714,13.2706,25.2879,1222.3361,9017.9731,0.0665,0.8661,50.0
train,vfw,4,512,55,11633.143,54.9876,10.2761,27.8965,3492.778,7967.7087,0.0938,0.5995,50.0
validation,vfw,3,1024,100,16634.5556,100.0731,14.6741,26.6665,7409.9333,11134.2,0.0139,0.0,50.0
train,vfw,1,512,80,14430.9112,80.0336,44.6697,24.9278,5589.6215,10550.0436,0.0105,0.2667,50.0
train,vfw,2,1024,55,11775.2841,55.0143,14.88,25.6098,3619.9977,10274.5625,0.0653,0.5995,50.0
train,vfw,3,896,65,12837.2865,64.9939,10.4589,25.5958,3385.6083,9518.5336,0.2026,0.4664,50.0
train,vfw,2,896,75,13927.6713,74.9895,17.9353,25.4583,5266.2606,10583.3804,0.0343,0.3331,50.0
train,vfw,4,640,80,14416.6434,80.0292,12.3857,28.8777,6024.6947,10495.5048,0.0687,0.2671,50.0
train,vfw,2,768,55,11765.9761,54.9858,16.2993,25.1015,3429.6385,9967.7461,0.0355,0.5998,50.0
train,vfw,1,640,65,12793.5782,64.9894,37.5621,23.9717,3739.9366,9536.5213,0.0178,0.4666,50.0
train,vfw,2,896,45,10688.6017,44.9891,13.7618,25.3415,2204.6558,9372.1528,0.0584,0.7329,50.0
train,vfw,4,256,80,14413.1009,79.9254,9.2425,56.0506,5001.63,9754.7737,0.0335,0.2665,50.0
train,vfw,4,768,25,8394.4597,24.9946,6.1152,27.5154,658.9811,7587.5841,0.2742,0.9992,50.0
train,vfw,3,1024,35,9574.2888,35.0067,5.7964,25.4441,1306.2089,8504.7592,0.2791,0.866,50.0
train,vfw,3,768,99999,18972.5652,126.9377,16.0997,25.578,6897.6909,7676.6825,0.0014,0.0,50.0
train,vfw,4,256,40,10035.5149,39.9659,5.8549,54.3965,1486.7051,8634.416,0.072,0.7994,50.0
train,vfw,2,1024,65,12849.074,65.0023,16.7016,26.0016,4468.3698,10473.4972,0.0539,0.4663,50.0
train,vfw,3,512,75,13915.736,74.9985,11.1444,25.1249,4946.5987,10126.3618,0.0095,0.3333,50.0
train,vfw,3,640,99999,18952.6961,126.9584,19.5972,25.7717,8862.696,10118.6077,0.0014,0.0,50.0
train,vfw,4,512,100,16607.9429,100.0114,13.2104,29.0185,7063.8801,10798.1598,0.0141,0.0,50.0
train,vfw,4,384,45,10561.0015,44.9993,7.6534,41.1619,2067.8855,7982.6017,0.0893,0.7327,50.0
train,vfw,1,256,85,14961.0699,84.8071,48.3352,49.1833,6248.3244,10999.4398,0.0319,0.1998,50.0
train,vfw,4,768,30,8945.6092,30.0018,6.046,27.5018,1172.554,7863.6329,0.2722,0.9327,50.0
train,vfw,2,640,75,13945.9681,74.962,18.8805,25.2062,5210.1718,10041.0273,0.1699,0.3333,50.0
train,vfw,4,640,99999,18959.1172,126.8652,13.8787,27.3355,9443.4585,10554.1294,0.0016,0.0,50.0
train,vfw,4,1024,60,12275.9436,60.0288,8.6206,27.7323,3798.7833,10003.4638,0.2383,0.5344,49.0
train,vfw,3,896,80,14465.6369,80.0288,12.1021,25.8591,4863.7953,10738.7441,0.0762,0.2665,50.0
train,vfw,4,896,65,12808.5052,65.045,8.6862,27.8265,4203.5608,9986.2224,0.1767,0.4676,50.0
train,vfw,2,768,90,15533.1075,89.9231,19.2713,25.5467,6081.6657,10143.9958,0.0189,0.1333,50.0
train,vfw,1,384,40,10054.8565,39.97,34.249,36.88,1959.9656,9272.224,0.0377,0.7997,49.0
train,vfw,4,384,75,13864.7084,74.9849,8.9839,42.0438,4421.5233,9103.7185,0.0483,0.3331,50.0
train,vfw,1,384,99999,18973.4022,126.9516,58.5139,36.4925,10216.9778,11403.5483,0.0014,0.0,50.0
train,vfw,4,512,85,14950.1207,84.9943,12.1005,28.5985,6453.9716,10099.8027,0.0406,0.1998,50.0
train,vfw,4,384,75,13868.509,75.0054,9.669,41.9225,5206.9371,10135.2808,0.0483,0.3331,50.0
train,vfw,3,512,100,16606.982,100.0208,14.0859,25.445,7848.1014,11415.3778,0.0142,0.0,50.0
train,vfw,2,768,35,9605.9501,34.9978,12.6271,25.3759,1939.8132,9609.8838,0.0449,0.8663,50.0
train,vfw,1,512,35,9465.6597,34.9791,28.5317,23.5813,1704.5255,9275.1011,0.0019,0.8667,50.0
train,vfw,1,1024,35,9562.9479,34.9716,21.2387,23.4867,1335.8457,8833.5304,0.1134,0.866,50.0
train,vfw,2,896,25,8534.7815,25.0085,10.7338,25.5302,741.5702,9230.9825,0.0746,0.9994,50.0
train,vfw,2,768,99999,18977.2236,126.9897,28.7274,25.5454,9216.8216,10980.7435,0.0015,0.0,50.0
train,vfw,3,1024,45,10690.1181,44.9988,10.8064,25.8611,2378.3925,8097.9103,0.596,0.7327,50.0
train,vfw,1,1024,80,14490.4032,79.9222,31.4086,24.1404,5770.4208,10761.5941,0.0338,0.2665,50.0
train,vfw,4,384,90,15521.4727,89.9881,11.3391,42.5924,6516.7669,10541.7962,0.0801,0.1332,50.0
train,vfw,3,1024,50,11198.2301,49.9961,9.1932,25.6269,2599.4348,9194.0283,0.19,0.6661,50.0
train,vfw,1,896,75,13933.2671,74.9701,33.0852,24.0985,5488.5232,10801.7332,0.0314,0.3331,50.0
train,vfw,2,768,75,13931.5614,74.9676,17.5843,25.5221,5767.6741,10460.1042,0.026,0.3332,50.0
train,vfw,4,640,99999,18957.9235,126.8711,14.4139,27.4239,9445.7448,11161.6999,0.0016,0.0,50.0
train,vfw,2,896,25,8526.8034,24.9853,12.0683,25.2363,627.1321,8928.9793,0.0745,0.9994,50.0
train,vfw,1,384,65,12799.585,64.9522,42.3755,36.9268,4376.4169,9923.2777,0.1313,0.4665,50.0
train,vfw,4,768,70,13332.5737,70.0327,10.7733,28.0123,4870.9742,9909.6506,0.1247,0.4007,50.0
train,vfw,1,256,75,13879.2863,74.8329,45.2538,49.0517,4859.9743,10007.684,0.0386,0.3331,49.0
train,vfw,2,896,99999,18972.0466,126.9849,29.4753,25.7648,8895.5462,11415.3778,0.0016,0.0,50.0
train,vfw,2,768,95,16089.466,94.9608,20.7823,25.1605,6768.5477,10784.8862,0.0165,0.0666,50.0
train,vfw,4,1024,55,11723.2862,55.001,7.8412,27.7305,2919.176,9370.5103,0.2663,0.6008,49.0
train,vfw,2,256,60,12234.9176,59.9987,19.5375,51.5612,3933.9799,10236.1708,0.0622,0.5329,50.0
train,vfw,4,384,40,10011.3671,39.9894,6.4828,41.0548,1943.0417,8090.5543,0.0961,0.7994,50.0
train,vfw,3,256,80,14410.8214,79.9539,14.885,51.3174,5208.666,9343.311,0.0104,0.2667,50.0
train,vfw,4,1024,90,15550.7114,90.0792,10.2835,27.9604,6056.8528,10379.0663,0.0702,0.1361,50.0
train,vfw,1,384,35,9503.7903,34.9619,32.2659,36.4988,1047.6452,8604.4607,0.0397,0.8663,49.0
train,vfw,4,1024,55,11738.7958,55.0328,7.9877,27.6934,3642.4738,9925.0564,0.2663,0.6008,49.0
train,vfw,4,896,45,10617.9771,45.0092,7.2343,27.6634,2734.7693,9157.5767,0.2696,0.7334,49.0
train,vfw,3,384,40,10136.7248,40.0114,10.2421,38.3588,2247.8718,8551.3256,0.0028,0.8,50.0
train,vfw,2,1024,95,16081.8687,95.0071,17.798,25.9136,7097.8704,11202.5673,0.0198,0.0666,50.0
train,vfw,1,256,75,13880.6992,74.838,46.7906,48.9701,5189.5811,10380.6517,0.0386,0.3331,49.0
train,vfw,4,896,60,12259.0867,60.0259,8.3157,27.86,4249.6977,9665.1893,0.1818,0.5341,50.0
train,vfw,2,384,90,15552.246,89.9797,23.0779,37.3505,6664.9693,10986.7393,0.0184,0.1333,50.0
train,vfw,1,256,45,10631.3308,44.953,38.631,49.3066,2687.5972,9734.0183,0.0678,0.7327,49.0
train,vfw,1,640,25,8393.5729,24.9658,23.4005,23.6507,382.2,8514.7819,0.0219,0.9998,50.0
train,vfw,1,896,99999,18982.3572,126.9144,48.373,24.2729,9973.8958,10941.9522,0.055,0.0,50.0
train,vfw,1,896,35,9543.9349,34.9784,22.5073,23.7565,2115.1641,9263.2847,0.0588,0.8661,50.0
train,vfw,4,768,35,9493.7504,35.0147,7.3563,27.5294,1680.0297,8244.3265,0.2538,0.8662,50.0
train,vfw,3,384,50,11212.578,49.9952,11.5646,38.5324,3003.0665,8849.2268,0.0047,0.6667,50.0
train,vfw,2,768,99999,18969.4181,126.9999,29.5188,25.3671,8390.8324,11159.2773,0.0016,0.0,50.0
train,vfw,1,1024,25,8466.8889,24.9924,18.4667,23.5692,613.7333,8819.4222,0.0876,0.9992,50.0
train,vfw,4,384,50,11116.0147,50.0029,7.2196,41.3022,2760.2113,8808.4292,0.0825,0.6661,50.0
train,vfw,4,384,35,9457.1716,35.0013,6.2166,40.8023,1684.5931,8015.1862,0.103,0.866,50.0
train,vfw,2,256,100,16639.1895,100.0015,26.3925,49.4708,7245.3025,11126.5707,0.0141,0.0,50.0
train,vfw,4,512,90,15489.1993,90.0028,11.3306,28.7048,6646.3279,10876.1576,0.0324,0.1332,50.0
train,vfw,4,640,75,13843.3428,74.9767,10.0736,28.296,4574.5047,9070.129,0.0823,0.3336,50.0
train,vfw,2,384,80,14454.0058,79.9718,21.7248,37.6895,5364.3712,10490.7753,0.0226,0.2665,50.0
train,vfw,2,896,70,13384.2626,69.9768,16.8012,25.4615,3981.7539,9513.2545,0.0383,0.3998,50.0
train,vfw,4,384,85,14973.3256,85.0056,10.8499,42.3989,6428.3593,10846.41,0.0346,0.1998,50.0
train,vfw,4,896,90,15543.9161,90.0729,8.6059,28.5218,6657.844,10956.564,0.0606,0.1354,50.0
train,vfw,3,256,70,13351.5343,69.9862,14.27,51.5287,4772.9665,9257.1398,0.0085,0.4,50.0
train,vfw,4,256,40,10044.0036,39.9861,6.0272,54.4444,2232.213,9473.2379,0.072,0.7994,50.0
train,vfw,4,640,90,15519.384,90.0277,11.7653,28.5766,6589.6694,10560.4307,0.0879,0.1339,50.0
train,vfw,1,1024,80,14496.696,79.941,30.6142,24.1909,6062.0002,11086.8031,0.0338,0.2665,50.0
train,vfw,1,768,75,13908.2717,74.9851,36.2929,24.3747,5404.9731,10924.4195,0.0277,0.3332,50.0
train,vfw,2,640,55,11760.8724,54.971,17.1772,24.802,3065.3022,9507.2888,0.0206,0.5999,50.0
train,vfw,2,384,40,10088.2194,40.0,15.0565,38.7317,2524.9417,9922.0081,0.0396,0.7996,50.0
train,vfw,2,640,75,13934.52,74.9765,18.756,24.8008,5318.1513,10598.6893,0.0177,0.3333,50.0
train,vfw,2,896,35,9611.563,34.9907,12.7959,25.1696,1092.4886,8914.6674,0.0546,0.8661,50.0
train,vfw,3,896,90,15545.315,90.0127,12.7212,26.1536,5838.8651,10793.3533,0.0736,0.1333,50.0
train,vfw,1,384,85,14960.4697,84.8895,47.5296,36.9108,5619.5559,10196.7718,0.0202,0.1999,50.0
train,vfw,3,384,75,13900.5573,74.9866,15.3377,38.165,5030.9307,9790.2063,0.0094,0.3333,50.0
train,vfw,3,256,90,15513.8109,89.9828,16.6658,51.3225,6277.6821,10249.1001,0.0122,0.1333,50.0
train,vfw,3,896,80,14461.4051,80.0031,11.7595,26.0344,5362.3429,10621.3664,0.0832,0.2665,50.0
train,vfw,4,768,70,13330.7489,70.0344,9.9874,27.9638,4005.7669,8942.692,0.1247,0.4007,50.0
train,vfw,3,1024,30,9060.2033,29.9976,9.0601,25.3055,430.6823,6801.5839,0.6567,0.9326,50.0
train,vfw,3,1024,90,15551.8956,90.0219,12.4394,26.1739,4694.4839,10512.9965,0.0568,0.1332,50.0
train,vfw,1,1024,100,16683.6164,99.9016,36.003,24.4009,7972.4803,11415.3778,0.0143,0.0,50.0
train,vfw,2,640,99999,18977.1644,127.0033,28.4338,25.4509,9129.1947,10930.3852,0.0016,0.0,50.0
train,vfw,4,896,55,11711.1636,55.0244,7.6261,27.6187,2531.4293,8643.2845,0.2232,0.6005,50.0
train,vfw,2,896,99999,18973.1488,126.9889,29.0417,25.7834,8705.6987,11334.6132,0.0016,0.0,50.0
train,vfw,4,768,75,13880.9363,75.0311,10.6069,28.3032,5346.5376,10079.9456,0.1063,0.3342,50.0
train,vfw,4,896,90,15540.5566,90.0619,10.008,28.1982,6854.4016,11202.972,0.0606,0.1354,50.0
train,vfw,4,384,80,14419.3761,79.9911,9.7109,42.2737,5625.5472,10204.1291,0.0415,0.2665,50.0
train,vfw,2,512,80,14477.0215,79.955,20.3632,24.7069,5094.2763,10368.8468,0.0105,0.2667,50.0
train,vfw,1,384,70,13337.3869,69.9402,42.7439,37.043,5263.7536,10845.0099,0.026,0.3998,50.0
train,vfw,1,896,80,14479.2076,79.9599,33.2984,24.4174,5639.5913,10613.5334,0.028,0.2665,50.0
train,vfw,1,640,80,14464.1283,80.0203,41.9014,24.78,5690.3905,10291.1509,0.1495,0.2666,50.0
train,vfw,3,640,85,14998.8314,85.0039,12.7106,25.6481,6272.8937,10860.416,0.0748,0.2,50.0
train,vfw,3,1024,80,14464.8459,79.9975,13.4802,26.6971,5753.773,10788.4654,0.1367,0.2665,50.0
train,vfw,3,640,45,10689.9162,45.0021,8.7939,25.3948,2529.0578,9486.5592,0.0869,0.7332,50.0
train,vfw,1,896,25,8436.6012,24.969,21.222,23.5502,485.7402,8670.6592,0.0657,0.9994,50.0
train,vfw,3,256,99999,18982.9556,126.963,13.3407,52.5943,10017.7556,11107.5111,0.0014,0.0,50.0
train,vfw,4,256,70,13340.4275,69.9872,7.944,56.0087,5274.7114,10825.2306,0.0431,0.3997,50.0
train,vfw,1,1024,70,13394.2416,69.9386,28.9445,23.9732,4459.8832,10335.4281,0.0436,0.3997,50.0
train,vfw,4,256,45,10594.6711,45.0001,7.4147,54.6294,2569.4497,9514.2141,0.0671,0.7327,50.0
train,vfw,3,256,30,9032.5405,30.0011,10.6184,51.7547,977.6944,6375.4581,0.0009,0.9333,50.0
train,vfw,1,384,35,9510.5289,34.9693,31.9123,36.6232,923.3086,8536.7716,0.0397,0.8663,49.0
train,vfw,4,768,100,16624.8277,100.0513,11.8687,28.4773,7627.0297,11415.3778,0.0141,0.0016,50.0
train,vfw,4,512,55,11630.9574,55.0034,9.1815,27.8906,2667.8754,7983.9276,0.0938,0.5995,50.0
train,vfw,1,384,35,9506.771,34.9734,31.6063,36.7318,1444.3868,9053.0889,0.0397,0.8663,49.0
train,vfw,4,896,50,11162.9896,50.0191,9.1106,27.5479,2571.0128,8861.6487,0.2464,0.667,50.0
train,vfw,3,896,100,16633.1579,100.035,15.1648,26.5523,6221.1079,11415.3778,0.0142,0.0,50.0
train,vfw,2,640,75,13916.6836,74.9322,18.5353,25.0827,4619.1242,9868.1385,0.0178,0.3333,50.0
train,vfw,4,640,85,14964.1974,85.0243,11.4906,27.931,5935.4603,10182.9019,0.055,0.2005,50.0
train,vfw,1,512,85,14993.6936,85.0746,47.0133,24.901,6486.3945,11218.2441,0.0114,0.2,50.0
train,vfw,1,768,45,10620.3309,44.9666,27.8482,24.0495,2287.2475,9029.1658,0.1294,0.733,50.0
train,vfw,2,512,75,13931.2747,74.9527,19.8256,24.7861,4830.1689,10019.6281,0.0095,0.3333,50.0
train,vfw,2,384,90,15542.6545,89.9701,23.5149,37.5328,6572.8899,11114.8227,0.0177,0.1333,50.0
train,vfw,3,256,60,12274.9513,59.9957,12.8453,51.6837,3920.1179,8640.9933,0.0066,0.5333,50.0
train,vfw,1,256,100,16590.0229,99.7412,55.0042,49.0642,7625.191,11197.2874,0.0143,0.0,50.0
train,vfw,1,896,25,8441.0539,24.9882,20.489,23.5609,379.8,8349.4204,0.0657,0.9994,50.0
train,vfw,3,512,50,11231.3891,50.0019,7.7289,25.1045,2577.0188,9266.1674,0.0048,0.6667,50.0
train,vfw,3,384,100,16599.1515,99.9862,14.8192,38.2228,6605.8907,10234.3814,0.0141,0.0,50.0
train,vfw,1,768,40,10065.7605,39.9702,26.3102,23.8352,2156.7486,9497.3152,0.0379,0.7997,50.0
train,vfw,4,640,65,12766.5861,65.0292,8.4451,27.9873,4399.341,9309.0165,0.1096,0.4667,50.0
train,vfw,3,896,70,13389.9295,70.0282,10.993,25.7896,4049.0138,10026.6759,0.1982,0.3998,50.0
train,vfw,4,1024,70,13370.326,70.0423,11.5686,27.5534,4491.867,10061.4804,0.1822,0.4017,50.0
train,vfw,4,256,50,11140.3076,49.9866,8.553,54.8258,3321.6963,10014.5566,0.0623,0.6661,50.0
train,vfw,1,768,90,15564.6873,89.9896,40.8973,24.6796,6830.141,11066.754,0.0182,0.1333,50.0
train,vfw,3,896,60,12293.2776,59.9891,11.16,25.6538,3590.3445,9457.0975,0.1749,0.533,50.0
train,vfw,3,384,35,9582.8936,34.9698,11.0029,38.1736,1146.7975,7569.2648,0.0019,0.8667,50.0
train,vfw,3,768,35,9606.338,34.9971,8.2271,25.0088,1319.6223,8386.7832,0.2846,0.8663,50.0
train,vfw,2,1024,65,12845.0508,64.9854,14.9954,25.6201,3664.6603,9558.7221,0.0539,0.4663,50.0
train,vfw,3,640,95,16075.5398,95.0186,11.4991,25.6611,6202.9803,10590.9251,0.0263,0.0667,50.0
train,vfw,1,768,75,13903.678,74.9555,36.7192,24.6561,4926.3606,10152.6778,0.0242,0.3332,50.0
train,vfw,3,896,45,10689.4782,44.9899,8.8917,25.2998,1316.0816,7415.1066,0.3859,0.7329,50.0
train,vfw,1,896,100,16676.2395,99.9425,40.3551,24.9193,7962.0182,11415.3778,0.0143,0.0,50.0
train,vfw,4,256,65,12793.0891,64.971,7.5092,55.2191,3326.4125,9009.29,0.0478,0.4663,50.0
train,vfw,3,640,65,12838.8474,64.9937,10.828,25.1594,3806.2856,9453.5934,0.0733,0.4666,50.0
train,vfw,2,896,75,13927.1622,74.9896,17.8072,25.6321,5295.7771,10617.8184,0.0343,0.3331,50.0
train,vfw,2,512,40,10134.1437,39.9837,13.5485,24.7426,2087.3661,9423.583,0.0028,0.8,50.0
train,vfw,4,256,100,16631.4891,99.9618,11.1607,56.7301,7071.7203,10778.539,0.026,0.0,50.0
train,vfw,1,768,85,15015.483,84.9886,39.462,24.5794,6236.3918,10827.3156,0.0202,0.1999,50.0
train,vfw,2,768,90,15544.3797,89.9551,19.7005,25.4932,6168.5688,10469.105,0.0189,0.1333,50.0
train,vfw,2,768,30,9066.5832,30.0066,12.1179,25.3584,1516.4968,9639.9953,0.0473,0.933,50.0
train,vfw,1,640,85,15002.1218,85.0208,42.2722,24.7481,5712.5602,10335.4483,0.0158,0.2,50.0
train,vfw,2,384,65,12811.8725,64.9561,20.2769,37.3874,3681.8965,9395.6474,0.0456,0.4665,50.0
train,vfw,4,512,45,10528.8319,44.9925,7.2645,27.7622,2002.5492,6936.7476,0.1115,0.7327,50.0
train,vfw,1,384,70,13335.9051,69.9464,42.4874,36.9223,4547.0678,10195.9187,0.026,0.3998,50.0
train,vfw,3,384,99999,18954.6553,126.9108,17.628,37.6217,7616.3645,8462.2802,0.0015,0.0,50.0
train,vfw,2,896,35,9609.9928,34.9981,14.2374,25.4384,1521.2851,9514.9352,0.0665,0.8661,50.0
train,vfw,2,384,80,14454.1556,79.9784,21.4893,37.5594,5491.2666,10581.6725,0.0226,0.2665,50.0
train,vfw,4,640,60,12214.6577,60.0078,9.8473,28.334,3959.2856,9015.3514,0.1233,0.5333,50.0
train,vfw,1,768,100,16653.4318,99.9705,43.4959,24.928,7249.63,11015.0001,0.0143,0.0,50.0
train,vfw,1,384,65,12788.0652,64.9407,40.755,36.8022,3677.2042,9420.042,0.028,0.4665,50.0
train,vfw,4,768,55,11692.9653,55.009,7.4841,27.6069,2341.8956,7880.5218,0.18,0.6002,50.0
train,vfw,4,896,100,16615.4898,100.0325,13.4616,28.1771,7005.9738,10716.7622,0.0141,0.0025,50.0
train,vfw,1,896,85,15028.8399,84.959,37.3759,24.626,6442.1325,11173.9655,0.0246,0.1999,50.0
train,vfw,4,1024,25,8469.2359,24.9996,6.0022,27.2619,451.2931,8965.8982,0.4344,0.9992,49.0
train,vfw,4,256,60,12239.2695,59.9878,7.912,55.2991,3594.1277,9632.4576,0.0527,0.5329,50.0
train,vfw,4,512,45,10527.6293,44.9953,6.9208,27.7072,1576.439,6777.3704,0.1115,0.7327,50.0
train,vfw,3,256,50,11197.8525,50.0005,12.7839,52.0227,3143.9626,8106.2858,0.0047,0.6667,50.0
train,vfw,4,640,85,14964.7614,85.0156,10.5601,28.5078,6669.1097,10997.4454,0.0551,0.2005,50.0
train,vfw,4,640,85,14963.2893,85.0275,11.8134,28.45,6093.1928,10354.6331,0.055,0.2005,50.0
train,vfw,4,1024,75,13918.6673,75.0556,9.1867,28.0201,5914.5308,11287.3355,0.1542,0.3353,50.0
train,vfw,2,768,50,11216.6663,49.9655,14.0973,25.1957,2562.3768,9353.6191,0.0379,0.6664,50.0
train,vfw,3,768,30,9064.0097,30.014,7.7536,25.4886,1513.6033,9108.4596,0.2037,0.933,50.0
train,vfw,1,768,70,13365.6464,69.9819,34.7772,24.3089,4379.775,9900.1856,0.0261,0.3998,50.0
train,vfw,3,640,85,14995.5975,85.0009,11.9062,25.586,5899.1267,10549.6678,0.0408,0.2,50.0
train,vfw,3,512,55,11764.8277,55.0091,9.8804,24.9051,3783.3427,10247.5262,0.0057,0.6,50.0
train,vfw,2,512,40,10130.0237,39.9723,14.6633,24.224,1835.1965,9154.1163,0.0028,0.8,50.0
train,vfw,3,256,50,11190.4226,49.9954,12.0276,51.7142,2726.9678,8044.3027,0.0047,0.6667,50.0
train,vfw,1,768,25,8422.7571,24.9887,18.0695,23.987,635.1809,8844.7663,0.0438,0.9996,50.0
train,vfw,2,512,95,16104.3782,94.9311,22.4578,25.0721,7320.1284,10993.8834,0.0004,0.0667,50.0
train,vfw,3,1024,25,8463.5333,24.9984,6.8444,24.9321,609.8444,8814.4222,0.093,0.9992,50.0
train,vfw,2,1024,55,11767.2232,54.9915,16.4539,25.5765,3147.6812,9911.978,0.0653,0.5995,50.0
train,vfw,1,384,55,11697.3292,54.9508,38.2506,36.7867,2776.147,9014.9015,0.0718,0.5998,49.0
train,vfw,1,512,35,9470.6623,34.9604,28.7958,23.9068,1915.921,9570.8358,0.0019,0.8667,50.0
train,vfw,3,256,99999,18955.4587,126.8756,17.304,50.242,7597.2059,8432.9329,0.0014,0.0,50.0
train,vfw,2,384,50,11179.8722,49.9794,16.3154,38.1409,2427.3188,9106.294,0.0353,0.6664,50.0
test,vfw,3,1024,25,8566.3111,24.9955,7.5778,25.9858,584.7556,8515.0444,16.5093,0.9975,50.0
train,vfw,4,256,90,15533.7371,89.9807,8.1349,56.5664,6283.68,10608.581,0.0238,0.1332,50.0
train,vfw,3,640,95,16074.1986,95.0148,12.5468,25.4908,6138.7728,10769.2039,0.0201,0.0667,50.0
train,vfw,4,256,75,13892.1049,74.9845,8.6935,55.5548,4875.2284,10062.8662,0.0382,0.3331,50.0
train,vfw,1,768,30,8966.19,29.9775,23.4329,23.6827,386.8995,8216.7688,0.0418,0.933,50.0
train,vfw,3,512,99999,18955.4,126.9627,21.5926,25.2562,9972.1556,11142.0667,0.0014,0.0,50.0
train,vfw,2,1024,90,15539.6462,89.9947,18.364,26.1751,6653.0531,11036.8346,0.0255,0.1332,50.0
train,vfw,4,896,60,12258.7094,60.0364,9.0923,27.9369,3536.5645,9774.6745,0.1999,0.5341,50.0
train,vfw,2,768,75,13930.2988,74.9801,16.0982,25.5051,5072.8402,10342.2629,0.026,0.3332,50.0
train,vfw,4,512,50,11081.9309,49.9943,7.8952,27.916,2366.3673,7179.5979,0.1026,0.6661,50.0
train,vfw,4,256,40,10035.9804,39.9958,6.2973,54.3303,1452.5189,9359.4531,0.0194,0.7994,50.0
train,vfw,3,384,99999,18954.9824,126.9226,16.8238,38.0835,7850.6555,9113.6576,0.0015,0.0,50.0
train,vfw,1,384,45,10595.678,44.9812,34.8342,36.5031,2876.4046,9862.29,0.0358,0.733,49.0
train,vfw,2,256,65,12792.0108,65.0088,17.8662,51.3619,4268.3122,10085.676,0.0504,0.4662,50.0
train,vfw,3,896,45,10685.8994,44.9991,9.2148,25.436,2111.0835,8481.2328,0.3795,0.7329,50.0
train,vfw,3,768,100,16619.618,100.0107,12.6799,25.8407,5851.6174,10362.222,0.0142,0.0,50.0
train,vfw,1,256,85,14962.4029,84.7892,48.8447,49.0973,6321.1899,10566.1253,0.0288,0.1998,50.0
train,vfw,2,896,75,13926.6485,74.9782,16.3695,25.6775,4707.2445,9943.6135,0.0343,0.3331,50.0
train,vfw,1,1024,85,15019.0004,84.8731,31.7859,24.1272,5537.66,10145.6585,0.029,0.1998,50.0
train,vfw,4,1024,25,8464.3634,24.9962,5.6471,27.3206,640.815,9116.9634,0.3855,0.9992,49.0
train,vfw,1,640,80,14449.7495,80.0277,40.9729,24.4916,5736.3942,10679.6878,0.0163,0.2666,50.0
train,vfw,1,1024,40,10111.0727,39.969,21.7133,23.7573,2233.7385,9266.9479,0.0729,0.7994,50.0
train,vfw,1,512,80,14438.6708,80.053,44.9432,24.9015,5703.4097,10659.327,0.0105,0.2667,50.0
train,vfw,1,512,100,16645.9111,100.0891,52.1333,25.2859,7513.5556,11316.0667,0.0143,0.0,50.0
train,vfw,2,640,70,13390.609,69.9676,18.9254,25.2714,4526.9973,10060.7243,0.0184,0.3999,50.0
train,vfw,2,896,55,11766.071,54.9909,16.0863,25.3374,2798.5436,9302.9327,0.0504,0.5996,50.0
train,vfw,2,896,45,10688.6188,44.9918,14.2254,25.3189,2316.2093,9511.2029,0.0584,0.7329,50.0
train,vfw,1,1024,45,10646.4042,44.9434,24.2117,23.1291,1863.1164,8936.6771,0.032,0.7327,50.0
train,vfw,3,512,65,12847.623,64.9973,10.2494,25.0666,4495.6309,10204.9589,0.0666,0.4667,50.0
train,vfw,1,256,45,10617.1122,44.92,38.4711,49.3571,2021.2699,8981.4758,0.0678,0.7327,49.0
train,vfw,4,1024,99999,18974.4678,126.9032,11.7334,27.4152,9999.2298,10967.2509,0.0016,0.0,50.0
train,vfw,4,768,65,12789.3341,65.0394,8.9735,27.823,4444.8386,9654.4463,0.1583,0.4672,50.0
train,vfw,3,256,99999,18968.0732,126.9122,15.4368,51.2496,8789.7961,9775.304,0.0014,0.0,50.0
train,vfw,1,896,75,13929.9269,74.9596,33.1614,24.221,5270.5237,10755.3011,0.0315,0.3331,50.0
train,vfw,2,768,45,10688.6868,44.984,15.1725,25.4963,2846.0851,10029.4747,0.0402,0.733,50.0
train,vfw,2,384,75,13909.38,74.9692,20.1546,37.7076,4572.0326,9713.7127,0.0248,0.3332,50.0
train,vfw,3,1024,90,15543.966,89.9798,11.5686,26.6544,5322.2604,9625.8921,0.0544,0.1332,50.0
train,vfw,1,640,55,11697.474,54.9902,32.8832,24.2702,3244.2,9667.8386,0.0189,0.5999,50.0
train,vfw,3,512,85,14995.7496,85.017,10.7202,25.6243,6333.0623,10957.9368,0.0114,0.2,50.0
train,vfw,4,896,75,13899.1179,75.0533,9.3104,27.937,5379.7901,10437.4602,0.1302,0.3347,50.0
train,vfw,3,896,99999,18958.9825,126.9669,15.8302,25.8701,9227.2115,9876.9473,0.0014,0.0,50.0
train,vfw,4,384,95,16069.98,94.9824,11.1734,42.6093,6561.7923,10499.4407,0.021,0.0666,50.0
train,vfw,2,384,35,9538.5679,34.9874,14.2379,38.5407,1782.561,9447.0752,0.0417,0.8663,50.0
train,vfw,4,384,40,10020.4295,39.9898,6.9029,41.1314,1964.657,7799.271,0.2068,0.7994,50.0
train,vfw,4,640,90,15505.8194,90.0227,10.9469,28.4626,6187.5659,10481.8802,0.0476,0.1339,50.0
train,vfw,4,512,70,13289.8313,69.9967,8.9574,28.251,4174.9091,8593.8155,0.048,0.3997,50.0
train,vfw,1,640,50,11146.9607,49.991,31.9538,24.2089,3068.535,9822.6267,0.0194,0.6665,50.0
train,vfw,3,1024,50,11223.0791,49.9929,11.853,25.5287,2174.6922,8185.146,0.48,0.6661,50.0
train,vfw,2,768,50,11218.6324,49.9825,14.7524,25.0916,2800.4726,9798.6412,0.0411,0.6664,50.0
validation,vfw,3,256,99999,18963.4889,126.9104,17.9778,56.0705,6693.4444,7446.8667,0.0014,0.0,50.0
train,vfw,3,640,70,13383.9985,70.0092,11.3925,25.4426,4925.7911,10294.6949,0.0795,0.3999,50.0
train,vfw,2,384,35,9544.6356,35.0021,11.4646,38.7265,1699.7582,9364.3304,0.0417,0.8663,50.0
train,vfw,2,256,65,12781.0036,64.9773,19.8973,51.1441,4174.7805,9992.9041,0.0504,0.4662,50.0
train,vfw,4,1024,90,15552.4156,90.0716,10.6409,27.9844,6975.1298,10852.8091,0.0701,0.1361,50.0
train,vfw,4,896,25,8432.3343,24.9911,5.5514,27.4076,955.2863,8515.1054,0.3625,0.9992,49.0
train,vfw,4,896,70,13355.2228,70.0408,10.3313,28.2237,4954.5009,10282.301,0.1535,0.4012,50.0
train,vfw,3,640,65,12855.4778,64.996,10.6495,25.4101,3989.2606,9250.7965,0.2301,0.4666,50.0
train,vfw,4,1024,65,12831.7498,65.0629,8.358,27.8356,4574.4449,10512.3392,0.2102,0.4681,50.0
train,vfw,4,640,90,15498.638,89.9924,11.0936,28.544,6036.2152,10113.3238,0.0246,0.1339,50.0
train,vfw,2,512,80,14479.3707,79.9457,20.4922,24.9044,5568.1153,10345.9562,0.0608,0.2667,50.0
train,vfw,2,768,90,15547.4275,89.9635,19.8406,25.4762,6169.8464,10472.3193,0.0189,0.1333,50.0
test,vfw,2,1024,99999,18991.2889,127.0266,21.8333,25.9774,10232.7333,11363.4222,0.0016,0.0,50.0
train,vfw,2,896,50,11226.3638,49.9793,14.8967,25.1528,2912.9958,9825.3005,0.0544,0.6663,50.0
train,vfw,2,384,50,11187.8948,49.9848,17.5695,38.32,3160.3322,9613.7455,0.1454,0.6664,50.0
train,vfw,2,896,50,11225.0934,50.0014,14.373,25.2534,3032.5966,10135.4733,0.0468,0.6663,50.0
train,vfw,2,512,85,15020.1775,84.9359,20.7756,24.9886,6454.3102,10561.2913,0.0114,0.2,50.0
train,vfw,2,384,75,13910.4868,74.982,20.647,37.6673,5254.0567,10547.3592,0.002,0.3332,50.0
train,vfw,2,896,70,13389.178,69.9925,16.1323,25.8721,4811.8175,10451.211,0.0383,0.3998,50.0
train,vfw,4,768,100,16622.5983,100.0418,11.8949,28.6552,7781.6195,11222.7441,0.014,0.0016,50.0
train,vfw,3,768,90,15540.3093,90.0173,13.0142,25.7829,5933.0056,11054.9005,0.0372,0.1333,50.0
train,vfw,2,1024,40,10150.2589,40.0121,12.5564,25.8865,2297.9019,10185.4007,0.0811,0.7994,50.0
train,vfw,3,256,60,12272.9647,59.9952,14.0429,51.8564,3912.5879,8631.6167,0.0066,0.5333,50.0
train,vfw,3,640,100,16612.7109,100.0081,13.3241,25.8583,7326.1518,11275.645,0.0142,0.0,50.0
train,vfw,3,768,99999,18923.2315,126.8653,15.2587,25.782,6524.7651,7186.1526,0.0016,0.0,50.0
train,vfw,3,512,95,16070.5695,95.0165,12.0031,25.1781,6910.4204,10890.1394,0.0133,0.0667,50.0
train,vfw,2,768,100,16634.7327,99.9726,18.6054,25.7859,7423.7069,11148.9293,0.0142,0.0,50.0
validation,vfw,2,1024,25,8432.9556,25.0002,10.9556,28.1382,631.9778,8731.2444,0.0923,0.9992,50.0
train,vfw,2,640,85,15014.938,84.9751,20.7132,25.1105,6494.8329,11169.7739,0.0163,0.2,50.0
train,vfw,1,1024,55,11751.8068,54.9462,27.5892,23.8921,3500.5,9953.6529,0.0583,0.5995,50.0
train,vfw,4,1024,90,15551.7898,90.0784,10.431,28.0456,6899.049,11323.1922,0.0702,0.1361,50.0
train,vfw,2,1024,60,12304.858,60.0057,15.2272,25.6396,3196.0072,10102.3885,0.0596,0.5329,50.0
train,vfw,4,768,95,16075.5044,95.0512,12.1062,28.4529,7196.6152,11271.0325,0.0325,0.0682,50.0
train,vfw,2,512,35,9590.9353,34.9798,14.1971,24.6818,1751.3159,9406.1631,0.0019,0.8667,50.0
train,vfw,1,640,70,13351.4095,70.0081,38.2688,24.581,5021.5547,10630.5604,0.0174,0.3999,50.0
train,vfw,2,512,85,15019.5144,84.948,21.4045,24.9614,6352.841,11015.2801,0.0114,0.2,50.0
train,vfw,1,640,65,12796.0491,64.9937,37.0886,24.1525,4117.0498,9961.4604,0.0179,0.4666,50.0
train,vfw,4,1024,45,10643.0759,45.0361,6.8661,27.2891,2460.9946,9817.774,0.3223,0.7336,49.0
train,vfw,3,768,75,13920.9227,75.0012,10.9348,25.8121,5090.4021,10368.5609,0.0757,0.3332,50.0
train,vfw,4,896,85,14986.4077,85.0611,10.5167,28.067,5825.1501,10789.6136,0.0369,0.2018,50.0
train,vfw,4,256,50,11128.6252,49.9879,7.3661,54.8698,3019.7785,10073.9208,0.0662,0.6661,50.0
train,vfw,3,896,25,8496.055,25.0108,7.0935,24.8329,834.331,8840.0602,0.1569,0.9994,50.0
train,vfw,4,512,55,11627.7972,54.9801,8.2386,28.0375,3242.898,7992.947,0.0938,0.5995,50.0
train,vfw,4,384,45,10566.0167,44.9918,7.3649,41.2258,2232.3234,7992.8714,0.149,0.7327,50.0
train,vfw,2,896,25,8533.1659,24.9993,13.4167,25.4889,845.486,9341.2902,0.0745,0.9994,50.0
train,vfw,1,512,40,10024.838,39.984,30.0237,23.9245,1775.2404,9048.4896,0.0028,0.8,50.0
train,vfw,1,896,90,15574.5451,89.9502,37.5964,24.4513,6646.4876,11047.8064,0.0211,0.1333,50.0
train,vfw,4,384,60,12228.1868,59.9914,7.9716,41.809,3696.0407,8598.5045,0.2264,0.5329,50.0
train,vfw,2,256,40,10034.4628,40.0064,15.3809,52.0877,2175.3493,9482.4585,0.0764,0.7993,50.0
train,vfw,4,512,70,13289.255,69.9971,10.2464,28.1316,4327.2357,8883.4758,0.0672,0.3997,50.0
train,vfw,4,384,100,16613.2572,99.972,12.6537,42.4909,7092.2066,10837.9354,0.0142,0.0,50.0
train,vfw,1,384,85,14963.0673,84.9319,47.3825,36.8619,6150.9843,11243.8606,0.0226,0.1999,50.0
train,vfw,2,256,90,15539.0273,90.001,24.3929,49.9134,6135.9298,10602.8273,0.0245,0.1332,50.0
train,vfw,4,1024,95,16095.0788,95.087,11.6041,28.0082,7173.8126,11273.6063,0.0421,0.0697,50.0
train,vfw,1,640,100,16655.2817,100.0414,48.4873,25.1224,8124.1695,11415.3778,0.0143,0.0,50.0
train,vfw,3,640,40,10148.4564,40.0066,7.5382,25.0569,2275.9159,9653.8723,0.0421,0.7998,50.0
train,vfw,2,640,50,11220.4933,49.9762,15.5219,24.8404,2747.0711,9511.4956,0.0213,0.6665,50.0
train,vfw,1,640,95,16098.0115,95.0307,48.8756,24.6225,7205.8119,11284.1677,0.0148,0.0667,50.0
train,vfw,1,768,95,16113.3518,94.9923,42.2347,24.6892,7309.4063,11231.155,0.0163,0.0666,50.0
train,vfw,4,768,25,8400.2104,25.0162,5.7017,27.7228,1080.8022,8016.5733,0.2906,0.9992,50.0
train,vfw,2,768,80,14468.7609,79.9669,18.219,25.4609,5246.2824,10163.3766,0.0237,0.2666,50.0
train,vfw,1,384,99999,18970.9699,126.9606,59.0416,36.3689,9483.2598,10750.7452,0.0014,0.0,50.0
train,vfw,4,640,80,14396.5545,79.9907,10.4183,28.3207,4713.3157,9433.7552,0.0687,0.2671,50.0
train,vfw,1,384,40,10051.9879,39.9646,34.4181,36.6447,1963.9026,9282.4907,0.0377,0.7997,49.0
train,vfw,4,512,50,11082.2989,50.0004,7.9689,27.826,2518.9015,7520.2663,0.1027,0.6661,50.0
train,vfw,3,1024,45,10692.6654,44.9867,9.317,25.6534,1588.249,7148.4029,0.6294,0.7327,50.0
train,vfw,2,1024,75,13924.3918,74.9911,16.1037,25.9282,5415.7516,10777.1579,0.0425,0.3331,50.0
train,vfw,2,640,85,14998.4175,84.9203,19.9979,25.1219,5482.0976,10049.1922,0.0163,0.2,50.0
train,vfw,1,1024,65,12850.9923,64.9314,28.1412,23.7562,3665.1358,9459.4934,0.0485,0.4663,50.0
train,vfw,4,384,80,14408.8451,79.9776,11.0931,41.8297,4880.4282,9734.8613,0.0415,0.2665,50.0
train,vfw,2,1024,40,10160.5351,40.0155,13.1024,25.5473,2240.8012,9852.9437,0.0823,0.7994,50.0
train,vfw,3,1024,65,12848.0742,64.986,10.62,26.3321,3828.8302,8978.8192,0.3328,0.4663,50.0
train,vfw,3,640,60,12299.3218,59.9815,10.9306,24.8177,3240.034,9146.0079,0.1033,0.5332,50.0
train,vfw,4,768,99999,18964.5457,126.8818,12.7313,27.407,9132.6412,10189.1981,0.0016,0.0,50.0
train,vfw,3,384,50,11206.508,49.9847,11.9283,38.0362,2610.3734,8417.1219,0.0047,0.6667,50.0
train,vfw,4,640,70,13303.1032,70.0147,9.2878,28.124,4577.9617,9555.5811,0.001,0.4002,50.0
train,vfw,1,384,70,13336.1306,69.9428,43.0201,36.8591,4531.4951,10028.9131,0.026,0.3998,50.0
train,vfw,4,384,65,12760.4668,64.9797,8.7141,41.592,3454.603,8524.7989,0.062,0.4663,50.0
train,vfw,2,640,90,15554.6903,89.9505,20.6474,25.2081,6174.7455,10469.6297,0.0156,0.1333,50.0
train,vfw,1,640,30,8945.694,29.9686,25.4948,24.0383,1266.7391,9150.7266,0.0214,0.9331,50.0
train,vfw,4,640,40,10005.8445,40.0088,6.6722,27.4409,2020.0757,7659.7162,0.1778,0.7995,50.0
train,vfw,1,1024,65,12845.2529,64.9572,26.7788,23.7178,4750.8707,10599.0349,0.0485,0.4663,50.0
train,vfw,2,1024,70,13386.0364,69.9946,16.2239,25.9779,5088.8409,10490.404,0.0482,0.3997,50.0
train,vfw,3,1024,25,8510.9465,24.9928,7.8033,25.1089,798.3734,7640.0152,0.5916,0.9992,50.0
train,vfw,4,768,50,11135.0296,50.0204,7.6757,27.6129,3058.8117,8890.7578,0.1985,0.6667,50.0
train,vfw,3,1024,45,10668.6325,45.0046,9.0273,25.5231,2368.5023,9127.6295,0.2953,0.7327,50.0
train,vfw,3,1024,100,16634.423,100.0017,12.8964,26.7254,6284.27,10933.3017,0.014,0.0,50.0
train,vfw,1,896,85,15023.5252,84.9633,36.1642,24.3113,6496.0594,11177.8883,0.0246,0.1999,50.0
train,vfw,1,384,45,10606.1889,44.9588,35.0003,36.6263,1752.0355,8705.72,0.0357,0.733,49.0
train,vfw,1,768,35,9520.0738,34.9813,25.7511,24.0911,1839.5643,9502.5502,0.0399,0.8663,50.0
train,vfw,1,768,45,10618.4559,44.9874,27.9401,23.9329,2194.5357,9556.2396,0.036,0.733,50.0
train,vfw,4,1024,85,14992.8163,85.047,10.0588,27.9585,5563.3182,10326.9548,0.0982,0.2025,50.0
train,vfw,3,768,70,13376.4922,70.0148,10.6391,25.6106,4046.4235,9993.6126,0.047,0.3998,50.0
train,vfw,4,384,35,9459.2661,35.0024,7.6529,41.095,1841.5755,8211.6947,0.103,0.866,50.0
train,vfw,1,384,55,11683.6901,54.9411,38.6096,36.7684,2589.5804,9430.7632,0.0319,0.5998,49.0
train,vfw,2,512,80,14475.8855,79.9406,22.4945,25.0319,5785.2186,10724.009,0.0104,0.2667,50.0
train,vfw,1,768,40,10067.2005,39.9691,26.3218,23.8612,2247.5744,9215.8802,0.0379,0.7997,50.0
train,vfw,3,1024,35,9606.4235,34.9773,9.3886,25.4949,896.7729,6799.2796,0.7536,0.866,50.0
train,vfw,1,896,80,14480.4035,79.9554,35.4733,24.7701,6041.6414,11132.6136,0.0315,0.2665,50.0
test,vfw,3,256,99999,18984.5778,127.041,19.4444,52.1585,6626.0222,7371.3111,0.0015,0.0,50.0
train,vfw,4,640,35,9462.727,35.0008,5.9662,27.6517,1971.9414,7866.3533,0.1915,0.8661,50.0
train,vfw,4,768,25,8393.7597,24.996,5.9855,27.2888,387.3,7166.8611,0.2906,0.9992,50.0
train,vfw,2,1024,85,15001.1869,84.9984,16.5761,26.0282,6248.6619,11062.753,0.0275,0.1998,50.0
train,vfw,4,256,30,8946.5961,29.993,5.6602,54.097,1553.1199,9390.3094,0.0816,0.9326,50.0
train,vfw,1,896,50,11184.8182,49.9762,27.4,23.899,2625.7725,9334.7698,0.0485,0.6663,50.0
train,vfw,3,896,25,8493.0645,24.9945,6.9733,24.9683,824.6077,8850.8375,0.1764,0.9994,50.0
train,vfw,2,384,100,16635.3417,99.9674,25.1052,37.2867,7602.9202,11415.3778,0.0134,0.0,50.0
train,vfw,4,1024,75,13922.2247,75.0674,8.7668,28.0205,5076.2493,10359.3234,0.1542,0.3353,50.0
train,vfw,1,896,75,13932.086,74.9666,32.0988,24.5046,5396.7414,10685.8084,0.0314,0.3331,50.0
train,vfw,1,256,25,8455.9117,25.0079,33.0883,49.6433,865.8131,9172.6199,0.0703,0.9992,48.0
train,vfw,1,1024,70,13396.7187,69.9367,28.9425,24.0698,5100.0331,10705.8971,0.0436,0.3997,50.0
train,vfw,3,512,60,12310.1401,60.0108,9.8455,24.937,3925.244,9986.5425,0.0371,0.5333,50.0
train,vfw,1,640,80,14451.3756,80.0049,41.6907,24.2824,4908.6106,9807.919,0.0163,0.2666,50.0
train,vfw,3,1024,40,10153.8632,39.9898,8.6941,25.6317,1298.8852,7112.1666,0.7163,0.7994,50.0
train,vfw,2,768,45,10687.7244,44.9979,14.0679,25.4278,2832.8848,10019.5937,0.0402,0.733,50.0
train,vfw,4,256,80,14431.1206,79.9623,10.4634,56.0419,5838.4058,10501.7937,0.0334,0.2665,50.0
train,vfw,1,512,99999,18998.9556,126.9921,56.6191,23.1975,9970.2633,10691.6579,0.1042,0.0,50.0
train,vfw,3,768,60,12308.6046,60.0147,11.9092,25.6765,3896.4649,9906.2497,0.1879,0.5331,50.0
train,vfw,2,768,30,9061.3666,30.0009,12.8916,24.8082,531.7792,9128.4729,0.0474,0.933,50.0
train,vfw,3,640,100,16613.1378,100.009,13.1618,25.4671,6842.9697,11063.298,0.0142,0.0,50.0
train,vfw,4,896,40,10073.5071,40.0189,7.4481,27.5628,2159.8728,9026.688,0.2928,0.7999,49.0
train,vfw,4,1024,25,8469.5349,24.9965,5.6547,27.3346,719.896,9176.6592,0.4344,0.9992,49.0
train,vfw,3,768,100,16622.158,100.0151,11.2663,26.2169,6949.2842,11200.3006,0.0141,0.0,50.0
train,vfw,4,384,35,9456.1322,34.9867,5.0241,41.0672,1243.2979,7559.304,0.103,0.866,50.0
train,vfw,4,768,100,16627.5064,100.062,11.5844,28.8557,7759.8653,11415.3778,0.0141,0.0016,50.0
train,vfw,3,1024,35,9562.8035,34.9961,8.4264,25.2121,1531.2938,8905.1023,0.1981,0.866,50.0
train,vfw,2,896,90,15545.0195,89.9799,17.3576,25.802,6070.4471,10371.429,0.0222,0.1333,50.0
train,vfw,2,896,90,15551.2833,90.0001,17.3737,26.3662,6916.503,11306.0631,0.0222,0.1333,50.0
train,vfw,3,768,100,16635.0692,100.0175,13.5184,25.9368,6429.8757,10659.5589,0.1607,0.0,50.0
train,vfw,1,512,60,12232.2442,60.0166,37.9663,24.5522,4180.9753,10157.6517,0.0067,0.5333,50.0
train,vfw,3,256,70,13350.6063,69.9865,15.1045,51.6756,5230.1789,9533.4603,0.0084,0.4,50.0
train,vfw,2,640,65,12847.4752,64.969,18.3222,25.0821,4921.363,10625.324,0.0191,0.4666,50.0
train,vfw,3,256,75,13892.3994,74.9875,14.2536,51.5364,5312.644,9693.6012,0.0094,0.3333,50.0
train,vfw,4,384,99999,18975.6121,126.9049,13.9159,40.2958,8568.5207,9572.4792,0.0015,0.0,50.0
train,vfw,2,1024,30,9081.2723,30.0098,12.1496,25.757,1229.9666,9531.3486,0.0937,0.9326,50.0
train,vfw,3,384,90,15508.1384,89.958,14.3054,38.3855,5995.7448,9956.0681,0.0525,0.1333,50.0
train,vfw,1,512,30,8921.0731,29.9629,28.3701,24.2543,1490.7592,9275.8094,0.0009,0.9333,50.0
train,vfw,1,640,99999,18996.583,126.9734,52.4304,23.5495,9821.5238,10941.4618,0.0013,0.0,50.0
validation,vfw,4,256,100,16636.5111,100.0308,14.1667,65.1889,4870.2444,7319.7778,0.014,0.0,50.0
train,vfw,4,384,85,14963.2331,84.9787,10.8069,42.2006,5720.5438,10050.2165,0.0347,0.1998,50.0
train,vfw,4,640,40,10011.4277,40.007,5.9976,27.8811,1817.5698,7464.4861,0.1779,0.7995,50.0
train,vfw,3,384,55,11735.0793,54.9963,10.6449,38.2733,3486.5383,9408.4249,0.0063,0.6,50.0
train,vfw,3,640,35,9600.8454,34.9764,9.1508,24.366,871.1494,8317.868,0.1003,0.8665,50.0
train,vfw,2,640,60,12283.7856,59.9214,17.8776,24.852,3143.5923,9226.6306,0.0199,0.5332,50.0
train,vfw,3,896,85,15005.2407,85.019,12.0191,25.8431,4495.262,10115.01,0.0819,0.1999,50.0
train,vfw,1,384,80,14429.5431,79.9313,46.3067,36.9268,5689.2746,10618.9745,0.0221,0.2666,50.0
train,vfw,3,640,55,11770.3336,55.0019,10.3654,25.5275,3484.661,9787.6099,0.1123,0.5999,50.0
train,vfw,1,256,80,14420.0231,79.8149,48.056,48.8372,4924.8374,9724.4673,0.0337,0.2665,49.0
train,vfw,1,384,75,13875.6037,74.9241,44.5466,36.8055,4933.9383,10129.1515,0.0241,0.3332,50.0
train,vfw,1,384,60,12240.6524,59.9422,39.88,36.7846,3425.0854,9504.5192,0.0299,0.5331,49.0
train,vfw,4,384,65,12766.9046,64.982,9.3922,41.6659,4010.1196,8965.9697,0.1255,0.4663,50.0
train,vfw,1,512,25,8372.0473,24.9612,24.5536,24.045,1153.5658,9433.4075,0.0,1.0,50.0
train,vfw,2,640,35,9598.309,34.9809,13.0682,24.5887,935.1375,8671.6698,0.0234,0.8665,50.0
train,vfw,3,384,60,12283.8714,59.9807,13.7604,38.2575,3972.9178,9149.8722,0.0065,0.5333,50.0
train,vfw,3,1024,70,13400.9904,70.0078,10.8516,26.177,4089.555,9454.9552,0.3687,0.3997,50.0
train,vfw,1,896,25,8442.6336,24.9831,19.4681,23.5413,385.1,8418.0812,0.0657,0.9994,50.0
train,vfw,2,640,75,13936.2169,74.958,18.9876,25.2684,4891.6962,10115.8992,0.0177,0.3333,50.0
train,vfw,2,384,40,10082.5014,40.0035,14.4516,38.1124,2320.208,9638.5797,0.0396,0.7996,50.0
test,vfw,3,256,100,16624.4,100.0078,13.4074,50.9444,4818.0444,7522.4667,0.0142,0.0033,50.0
train,vfw,4,640,99999,18957.0993,126.8863,12.54,27.205,10216.9778,11415.3778,0.0016,0.0,50.0
train,vfw,2,896,80,14464.258,79.9788,17.7423,25.7239,5525.5093,10293.7973,0.0302,0.2665,50.0
train,vfw,1,896,85,15031.6225,84.9604,35.3033,24.4208,6358.479,11167.0845,0.0246,0.1999,50.0
train,vfw,4,896,99999,18978.8882,126.9222,12.2254,27.7961,8954.8199,9805.5203,0.0606,0.0,50.0
train,vfw,4,896,75,13886.8028,75.0509,9.2676,27.9982,5279.806,10733.6374,0.1138,0.3347,50.0
train,vfw,2,512,70,13386.9175,69.9537,18.814,24.7682,4680.9862,10263.6264,0.0082,0.4,50.0
train,vfw,3,640,50,11232.3494,49.9959,9.3381,25.1809,2709.4308,9027.6974,0.1727,0.6665,50.0
train,vfw,4,1024,50,11190.1563,50.0146,8.4756,27.6837,3296.7477,9728.8752,0.2942,0.6672,49.0
train,vfw,1,1024,100,16680.8667,99.8951,35.7333,24.3378,7534.4,11338.3111,0.0143,0.0,50.0
train,vfw,2,768,35,9602.3262,34.9863,12.8141,24.9657,1257.096,8984.8512,0.045,0.8663,50.0
train,vfw,1,768,50,11162.98,49.9712,29.6483,23.8017,2709.2219,9419.9695,0.034,0.6664,50.0
train,vfw,2,896,30,9075.2538,30.0037,12.6335,25.141,1169.3777,9258.1177,0.0968,0.9328,50.0
train,vfw,3,640,95,16072.8591,95.0034,12.9277,25.7217,6903.8827,11035.7161,0.0249,0.0667,50.0
train,vfw,2,384,35,9533.6266,35.0014,13.8326,38.258,1543.8296,9376.9959,0.0417,0.8663,50.0
train,vfw,4,768,75,13880.5187,75.0267,10.156,28.1518,5493.2529,10337.3296,0.1063,0.3342,50.0
train,vfw,2,640,55,11764.1336,54.9846,16.3586,24.7435,2953.6893,9867.5452,0.0206,0.5999,50.0
train,vfw,2,768,75,13916.6644,74.9415,17.6232,25.4055,4930.7827,9925.9582,0.026,0.3332,50.0
train,vfw,4,768,40,10038.5036,40.013,7.3614,27.5218,2297.1939,8575.0038,0.2353,0.7997,50.0
train,vfw,1,768,25,8423.9807,24.98,20.1962,23.8563,623.0159,8705.0357,0.0872,0.9996,50.0
train,vfw,4,640,99999,18942.1947,126.8291,13.1862,27.5184,8928.1989,9969.2665,0.0016,0.0,50.0
train,vfw,2,896,99999,18973.9609,126.9839,29.9837,25.9533,9145.443,11415.3778,0.0016,0.0,50.0
train,vfw,2,256,60,12238.4648,60.0043,20.8084,51.6313,3735.3577,10152.8273,0.0556,0.5329,50.0
train,vfw,1,384,80,14431.0619,79.9302,45.8985,37.0547,6147.1677,11127.1878,0.0221,0.2666,50.0
train,vfw,1,768,25,8417.453,24.9665,21.664,23.7392,1013.2127,9073.5794,0.0438,0.9996,50.0
train,vfw,1,1024,50,11206.0285,49.969,25.3847,23.8806,3484.9547,10302.5045,0.0631,0.6661,50.0
train,vfw,4,768,65,12782.4024,65.0175,8.3856,27.9246,3655.1716,8806.5929,0.1432,0.4672,50.0
train,vfw,3,640,40,10150.3658,40.0034,7.635,25.0612,1973.8586,9182.6371,0.1014,0.7998,50.0
train,vfw,4,1024,40,10106.3634,40.0247,5.0160,27.6765,2003.8749,9431.6633,0.3504,0.8,49.0
train,vfw,1,256,70,13335.2902,69.8516,45.3547,49.0235,4422.006,10099.522,0.0435,0.3997,49.0
train,vfw,1,768,45,10619.0834,44.9869,28.0586,24.0028,2264.3967,9605.6002,0.036,0.733,50.0
train,vfw,2,256,70,13335.2828,70.005,20.5674,50.7478,4736.6858,10205.0133,0.0452,0.3996,50.0
train,vfw,3,384,80,14445.725,80.0032,10.4879,38.5274,5283.784,9815.1442,0.0104,0.2667,50.0
train,vfw,1,512,90,15548.6257,90.0723,49.6515,25.6275,7001.5223,11415.3778,0.0124,0.1333,50.0
train,vfw,2,384,80,14455.8492,79.9707,21.4413,37.623,5136.8598,9993.1001,0.0226,0.2665,50.0
train,vfw,4,896,70,13349.7386,70.0477,8.9108,27.7593,5012.3478,10327.5806,0.1535,0.4012,50.0
train,vfw,2,512,95,16104.0096,94.9313,22.5624,25.0827,7171.477,10956.2871,0.0132,0.0667,50.0
train,vfw,3,768,25,8527.5737,25.0002,7.8929,24.944,837.3788,8408.0386,0.297,0.9996,50.0
train,vfw,2,256,65,12787.3732,64.9917,19.5522,51.0826,3549.3433,9283.2356,0.0504,0.4662,50.0
train,vfw,1,1024,55,11752.5995,54.9465,25.5731,23.9071,3890.0475,10390.7054,0.0583,0.5995,50.0
train,vfw,4,512,90,15502.3995,90.005,11.5651,28.7189,6588.8842,10669.6596,0.0318,0.1332,50.0
train,vfw,2,384,80,14457.1817,79.9781,22.5778,37.7243,6056.7302,11030.6511,0.0226,0.2665,50.0
train,vfw,1,640,40,10045.0462,39.9823,28.6534,24.0616,1847.4689,9400.6493,0.0204,0.7998,50.0
train,vfw,4,1024,100,16636.1325,100.0776,12.437,27.7275,7115.4249,10850.534,0.0141,0.0033,50.0
train,vfw,1,256,50,11158.572,49.9289,40.061,49.2537,3037.8246,10097.2422,0.0716,0.6661,49.0
train,vfw,1,384,75,13884.3547,74.9388,44.7219,36.8732,5339.0863,10403.1889,0.0241,0.3332,50.0
train,vfw,3,640,90,15523.9041,90.0047,11.4845,25.3336,6521.8503,10841.9383,0.0338,0.1333,50.0
train,vfw,1,768,65,12795.2879,64.9368,33.4367,24.1992,3576.9487,9342.5381,0.0281,0.4665,50.0
train,vfw,3,896,99999,18983.2216,126.972,16.0304,26.558,9369.7663,10505.0054,0.0014,0.0,50.0
train,vfw,1,512,35,9467.466,34.9848,28.1714,23.7664,1918.4761,9463.8185,0.0019,0.8667,50.0
train,vfw,1,768,25,8416.5389,24.9778,21.7291,23.6796,370.4,8841.8846,0.0438,0.9996,50.0
train,vfw,1,384,65,12789.4729,64.9408,41.3671,36.8759,4745.0419,10637.5219,0.028,0.4665,50.0
train,vfw,2,896,25,8528.7661,24.994,10.4056,25.3078,455.7324,8901.7865,0.0746,0.9994,50.0
train,vfw,1,768,90,15557.3477,89.9907,40.9211,24.68,6669.753,11291.7725,0.0176,0.1333,50.0
train,vfw,2,896,65,12848.1054,64.9878,17.2465,25.7453,4464.6575,10438.8782,0.0423,0.4664,50.0
train,vfw,4,256,40,10036.0864,39.9674,5.8712,54.3973,1511.8972,8662.6819,0.072,0.7994,50.0
train,vfw,4,768,50,11139.4212,50.01,7.5568,27.6714,2457.6734,8257.1531,0.1984,0.6667,50.0
train,vfw,3,768,95,16079.7078,95.0071,11.7923,26.0614,6477.9084,10903.1724,0.0218,0.0666,50.0
train,vfw,3,896,99999,18969.9629,126.9915,20.2172,26.564,10031.6357,11127.4068,0.0014,0.0,50.0
train,vfw,4,768,85,14976.8081,85.0301,10.775,28.4675,6559.3689,10523.5607,0.0693,0.2012,50.0
train,vfw,2,768,99999,18971.0664,126.9929,28.8604,25.5283,8587.7508,10840.2588,0.0015,0.0,50.0
train,vfw,3,512,40,10148.6523,39.9781,9.2462,24.3015,1376.2397,8666.392,0.0028,0.8,50.0
train,vfw,3,896,60,12299.4944,60.0017,9.0299,25.9259,3606.608,9472.9071,0.1972,0.533,50.0
train,vfw,1,896,70,13378.3799,69.9542,31.7818,24.2593,5097.0866,10376.8173,0.0348,0.3998,50.0
train,vfw,3,640,60,12310.9226,60.0033,9.5925,25.0422,3049.7925,9118.9018,0.1046,0.5332,50.0
train,vfw,1,512,40,10016.5561,39.978,30.4095,24.0946,1977.7653,9461.1429,0.0027,0.8,50.0
train,vfw,4,768,85,14979.4268,85.0416,12.0136,28.5584,6398.9498,10840.825,0.0694,0.2012,50.0
train,vfw,1,1024,100,16675.475,99.8752,35.5484,24.5006,7812.5138,11186.7424,0.0142,0.0,50.0
train,vfw,3,384,65,12822.0312,64.9816,12.1218,37.9358,3770.0746,8923.4579,0.0076,0.4667,50.0
train,vfw,3,384,45,10671.6783,45.0006,10.2679,38.2816,2127.3269,8142.8159,0.0038,0.7333,50.0
train,vfw,2,640,55,11765.9182,54.9666,15.7711,24.8872,3356.5094,9495.8282,0.0206,0.5999,50.0
train,vfw,1,384,75,13882.4347,74.9418,45.0283,36.8269,4835.525,10021.1913,0.0241,0.3332,50.0
train,vfw,4,640,30,8904.8853,29.9867,7.4768,27.3137,724.814,6670.4054,0.2051,0.9326,50.0
train,vfw,4,256,90,15527.1566,89.9502,11.2024,56.0299,6375.8031,10406.6448,0.0238,0.1332,50.0
train,vfw,2,256,99999,18968.3204,126.9611,30.23,51.1751,6905.2316,7887.0639,0.0015,0.0,50.0
train,vfw,1,1024,75,13942.8226,74.9264,29.7595,24.0703,5117.8103,10373.7662,0.0387,0.3331,50.0
train,vfw,2,384,70,13365.3739,69.9709,19.5901,37.8732,4864.5288,10400.7921,0.0269,0.3998,50.0
train,vfw,4,512,35,9424.5193,35.0014,6.9023,27.6092,1026.5053,6174.2062,0.1292,0.866,50.0
train,vfw,4,896,70,13355.3288,70.0448,8.9033,27.9632,4975.7527,10325.5128,0.1535,0.4012,50.0
test,vfw,1,256,25,8490.8444,25.003,27.6444,51.7393,623.3556,8904.1556,0.0,1.0,50.0
train,vfw,4,640,30,8906.8779,30.0014,5.7092,27.4774,698.0255,6933.6057,0.2051,0.9326,50.0
train,vfw,1,896,70,13381.9951,69.9677,31.3881,24.3254,5093.7511,10704.9833,0.0349,0.3998,50.0
train,vfw,1,640,55,11697.0477,54.9951,33.0734,24.2136,2860.5884,9237.2458,0.0189,0.5999,50.0
train,vfw,2,768,25,8521.9956,24.9866,11.5151,24.9635,1034.2345,9463.913,0.0497,0.9996,50.0
train,vfw,3,896,25,8507.0207,24.9996,7.143,25.0176,662.2596,8283.6129,0.2999,0.9994,50.0
train,vfw,3,512,50,11235.4873,49.9946,9.239,25.0404,2991.243,9371.6401,0.0795,0.6667,50.0
train,vfw,3,896,60,12310.5116,60.0291,10.8998,25.4636,3412.8361,9663.4905,0.2623,0.533,50.0
train,vfw,1,1024,85,15037.9111,84.9185,32.2585,24.1652,5981.0887,10899.944,0.029,0.1998,50.0
train,vfw,1,256,90,15509.1979,89.7712,49.9919,48.6076,5463.0528,9620.0988,0.024,0.1332,50.0
train,vfw,1,1024,60,12300.1664,59.95,27.11,23.9796,3704.4588,9844.3279,0.0534,0.5329,50.0
train,vfw,2,1024,50,11232.1975,50.0041,14.7107,25.64,2588.9496,9491.9663,0.071,0.6661,50.0
train,vfw,4,1024,90,15552.7507,90.0786,10.3906,28.0028,6563.8315,10946.7672,0.0701,0.1361,50.0
train,vfw,1,256,75,13877.6611,74.8252,46.8922,48.9757,5246.489,10435.4236,0.0386,0.3331,49.0
train,vfw,1,768,25,8420.2061,24.9776,21.4757,23.8788,923.5886,8997.428,0.0438,0.9996,50.0
train,vfw,4,512,30,8872.9434,30.0003,5.4426,27.9077,1173.6458,6492.7992,0.138,0.9326,50.0
train,vfw,4,256,99999,18987.7606,126.9436,13.5275,52.7496,6285.1833,6994.291,0.0014,0.0,50.0
train,vfw,2,896,80,14465.2689,79.9795,18.043,25.7832,5074.7075,10003.6503,0.0302,0.2665,50.0
train,vfw,2,256,30,8927.0072,29.988,14.376,52.4601,815.6631,8971.5519,0.0019,0.9325,50.0
train,vfw,2,1024,99999,18973.1988,126.9685,29.4433,26.1004,8460.8447,11021.1316,0.0491,0.0,50.0
train,vfw,2,1024,25,8541.3857,24.9979,12.4905,25.4921,981.0035,9597.6036,0.0994,0.9992,50.0
train,vfw,2,768,100,16633.253,99.9548,20.1387,25.456,6480.0527,10097.6785,0.0141,0.0,50.0
train,vfw,1,896,95,16123.2472,94.9388,38.6529,24.4239,7195.8971,11035.6939,0.0177,0.0666,50.0
train,vfw,4,896,30,8978.915,29.9973,5.9707,27.4459,1254.1461,8626.3977,0.3393,0.9328,49.0
train,vfw,4,512,75,13849.1872,75.0211,9.6778,28.5394,5394.639,9760.3245,0.0584,0.3331,50.0
train,vfw,2,1024,30,9083.9814,29.9919,11.6853,25.3137,376.8,8254.3544,0.0937,0.9326,50.0
train,vfw,2,896,35,9603.4753,34.9936,12.9552,25.2454,1614.5364,9552.4289,0.0749,0.8661,50.0
train,vfw,3,896,85,15004.4595,85.0142,10.7872,25.9404,4794.4247,10337.5171,0.0413,0.1999,50.0
train,vfw,3,896,100,16627.5295,100.0144,13.7375,26.415,6707.3309,11332.5084,0.014,0.0,50.0
train,vfw,4,896,35,9524.7524,35.0007,6.4356,27.551,1773.3676,8770.5319,0.3161,0.8663,49.0
train,vfw,2,256,100,16638.9196,100.0021,26.7093,49.5238,7311.7405,10980.6973,0.0141,0.0,50.0
train,vfw,1,256,90,15501.7747,89.7788,50.2062,48.7036,5623.8843,10325.84,0.024,0.1332,50.0
train,vfw,1,896,45,10638.7355,44.9673,24.9186,23.8255,1767.9145,8627.253,0.0838,0.7329,50.0
train,vfw,2,640,45,10685.2499,44.9878,13.9802,24.9476,2785.94,9923.3738,0.022,0.7332,50.0
train,vfw,1,512,65,12794.4832,65.0249,39.8547,24.6738,4279.6418,9778.3093,0.1321,0.4667,50.0
train,vfw,4,640,25,8345.7199,24.9673,5.4608,27.3928,373.1,6241.2704,0.2188,0.9992,50.0
train,vfw,4,640,35,9456.941,34.9907,6.3703,27.6215,1485.305,7070.9954,0.1915,0.8661,50.0
train,vfw,3,512,60,12300.0952,60.0106,10.0463,24.9012,3195.479,9960.3771,0.0066,0.5333,50.0
train,vfw,1,768,30,8970.9676,29.9807,22.4155,23.8537,1253.5202,9188.8248,0.0418,0.933,50.0
train,vfw,3,768,30,9046.0566,29.9882,10.6841,24.872,1131.73,8932.9068,0.0997,0.933,50.0
train,vfw,1,640,65,12810.6728,65.0049,37.1711,24.5314,4423.3045,9943.8381,0.142,0.4666,50.0
train,vfw,2,384,85,14990.2839,84.9518,22.4104,37.5256,5217.5296,10246.9863,0.0205,0.1999,50.0
train,vfw,4,896,100,16632.4083,100.0734,11.6943,28.3152,7451.4786,11252.4226,0.0141,0.0025,50.0
train,vfw,4,1024,30,9013.0794,30.0073,6.4413,27.3209,620.2744,8649.2293,0.4064,0.9328,49.0
train,vfw,2,640,60,12308.8769,59.9693,17.1147,25.0937,3850.3067,9928.0234,0.0535,0.5332,50.0
train,vfw,4,1024,85,15007.662,85.0786,10.4618,27.993,6349.9213,11065.72,0.0982,0.2025,50.0
train,vfw,1,640,75,13899.7604,75.0077,39.0362,24.5054,4685.3571,9881.8213,0.0169,0.3333,50.0
train,vfw,1,256,40,10085.0731,39.9517,38.2373,49.3769,1937.792,9156.0497,0.1049,0.7994,48.0
train,vfw,1,1024,70,13395.3109,69.9435,29.2872,24.0034,4643.6913,10502.5124,0.0436,0.3997,50.0
train,vfw,4,1024,90,15549.8689,90.0837,11.1752,28.0414,6714.532,11118.7966,0.0701,0.1361,50.0
train,vfw,3,512,70,13388.5844,70.0087,8.8868,25.3203,4662.1657,9961.4231,0.0842,0.4,50.0
train,vfw,2,896,50,11232.6768,50.0069,15.0721,25.2829,3351.6791,10301.5611,0.0544,0.6663,50.0
train,vfw,4,896,50,11167.8427,50.0297,5.8517,27.805,2833.9183,9211.1054,0.2464,0.667,50.0
train,vfw,3,256,99999,18940.0444,126.8299,20.2741,48.9464,6589.0444,7331.2444,0.0014,0.0,50.0
train,vfw,1,1024,25,8468.8342,24.9881,19.3336,23.7304,709.912,8923.9958,0.0876,0.9992,50.0
train,vfw,1,1024,35,9564.2045,34.9855,21.7618,23.8232,1750.262,9403.8292,0.0778,0.866,50.0
train,vfw,2,256,99999,18965.0513,126.9634,30.6874,51.0253,6815.1576,7802.3064,0.0015,0.0,50.0
train,vfw,1,384,45,10597.8006,44.9677,35.4316,36.6956,1672.5494,9126.4829,0.0358,0.733,49.0
train,vfw,3,640,50,11231.5022,50.0062,9.8134,25.1752,2968.6308,9449.241,0.1403,0.6665,50.0
train,vfw,4,384,35,9456.841,34.9819,6.1734,40.6661,988.2337,7271.0128,0.103,0.866,50.0
train,vfw,2,640,90,15559.2217,89.952,20.3022,25.2293,6146.9315,10443.8635,0.0156,0.1333,50.0
train,vfw,4,640,65,12747.6602,64.9814,9.7026,28.2339,3819.2915,8653.1799,0.1096,0.4667,50.0
train,vfw,4,1024,70,13377.469,70.0626,7.9096,28.2035,4946.4208,10567.0725,0.1823,0.4017,50.0
train,vfw,3,640,60,12304.3748,59.9991,9.9846,25.2027,3060.3084,8946.7293,0.1086,0.5332,50.0
train,vfw,1,1024,70,13397.2095,69.9309,28.4798,24.092,5094.9931,10325.9249,0.0436,0.3997,50.0
train,vfw,4,512,40,9975.3533,39.9888,7.3251,27.6664,1897.1166,6828.387,0.1203,0.7994,50.0
train,vfw,2,640,100,16639.2217,99.9503,22.5253,25.3344,7511.4269,11318.2567,0.0142,0.0,50.0
train,vfw,1,256,70,13329.0345,69.831,44.8349,49.0217,4095.8594,9508.1096,0.0435,0.3997,49.0
train,vfw,2,640,25,8512.3185,24.9912,9.7925,24.5665,381.2,8641.0513,0.0249,0.9998,50.0
train,vfw,3,896,70,13382.3506,70.0137,10.1336,26.0154,4568.8878,10673.382,0.125,0.3998,50.0
train,vfw,1,640,99999,18985.8768,126.9639,56.2128,23.2711,9448.6164,11049.3748,0.0013,0.0,50.0
train,vfw,4,1024,95,16097.7963,95.0845,10.7139,28.0563,7047.5001,11129.4859,0.0421,0.0697,50.0
train,vfw,1,1024,85,15027.2995,84.8876,32.5969,23.938,5652.2018,10279.0029,0.029,0.1998,50.0
train,vfw,2,1024,55,11773.4692,55.0009,14.1018,25.8848,3783.5099,10470.7095,0.0653,0.5995,50.0
train,vfw,4,640,75,13863.5076,75.0176,9.9417,28.2663,5301.4007,10038.9649,0.0824,0.3336,50.0
train,vfw,2,896,45,10688.7879,44.9918,14.1639,25.3523,2378.5756,9598.8901,0.0584,0.7329,50.0
train,vfw,3,896,70,13384.4348,70.0017,11.0256,25.8434,4099.1688,9666.4829,0.1977,0.3998,50.0
train,vfw,2,640,95,16102.6445,94.9639,18.075,25.6238,6985.9056,11019.7341,0.0149,0.0667,50.0
train,vfw,4,512,60,12189.4642,59.9953,8.6546,28.0054,3480.1334,8116.469,0.0849,0.5329,50.0
train,vfw,2,256,45,10592.8998,45.013,14.4679,52.3076,2554.6646,9604.4198,0.0712,0.7327,50.0
train,vfw,1,512,30,8924.8703,29.9801,26.8635,23.7432,1233.8473,9258.5117,0.001,0.9333,50.0
train,vfw,4,1024,95,16095.7864,95.0932,11.1096,28.0035,6777.4981,11127.0832,0.0421,0.0697,50.0
train,vfw,3,256,25,8483.2306,24.9849,9.2222,51.8799,366.7,5842.5556,0.0,1.0,50.0
train,vfw,1,640,85,15005.2472,85.0298,42.5266,25.0402,6648.3571,11385.343,0.0158,0.2,50.0
train,vfw,2,256,100,16628.1288,99.9743,26.1971,49.5405,7007.1749,10667.0689,0.0141,0.0,50.0
train,vfw,2,768,70,13390.7625,69.9805,15.3783,25.4294,4522.2344,10094.0497,0.0284,0.3998,50.0
train,vfw,4,1024,30,9015.5556,29.9989,5.8674,27.3232,1026.3832,9069.8397,0.4064,0.9328,49.0
train,vfw,2,384,100,16645.2213,99.968,26.9273,37.7095,7837.3145,11415.3778,0.0141,0.0,50.0
train,vfw,2,256,45,10589.2985,44.9965,16.5204,52.1781,2346.5875,9359.745,0.0712,0.7327,50.0
train,vfw,2,768,50,11225.9613,49.9907,15.0763,24.9811,2615.6897,9809.3312,0.0379,0.6664,50.0
train,vfw,1,1024,99999,18968.9865,126.8843,44.6246,24.4509,9763.3169,10861.0733,0.0015,0.0,50.0
train,vfw,3,640,70,13373.6892,70.0006,10.2849,25.2347,4177.3398,9985.246,0.0466,0.3999,50.0
train,vfw,4,1024,75,13917.3361,75.0667,8.2708,27.9513,5214.9454,10547.5562,0.1419,0.3353,50.0
train,vfw,1,640,70,13353.791,70.0045,37.6436,24.3924,4064.225,9555.3154,0.0173,0.3999,50.0
train,vfw,4,640,85,14967.0982,85.0225,10.0361,28.5497,6322.2504,10615.3532,0.055,0.2005,50.0
train,vfw,4,768,50,11139.6411,50.0194,7.6832,27.9935,2978.1303,8840.9884,0.1985,0.6667,50.0
train,vfw,3,1024,75,13938.4117,75.0001,12.2958,26.5439,4701.6903,9762.728,0.3047,0.3331,50.0
train,vfw,3,512,60,12294.6498,59.9713,11.4122,24.2383,3023.4943,9072.1224,0.0066,0.5333,50.0
train,vfw,3,256,50,11190.8568,49.9853,11.9605,51.8167,3153.5826,7809.3019,0.0047,0.6667,50.0
train,vfw,2,384,95,16102.2471,94.9874,23.1684,37.845,7275.4323,11415.3778,0.0163,0.0666,50.0
train,vfw,4,512,60,12186.1236,59.9942,8.2316,28.0362,3090.3868,7658.3024,0.085,0.5329,50.0
train,vfw,3,256,95,16049.1426,94.9913,18.1059,51.3971,7361.2383,11251.7249,0.0132,0.0667,50.0
train,vfw,3,640,75,13923.3386,75.0056,11.5118,25.5472,5593.0887,10759.3255,0.0816,0.3333,50.0
train,vfw,3,640,55,11759.1294,55.0082,10.1775,25.1555,2624.7181,9679.649,0.0637,0.5999,50.0
train,vfw,1,640,75,13904.0574,75.0259,39.8137,24.4376,5367.2191,10659.785,0.0168,0.3333,50.0
train,vfw,3,1024,30,9074.012,29.9912,9.1947,25.4579,639.3104,6488.7802,0.8051,0.9326,50.0
train,vfw,1,768,40,10066.4181,39.9725,27.0926,23.8239,1887.5531,9197.1746,0.0379,0.7997,50.0
train,vfw,1,384,55,11696.3836,54.9541,39.3532,36.9964,3478.2886,9908.3871,0.0319,0.5998,49.0
train,vfw,4,768,25,8395.3941,25.0006,6.5494,27.4188,462.769,7530.657,0.2907,0.9992,50.0
train,vfw,3,768,90,15537.8655,90.0093,12.1126,25.7892,6135.8824,10713.8191,0.0536,0.1333,50.0
train,vfw,1,768,95,16104.2773,94.9832,42.5687,24.6606,6265.8541,10924.978,0.0163,0.0666,50.0
train,vfw,2,384,90,15562.4074,89.9695,23.5235,37.5273,6491.7077,10426.444,0.1489,0.1333,50.0
train,vfw,3,896,80,14469.6198,80.0119,11.8796,25.9705,4261.4189,9968.7288,0.1027,0.2665,50.0
train,vfw,1,384,99999,18973.7217,126.9538,58.6448,36.4546,10181.6944,11142.5147,0.0014,0.0,50.0
train,vfw,2,1024,45,10676.8392,45.0,13.423,25.543,2448.9126,10223.6956,0.0814,0.7327,50.0
train,vfw,1,1024,45,10656.2525,44.9709,23.3656,23.7097,2004.1671,9071.3373,0.068,0.7327,50.0
train,vfw,2,256,100,16644.2398,99.9957,26.4943,49.5609,7314.6364,10808.6747,0.075,0.0,50.0
train,vfw,3,512,100,16603.5989,100.0042,12.9417,25.4273,7520.288,11311.897,0.0142,0.0,50.0
train,vfw,1,1024,70,13396.5513,69.9423,29.8911,23.9014,4947.2236,10545.1069,0.0436,0.3997,50.0
train,vfw,4,384,100,16623.8175,99.9829,12.205,43.0409,7185.8856,10937.6744,0.0141,0.0,50.0
train,vfw,3,640,90,15533.1697,90.0084,12.6758,25.6728,6609.6061,11034.4479,0.0041,0.1333,50.0
train,vfw,4,256,40,10049.1556,39.986,5.6308,54.2236,1152.9313,8405.5551,0.0719,0.7994,50.0
train,vfw,2,640,75,13933.6899,74.9773,18.989,25.166,5452.8377,10749.3179,0.0177,0.3333,50.0
train,vfw,3,640,70,13384.8333,70.0144,10.7867,25.235,4558.3026,10185.0177,0.0781,0.3999,50.0
train,vfw,1,256,60,12250.2745,59.8741,42.7312,49.3523,4263.9261,9954.2422,0.0531,0.5329,49.0
train,vfw,2,384,60,12268.9268,59.9798,18.5006,38.1504,3876.8028,10103.4459,0.0274,0.5331,50.0
train,vfw,4,896,95,16085.0553,95.0617,10.7347,28.2761,6859.953,10742.1727,0.0373,0.0689,50.0
train,vfw,1,896,70,13390.7357,69.9622,32.4349,24.2611,4835.2816,10112.0827,0.1401,0.3998,50.0
train,vfw,4,640,60,12209.4,59.9976,8.8232,27.891,4104.6229,9182.9086,0.1233,0.5333,50.0
train,vfw,1,512,75,13893.4593,75.0507,42.6009,24.8752,5504.3042,10763.3207,0.0279,0.3333,50.0
train,vfw,3,640,45,10677.5991,44.979,9.6612,24.5113,1960.8984,8982.6202,0.0636,0.7332,50.0
train,vfw,1,640,75,13902.8005,75.0128,39.3786,24.6917,5535.3726,10492.1146,0.0168,0.3333,50.0
train,vfw,4,512,40,9979.3794,39.9974,7.4065,27.7367,2239.6395,7051.6896,0.1203,0.7994,50.0
train,vfw,2,1024,100,16617.8719,99.9981,18.2767,26.1146,7284.9602,10986.7215,0.0141,0.0,50.0
train,vfw,2,640,45,10680.3494,44.9888,14.8767,24.6515,2010.0758,9496.5334,0.0221,0.7332,50.0
train,vfw,3,512,85,14990.7411,84.9991,13.1384,25.2635,6097.4351,10695.3265,0.0114,0.2,50.0
train,vfw,2,256,70,13336.8421,69.9895,22.4195,50.7995,4863.7839,10403.1455,0.0452,0.3996,50.0
train,vfw,3,768,85,15000.7823,85.006,11.8021,26.2102,6047.5801,10872.5626,0.0383,0.1999,50.0
train,vfw,3,640,40,10149.805,39.9955,8.3559,25.0423,2084.1322,9209.3396,0.1231,0.7998,50.0
train,vfw,1,384,45,10600.4092,44.9577,34.3027,36.7271,1891.4262,8835.3983,0.0358,0.733,49.0
train,vfw,1,1024,65,12850.7814,64.9453,25.5609,24.1664,4607.0868,10501.9679,0.0485,0.4663,50.0
train,vfw,1,512,30,8920.5526,29.9666,27.6529,24.0377,1250.3852,9174.0701,0.0009,0.9333,50.0
train,vfw,4,512,40,9977.6274,39.9915,6.9992,27.6277,2181.6145,7333.1855,0.1204,0.7994,50.0
train,vfw,1,256,45,10624.2728,44.9321,38.0372,49.3084,1772.6483,8659.2454,0.0678,0.7327,49.0
train,vfw,2,512,60,12300.3991,59.9671,17.3729,24.5829,3498.3781,9952.1336,0.0066,0.5333,50.0
train,vfw,3,896,85,14996.3911,85.0162,11.8553,25.8792,5015.7868,10762.4878,0.0637,0.1999,50.0
train,vfw,2,256,85,14991.1087,85.0025,23.4586,50.2411,6086.6364,10774.7466,0.0297,0.1998,50.0
train,vfw,4,896,95,16085.7243,95.0646,12.0422,28.4772,7320.5206,11190.8291,0.0373,0.0689,50.0
train,vfw,2,896,90,15548.3174,89.9911,17.4895,26.0862,6721.481,11094.3065,0.0222,0.1333,50.0
train,vfw,3,640,70,13379.067,70.005,10.9279,25.4002,4462.1461,10201.3217,0.037,0.3999,50.0
train,vfw,4,896,75,13899.8019,75.046,8.7119,27.9038,4759.4465,9752.7817,0.1303,0.3347,50.0
validation,vfw,3,256,100,16619.2222,100.0468,12.963,53.2103,4967.7111,7466.0889,0.0141,0.0,50.0
train,vfw,2,640,50,11217.0602,49.9578,15.8561,24.5469,2928.6411,9716.7611,0.0213,0.6665,50.0
train,vfw,4,512,85,14945.6013,85.0148,10.6397,28.3569,6365.8122,10458.7692,0.0407,0.1998,50.0
train,vfw,4,256,30,8933.5086,29.9867,6.8598,53.8455,1107.2194,9198.8528,0.0904,0.9326,50.0
train,vfw,1,896,50,11183.5419,49.9562,27.4631,23.5966,2575.8396,9207.2437,0.0735,0.6663,50.0
train,vfw,1,384,30,8957.0525,29.98,30.652,36.6428,390.5,8570.6313,0.0417,0.933,49.0
train,vfw,2,896,99999,18978.9385,126.9965,29.7232,25.6864,8010.2064,10960.97,0.1063,0.0,50.0
train,vfw,1,640,40,10045.0691,39.9783,28.0121,23.9398,1303.0741,8544.6922,0.0204,0.7998,50.0
train,vfw,1,512,80,14436.4598,80.0461,46.5652,24.766,5731.2782,10713.9331,0.0105,0.2667,50.0
train,vfw,2,896,80,14460.6838,79.9971,17.2524,25.4039,6031.3443,11000.2951,0.0302,0.2665,50.0
train,vfw,2,256,75,13890.7469,75.0013,22.5042,50.8657,5336.0126,10567.0859,0.04,0.333,50.0
train,vfw,3,384,25,8523.3586,25.0154,7.8494,38.0987,657.7692,7571.0256,0.0,1.0,50.0
train,vfw,3,384,55,11745.1851,54.9901,12.6079,38.2073,3292.1629,8963.8526,0.0062,0.6,50.0
train,vfw,3,640,60,12304.7927,59.9968,9.5472,25.1313,3038.137,9093.8543,0.0764,0.5332,50.0
train,vfw,4,512,25,8322.4643,24.9941,6.0877,27.6386,617.7795,6039.0534,0.1469,0.9992,50.0
train,vfw,3,384,95,16062.7377,95.0067,14.2097,38.2885,7145.1882,11100.9776,0.0132,0.0667,50.0
train,vfw,4,512,50,11088.7054,50.0076,7.3384,27.969,3049.3635,7958.5615,0.1026,0.6661,50.0
train,vfw,1,768,30,8962.9802,29.9664,23.1306,23.7233,968.5449,8864.2297,0.0418,0.933,50.0
train,vfw,2,1024,65,12848.0873,65.0028,13.6371,25.9473,4214.8,10227.6648,0.038,0.4663,50.0
train,vfw,3,768,99999,18964.8679,126.9541,20.8429,26.6763,9928.3294,10714.9026,0.0014,0.0,50.0
train,vfw,3,256,50,11193.1302,50.0103,12.6078,51.659,3166.3416,8124.2427,0.0047,0.6667,50.0
train,vfw,1,384,95,16073.3603,94.9328,51.8549,36.9835,7247.0329,11312.3624,0.0162,0.0666,50.0
train,vfw,4,640,95,16063.9717,95.0308,12.1803,28.5527,6486.8577,10369.8727,0.0277,0.0674,50.0
train,vfw,2,768,100,16626.6614,99.9767,20.56,25.335,7856.0168,11415.3778,0.0142,0.0,50.0
train,vfw,2,896,85,15001.5267,84.9673,19.9883,25.6624,6218.0587,10679.6531,0.0262,0.1999,50.0
train,vfw,1,640,75,13902.0547,75.0167,41.4432,24.9535,5569.3713,10789.1686,0.0168,0.3333,50.0
train,vfw,4,256,50,11143.1597,49.9925,8.8068,55.0896,3017.5723,9830.9972,0.0623,0.6661,50.0
train,vfw,4,256,75,13882.7733,74.981,9.6146,55.7232,4507.6368,9861.6536,0.0383,0.3331,50.0
train,vfw,2,256,80,14438.3447,79.9969,22.7931,50.472,5551.1121,10440.187,0.0348,0.2664,50.0
train,vfw,4,1024,50,11194.6665,50.0263,7.4603,27.586,2618.6308,9328.1999,0.3193,0.6672,49.0
train,vfw,1,768,85,15015.9335,84.9918,39.7047,24.5657,6466.3331,11208.8814,0.0202,0.1999,50.0
train,vfw,4,512,60,12189.5921,60.0005,9.5676,28.336,3791.5873,8443.2363,0.0849,0.5329,50.0
train,vfw,4,640,55,11660.7097,55.0069,8.3325,27.935,3486.1759,8518.9726,0.1369,0.5998,50.0
train,vfw,1,384,90,15502.9709,89.9011,49.0419,36.8922,6149.6851,10732.9248,0.0163,0.1333,50.0
train,vfw,3,896,95,16086.4134,95.0208,13.1572,26.0704,5592.796,10801.9985,0.0257,0.0666,50.0
train,vfw,4,256,55,11697.9255,54.9803,7.6341,55.0514,3418.9561,9538.4178,0.1449,0.5995,50.0
train,vfw,1,256,50,11173.8327,49.9261,39.4181,49.0905,2529.002,9206.7532,0.0629,0.6661,49.0
train,vfw,4,640,99999,18962.9745,126.8774,11.6314,27.6012,9238.7696,10326.1183,0.0016,0.0,50.0
train,vfw,1,384,95,16076.1267,94.9291,50.4463,36.9828,7105.43,11287.3505,0.0163,0.0666,50.0
train,vfw,4,256,55,11685.1908,54.9966,7.0355,54.7401,3464.503,9767.4523,0.0575,0.5995,50.0
train,vfw,1,896,25,8443.2264,24.978,19.7992,23.6771,1140.1472,9412.142,0.0657,0.9994,50.0
train,vfw,3,384,60,12287.9496,59.9893,10.5877,38.3287,3562.9835,8938.6717,0.0066,0.5333,50.0
train,vfw,1,384,30,8958.4862,29.9655,31.4768,37.1281,1183.2662,9102.489,0.0417,0.933,49.0
train,vfw,3,384,95,16053.6721,95.0083,14.5743,38.0932,7364.8064,11270.1075,0.0132,0.0667,50.0
train,vfw,4,768,75,13881.5614,75.0285,9.9179,27.9651,5141.0571,9956.982,0.1063,0.3342,50.0
train,vfw,4,384,45,10562.3189,44.9973,9.1468,41.5623,2590.6462,8669.6422,0.0893,0.7327,50.0
train,vfw,4,384,45,10561.628,44.996,7.1572,41.1235,2232.0658,8386.4539,0.0894,0.7327,50.0
train,vfw,2,768,70,13386.837,69.968,16.7827,25.3051,4450.1621,10005.9169,0.0284,0.3998,50.0
train,vfw,4,1024,60,12281.5305,60.0267,8.7104,27.5062,4031.6028,9761.8946,0.2383,0.5344,49.0
train,vfw,1,256,25,8454.5932,25.0159,33.4931,49.5505,374.1,8869.6007,0.0872,0.9992,48.0
train,vfw,4,768,85,14978.6033,85.0388,10.6753,28.3284,6335.0031,10759.3993,0.0694,0.2012,50.0
train,vfw,2,640,40,10142.3648,39.9941,13.3219,25.0805,2337.5732,9770.631,0.0227,0.7998,50.0
train,vfw,4,640,45,10558.3284,44.9999,7.2345,27.6867,1930.0754,7389.2252,0.1642,0.733,50.0
train,vfw,1,384,40,10058.9035,39.9739,33.2386,36.8777,2376.3414,9661.7144,0.0377,0.7997,49.0
train,vfw,4,512,95,16060.6825,95.0282,11.9368,28.5676,7115.7546,11150.249,0.023,0.0666,50.0
train,vfw,2,256,35,9492.3273,34.9954,14.6043,52.613,2135.0111,9228.1141,0.0815,0.8659,50.0
train,vfw,2,896,60,12307.7723,59.9848,15.5164,25.4634,3971.0057,10260.9749,0.0464,0.533,50.0
test,vfw,1,256,100,16634.5556,100.0192,40.6667,49.1527,7677.7556,11534.8222,0.0141,0.0,50.0
train,vfw,4,256,95,16081.7116,94.9705,10.7789,56.4994,7228.786,11341.3072,0.019,0.0666,50.0
train,vfw,3,768,45,10675.3534,45.0123,8.0625,25.5141,2566.3116,9658.8123,0.0822,0.733,50.0
train,vfw,2,256,90,15540.2963,89.9894,24.2095,50.0428,6683.1787,10456.0085,0.0245,0.1332,50.0
train,vfw,3,384,80,14451.9104,79.9908,13.6543,38.3694,5757.7364,10078.256,0.109,0.2667,50.0
train,vfw,1,512,30,8915.9958,29.9614,27.593,23.8607,1120.1969,9130.0522,0.0011,0.9333,50.0
train,vfw,2,384,85,15006.1432,84.9749,20.3086,37.7707,6317.5677,10957.1634,0.0205,0.1999,50.0
train,vfw,4,896,70,13347.4597,70.0282,8.7901,27.9818,4639.9911,9940.3072,0.1535,0.4012,50.0
train,vfw,4,896,90,15542.8143,90.075,10.6708,28.0958,6368.1038,11020.7105,0.0606,0.1354,50.0
train,vfw,1,640,85,15006.9136,85.0441,42.9981,24.5854,6261.6282,11119.843,0.0158,0.2,50.0
train,vfw,1,512,70,13337.0427,70.045,41.1832,24.7482,4686.6371,10457.7497,0.0086,0.4,50.0
train,vfw,2,1024,60,12314.7731,59.9915,14.5366,25.5983,3027.4,9244.5888,0.0595,0.5329,50.0
train,vfw,3,512,70,13378.2771,69.9995,10.7933,25.0725,4625.9508,10132.9561,0.0085,0.4,50.0
train,vfw,4,640,60,12210.1746,59.9995,9.9323,27.9552,3633.1461,8656.8855,0.1233,0.5333,50.0
test,vfw,4,512,100,16629.4222,99.9842,8.9278,27.3582,7367.5111,11122.3111,0.0142,0.0,50.0
train,vfw,4,512,25,8319.2444,24.9927,5.6095,27.299,365.9,5842.5556,0.1469,0.9992,50.0
train,vfw,1,896,80,14468.1888,79.9252,36.0886,23.533,4943.8915,9845.6259,0.028,0.2665,50.0
train,vfw,4,896,60,12254.6403,60.0209,9.2682,27.396,3339.3948,9238.1342,0.1999,0.5341,50.0
train,vfw,3,1024,55,11764.0333,55.0193,9.8132,25.5342,2954.0639,9250.8761,0.3436,0.5995,50.0
train,vfw,1,512,40,10027.629,39.9857,30.0947,24.4021,2182.0916,9519.6421,0.0029,0.8,50.0
train,vfw,3,640,25,8541.8565,25.0146,7.7856,24.6956,1087.3624,8967.6629,0.1794,0.9998,50.0
train,vfw,4,512,50,11083.4525,50.008,8.1851,27.7219,2392.4839,7685.8154,0.1027,0.6661,50.0
train,vfw,4,1024,95,16101.2237,95.1045,10.4282,28.2745,7397.6893,11415.3778,0.0421,0.0697,50.0
train,vfw,1,384,100,16589.406,99.851,52.0578,36.992,6431.7474,10029.0139,0.0143,0.0,50.0
train,vfw,2,640,99999,18977.6014,127.0017,28.76,25.346,9910.4527,11335.6812,0.0015,0.0,50.0
train,vfw,1,768,90,15561.7292,89.9813,41.3808,24.4165,6408.2454,10780.4618,0.0182,0.1333,50.0
train,vfw,2,384,30,8991.3499,29.9846,13.9742,38.4998,1316.6994,9303.9049,0.0438,0.9329,50.0
train,vfw,4,384,80,14417.1203,79.9966,10.999,42.3347,5806.5155,10405.0649,0.0415,0.2665,50.0
train,vfw,1,1024,30,9015.89,29.9911,19.4433,23.5215,1196.8102,8994.5954,0.1186,0.9326,50.0
train,vfw,1,384,95,16068.5378,94.9217,50.9941,36.9037,6484.0948,10820.7827,0.0163,0.0666,50.0
train,vfw,2,384,90,15544.389,89.9551,24.1666,37.0562,5895.9581,10136.1455,0.0184,0.1333,50.0
train,vfw,4,384,65,12761.4334,64.9988,8.6369,41.6324,4234.4182,9487.6976,0.062,0.4663,50.0
train,vfw,1,256,35,9546.6135,34.9913,35.7408,49.3004,1764.901,9422.6314,0.0775,0.866,48.0
train,vfw,4,384,85,14969.0434,84.9998,8.6056,42.5105,5873.6725,10396.5255,0.0347,0.1998,50.0
train,vfw,1,896,90,15574.0952,89.9703,37.4101,24.2635,7109.3497,11415.3778,0.0212,0.1333,50.0
train,vfw,3,768,95,16079.561,95.0069,12.9348,25.9716,6485.7231,10995.6436,0.0292,0.0666,50.0
train,vfw,3,896,35,9587.4865,35.0012,8.9646,25.1824,1520.5497,8759.3203,0.2638,0.8661,50.0
train,vfw,3,896,85,15004.7443,85.0065,10.9417,26.6802,6349.1334,10982.6811,0.0448,0.1999,50.0
train,vfw,1,384,45,10603.7544,44.9728,35.3364,36.6818,2517.2768,9549.1583,0.0358,0.733,49.0
test,vfw,2,1024,100,16628.3778,99.9777,20.1556,26.257,7504.2444,11275.6667,0.0144,0.0,50.0
train,vfw,4,384,60,12213.7596,59.9833,7.7334,41.5261,2838.6003,8091.2371,0.0688,0.5329,50.0
validation,vfw,1,256,25,8467.9333,24.9378,26.9111,48.7569,578.1333,8602.4667,1.062,0.9983,49.0
train,vfw,1,896,85,15016.2746,84.9288,35.6521,24.386,5762.4911,10397.5221,0.0246,0.1999,50.0
train,vfw,1,768,45,10619.7393,44.9707,27.4601,24.0874,3115.6408,9490.671,0.0359,0.733,50.0
train,vfw,1,896,99999,18972.9684,126.9013,51.3259,23.9398,9736.3749,10896.5599,0.0014,0.0,50.0
train,vfw,4,384,70,13302.7818,69.9744,9.3527,41.9036,3908.154,9284.9925,0.0552,0.3997,50.0
train,vfw,2,256,99999,18963.6282,126.9582,28.6671,50.7969,5938.8125,6812.4666,0.0015,0.0,50.0
train,vfw,1,640,95,16105.9444,95.0475,46.223,25.1406,6897.9655,10973.8302,0.0148,0.0667,50.0
train,vfw,3,640,30,9081.072,29.9994,8.4981,25.2375,1370.2825,8843.9453,0.1986,0.9331,50.0
train,vfw,4,640,75,13861.4617,75.0191,10.2288,28.1967,4524.6748,9019.5765,0.0823,0.3336,50.0
train,vfw,4,1024,100,16644.487,100.0961,12.1228,28.4345,7656.6003,11415.3778,0.0141,0.0033,50.0
train,vfw,3,256,90,15501.508,89.982,16.4645,51.36,6730.1488,10877.4844,0.0139,0.1333,50.0
train,vfw,4,256,80,14435.6302,79.9728,9.0064,55.7899,5157.1801,10011.6025,0.0334,0.2665,50.0
train,vfw,2,640,90,15560.3751,89.9704,20.6104,25.5592,6931.6764,11313.8515,0.0156,0.1333,50.0
train,vfw,3,896,40,10148.9498,39.9881,9.6495,25.2333,1350.7126,7448.4475,0.4928,0.7995,50.0
train,vfw,1,768,99999,18985.9999,126.9548,49.8759,24.0474,9766.5116,11238.6331,0.0014,0.0,50.0
train,vfw,2,1024,65,12849.9372,64.9876,15.1731,25.911,4874.0228,10325.7384,0.0539,0.4663,50.0
train,vfw,3,384,45,10666.9026,44.9924,9.9488,38.3827,2569.1411,8544.3494,0.0043,0.7333,50.0
train,vfw,3,896,50,11208.4134,50.0087,8.1963,25.4502,3129.3956,9843.811,0.1193,0.6663,50.0
train,vfw,4,768,90,15526.538,90.0477,11.9307,28.3952,6800.6593,11027.6246,0.0509,0.1347,50.0
train,vfw,1,512,45,10582.6731,45.0012,30.9619,24.3507,2818.1154,9898.3656,0.0038,0.7333,50.0
train,vfw,3,512,40,10155.7722,40.005,10.3264,25.1377,2507.3527,9937.983,0.0028,0.8,50.0
train,vfw,2,512,100,16646.6444,99.9319,23.4,25.076,7392.8,11111.7333,0.0142,0.0,50.0
train,vfw,3,256,50,11192.4512,49.9931,11.3133,51.6487,2454.1079,7332.2167,0.0047,0.6667,50.0
train,vfw,3,384,60,12290.5227,59.9946,11.4353,38.3395,4034.5844,9152.0079,0.0066,0.5333,50.0
train,vfw,3,768,65,12853.1691,65.0046,11.2121,25.7957,3837.7542,9604.2299,0.2181,0.4665,50.0
train,vfw,4,768,30,8925.5782,29.9562,5.3106,27.4197,377.3,6686.2239,0.2722,0.9327,50.0
train,vfw,2,768,85,15004.1435,84.9544,21.207,25.303,5954.5262,10591.0875,0.0212,0.1999,50.0
train,vfw,1,896,55,11736.5673,54.9633,28.0069,24.1156,3761.3075,9872.6824,0.0451,0.5996,50.0
train,vfw,2,384,95,16098.5717,94.9737,23.4128,37.6226,6933.6913,10928.8548,0.0163,0.0666,50.0
train,vfw,4,896,100,16626.5781,100.067,11.5031,28.3891,7723.9686,11415.3315,0.0120,0.0025,50.0
train,vfw,2,768,75,13935.863,74.9675,18.0086,25.4468,5397.2266,10163.9823,0.0978,0.3332,50.0
train,vfw,4,1024,70,13377.1918,70.0641,8.6242,27.8549,4863.2489,10487.6327,0.1822,0.4017,50.0
train,vfw,4,512,45,10525.1474,44.9835,8.3278,27.4412,1966.1483,6901.8621,0.1115,0.7327,50.0
train,vfw,4,1024,65,12821.2261,65.0312,10.0618,27.2622,3968.2927,9844.5453,0.2102,0.4681,50.0
train,vfw,3,768,75,13918.3365,74.9913,12.6594,25.1032,4201.9384,9598.4688,0.1252,0.3332,50.0
train,vfw,3,512,90,15529.0143,90.0004,11.921,25.3784,6921.8902,11415.3778,0.0123,0.1333,50.0
train,vfw,4,512,25,8325.0469,25.0076,6.0553,27.4406,879.9157,6349.7247,0.1469,0.9992,50.0
train,vfw,3,768,99999,18966.02,126.9589,18.8638,26.2816,8553.9451,9507.0907,0.0015,0.0,50.0
train,vfw,3,896,80,14458.5794,80.008,10.8348,25.7942,5004.1372,10046.6001,0.117,0.2665,50.0
train,vfw,4,896,50,11165.5877,50.017,7.2824,27.6734,2791.2515,8962.8022,0.2464,0.667,50.0
train,vfw,2,768,35,9602.9188,34.9867,13.1794,24.9571,1694.9417,9497.3973,0.045,0.8663,50.0
train,vfw,4,256,100,16626.0765,99.9727,11.6175,56.6958,6834.1007,11175.1568,0.0142,0.0,50.0
train,vfw,1,896,40,10089.6157,39.9671,23.1588,23.8253,1915.7693,8866.9572,0.0554,0.7995,50.0
train,vfw,2,768,45,10684.2105,44.9857,13.4998,25.0761,2316.199,9448.0913,0.0402,0.733,50.0
train,vfw,4,512,45,10533.0307,45.0035,5.8768,27.9369,2292.6594,7224.5279,0.1256,0.7327,50.0
train,vfw,2,640,35,9591.0192,34.9728,13.0607,24.6989,1219.0055,8876.2125,0.0234,0.8665,50.0
train,vfw,4,384,80,14412.0436,79.9808,12.7569,42.0267,5451.9754,10126.2254,0.0415,0.2665,50.0
test,vfw,4,1024,25,8478.7111,25.0106,5.1389,28.3488,607.6,8820.5556,0.0566,0.9992,50.0
train,vfw,4,384,90,15523.271,89.987,11.5212,42.614,6583.6939,10550.0657,0.1039,0.1332,50.0
train,vfw,2,640,55,11770.1007,54.9893,15.7016,24.6409,3349.0147,9838.5747,0.0206,0.5999,50.0
train,vfw,2,640,50,11223.142,49.9714,15.6293,24.9421,3524.8277,9849.4684,0.0213,0.6665,50.0
train,vfw,3,640,95,16082.7421,95.0007,13.1418,25.7955,6905.3535,10675.0967,0.1347,0.0667,50.0
train,vfw,3,384,30,9059.5757,30.0018,9.2526,38.5658,1087.4332,7891.0141,0.001,0.9333,50.0
train,vfw,3,384,75,13903.9718,74.9884,13.7907,38.3641,5113.5309,9884.9682,0.0094,0.3333,50.0
train,vfw,3,640,30,9067.2568,29.9924,7.2427,24.7712,1166.8273,9048.8759,0.0646,0.9331,50.0
train,vfw,3,640,100,16611.817,100.007,13.078,25.6979,7073.8961,11102.5718,0.0142,0.0,50.0
train,vfw,1,896,25,8419.5087,24.9547,19.5136,23.6388,371.1,7867.6932,0.0657,0.9994,50.0
train,vfw,2,512,90,15559.9036,89.9435,22.2107,24.9107,6021.3146,10289.8711,0.0123,0.1333,50.0
train,vfw,2,1024,40,10157.5911,39.9969,13.1439,25.4677,1330.495,9039.0732,0.0823,0.7994,50.0
train,vfw,1,1024,30,9015.9878,29.9956,20.6475,23.6664,1563.8886,9545.1431,0.0827,0.9326,50.0
train,vfw,2,512,90,15559.8114,89.9348,22.4262,25.1182,7072.3226,11153.9948,0.0122,0.1333,50.0
train,vfw,4,384,25,8359.7741,25.0002,5.717,40.612,607.5366,7355.1679,0.1166,0.9992,50.0
train,vfw,1,1024,75,13942.389,74.9302,30.1745,24.0413,4944.0703,10183.6699,0.0387,0.3331,50.0
train,vfw,4,640,90,15519.7488,90.0422,11.2182,28.3455,6769.528,10899.0264,0.0414,0.1339,50.0
train,vfw,4,896,55,11713.4572,55.0249,8.8867,27.9824,3880.1366,10020.6921,0.2232,0.6005,50.0
train,vfw,4,512,25,8320.7524,24.9917,5.8916,27.4129,701.1033,5889.0324,0.1469,0.9992,50.0
train,vfw,4,512,35,9423.0233,35.0041,6.366,27.3891,1593.4513,6693.2827,0.1522,0.866,50.0
train,vfw,3,384,85,14980.8378,84.9895,13.6353,38.2854,5821.7563,10159.8832,0.0113,0.2,50.0
train,vfw,3,768,99999,18962.1332,126.9754,15.18,25.6231,9150.5957,10078.2881,0.0015,0.0,50.0
train,vfw,3,384,35,9589.2964,34.9822,10.8724,37.9353,1158.4743,7591.3655,0.0019,0.8667,50.0
train,vfw,2,1024,75,13924.4198,74.9901,15.824,25.9052,5039.6618,10189.1631,0.0425,0.3331,50.0
train,vfw,2,768,55,11769.707,54.9789,16.2013,25.5143,3721.0694,10080.6736,0.0355,0.5998,50.0
validation,vfw,4,512,99999,18967.3556,126.9245,13.4611,28.3957,10181.9333,11330.7333,0.0014,0.0,50.0
train,vfw,1,512,50,11132.0253,50.0123,35.2583,24.85,3414.7057,10213.3156,0.0048,0.6667,50.0
train,vfw,4,640,75,13858.4244,75.0023,10.2831,27.9178,4561.1596,9057.8514,0.0823,0.3336,50.0
train,vfw,3,768,85,14999.3045,84.9957,11.7528,25.8496,5152.5045,9692.5948,0.0785,0.1999,50.0
train,vfw,4,1024,60,12279.9683,60.0405,9.3189,27.5662,3905.8022,10105.243,0.2383,0.5344,49.0
train,vfw,2,896,45,10689.9118,44.9923,12.6152,25.4086,2127.0458,9285.3982,0.0585,0.7329,50.0
train,vfw,3,512,30,9076.5843,29.9889,9.5513,24.6064,1057.8071,9016.0087,0.0009,0.9333,50.0
train,vfw,4,384,60,12210.2341,59.9808,9.0547,41.4612,3539.0862,8870.7547,0.0688,0.5329,50.0
train,vfw,1,768,60,12265.0372,59.9832,32.1737,24.1709,3471.8526,9578.8285,0.03,0.5331,50.0
train,vfw,3,768,45,10696.4054,45.011,9.2556,25.2099,1827.6591,8616.1814,0.3291,0.733,50.0
train,vfw,3,1024,70,13363.9422,69.982,10.9282,25.9203,3105.5892,9338.0226,0.1531,0.3997,50.0
train,vfw,1,256,80,14422.4541,79.8122,47.5689,48.9602,5678.7849,10427.617,0.0337,0.2665,49.0
train,vfw,1,256,80,14421.0767,79.8157,48.405,49.003,5150.1684,9971.8731,0.0337,0.2665,49.0
train,vfw,2,256,50,11142.046,50.0027,17.8848,51.9011,2995.9906,9658.4653,0.0933,0.6661,50.0
train,vfw,2,640,45,10683.7259,44.9743,15.0755,24.7603,2315.5788,9209.3755,0.0854,0.7332,50.0
train,vfw,4,1024,80,14462.737,80.0721,10.109,27.9154,5829.0443,10847.13,0.1262,0.2689,50.0
train,vfw,3,896,25,8510.194,24.9906,9.101,24.9635,654.6925,7996.21,0.3823,0.9994,50.0
train,vfw,4,768,25,8400.5991,24.9909,5.8432,27.3607,726.2498,7451.9652,0.3565,0.9992,50.0
train,vfw,4,256,25,8396.1062,24.994,4.9372,53.7449,387.2,7813.2242,0.0864,0.9992,50.0
train,vfw,2,1024,25,8543.3036,25.0145,13.0139,25.4833,927.2313,9514.5491,0.0994,0.9992,50.0
train,vfw,2,1024,40,10156.7868,40.0012,14.8004,25.8414,2225.2153,9846.5567,0.0823,0.7994,50.0
train,vfw,1,384,75,13879.7422,74.9244,45.7476,36.6677,4888.4321,10080.6482,0.0241,0.3332,50.0
train,vfw,2,768,100,16618.8883,99.931,21.1939,25.3449,6828.3754,10479.412,0.0142,0.0,50.0
train,vfw,1,896,55,11741.5975,54.9707,27.05,24.0989,2971.2667,9376.0814,0.0451,0.5996,50.0
train,vfw,2,256,95,16074.2658,94.963,24.7996,49.7588,6245.2091,10133.6675,0.0193,0.0666,50.0
train,vfw,3,1024,45,10666.8231,45.0094,8.961,25.567,1838.4516,8782.3591,0.3197,0.7327,50.0
train,vfw,2,768,75,13927.0439,74.9884,17.7671,25.0896,4900.0928,10532.5666,0.0261,0.3332,50.0
train,vfw,4,256,95,16081.4568,94.9727,9.4183,56.7178,6944.3142,11004.7756,0.019,0.0666,50.0
train,vfw,3,768,55,11768.4724,55.0092,10.2426,25.3502,3006.1472,9307.8373,0.2207,0.5998,50.0
train,vfw,4,768,80,14439.6054,80.0364,11.011,28.2958,5784.7654,10091.778,0.2001,0.2677,50.0
train,vfw,2,640,90,15555.19,89.9555,21.2859,25.2513,6596.1823,10943.7507,0.0156,0.1333,50.0
train,vfw,3,640,25,8527.6572,25.0055,7.2018,24.8726,379.2,8372.6103,0.0718,0.9998,50.0
train,vfw,3,640,30,9082.6032,30.0089,7.1072,24.9105,1372.7081,8982.5509,0.1732,0.9331,50.0
train,vfw,1,512,75,13887.9315,75.0469,44.2769,25.0076,5424.8774,10727.3249,0.0095,0.3333,50.0
train,vfw,2,640,50,11226.1632,49.9908,14.5202,25.3218,3377.1253,10207.4702,0.0213,0.6665,50.0
train,vfw,3,384,95,16058.2899,94.9844,16.076,38.3106,7279.961,10903.7446,0.0132,0.0667,50.0
train,vfw,2,640,70,13389.3843,69.9735,18.1134,24.9418,4602.4385,10356.5346,0.0184,0.3999,50.0
train,vfw,1,1024,45,10658.9659,44.9646,22.0314,23.7553,2153.8073,9144.8044,0.0681,0.7327,50.0
train,vfw,4,1024,55,11746.4445,55.0332,8.1982,27.7165,3428.7666,9600.5355,0.3584,0.6008,49.0
train,vfw,3,1024,90,15550.4481,90.0334,13.7941,26.3112,4662.3346,10935.771,0.0407,0.1332,50.0
train,vfw,4,768,90,15518.3742,90.0225,10.9075,28.3527,6374.7663,10552.6467,0.051,0.1347,50.0
train,vfw,2,512,70,13394.4234,69.9478,18.2094,24.5781,3771.7813,9297.4408,0.0085,0.4,50.0
train,vfw,1,1024,95,16138.9621,94.9084,33.7689,24.3455,7265.9436,11397.7129,0.0192,0.0666,50.0
train,vfw,2,1024,25,8540.1333,25.0002,12.2111,25.4596,592.0,9129.9111,0.0994,0.9992,50.0
train,vfw,2,896,30,9069.0271,30.0068,13.1873,25.1675,705.5883,9352.8215,0.0705,0.9328,50.0
train,vfw,1,256,45,10627.0574,44.9411,37.4435,49.4598,2483.2888,9501.2478,0.0678,0.7327,49.0
train,vfw,3,384,25,8519.2525,25.0128,5.0723,38.5631,526.1043,7494.9675,0.0,1.0,50.0
train,vfw,3,768,80,14462.9425,80.0152,11.7513,25.576,4693.1061,10264.0088,0.092,0.2666,50.0
train,vfw,3,1024,50,11213.2415,49.9964,9.0379,25.8383,2896.6808,8999.6178,0.322,0.6661,50.0
train,vfw,3,896,45,10663.6087,45.0116,9.0895,25.2235,2282.2946,9343.3579,0.1657,0.7329,50.0
train,vfw,1,512,50,11132.8809,49.998,32.9051,24.2445,2360.6551,9040.3967,0.0047,0.6667,50.0
train,vfw,2,512,35,9572.228,34.9413,13.1883,24.4257,1057.2688,8635.9847,0.0019,0.8667,50.0
train,vfw,3,1024,60,12296.306,60.0027,10.2288,25.814,3151.9837,9343.4254,0.2603,0.5329,50.0
train,vfw,4,1024,65,12838.3725,65.0476,9.3689,27.9938,4404.7739,10040.1413,0.3084,0.4681,50.0
train,vfw,4,768,30,8945.0843,29.9993,6.7573,27.6407,1044.4704,7710.9917,0.2722,0.9327,50.0
train,vfw,3,896,95,16088.5244,94.9968,12.9188,26.5034,7065.606,11005.2803,0.0456,0.0666,50.0
train,vfw,3,768,80,14464.6517,80.0019,10.788,25.7911,5118.0848,10059.6608,0.1268,0.2666,50.0
train,vfw,4,256,90,15535.2734,89.9755,10.63,56.7943,6820.2317,11196.4628,0.0238,0.1332,50.0
train,vfw,4,1024,70,13361.3701,70.0339,8.9182,27.8113,4443.0332,10043.0176,0.168,0.4017,50.0
train,vfw,1,1024,25,8463.625,24.9803,20.241,23.3664,382.9,8508.1515,0.0876,0.9992,50.0
train,vfw,4,768,95,16075.3703,95.0416,10.7757,28.3857,6786.5053,10749.479,0.0326,0.0682,50.0
train,vfw,2,512,80,14473.9682,79.9378,21.1953,24.8538,6004.4386,10971.6683,0.0104,0.2667,50.0
train,vfw,4,640,70,13308.9926,70.005,11.8563,28.0277,4726.534,9450.5339,0.0959,0.4002,50.0
train,vfw,2,640,95,16103.9797,94.956,21.6891,25.2203,6651.7479,10760.7917,0.0794,0.0667,50.0
train,vfw,1,384,99999,18974.8914,126.956,59.0351,36.6215,10164.6568,11312.7767,0.0014,0.0,50.0
train,vfw,1,1024,70,13394.5351,69.9365,28.8705,23.9773,4433.6417,10252.4607,0.0436,0.3997,50.0
train,vfw,2,768,40,10154.9422,39.9874,14.2905,25.0838,1718.5943,8969.8433,0.1825,0.7997,50.0
train,vfw,4,896,95,16089.0735,95.0609,10.584,28.0995,6154.8981,10094.5287,0.0373,0.0689,50.0
train,vfw,3,896,60,12285.0209,59.9975,12.5382,25.3056,3126.1887,9735.5414,0.0867,0.533,50.0
train,vfw,1,512,40,10025.6677,39.99,31.557,24.2029,1940.4063,9516.2599,0.0029,0.8,50.0
train,vfw,1,640,70,13348.8922,70.0066,38.3217,24.5852,4756.8843,10093.2968,0.0173,0.3999,50.0
train,vfw,4,384,50,11102.8843,49.9975,7.0564,41.4454,2984.4772,9061.7947,0.0806,0.6661,50.0
train,vfw,2,384,30,8995.0502,29.9833,13.0563,38.404,446.9429,8322.4143,0.0438,0.9329,50.0
train,vfw,4,1024,80,14456.6089,80.0488,10.4875,27.6679,5590.775,10298.4022,0.1261,0.2689,50.0
train,vfw,1,512,75,13884.5942,75.0421,44.1185,24.6777,5275.6556,10538.0666,0.0095,0.3333,50.0
train,vfw,4,640,30,8907.3584,29.994,6.0922,27.4824,775.9105,6732.2846,0.2051,0.9326,50.0
train,vfw,2,1024,60,12316.3309,60.0195,13.8481,26.4208,4366.1572,10713.7291,0.0596,0.5329,50.0
train,vfw,1,640,90,15534.5691,89.9855,44.277,24.8626,5839.0292,10134.3238,0.0153,0.1333,50.0
train,vfw,4,1024,95,16099.6815,95.1034,10.794,27.8883,7285.1488,11391.1749,0.0421,0.0697,50.0
train,vfw,4,896,30,8975.7845,30.0022,5.062,27.2398,779.6877,8056.6199,0.3393,0.9328,49.0
train,vfw,4,896,95,16088.8524,95.0671,10.9924,28.1292,6520.2478,10616.2138,0.0373,0.0689,50.0
train,vfw,2,256,55,11688.193,54.9988,18.4941,51.6282,3217.5975,9622.6774,0.0608,0.5995,50.0
train,vfw,2,896,40,10138.1081,39.9687,11.9781,25.4307,1515.406,8973.543,0.0625,0.7995,50.0
train,vfw,3,512,30,9079.6454,30.0008,7.3001,24.6318,483.6058,8634.3511,0.001,0.9333,50.0
train,vfw,3,512,100,16605.0358,100.0091,13.6722,25.523,7135.6986,10780.2578,0.0142,0.0,50.0
train,vfw,2,256,55,11694.3985,55.0111,18.3427,51.7112,3753.4827,10234.7558,0.0608,0.5995,50.0
train,vfw,3,512,70,13383.347,70.0084,11.0401,25.2685,4928.5341,10469.8309,0.0085,0.4,50.0
train,vfw,1,640,99999,18984.6112,126.9707,55.4695,23.5919,10216.9778,11415.3778,0.0013,0.0,50.0
train,vfw,1,384,85,14980.1117,84.9392,48.0324,37.3098,6370.2876,11028.5697,0.0202,0.1999,50.0
train,vfw,4,512,95,16054.8116,95.014,11.9854,28.7253,7059.2381,11019.8056,0.0018,0.0666,50.0
train,vfw,4,896,60,12258.4952,60.0341,9.0357,27.8202,3948.8141,9787.9606,0.1999,0.5341,50.0
train,vfw,4,768,60,12238.2836,60.0316,9.3621,27.9489,4224.5902,9535.9168,0.1616,0.5337,50.0
train,vfw,3,896,99999,18972.6129,126.9794,20.7012,26.7375,9841.8495,10955.5921,0.0014,0.0,50.0
train,vfw,1,256,95,16052.3719,94.7758,51.5474,48.5124,7112.5303,11103.9523,0.0192,0.0666,50.0
train,vfw,2,256,70,13336.6087,70.0004,21.2477,50.8931,4385.2027,9893.9049,0.0316,0.3996,50.0
train,vfw,2,768,40,10148.6382,39.9962,14.2672,25.1726,2260.8702,9747.8314,0.0426,0.7997,50.0
train,vfw,1,256,70,13332.1009,69.8456,44.6185,49.0026,4356.0311,9910.5604,0.003,0.3997,49.0
train,vfw,1,768,60,12253.8166,59.9569,32.0774,24.2322,3504.6521,9611.982,0.03,0.5331,50.0
train,vfw,2,1024,95,16078.7018,94.9883,17.7145,26.0226,7014.2226,11080.9751,0.0198,0.0666,50.0
train,vfw,4,1024,65,12830.8798,65.0516,10.32,28.1798,4629.4201,10577.1748,0.2102,0.4681,50.0
train,vfw,4,896,85,14984.8971,85.0361,11.76,27.4481,5396.0392,9971.2021,0.0838,0.2018,50.0
train,vfw,4,768,50,11141.1836,50.0153,6.8414,27.7721,2785.5311,8619.2499,0.1985,0.6667,50.0
train,vfw,3,256,50,11187.4176,49.9834,12.8574,51.3584,2278.8799,7149.0441,0.0047,0.6667,50.0
train,vfw,4,512,35,9425.8852,34.9985,7.0265,27.6072,1582.7047,6693.5269,0.1292,0.866,50.0
train,vfw,2,384,70,13364.748,69.9769,19.8633,37.8091,4837.9551,10382.4292,0.0269,0.3998,50.0
train,vfw,1,640,95,16104.691,95.0354,46.4196,24.9682,7058.0937,11128.7415,0.0237,0.0667,50.0
train,vfw,1,768,65,12818.4077,64.9845,34.0202,24.5172,4496.7927,10372.6823,0.0281,0.4665,50.0
train,vfw,4,1024,35,9564.8178,35.0156,5.719,27.508,1996.6085,9799.9769,0.3784,0.8664,49.0
train,vfw,3,256,75,13897.112,75.0057,14.6084,51.2891,5328.5949,9701.4402,0.0094,0.3333,50.0
train,vfw,4,256,99999,18990.4667,126.9527,13.4722,52.9723,6818.1111,7586.9111,0.0014,0.0,50.0
train,vfw,1,256,75,13878.7315,74.8368,46.7478,48.9607,5190.5231,10371.3854,0.0386,0.3331,49.0
train,vfw,1,512,65,12784.9593,65.0235,39.7798,24.7145,4673.7435,10225.1073,0.0076,0.4667,50.0
train,vfw,1,768,70,13357.9544,69.989,34.7804,24.2602,4866.8455,10608.7988,0.0256,0.3998,50.0
train,vfw,1,640,40,10045.0341,39.974,28.3162,24.1118,2348.6088,9380.2121,0.0203,0.7998,50.0
train,vfw,1,1024,25,8472.1549,24.9844,17.9188,23.5027,457.901,8275.5869,0.0876,0.9992,50.0
train,vfw,2,640,40,10120.7359,39.9446,13.5975,24.8511,1452.848,8775.5897,0.0227,0.7998,50.0
train,vfw,1,1024,90,15585.8869,89.905,33.2727,24.2813,6864.7589,11239.0705,0.0241,0.1332,50.0
train,vfw,1,768,30,8970.4902,29.9916,22.4507,24.0684,1518.5057,9455.9527,0.0418,0.933,50.0
train,vfw,1,256,90,15508.3279,89.7797,48.4207,48.9799,6619.0245,10581.7212,0.024,0.1332,50.0
train,vfw,3,256,80,14435.6459,79.9994,15.9124,51.967,6051.0544,10331.8727,0.0103,0.2667,50.0
train,vfw,3,640,70,13381.1808,69.998,10.6701,25.3353,4187.2051,9715.217,0.0421,0.3999,50.0
train,vfw,4,256,60,12237.6109,59.9813,7.9006,55.1465,3747.9364,10119.6743,0.0527,0.5329,50.0
train,vfw,4,640,25,8357.8646,24.9897,5.6975,27.3754,791.4507,6767.3583,0.2188,0.9992,50.0
train,vfw,2,640,65,12846.091,64.9642,17.3373,25.0243,4430.8856,10112.9939,0.0071,0.4666,50.0
train,vfw,3,1024,55,11753.1009,54.9936,10.9066,26.063,3293.8645,9228.9297,0.2893,0.5995,50.0
train,vfw,3,1024,45,10697.3522,44.9999,10.1652,25.7284,1829.1113,7722.5609,0.6451,0.7327,50.0
train,vfw,2,512,35,9589.1815,34.9808,14.9107,24.6888,1504.7429,9145.2715,0.0019,0.8667,50.0
train,vfw,1,896,80,14474.6649,79.9445,34.9965,24.1211,5530.1645,10432.259,0.028,0.2665,50.0
train,vfw,1,512,35,9477.7088,34.9813,29.34,24.286,1994.054,9675.7734,0.0019,0.8667,50.0
train,vfw,1,640,80,14448.7877,80.0206,42.1952,24.4745,4940.7491,9835.1508,0.0163,0.2666,50.0
train,vfw,3,1024,55,11745.4822,54.9385,9.8235,25.8307,1812.2703,7372.0488,0.4882,0.5995,50.0
train,vfw,2,640,35,9597.6902,34.9923,13.3689,24.616,1588.2371,9297.6243,0.0234,0.8665,50.0
train,vfw,4,1024,100,16640.8,100.0946,11.3944,28.1253,7502.8444,11277.5556,0.0141,0.0033,50.0
train,vfw,1,384,50,11151.9807,49.9729,34.4806,37.0926,2981.0298,9711.5229,0.0339,0.6664,49.0
train,vfw,2,1024,30,9079.6574,29.9958,12.0184,25.4408,641.0346,8808.508,0.0937,0.9326,50.0
train,vfw,1,256,100,16579.3921,99.7216,52.86,48.6368,6969.4823,10560.0707,0.0143,0.0,50.0
train,vfw,2,768,65,12850.1381,64.9851,17.2268,25.3615,4834.8191,10817.5162,0.0307,0.4665,50.0
train,vfw,3,384,60,12291.0473,60.0085,11.9228,38.2904,4000.3421,9445.4398,0.0066,0.5333,50.0
train,vfw,4,768,85,14986.5069,85.0371,10.7518,28.3314,5934.3177,10041.1077,0.1643,0.2012,50.0
test,vfw,3,512,25,8510.3333,24.9972,6.8815,24.2978,610.8,9048.5556,2.1529,0.9975,50.0
train,vfw,3,896,70,13381.5055,69.9927,11.4736,25.7418,3934.4703,9445.0237,0.1588,0.3998,50.0
validation,vfw,1,512,99999,18968.7778,126.9344,59.4667,27.9264,10216.2444,11368.2222,0.0014,0.0,50.0
train,vfw,1,512,85,14998.9287,85.066,45.7599,25.1234,6122.1891,10589.5804,0.0872,0.2,50.0
train,vfw,4,640,60,12211.0107,60.0137,8.623,27.8725,3140.4296,8367.6619,0.1233,0.5333,50.0
train,vfw,3,768,100,16621.7412,100.0175,13.1773,25.8732,6467.1899,11071.304,0.0142,0.0,50.0
train,vfw,3,256,70,13355.6165,69.9873,14.8234,51.7763,4678.5859,9138.1717,0.0085,0.4,50.0
train,vfw,3,256,30,9032.834,30.0043,10.3154,51.9103,1176.4585,6602.8688,0.0009,0.9333,50.0
train,vfw,2,1024,90,15536.4229,90.0023,17.1215,25.8451,6694.2789,11034.6986,0.0255,0.1332,50.0
train,vfw,1,640,45,10604.3169,44.9786,31.4502,24.0785,2448.6959,9171.0654,0.1263,0.7332,50.0
train,vfw,1,1024,85,15039.6436,84.9194,32.0259,24.3178,6275.9066,10972.9089,0.029,0.1998,50.0
train,vfw,3,640,30,9087.9215,29.9943,8.1288,24.9784,954.2614,8109.7755,0.3096,0.9331,50.0
train,vfw,4,384,100,16616.5307,99.9836,13.1057,42.7886,7445.1702,11223.1979,0.0141,0.0,50.0
train,vfw,3,1024,85,15005.382,84.9937,11.745,26.5175,5836.2742,10532.5599,0.0738,0.1998,50.0
train,vfw,4,384,99999,18975.6701,126.9041,14.2637,40.4585,8752.1391,9627.8518,0.0015,0.0,50.0
train,vfw,4,256,85,14983.6348,84.9699,9.2924,56.1992,5849.5967,10454.5685,0.0287,0.1998,50.0
train,vfw,3,384,45,10671.1827,45.0013,10.1969,38.2749,2110.7235,8409.3203,0.0038,0.7333,50.0
train,vfw,3,640,50,11227.9017,49.9954,9.7677,25.1069,2922.2152,9528.4123,0.1231,0.6665,50.0
train,vfw,3,512,40,10161.1382,40.0022,7.394,24.9574,1619.834,8936.7377,0.0028,0.8,50.0
train,vfw,4,896,40,10069.8998,40.0018,8.6636,27.4345,2090.4206,8791.7153,0.2928,0.7999,49.0
train,vfw,2,640,30,9042.8712,29.962,12.4133,24.6491,529.0026,8465.3364,0.0242,0.9331,50.0
train,vfw,3,768,35,9607.1817,34.9947,8.4434,25.0922,1161.3462,8128.0004,0.2911,0.8663,50.0
train,vfw,2,768,85,15010.2225,84.9663,19.1826,25.5575,5868.8918,10497.6703,0.0213,0.1999,50.0
train,vfw,4,768,55,11687.1716,55.0192,9.4028,28.0325,3508.4499,9175.9763,0.18,0.6002,50.0
train,vfw,4,1024,55,11742.7389,55.0418,7.2931,27.8355,3308.5063,9814.3779,0.2663,0.6008,49.0
train,vfw,3,896,85,15007.4082,85.0077,11.9292,25.8848,4431.702,9900.5969,0.1481,0.1999,50.0
train,vfw,1,512,85,14994.0872,85.064,47.3694,25.2738,6320.8268,11067.401,0.0115,0.2,50.0
train,vfw,3,256,40,10114.0236,39.9894,10.7079,51.8912,2366.3789,6988.2832,0.0028,0.8,50.0
train,vfw,1,512,60,12233.951,60.0275,37.3782,24.7428,3973.2502,10132.3531,0.0067,0.5333,50.0
train,vfw,4,640,90,15515.3687,90.0203,11.2444,28.5728,6685.2993,10498.0259,0.0414,0.1339,50.0
train,vfw,4,896,40,10067.0514,40.0061,9.2068,27.3422,1615.8969,8798.5966,0.2928,0.7999,49.0
train,vfw,1,640,60,12249.4913,59.9976,35.1747,24.5185,4032.062,10095.8351,0.0183,0.5332,50.0
train,vfw,3,256,35,9566.914,34.9817,10.9169,51.4099,756.9984,5962.6274,0.0019,0.8667,50.0
train,vfw,2,256,95,16094.5812,94.9994,25.8257,49.81,6985.5993,10802.0791,0.0795,0.0666,50.0
train,vfw,4,768,80,14429.4945,80.0524,9.3702,28.6303,6037.7738,10833.7751,0.034,0.2677,50.0
train,vfw,3,1024,55,11755.578,54.9845,9.6994,25.8761,3489.2895,9237.1453,0.3256,0.5995,50.0
train,vfw,3,1024,65,12838.3867,65.0028,10.3653,25.9103,3822.7535,9702.4596,0.2421,0.4663,50.0
train,vfw,2,896,25,8533.7921,25.0071,12.2697,25.0368,760.8787,9246.6758,0.0745,0.9994,50.0
train,vfw,3,512,80,14448.397,80.0175,10.4601,24.8721,5827.2821,10675.0794,0.0104,0.2667,50.0
train,vfw,2,384,55,11723.5032,54.9793,17.2827,38.09,2919.9609,9294.7584,0.0332,0.5997,50.0
train,vfw,1,384,30,8957.7864,29.9713,32.1331,36.6677,1004.1377,8921.0714,0.0416,0.933,49.0
train,vfw,2,896,65,12833.4169,64.9573,15.9124,25.5421,3698.4975,9652.8798,0.0423,0.4664,50.0
train,vfw,2,896,35,9607.9385,34.9961,13.1315,25.2095,1026.6101,9121.7496,0.0665,0.8661,50.0
train,vfw,4,640,40,10006.5271,39.9981,9.3395,27.5663,2233.5022,7945.1904,0.1778,0.7995,50.0
train,vfw,2,768,65,12847.4582,64.9798,17.0178,24.9924,4199.3108,10098.9676,0.0307,0.4665,50.0
train,vfw,2,512,40,10135.9807,39.9896,14.6695,24.5321,2363.9757,9752.4314,0.0028,0.8,50.0
train,vfw,4,896,95,16083.3533,95.0607,12.7975,28.1343,6944.9143,10963.5515,0.0373,0.0689,50.0
train,vfw,4,768,45,10589.0957,45.0172,7.6738,27.5542,1935.4426,8179.2952,0.2169,0.7332,50.0
train,vfw,4,640,50,11109.4851,50.0039,7.7548,27.8104,2681.4292,8014.279,0.1506,0.6664,50.0
train,vfw,1,768,35,9515.8132,34.9718,27.5539,23.9151,1717.8839,9359.2205,0.0398,0.8663,50.0
train,vfw,1,512,65,12783.3251,65.0216,39.1799,24.5311,4315.6209,10196.5452,0.0077,0.4667,50.0
train,vfw,1,768,50,11160.9371,49.9657,30.0206,23.6468,2456.5298,9240.7235,0.034,0.6664,50.0
train,vfw,2,640,100,16638.1483,99.9423,22.1266,25.4036,7518.3198,11048.5104,0.0141,0.0,50.0
train,vfw,4,896,99999,18971.6375,126.9119,11.9874,27.3337,8212.3922,9067.6574,0.0323,0.0,50.0
train,vfw,3,640,50,11238.7185,49.9967,9.4834,25.161,2821.1584,9098.8824,0.2334,0.6665,50.0
train,vfw,1,1024,55,11767.1802,54.9543,25.4691,23.974,3453.6824,9516.3366,0.1976,0.5995,50.0
train,vfw,2,384,90,15545.0299,89.9499,24.0378,37.0668,6212.721,10318.925,0.0184,0.1333,50.0
train,vfw,3,512,95,16064.9073,94.9974,12.7044,25.388,7090.9969,10871.639,0.0132,0.0667,50.0
train,vfw,2,896,80,14465.1039,79.9783,17.4655,25.7154,5871.2847,10603.6777,0.0116,0.2665,50.0
train,vfw,3,512,35,9624.4454,34.9998,7.7938,24.8655,1619.0503,9123.0656,0.0614,0.8667,50.0
train,vfw,2,640,55,11767.1832,54.9702,16.5169,24.9395,2922.5443,9364.8844,0.0205,0.5999,50.0
train,vfw,3,768,60,12301.8395,60.0014,9.9029,25.4335,3655.2645,9921.2141,0.1421,0.5331,50.0
train,vfw,1,640,45,10591.3127,44.9831,29.6406,24.0044,2210.9259,9427.565,0.0227,0.7332,50.0
train,vfw,4,768,75,13880.9006,75.0279,9.3555,28.1231,4970.6211,9645.6301,0.1063,0.3342,50.0
train,vfw,1,896,75,13929.9611,74.9599,32.9872,24.1738,5017.606,10266.1194,0.0314,0.3331,50.0
train,vfw,1,384,75,13859.6568,74.8825,44.9783,36.619,4205.5429,9311.8327,0.0241,0.3332,50.0
train,vfw,2,768,25,8520.4176,24.9935,12.0672,24.8986,605.5659,9229.5556,0.0497,0.9996,50.0
train,vfw,1,768,60,12269.1051,59.9911,31.6946,24.2454,3873.031,10301.9947,0.03,0.5331,50.0
train,vfw,1,896,40,10093.9419,39.9933,23.2773,24.3116,2512.6987,9890.4871,0.0554,0.7995,50.0
train,vfw,3,640,80,14453.536,79.9999,12.0418,25.0961,5010.9039,10210.5656,0.0269,0.2666,50.0
train,vfw,4,640,50,11106.6222,49.9936,8.4325,27.5232,2673.9635,8025.0973,0.1506,0.6664,50.0
train,vfw,2,768,85,15006.2432,84.9574,19.5582,25.2156,5876.3655,10511.3367,0.0213,0.1999,50.0
train,vfw,3,1024,75,13936.7263,75.0044,11.6298,26.1345,4255.659,9730.4824,0.3076,0.3331,50.0
train,vfw,4,640,95,16067.3842,95.0277,12.7171,29.0743,7314.6684,11366.1676,0.0270,0.0674,50.0
train,vfw,4,640,40,10011.3011,40.0051,6.2721,27.8445,1963.9832,7638.6591,0.1779,0.7995,50.0
train,vfw,3,768,70,13379.1285,69.9958,13.4059,25.3731,4299.1163,10013.8495,0.1141,0.3998,50.0
train,vfw,3,896,60,12298.797,59.995,11.1143,25.5798,3518.1219,9364.0041,0.2047,0.533,50.0
train,vfw,4,512,90,15497.6947,89.9951,12.5113,28.2295,5889.7448,10039.1231,0.0318,0.1332,50.0
train,vfw,2,1024,99999,18965.6255,126.9784,30.3327,25.8616,7749.9768,11329.5985,0.0016,0.0,50.0
train,vfw,3,256,65,12813.8316,64.988,13.5777,51.7146,4599.6427,8833.627,0.0075,0.4667,50.0
train,vfw,2,896,55,11766.3398,54.9795,15.099,25.5832,3599.9084,9802.6819,0.0503,0.5996,50.0
train,vfw,3,256,95,16044.4394,94.9623,19.1323,50.8729,6634.1325,10471.5975,0.0131,0.0667,50.0
train,vfw,2,640,75,13930.0319,74.9592,18.6485,25.1375,4931.7662,10153.7098,0.0177,0.3333,50.0
train,vfw,3,384,60,12291.369,59.9906,11.0265,38.2024,3084.5857,8425.104,0.0066,0.5333,50.0
train,vfw,1,384,75,13883.6493,74.9399,43.2534,36.9561,4795.9365,9976.3547,0.0241,0.3332,50.0
train,vfw,3,512,50,11230.5096,50.0059,9.5485,24.9615,3066.1269,9831.6778,0.0047,0.6667,50.0
train,vfw,1,384,60,12240.2276,59.9499,37.6405,37.0294,3627.3763,9728.5675,0.03,0.5331,49.0
train,vfw,3,896,55,11758.5214,54.9901,9.4714,25.7347,2540.2992,8749.7564,0.3117,0.5996,50.0
validation,vfw,1,1024,99999,18995.4222,127.0479,41.4,24.3407,9977.2222,11140.7778,0.0014,0.0,50.0
train,vfw,4,256,30,8942.9211,29.9821,7.7362,53.8428,1140.5402,8927.2447,0.0816,0.9326,50.0
train,vfw,2,1024,35,9619.7722,34.9903,12.5,25.6168,1945.474,9218.1358,0.088,0.866,50.0
train,vfw,3,1024,60,12300.86,59.9924,11.4918,26.0005,3400.5761,9143.9615,0.319,0.5329,50.0
train,vfw,4,640,85,14965.2345,85.0322,11.3814,28.3683,5725.9973,10344.617,0.0551,0.2005,50.0
train,vfw,1,896,30,8991.6739,29.9788,21.5793,23.6649,1505.5094,9494.9559,0.0623,0.9328,50.0
train,vfw,4,512,25,8319.2444,24.9843,6.056,27.1807,496.5644,5929.1558,0.1469,0.9992,50.0
train,vfw,4,640,100,16621.4444,100.0352,11.5625,28.8089,7827.7822,11415.3778,0.0141,0.0008,50.0
train,vfw,1,896,75,13932.3884,74.9481,32.9794,24.3601,5935.3564,10486.545,0.0314,0.3331,50.0
train,vfw,3,640,100,16616.4864,100.0171,12.538,26.195,7577.4288,11415.3778,0.0141,0.0,50.0
train,vfw,2,768,70,13382.0364,69.9581,17.6934,24.8618,4190.9048,9726.4782,0.0284,0.3998,50.0
train,vfw,1,1024,80,14478.5006,79.9265,30.5988,24.16,5822.9519,11222.0128,0.0294,0.2665,50.0
train,vfw,1,256,90,15502.5131,89.7802,50.4271,48.7152,6212.5438,10639.5212,0.024,0.1332,50.0
train,vfw,1,768,65,12814.7438,64.9821,33.6045,24.2608,4027.1744,9854.6526,0.0281,0.4665,50.0
train,vfw,2,1024,35,9613.9614,34.9951,14.4684,25.3816,1551.9219,9438.7668,0.088,0.866,50.0
train,vfw,1,1024,60,12303.0215,59.9531,26.3287,23.8827,4257.3458,10202.43,0.0533,0.5329,50.0
train,vfw,3,384,45,10671.4053,45.0008,10.5595,38.3104,2262.3714,8296.1407,0.0038,0.7333,50.0
train,vfw,3,512,55,11773.6203,55.017,9.1979,24.8066,3815.9732,10081.1113,0.0057,0.6,50.0
train,vfw,1,768,50,11170.0739,49.9727,28.5755,24.0235,2862.7995,9598.1254,0.034,0.6664,50.0
train,vfw,3,512,100,16608.3741,99.9958,12.4257,25.2989,6822.9367,10294.4814,0.0141,0.0,50.0
train,vfw,4,1024,95,16090.9579,95.087,10.5717,28.0283,6897.5049,11109.1517,0.0442,0.0697,50.0
train,vfw,2,768,50,11202.8692,49.9459,14.3346,24.9955,2377.5497,9108.1801,0.0379,0.6664,50.0
train,vfw,3,512,85,15003.5939,85.0004,11.9816,25.288,5815.3973,10051.9339,0.1298,0.2,50.0
train,vfw,3,512,95,16062.8489,95.0232,10.9379,25.1423,7281.1397,11234.8711,0.0133,0.0667,50.0
train,vfw,3,256,85,14974.807,85.0025,17.3364,51.4729,6563.9554,10745.4453,0.0113,0.2,50.0
train,vfw,2,384,55,11719.0611,54.998,16.7971,37.7901,3641.2225,10078.9981,0.0333,0.5997,50.0
train,vfw,4,896,99999,18961.1916,126.8934,15.5555,26.7861,7676.2026,8556.4788,0.0015,0.0,50.0
train,vfw,1,384,40,10047.5486,39.9543,33.6766,36.7626,1634.9623,8908.3525,0.0377,0.7997,49.0
train,vfw,1,768,60,12268.8458,59.9815,31.8154,24.2798,4215.238,10116.53,0.03,0.5331,50.0
train,vfw,4,768,45,10595.498,45.0016,6.6813,27.457,1441.7364,7395.2937,0.2168,0.7332,50.0
train,vfw,2,512,75,13932.4299,74.9505,20.0878,24.9116,5263.3214,10510.932,0.0095,0.3333,50.0
train,vfw,4,512,50,11084.6004,50.0086,8.9114,27.9713,3240.8606,8020.2957,0.1026,0.6661,50.0
train,vfw,3,384,25,8521.5021,25.0056,5.855,38.4306,379.1,7177.3798,0.0,1.0,50.0
train,vfw,4,512,50,11087.8988,50.001,8.3098,28.3815,3086.5163,7979.2402,0.1027,0.6661,50.0
train,vfw,2,1024,95,16076.4817,94.9997,18.1097,25.9802,6464.3986,10963.8685,0.0198,0.0666,50.0
train,vfw,4,640,50,11110.0911,50.0047,7.9085,27.7776,2904.7416,8333.8207,0.1506,0.6664,50.0
train,vfw,2,512,55,11760.6277,54.9744,16.825,24.4815,2796.7184,9499.7002,0.0057,0.6,50.0
train,vfw,4,896,100,16620.882,100.0732,11.3172,28.2744,7618.7239,11415.3778,0.0128,0.0025,50.0
train,vfw,2,768,55,11769.3792,54.995,16.1812,25.2187,3690.8572,10263.883,0.0355,0.5998,50.0
train,vfw,3,512,70,13379.8081,70.0071,10.723,25.0443,4491.8165,10222.8145,0.0086,0.4,50.0
train,vfw,2,1024,50,11227.2504,49.9971,14.1077,25.6631,2925.4429,9952.6431,0.0162,0.6661,50.0
train,vfw,3,256,95,16056.683,94.9998,14.2851,51.5104,7115.2031,11012.835,0.0132,0.0667,50.0
train,vfw,4,384,95,16052.6513,94.9547,11.4193,42.728,6545.7152,10466.2536,0.021,0.0666,50.0
train,vfw,3,1024,35,9586.5702,34.9858,8.3117,25.4944,1766.6296,8229.507,0.4536,0.866,50.0
train,vfw,2,384,50,11175.2252,49.9828,16.3634,38.1236,2002.0592,8978.7345,0.0354,0.6664,50.0
train,vfw,4,896,50,11172.2171,50.0173,7.6697,27.6829,2507.1054,8552.6157,0.3304,0.667,50.0
train,vfw,4,256,80,14440.7857,79.9862,9.5689,56.649,6138.5785,11109.127,0.0335,0.2665,50.0
train,vfw,3,1024,40,10107.4083,39.9888,8.6157,25.6711,2240.9211,9112.8856,0.1731,0.7994,50.0
train,vfw,3,896,95,16091.0721,95.0206,10.4628,26.3143,6008.7584,11026.8751,0.0431,0.0666,50.0
train,vfw,4,896,80,14447.9188,80.0513,11.1218,28.3113,6089.1776,10634.625,0.107,0.2683,50.0
train,vfw,2,896,75,13909.7346,74.9462,17.0892,25.626,4590.4575,9818.7634,0.0343,0.3331,50.0
train,vfw,1,896,99999,18984.8909,126.92,46.6793,24.4113,10073.5272,11050.6788,0.0567,0.0,50.0
train,vfw,3,640,40,10150.3697,39.9939,8.0162,24.8273,1272.4941,8476.8698,0.0742,0.7998,50.0
train,vfw,1,512,95,16097.3464,95.0825,50.6495,25.1668,6735.5367,10678.0879,0.0548,0.0667,50.0
train,vfw,2,768,85,15010.78,84.9735,18.0943,25.5198,5970.4115,10678.6239,0.0213,0.1999,50.0
train,vfw,1,256,99999,18957.4162,126.9117,61.0222,49.8605,10186.8024,10872.3516,0.1303,0.0,50.0
train,vfw,1,896,60,12293.6749,59.9657,30.5567,24.3091,3970.5657,9839.6882,0.149,0.533,50.0
train,vfw,3,256,85,14977.0955,85.0051,15.9885,51.2002,6327.1641,10524.8073,0.0113,0.2,50.0
train,vfw,2,384,55,11721.7088,54.977,18.0963,37.7668,2830.1452,9458.6391,0.0333,0.5997,50.0
train,vfw,3,512,70,13381.8069,70.0038,11.1502,25.3245,4781.9482,10374.3759,0.0085,0.4,50.0
train,vfw,4,896,85,14997.6894,85.0781,10.7315,28.3938,6611.6235,11217.0204,0.0838,0.2018,50.0
train,vfw,2,896,75,13924.2924,74.9803,17.9816,25.3965,5033.8186,10328.5681,0.0343,0.3331,50.0
train,vfw,2,256,85,14989.3101,84.9986,24.5365,50.4148,6086.5109,10686.887,0.0297,0.1998,50.0
train,vfw,1,384,35,9509.5242,34.9663,31.9527,36.7031,1205.3279,8656.4892,0.0396,0.8663,49.0
train,vfw,2,256,50,11144.6544,50.0175,16.7563,52.1817,3321.4202,10093.1976,0.066,0.6661,50.0
train,vfw,1,896,50,11187.5974,49.9681,26.8688,24.0481,3213.8345,10000.5851,0.0486,0.6663,50.0
train,vfw,4,768,65,12762.827,64.9765,8.7917,28.0498,3557.0444,8689.3633,0.1432,0.4672,50.0
train,vfw,4,384,30,8905.3468,29.9949,6.0012,40.7539,1135.9597,7804.5882,0.0701,0.9326,50.0
train,vfw,2,256,30,8936.9043,30.0061,14.1767,52.7141,579.677,9034.3768,0.0867,0.9325,50.0
train,vfw,4,768,99999,18968.0556,126.8827,12.7208,27.5772,9903.2755,10569.2282,0.0016,0.0,50.0
train,vfw,3,256,85,14962.1363,84.9768,16.4532,51.1835,5888.8477,10169.4998,0.0114,0.2,50.0
train,vfw,3,256,55,11737.5439,54.9991,12.5371,51.5665,3409.4127,7931.8992,0.0994,0.6,50.0
train,vfw,3,1024,99999,18983.5111,126.9608,19.4074,28.0756,10021.6222,11088.1333,0.0015,0.0,50.0
train,vfw,1,896,35,9536.1604,34.9698,23.955,23.4892,1563.6428,9194.6081,0.0588,0.8661,50.0
train,vfw,1,1024,50,11212.2436,49.9577,24.3042,23.8864,3043.0297,9575.0648,0.1408,0.6661,50.0
train,vfw,3,640,55,11752.58,54.9854,9.5394,25.1622,2805.8376,9139.0961,0.0403,0.5999,50.0
train,vfw,4,256,100,16623.4889,99.95,14.5337,56.5344,7292.2843,11044.325,0.0142,0.0,50.0
train,vfw,3,1024,99999,18900.2889,126.8025,15.4593,26.8796,6793.5556,7477.4222,0.0015,0.0,50.0
train,vfw,4,512,80,14406.2048,79.9953,12.6113,28.4627,5511.679,9359.22,0.1747,0.2665,50.0
train,vfw,4,896,90,15543.0714,90.0543,10.3478,28.0928,6034.5798,10150.3363,0.0605,0.1354,50.0
train,vfw,2,640,90,15557.957,89.9508,21.0603,25.4694,6840.8862,11207.5856,0.0156,0.1333,50.0
train,vfw,4,512,30,8873.3342,29.9944,5.9067,27.4811,780.5001,6065.1442,0.138,0.9326,50.0
train,vfw,1,896,55,11734.0818,54.973,27.4397,24.0382,3623.4851,10231.7794,0.0474,0.5996,50.0
train,vfw,4,512,90,15503.4505,90.0145,12.6034,28.7595,6908.1886,10961.0081,0.0318,0.1332,50.0
train,vfw,2,640,55,11761.1217,54.9788,16.2762,24.8233,2885.4058,9791.7425,0.0206,0.5999,50.0
train,vfw,3,256,80,14425.8952,79.9683,16.5899,51.0471,5193.6792,9378.0472,0.0103,0.2667,50.0
train,vfw,1,256,45,10624.6352,44.9318,38.5181,49.4512,2603.8357,9388.477,0.0677,0.7327,49.0
train,vfw,3,384,25,8521.9212,25.0146,8.2906,38.1043,771.2825,7694.7143,0.0,1.0,50.0
train,vfw,2,256,25,8384.0135,24.9984,12.7851,52.9284,686.152,8911.1316,0.0919,0.9991,50.0
train,vfw,3,896,85,15000.2904,84.9793,12.9085,25.8032,5146.8605,9852.2765,0.124,0.1999,50.0
train,vfw,3,384,45,10676.8713,45.0098,10.7219,38.2968,2457.8957,8525.5962,0.0037,0.7333,50.0
train,vfw,1,512,55,11678.5926,55.0059,35.7406,24.4485,3688.7908,10202.9981,0.0057,0.6,50.0
train,vfw,1,512,30,8903.4277,29.9264,25.6861,24.0125,504.1753,8335.6505,0.001,0.9333,50.0
train,vfw,3,896,45,10694.3382,44.997,10.4776,25.6289,2442.1342,8442.3646,0.4816,0.7329,50.0
train,vfw,2,768,40,10142.7506,39.9802,13.7126,25.1336,2309.589,9598.9134,0.0426,0.7997,50.0
train,vfw,4,384,40,10007.4567,39.9855,7.1916,40.8332,1583.3085,7690.8768,0.0961,0.7994,50.0
train,vfw,1,384,80,14426.5436,79.9389,46.0167,36.7646,5800.9486,10654.1833,0.0221,0.2666,50.0
train,vfw,4,256,99999,18996.5746,126.9572,12.781,53.0635,7295.934,7917.8269,0.0014,0.0,50.0
train,vfw,3,768,100,16620.1835,100.025,13.6441,25.7647,5734.0496,10414.2788,0.0142,0.0,50.0
train,vfw,4,768,25,8395.8992,24.9979,6.6374,27.4127,918.3987,7790.2263,0.3089,0.9992,50.0
train,vfw,3,896,70,13366.4282,69.9699,10.6149,25.8684,3792.8946,9335.848,0.1466,0.3998,50.0
train,vfw,2,896,95,16072.9248,94.9492,19.6583,25.4703,6365.5686,10332.8845,0.0182,0.0666,50.0
train,vfw,1,1024,35,9563.562,34.9848,21.0711,23.6716,1735.1613,9386.8767,0.0778,0.866,50.0
train,vfw,2,256,25,8387.5112,24.9953,12.7266,52.9809,364.6,8235.5511,0.0919,0.9991,50.0
train,vfw,3,768,80,14445.8793,79.9688,11.4161,25.7646,4558.6551,9532.4397,0.0918,0.2666,50.0
train,vfw,3,512,55,11768.2284,55.0203,9.0232,24.6977,3683.5814,10128.7737,0.0057,0.6,50.0
train,vfw,2,768,65,12849.5326,64.9792,16.4108,25.2989,4446.0613,10379.2073,0.0307,0.4665,50.0
train,vfw,2,384,99999,18972.7654,126.997,30.1548,38.0208,8926.0356,10050.301,0.0015,0.0,50.0
train,vfw,3,768,40,10147.9099,40.0058,8.6767,25.0734,1780.6101,8733.9744,0.2564,0.7997,50.0
train,vfw,1,256,100,16588.5354,99.7403,53.3078,48.6779,7314.9943,10959.461,0.0143,0.0,50.0
train,vfw,3,384,80,14441.8531,79.9921,13.1836,38.2829,5097.783,9649.744,0.0104,0.2667,50.0
train,vfw,4,384,100,16628.203,99.9823,11.8994,42.905,7186.7018,10596.1094,0.1324,0.0,50.0
train,vfw,4,768,40,10040.5191,40.0025,6.8411,27.6385,2220.5366,8505.1615,0.2353,0.7997,50.0
train,vfw,4,768,85,14976.7947,85.0331,11.1005,28.44,6602.8985,10706.8778,0.0693,0.2012,50.0
train,vfw,4,512,45,10535.9967,45.0197,7.7441,27.5993,2683.1937,7710.3525,0.1115,0.7327,50.0
train,vfw,2,256,35,9477.2951,34.9724,14.5458,52.5713,1037.2956,8612.8938,0.0815,0.8659,50.0
train,vfw,4,640,30,8905.3917,29.9995,6.3806,27.3827,641.5796,7073.9693,0.2051,0.9326,50.0
train,vfw,4,768,100,16626.9839,100.0616,10.0501,28.7151,7623.314,11415.3778,0.0141,0.0016,50.0
train,vfw,1,896,30,9005.5997,29.9845,21.4802,23.9328,1199.3882,8726.8585,0.2017,0.9328,50.0
train,vfw,4,640,90,15512.0177,90.0312,11.8029,28.4496,5823.6359,10177.7582,0.0414,0.1339,50.0
train,vfw,2,896,99999,18977.4074,126.988,28.8944,25.7455,9385.4851,11363.2405,0.0016,0.0,50.0
train,vfw,2,384,85,15003.5148,84.9664,21.8137,37.5366,5672.0409,10230.2314,0.0205,0.1999,50.0
train,vfw,1,896,65,12834.3377,64.9618,30.9832,24.3108,4377.5776,10241.5218,0.0383,0.4664,50.0
train,vfw,4,768,65,12785.0081,65.0328,9.6832,28.0033,4477.0521,9732.7273,0.1431,0.4672,50.0
train,vfw,2,896,45,10689.8708,44.995,14.7158,25.5381,2289.1712,9779.6498,0.0584,0.7329,50.0
train,vfw,2,896,40,10149.9912,39.9801,14.3954,25.0182,1632.9973,8969.0061,0.113,0.7995,50.0
train,vfw,1,384,40,10052.843,39.96,34.4404,37.0399,2461.6606,9411.5414,0.0377,0.7997,49.0
train,vfw,1,896,80,14478.0139,79.9481,34.7631,24.5303,6005.0235,10756.9905,0.028,0.2665,50.0
train,vfw,2,512,99999,18983.0456,127.0204,27.7716,25.272,10216.9778,11415.3778,0.0015,0.0,50.0
train,vfw,3,1024,99999,18970.9778,126.9485,16.3037,26.688,9978.1333,11142.6444,0.0015,0.0,50.0
train,vfw,2,896,50,11229.1138,49.9964,14.7166,25.3129,2614.0837,9737.396,0.0544,0.6663,50.0
train,vfw,1,512,85,14991.7444,85.0619,46.4384,24.8952,5917.0237,10569.3401,0.0114,0.2,50.0
train,vfw,2,640,50,11223.9219,49.9864,16.0749,24.852,3314.1578,10167.552,0.0213,0.6665,50.0
train,vfw,1,256,100,16590.7606,99.7374,53.0691,48.6531,7357.2024,10959.1692,0.0352,0.0,50.0
train,vfw,4,256,99999,18992.8189,126.9577,13.0267,53.1718,7141.2663,7944.3924,0.0014,0.0,50.0
train,vfw,3,768,65,12851.7664,65.002,10.9248,25.632,4096.152,9927.7531,0.212,0.4665,50.0
train,vfw,1,640,80,14453.8164,80.0214,41.975,24.8975,5751.5004,10732.3736,0.0163,0.2666,50.0
train,vfw,4,640,100,16610.1049,100.0195,12.3139,28.6998,7062.3085,10793.0183,0.0141,0.0008,50.0
train,vfw,1,640,99999,18995.0565,126.9724,52.5748,23.5524,9832.1219,10949.6686,0.0013,0.0,50.0
train,vfw,3,512,45,10686.6057,44.9904,9.4243,24.5424,1850.368,9133.3868,0.0038,0.7333,50.0
train,vfw,2,640,100,16645.4146,99.9565,22.1124,25.2466,7530.051,11164.8971,0.0509,0.0,50.0
train,vfw,2,640,99999,18974.8317,127.0091,29.0423,25.2996,9291.9258,11187.9812,0.0015,0.0,50.0
train,vfw,3,768,100,16622.0603,100.0257,13.2927,25.7579,6095.3898,11076.2348,0.0142,0.0,50.0
train,vfw,3,384,99999,18947.9624,126.8983,17.6308,37.3765,6971.8671,8165.3001,0.0015,0.0,50.0
train,vfw,4,640,35,9457.6123,34.989,7.8698,27.4972,1723.7607,7225.6964,0.1915,0.8661,50.0
train,vfw,1,640,55,11697.7238,54.9944,33.3029,24.2847,3423.2112,9868.8442,0.0189,0.5999,50.0
train,vfw,3,768,65,12834.9609,64.9805,10.7897,25.6105,3917.5132,9536.176,0.1622,0.4665,50.0
train,vfw,1,640,30,8942.8036,29.9582,24.9781,23.9701,1586.9532,9164.9505,0.0213,0.9331,50.0
train,vfw,4,1024,45,10653.7982,45.0251,7.7186,27.9042,2811.9123,9971.1417,0.3223,0.7336,49.0
train,vfw,3,896,60,12295.6734,60.0194,9.9396,25.4069,2869.6234,9735.8306,0.1297,0.533,50.0
train,vfw,4,256,85,14982.1387,84.9744,10.2275,56.1714,5770.4284,10372.0959,0.0286,0.1998,50.0
train,vfw,2,640,65,12850.826,64.9602,16.7754,24.8309,3403.5767,9180.6683,0.0191,0.4666,50.0
train,vfw,2,256,85,14988.2217,85.0001,24.1802,50.2584,5829.577,10397.7796,0.0297,0.1998,50.0
train,vfw,3,1024,100,16636.1746,99.9817,13.1833,27.1877,7045.4593,10967.1912,0.0138,0.0,50.0
train,vfw,1,384,100,16618.9311,99.9245,52.6798,36.8005,7032.9464,11183.7903,0.0144,0.0,50.0
train,vfw,2,896,45,10688.6496,44.9924,15.0669,25.3168,2496.8603,9704.5776,0.0584,0.7329,50.0
train,vfw,1,1024,60,12298.9987,59.9362,26.4027,24.0827,4275.6619,9989.5049,0.0533,0.5329,50.0
train,vfw,3,1024,75,13921.3978,74.9918,11.162,26.2868,4625.2854,9840.1052,0.16,0.3331,50.0
train,vfw,2,768,80,14466.1559,79.9621,19.9137,25.3027,5454.0869,10411.1473,0.0236,0.2666,50.0
train,vfw,4,512,55,11627.2362,55.0013,8.7725,27.978,3445.9504,8448.7631,0.0158,0.5995,50.0
train,vfw,3,256,90,15512.8249,89.9872,17.0908,51.4609,6482.594,10648.2538,0.0123,0.1333,50.0
train,vfw,3,512,90,15529.0695,90.0019,12.0545,25.2878,6557.1577,10863.4968,0.0123,0.1333,50.0
train,vfw,1,256,70,13336.6164,69.8365,44.9784,49.1957,5169.8073,10044.4389,0.0434,0.3997,49.0
train,vfw,3,896,55,11773.4981,54.995,9.1612,25.7402,2981.2352,8546.3864,0.4025,0.5996,50.0
train,vfw,1,512,70,13335.989,70.0314,41.2647,24.8199,5296.7232,10919.3657,0.0086,0.4,50.0
train,vfw,4,896,30,8977.7169,29.9934,6.7223,27.4111,1404.5415,8791.6383,0.3393,0.9328,49.0
train,vfw,2,640,30,9035.9676,29.9641,12.0298,24.4675,801.4326,8721.3728,0.0242,0.9331,50.0
train,vfw,3,768,60,12289.1441,60.0112,9.2339,25.1285,3967.5573,10254.8568,0.0582,0.5331,50.0
train,vfw,3,1024,80,14464.0304,79.9991,11.6552,26.1101,3988.6324,9768.3469,0.181,0.2665,50.0
train,vfw,2,768,95,16087.4533,94.9546,20.8809,25.3021,6734.1783,10742.6783,0.0165,0.0666,50.0
train,vfw,3,640,99999,18963.1159,126.9687,18.4589,25.4627,9780.9293,10884.5453,0.0015,0.0,50.0
train,vfw,2,256,50,11139.7532,50.0026,16.7309,51.9608,2968.6856,9705.0521,0.066,0.6661,50.0
train,vfw,2,512,55,11755.716,54.9636,16.3565,24.589,3157.6704,9685.7173,0.0058,0.6,50.0
train,vfw,1,768,40,10062.1146,39.962,25.1859,23.8755,1371.2448,8607.2484,0.0379,0.7997,50.0
train,vfw,2,512,50,11217.3645,49.9659,15.7271,24.55,3042.0435,9805.978,0.0047,0.6667,50.0
train,vfw,1,512,40,10023.7239,39.9769,32.248,24.0078,2163.8628,9502.914,0.0028,0.8,50.0
train,vfw,1,256,30,8998.9707,29.9893,34.08,49.5219,754.6079,8637.7352,0.0824,0.9326,48.0
train,vfw,4,640,90,15515.0676,90.0063,12.4598,28.1177,6047.6594,9894.3272,0.1107,0.1339,50.0
train,vfw,1,384,99999,18972.4233,126.9592,58.9923,36.412,9810.7058,10922.119,0.0014,0.0,50.0
train,vfw,4,512,75,13844.3047,74.998,9.6554,28.3665,4815.8851,9100.5496,0.0584,0.3331,50.0
train,vfw,3,256,45,10643.1636,44.9996,11.1586,51.6492,2410.3456,7678.1084,0.0033,0.7333,50.0
train,vfw,4,256,95,16079.4762,94.9642,11.5836,56.7782,7191.0116,11119.729,0.019,0.0666,50.0
train,vfw,3,640,95,16071.6387,94.9977,13.1552,25.6494,6931.0493,11062.063,0.0186,0.0667,50.0
train,vfw,1,512,65,12791.2856,65.0526,38.4577,25.2656,4982.2365,10907.7677,0.0076,0.4667,50.0
train,vfw,4,896,35,9520.1504,34.9888,6.895,27.7146,1420.7969,8497.6713,0.3161,0.8663,49.0
train,vfw,4,1024,25,8472.1019,25.0081,5.3693,27.5122,685.6342,9201.6178,0.4344,0.9992,49.0
train,vfw,2,1024,50,11231.9965,50.009,11.3323,25.8763,2865.2449,9918.8066,0.0293,0.6661,50.0
train,vfw,2,384,75,13904.7782,74.9757,21.1606,37.8311,5226.4155,10631.9237,0.0248,0.3332,50.0
train,vfw,2,384,25,8450.4365,25.0068,13.7331,38.8828,1080.6158,9381.2173,0.0459,0.9995,50.0
train,vfw,1,256,35,9541.6343,34.9775,36.1182,49.4584,1175.1416,9062.9431,0.0995,0.866,48.0
train,vfw,1,1024,35,9561.7491,34.9773,20.2413,23.6241,1118.6023,8682.5211,0.0778,0.866,50.0
train,vfw,4,512,85,14944.7968,85.0028,10.9756,28.6155,6210.4571,10482.5589,0.0408,0.1998,50.0
train,vfw,4,512,50,11071.2941,50.0,7.8489,27.8146,2741.2563,7984.5025,0.0925,0.6661,50.0
train,vfw,1,768,80,14454.9337,79.961,37.6039,24.5685,5676.7084,10646.52,0.0222,0.2666,50.0
train,vfw,2,1024,90,15538.033,89.9932,17.4811,26.0397,6446.1837,11090.5736,0.0255,0.1332,50.0
train,vfw,4,1024,100,16641.1879,100.0946,10.163,28.1347,7018.1122,10737.4671,0.0141,0.0033,50.0
train,vfw,4,640,75,13858.301,75.023,10.4834,28.0231,5327.6153,9868.7715,0.0823,0.3336,50.0
train,vfw,3,512,40,10158.3484,39.9889,8.9238,24.6608,1727.53,8841.9405,0.0772,0.8,50.0
train,vfw,1,896,70,13380.5608,69.9659,32.1713,24.1408,4316.3715,9833.0464,0.0348,0.3998,50.0
train,vfw,1,1024,30,9017.2693,29.9873,19.341,23.5649,1201.322,9137.971,0.0827,0.9326,50.0
test,vfw,1,512,99999,18952.9111,126.8417,58.4667,23.4268,10036.8,11174.1333,0.0013,0.0,50.0
train,vfw,1,896,90,15572.57,89.9539,37.3537,24.3943,6208.887,11087.4847,0.0212,0.1333,50.0
train,vfw,1,640,40,10037.2973,39.9697,28.8412,23.7129,1764.6998,9206.6539,0.0201,0.7998,50.0
train,vfw,1,896,80,14483.7317,79.9732,31.4295,24.4845,5787.3106,10784.4824,0.028,0.2665,50.0
train,vfw,3,512,85,14994.3405,85.0185,12.5254,25.2287,6145.7439,10932.3711,0.0114,0.2,50.0
train,vfw,2,256,55,11689.3175,55.0039,19.1053,51.6543,3727.6567,10200.832,0.0608,0.5995,50.0
train,vfw,2,1024,95,16079.4424,94.9958,17.4611,26.3836,7303.1429,11196.6,0.0198,0.0666,50.0
train,vfw,4,256,90,15534.6972,89.9847,9.981,56.7491,6602.2796,10954.9002,0.0238,0.1332,50.0
train,vfw,2,640,70,13390.7017,69.9714,17.7447,24.9356,4667.3322,10221.4721,0.0184,0.3999,50.0
train,vfw,1,256,35,9539.7411,34.9679,35.6033,49.5427,2055.5282,9261.0143,0.0316,0.866,48.0
train,vfw,3,1024,50,11212.9048,49.9903,10.9975,25.4034,1947.6895,8296.7819,0.3367,0.6661,50.0
train,vfw,2,768,70,13390.1751,69.9729,17.1798,25.1674,3889.2566,9392.3248,0.0283,0.3998,50.0
train,vfw,3,640,55,11774.0176,54.9973,10.4778,25.1822,3107.478,9176.5812,0.2009,0.5999,50.0
train,vfw,1,896,35,9541.0388,34.9845,24.7469,24.0336,2091.0896,9790.1968,0.0588,0.8661,50.0
train,vfw,3,256,55,11714.3936,54.9535,12.5188,51.7258,2700.3374,7437.7951,0.0057,0.6,50.0
train,vfw,3,1024,50,11198.9987,50.0097,9.2048,25.4894,2238.3252,9187.1498,0.1702,0.6661,50.0
train,vfw,3,640,80,14458.6314,80.0146,12.4188,25.4235,5687.124,10904.8321,0.0613,0.2666,50.0
train,vfw,1,640,65,12795.1718,64.9973,39.0373,24.2483,4145.2411,10163.8744,0.0178,0.4666,50.0
train,vfw,4,512,100,16621.5008,100.0166,12.7288,28.8665,7535.5871,10984.3875,0.1364,0.0,50.0
train,vfw,4,640,70,13313.6811,70.0219,10.4977,28.2764,4866.0619,9618.3196,0.096,0.4002,50.0
train,vfw,1,512,60,12233.6364,60.0271,38.785,24.6268,4136.2185,10327.574,0.0067,0.5333,50.0
train,vfw,1,384,70,13336.1296,69.9431,42.373,36.9119,4485.5822,9981.2066,0.026,0.3998,50.0
train,vfw,4,640,25,8356.5471,24.9969,5.8233,27.3545,379.3,6685.6846,0.2188,0.9992,50.0
train,vfw,2,384,50,11179.0902,49.9831,14.9004,38.4557,3116.8387,9597.9673,0.0353,0.6664,50.0
train,vfw,3,768,35,9593.315,34.9972,8.6153,24.9832,1521.6665,9025.5295,0.1227,0.8663,50.0
train,vfw,1,256,35,9539.0002,34.9872,35.44,49.2472,1789.0885,9395.0392,0.0775,0.866,48.0
train,vfw,3,256,60,12283.6546,59.987,13.5585,51.7457,3774.9751,7985.4218,0.1434,0.5333,50.0
validation,vfw,4,1024,99999,18966.9778,126.923,13.9333,27.8878,10187.2889,11140.4444,0.0015,0.0,50.0
test,vfw,4,256,100,16626.2,99.9683,12.4167,52.2231,7593.8444,11403.6889,0.0141,0.0,50.0
train,vfw,2,512,50,11216.5391,49.9549,17.9223,24.3068,2467.1372,9151.0637,0.0047,0.6667,50.0
train,vfw,4,512,85,14947.3954,85.007,11.4074,28.5647,5704.8551,9814.0798,0.0254,0.1998,50.0
train,vfw,1,640,85,15001.9863,85.021,43.0575,24.8609,6381.043,10849.4004,0.0158,0.2,50.0
train,vfw,2,512,95,16105.6171,94.9391,23.5906,25.21,7372.3107,11415.3778,0.0132,0.0667,50.0
train,vfw,4,256,85,14978.1851,84.9589,10.7038,55.8882,5742.29,10342.0922,0.0286,0.1998,50.0
train,vfw,4,384,40,10011.0407,39.9895,6.5417,41.0151,2025.4892,8199.2369,0.0962,0.7994,50.0
train,vfw,3,640,95,16075.0403,95.0134,11.8593,25.663,6490.4779,10896.409,0.0247,0.0667,50.0
train,vfw,4,384,40,10002.4318,39.969,6.4295,41.098,1840.481,7708.2514,0.0962,0.7994,50.0
train,vfw,3,512,100,16594.6557,100.013,12.8623,25.2573,7184.0663,11415.3778,0.0146,0.0,50.0
train,vfw,1,384,99999,18975.0984,126.9543,58.2245,36.5221,10216.9778,11415.3778,0.0014,0.0,50.0
train,vfw,3,896,70,13375.5535,70.0106,10.0075,25.7962,3763.515,9861.903,0.0774,0.3998,50.0
train,vfw,4,640,55,11660.4975,55.013,8.598,27.7469,2930.5722,8399.4856,0.137,0.5998,50.0
train,vfw,3,1024,100,16634.936,99.9884,12.7617,27.0711,7393.512,11366.7137,0.0138,0.0,50.0
train,vfw,3,640,55,11762.197,54.9969,9.253,25.1769,3603.0948,10150.5049,0.0542,0.5999,50.0
train,vfw,4,512,65,12736.3866,65.0043,10.0309,28.1086,3676.7994,8693.7528,0.0761,0.4663,50.0
train,vfw,4,896,60,12260.3371,60.0357,10.3517,28.1412,4083.2195,9946.9146,0.1999,0.5341,50.0
train,vfw,4,256,75,13884.4861,74.9776,10.116,55.8837,5653.8187,10856.3097,0.0382,0.3331,50.0
train,vfw,1,640,25,8394.2625,24.9599,23.1986,23.793,794.8337,8720.47,0.0219,0.9998,50.0
train,vfw,1,640,100,16652.4137,100.0303,48.99,25.0624,7748.4517,11316.7708,0.0143,0.0,50.0
train,vfw,4,256,60,12239.3945,59.9828,8.404,55.25,4009.4071,10072.8072,0.0628,0.5329,50.0
train,vfw,2,896,25,8521.3164,24.9902,11.8897,25.2399,894.7779,9333.5289,0.0,0.9994,50.0
train,vfw,3,384,55,11746.0796,54.9822,11.6249,37.9503,2805.3321,8376.0565,0.0057,0.6,50.0
train,vfw,4,768,99999,18959.8664,126.901,12.5764,27.0708,9494.0855,10536.8337,0.0016,0.0,50.0
train,vfw,4,768,85,14979.777,85.0448,9.1457,28.3971,5968.5651,10352.7731,0.0694,0.2012,50.0
train,vfw,2,640,65,12846.7128,64.9742,17.6851,24.7821,3775.8659,10009.2994,0.0192,0.4666,50.0
train,vfw,4,640,40,10008.2759,39.998,6.6838,27.6186,1648.2031,7281.1495,0.1779,0.7995,50.0
train,vfw,3,896,90,15550.8748,90.0076,12.8833,26.2572,6010.4119,10671.8344,0.0832,0.1333,50.0
train,vfw,1,512,90,15544.2109,90.0765,49.0059,25.343,6771.5287,11190.2497,0.0124,0.1333,50.0
train,vfw,2,256,65,12787.3885,64.9846,20.0288,51.3594,4769.9324,10030.129,0.0503,0.4662,50.0
train,vfw,4,640,55,11661.9317,55.0062,9.2155,28.1731,3852.0386,9118.8558,0.1369,0.5998,50.0
train,vfw,1,640,70,13344.7944,70.0116,38.2646,24.5155,4869.8589,10608.1294,0.0171,0.3999,50.0
train,vfw,2,640,70,13391.208,69.9735,17.4633,25.3276,4818.573,10384.5897,0.0184,0.3999,50.0
train,vfw,1,256,65,12799.2761,64.8826,43.6449,48.9307,4468.4753,10232.4591,0.0483,0.4663,49.0
train,vfw,3,896,60,12304.8251,60.0097,10.4162,25.5314,2933.5591,9204.9507,0.2589,0.533,50.0
train,vfw,1,768,50,11167.102,49.9861,29.2613,23.9791,2694.7823,9669.8264,0.034,0.6664,50.0
train,vfw,4,384,80,14419.3666,79.9951,10.5355,42.3722,5810.1662,10401.307,0.0415,0.2665,50.0
train,vfw,1,384,60,12243.0122,59.9489,40.4819,36.9514,4065.4822,9968.8471,0.0299,0.5331,49.0
train,vfw,2,256,75,13888.9646,74.9845,22.7095,50.4005,4801.0311,9825.3775,0.0895,0.333,50.0
train,vfw,1,384,70,13322.7816,69.9372,42.9625,36.82,4621.551,10444.8658,0.0276,0.3998,50.0
train,vfw,1,640,99999,18998.9556,126.9682,54.6519,23.6407,10033.8166,10826.0155,0.1209,0.0,50.0
train,vfw,4,256,45,10590.2852,44.9891,6.6022,54.5625,1906.062,9132.3945,0.0672,0.7327,50.0
train,vfw,1,768,80,14469.1458,80.006,37.9731,24.2854,5614.6988,10870.4152,0.0222,0.2666,50.0
train,vfw,1,512,70,13335.5564,70.0409,41.5368,24.7969,5039.9184,10605.2704,0.0086,0.4,50.0
train,vfw,1,896,95,16122.9006,94.9469,38.1674,24.382,7446.5183,11415.3778,0.0178,0.0666,50.0
train,vfw,1,384,40,10060.577,39.9692,33.7411,36.8399,1967.7186,9082.4416,0.1085,0.7997,49.0
train,vfw,2,1024,75,13926.9188,75.0043,16.4361,25.7658,5279.4772,10624.7084,0.0425,0.3331,50.0
train,vfw,2,256,25,8373.9517,24.9625,12.6887,53.0252,360.8,8531.0364,0.0919,0.9991,50.0
train,vfw,2,384,45,10634.0207,44.9883,15.6868,38.1719,1925.388,9146.2855,0.0375,0.733,50.0
train,vfw,2,640,40,10136.9406,39.9785,13.5177,24.7752,2651.6722,10102.1179,0.0227,0.7998,50.0
train,vfw,4,384,65,12765.5388,64.9913,8.3881,41.8296,4213.5026,9372.5807,0.062,0.4663,50.0
train,vfw,3,896,25,8513.7654,25.0047,7.8383,24.9562,815.6483,8207.1331,0.3738,0.9994,50.0
train,vfw,1,512,85,14990.4169,85.0618,47.5881,25.0679,6197.6654,10892.9259,0.0114,0.2,50.0
train,vfw,2,768,95,16089.6269,94.9585,20.558,25.6731,7348.629,11143.5536,0.0165,0.0666,50.0
train,vfw,4,1024,75,13916.3099,75.0532,10.7197,27.8018,5464.5513,10499.6464,0.1542,0.3353,50.0
train,vfw,1,896,90,15573.5413,89.954,37.4199,24.4442,6728.1397,11208.2275,0.0186,0.1333,50.0
train,vfw,1,512,99999,18996.5934,127.0001,56.5999,23.1291,9442.8777,11073.2275,0.0013,0.0,50.0
train,vfw,1,896,50,11190.7267,49.9845,26.4328,23.8181,3183.1852,9959.6588,0.0486,0.6663,50.0
train,vfw,1,512,85,14990.4819,85.0672,46.8168,25.0351,6352.5511,11034.8208,0.0115,0.2,50.0
train,vfw,4,768,55,11686.4368,55.0174,8.2001,27.7585,2927.2444,8725.9966,0.18,0.6002,50.0
train,vfw,2,384,100,16647.9016,99.9649,23.281,37.2767,6862.6115,10509.8221,0.0141,0.0,50.0
train,vfw,3,512,30,9078.6,29.9905,7.4244,24.8565,1338.3644,9078.5032,0.0009,0.9333,50.0
train,vfw,2,640,35,9600.4044,34.9841,12.8311,24.6592,1278.9883,8960.1996,0.0234,0.8665,50.0
train,vfw,4,768,30,8947.7052,30.0169,6.6765,27.3546,1360.1497,8078.0834,0.2722,0.9327,50.0
train,vfw,2,640,100,16642.108,99.962,23.1483,25.3746,7827.8572,11415.3778,0.0142,0.0,50.0
train,vfw,4,896,50,11170.6364,50.0265,6.9866,27.8313,2728.9033,9042.1383,0.2464,0.667,50.0
train,vfw,2,256,30,8946.9597,29.9931,13.887,52.9195,1490.4684,9236.9606,0.1719,0.9325,50.0
train,vfw,3,896,65,12850.2362,65.0058,10.5703,25.619,2947.2501,8780.1876,0.2908,0.4664,50.0
train,vfw,1,896,25,8445.539,24.9904,18.9914,23.8943,591.644,8781.4706,0.0657,0.9994,50.0
train,vfw,3,256,70,13348.7688,69.9933,14.4987,51.4848,4119.6476,9053.5477,0.0085,0.4,50.0
train,vfw,2,256,45,10587.1932,44.9906,17.9772,52.0257,2567.7599,9454.6722,0.0711,0.7327,50.0
train,vfw,3,384,75,13900.2751,75.0104,11.7693,38.1249,5439.9252,10188.1828,0.0095,0.3333,50.0
train,vfw,2,640,95,16097.7834,94.9476,21.5074,25.3598,7455.1816,11415.3778,0.0149,0.0667,50.0
train,vfw,4,768,85,14982.797,85.0586,10.1712,28.5313,6131.886,10815.5286,0.0695,0.2012,50.0
train,vfw,3,384,70,13368.0567,70.0067,12.5386,38.2104,4690.8177,9684.4889,0.0085,0.4,50.0
train,vfw,1,256,100,16577.5945,99.711,52.8548,48.748,7063.9831,10458.8257,0.0143,0.0,50.0
train,vfw,2,256,55,11687.3075,54.9932,19.7098,51.5491,3375.5761,9797.8439,0.0608,0.5995,50.0
train,vfw,1,896,55,11738.3042,54.975,27.645,24.2392,3587.7207,10005.4608,0.0617,0.5996,50.0
train,vfw,1,256,25,8459.6659,25.0081,32.8149,49.7556,1059.678,9083.536,0.0872,0.9992,48.0
train,vfw,1,640,35,9494.8384,34.97,26.0338,23.9344,1171.2255,8731.4427,0.0209,0.8665,50.0
train,vfw,1,768,70,13354.3613,69.9847,34.555,24.293,4664.1673,10541.9107,0.0235,0.3998,50.0
train,vfw,3,1024,45,10689.4528,45.0054,10.1418,25.6365,2045.6962,8108.2832,0.5579,0.7327,50.0
train,vfw,2,640,30,9047.0825,30.0052,12.0039,24.2854,1361.1591,9422.9427,0.0242,0.9331,50.0
train,vfw,2,640,45,10680.1442,44.9804,15.2033,24.961,2378.1429,9638.7633,0.022,0.7332,50.0
train,vfw,2,640,30,9063.8445,29.9864,13.6218,25.0349,1283.8337,9107.5427,0.0945,0.9331,50.0
train,vfw,3,384,100,16597.7962,99.9913,14.9991,38.3319,7098.0937,10779.3266,0.0142,0.0,50.0
train,vfw,1,384,85,14978.9168,84.9273,48.2959,37.1455,6278.7059,10921.6645,0.0202,0.1999,50.0
train,vfw,4,1024,99999,18967.5677,126.9242,12.6808,27.0616,7904.3464,9078.0855,0.0017,0.0,50.0
train,vfw,1,1024,25,8451.8444,24.9547,18.4601,23.7418,363.9,8310.548,0.0876,0.9992,50.0
train,vfw,4,1024,35,9557.7794,35.0149,7.2135,27.4263,1026.6749,8699.6492,0.3783,0.8664,49.0
train,vfw,3,384,50,11211.1438,50.0002,10.17,38.2197,2358.0939,8381.9829,0.0048,0.6667,50.0
train,vfw,4,640,95,16058.7716,95.0074,12.6154,28.1306,6323.468,10187.1603,0.0277,0.0674,50.0
train,vfw,3,768,75,13922.2922,75.0126,11.6499,25.6853,4447.6665,10263.4504,0.0878,0.3332,50.0
train,vfw,2,256,90,15526.8474,89.9714,24.4363,50.015,6106.3073,10342.2068,0.0245,0.1332,50.0
train,vfw,1,512,50,11130.3077,50.0138,34.2208,24.127,2649.6641,9756.9947,0.0048,0.6667,50.0
train,vfw,3,640,55,11780.7963,54.996,10.0365,25.3025,3191.2816,8959.2919,0.2704,0.5999,50.0
train,vfw,2,1024,35,9616.6341,34.998,12.7372,25.4905,997.2186,8835.3303,0.088,0.866,50.0
train,vfw,2,896,75,13929.057,74.9841,17.7549,25.9101,5272.2434,10582.2655,0.0343,0.3331,50.0
train,vfw,1,896,90,15575.2537,89.9448,36.7439,24.3954,6651.1445,11062.6059,0.0212,0.1333,50.0
train,vfw,4,768,45,10587.3391,44.998,6.9144,27.7762,2469.0244,8153.626,0.2169,0.7332,50.0
train,vfw,4,512,75,13849.1062,75.0021,9.7796,28.3574,4854.0137,9156.0947,0.0583,0.3331,50.0
train,vfw,3,640,85,14995.7755,85.0086,10.5257,25.5222,5409.7523,10325.6838,0.0212,0.2,50.0
train,vfw,1,1024,75,13941.661,74.933,30.3473,24.0017,4664.4982,9958.2047,0.0387,0.3331,50.0
train,vfw,4,1024,65,12820.7611,65.0484,8.5589,27.7334,4392.2774,10430.2959,0.1355,0.4681,50.0
train,vfw,3,1024,40,10129.9499,40.0041,7.7364,25.552,1268.534,8144.9193,0.4383,0.7994,50.0
train,vfw,3,384,45,10676.0274,44.9958,10.1716,38.3435,2413.084,8338.3627,0.0487,0.7333,50.0
train,vfw,3,640,25,8530.1914,24.9999,7.0922,24.8065,386.3,8566.5669,0.1182,0.9998,50.0
train,vfw,4,640,80,14413.1622,80.0243,10.7912,28.1672,5204.4954,9900.0215,0.0687,0.2671,50.0
train,vfw,4,256,85,14980.5523,84.9789,10.292,56.0987,5522.6241,10679.29,0.0287,0.1998,50.0
train,vfw,4,896,75,13897.3509,75.0474,9.9151,28.1139,5283.5349,10433.0918,0.0989,0.3347,50.0
train,vfw,2,256,35,9486.0089,35.0017,14.8771,52.499,911.6003,8946.7636,0.0815,0.8659,50.0
train,vfw,3,768,95,16084.4268,95.0182,11.7051,26.5552,7085.9752,11407.4271,0.027,0.0666,50.0
train,vfw,4,1024,80,14463.5135,80.0762,8.1413,28.0209,5698.1569,10689.6258,0.1262,0.2689,50.0
train,vfw,2,640,90,15554.482,89.9543,20.8992,25.1814,6016.1663,10292.5345,0.0156,0.1333,50.0
train,vfw,1,896,75,13906.9697,74.9078,32.8361,24.2568,4444.4805,9664.1392,0.0315,0.3331,50.0
train,vfw,3,512,65,12840.776,65.0055,10.0285,25.0781,3983.5596,10051.8134,0.0076,0.4667,50.0
train,vfw,4,640,60,12210.361,60.0124,9.0438,28.0309,3567.8,8808.2139,0.1233,0.5333,50.0
train,vfw,3,384,90,15522.2138,89.9942,14.1762,38.3546,6795.4562,10987.9073,0.0123,0.1333,50.0
train,vfw,3,512,35,9613.5624,35.0008,8.1085,24.782,1094.6688,9174.1542,0.0019,0.8667,50.0
train,vfw,4,256,70,13329.9479,69.9588,11.4001,55.203,4450.8697,9911.869,0.0431,0.3997,50.0
train,vfw,3,1024,70,13384.1105,69.9543,10.6172,26.1788,3283.5202,8083.7126,0.3702,0.3997,50.0
train,vfw,4,384,85,14961.7492,84.9994,9.9087,42.1341,6570.2899,10697.2218,0.0347,0.1998,50.0
train,vfw,4,512,55,11634.5209,54.9937,8.5827,28.028,3583.5258,8374.8978,0.0938,0.5995,50.0
train,vfw,2,1024,25,8543.4483,25.0123,14.081,25.729,1012.3579,9616.3749,0.0994,0.9992,50.0
train,vfw,1,896,100,16672.5444,99.9448,39.5266,24.5981,7529.3096,11333.3883,0.0143,0.0,50.0
train,vfw,3,512,80,14443.722,80.0024,11.0234,25.1404,5366.5083,10542.8446,0.0092,0.2667,50.0
train,vfw,3,896,65,12854.1281,65.0044,12.3768,26.06,3763.3633,9318.7676,0.3216,0.4664,50.0
train,vfw,4,896,70,13349.4521,70.0406,9.6361,27.7949,4369.0185,9917.3173,0.1535,0.4012,50.0
train,vfw,4,384,85,14964.4481,84.9937,11.1419,42.3136,5336.7688,9625.0456,0.0346,0.1998,50.0
train,vfw,3,384,35,9606.9116,34.9956,9.3531,38.373,1321.9024,7406.7071,0.1313,0.8667,50.0
validation,vfw,3,1024,99999,18954.9556,126.84,18.1333,25.6483,6778.4667,7541.6222,0.0015,0.0,50.0
train,vfw,1,384,55,11695.8341,54.9593,38.4896,36.7663,3332.4416,10020.5579,0.0319,0.5998,49.0
train,vfw,1,256,80,14425.0578,79.8301,49.0113,49.0227,5946.9589,10873.8957,0.0337,0.2665,49.0
train,vfw,3,256,65,12811.7432,64.9877,13.7486,51.6365,4467.9197,9074.0477,0.0075,0.4667,50.0
train,vfw,1,512,65,12785.5042,65.0256,39.7623,24.8049,4351.3333,10204.9744,0.0076,0.4667,50.0
train,vfw,1,256,85,14965.046,84.7989,49.5113,48.9007,6298.391,10662.9896,0.0289,0.1998,50.0
train,vfw,4,1024,80,14462.7671,80.0654,9.8499,28.0228,5332.2405,10281.3081,0.1262,0.2689,50.0
train,vfw,3,640,50,11225.1359,50.0096,7.8478,25.0676,2970.7642,9496.9626,0.1043,0.6665,50.0
train,vfw,4,768,100,16625.9927,100.056,10.8132,28.6166,7491.9236,11274.0046,0.0141,0.0016,50.0
train,vfw,2,256,55,11688.9254,54.9972,17.4795,51.6565,3099.9257,9486.3749,0.0608,0.5995,50.0
train,vfw,2,1024,65,12848.8658,64.9868,15.848,25.8459,4719.9289,10164.7168,0.0539,0.4663,50.0
train,vfw,1,640,55,11677.5634,54.949,32.915,24.2915,2718.5891,9074.5709,0.0189,0.5999,50.0
train,vfw,3,384,70,13368.6761,70.0061,11.9775,38.6504,4960.0659,9974.766,0.0085,0.4,50.0
train,vfw,3,768,25,8507.2213,24.9988,7.1926,24.8298,421.0903,8663.6925,0.1051,0.9996,50.0
train,vfw,2,768,60,12303.7548,59.9743,16.1367,25.2791,3922.2126,10017.2354,0.0171,0.5331,50.0
train,vfw,3,640,65,12843.0056,65.0104,10.9339,25.3299,4320.7605,10160.6935,0.0655,0.4666,50.0
train,vfw,1,1024,40,10111.3468,39.9771,23.5713,24.0274,2257.0106,9625.4955,0.0729,0.7994,50.0
train,vfw,1,512,100,16651.9633,100.0874,52.556,25.5412,7458.4746,11255.2088,0.0143,0.0,50.0
train,vfw,2,256,25,8388.4222,24.9983,13.1,53.0477,634.8,8882.4444,0.0919,0.9991,50.0
train,vfw,4,1024,99999,18968.0461,126.9281,13.0115,26.9792,6844.9829,7928.5715,0.0015,0.0,50.0
train,vfw,2,512,75,13937.0387,74.962,19.0095,25.1734,5442.0901,10656.8938,0.0235,0.3333,50.0
train,vfw,2,1024,90,15542.0102,89.9985,17.2421,26.0363,6520.4822,11002.5665,0.0255,0.1332,50.0
train,vfw,4,768,90,15529.2069,90.0562,10.9839,28.3854,6354.1129,10858.5584,0.051,0.1347,50.0
train,vfw,3,768,90,15533.6674,90.0193,12.6896,25.7971,6062.5368,11228.0114,0.0471,0.1333,50.0
train,vfw,2,896,75,13931.2055,74.9794,16.9475,25.4928,4602.8091,9857.7669,0.0342,0.3331,50.0
train,vfw,1,768,80,14457.9203,79.9648,39.0545,23.9541,5267.3563,10202.6707,0.0222,0.2666,50.0
train,vfw,4,768,55,11675.5409,54.9992,8.0593,27.8176,3044.375,8722.0502,0.1522,0.6002,50.0
train,vfw,4,512,85,14954.2347,85.0123,11.796,28.6481,6206.0612,10243.4031,0.0731,0.1998,50.0
train,vfw,2,512,95,16107.5715,94.9363,21.0811,25.1879,7339.7741,10956.1187,0.0133,0.0667,50.0
train,vfw,4,896,30,8969.9396,29.9816,7.4998,27.7038,950.7109,8296.2465,0.3393,0.9328,49.0
train,vfw,4,512,75,13848.3041,75.0029,11.4984,28.5979,4961.9353,9283.3538,0.0583,0.3331,50.0
train,vfw,4,256,60,12240.8031,59.984,8.0512,55.1869,3715.7255,9775.5271,0.0527,0.5329,50.0
train,vfw,1,256,40,10081.4805,39.9532,36.8386,49.6071,1979.7675,9291.7388,0.0726,0.7994,48.0
train,vfw,3,256,80,14434.142,79.9901,15.7165,51.5918,5828.4677,10089.7789,0.0103,0.2667,50.0
train,vfw,2,768,35,9607.4136,34.9825,12.7514,24.8707,1028.471,8606.91,0.0449,0.8663,50.0
train,vfw,2,256,99999,18963.1549,126.9552,29.2766,50.8548,6723.0159,7501.3921,0.0015,0.0,50.0
train,vfw,3,512,60,12287.3319,59.9619,9.4342,25.0415,3155.5343,9200.4406,0.0066,0.5333,50.0
train,vfw,3,896,25,8537.8247,24.9907,8.2346,25.1493,524.0526,7121.6228,0.6616,0.9994,50.0
train,vfw,1,1024,80,14482.529,79.9372,30.3368,23.7872,6064.5228,11091.998,0.005,0.2665,50.0
train,vfw,4,256,25,8396.6775,24.9984,5.1784,53.7839,380.8,8236.7999,0.0864,0.9992,50.0
train,vfw,4,384,70,13314.1972,69.9841,8.9935,41.8865,4737.0047,9731.6878,0.0552,0.3997,50.0
train,vfw,4,768,75,13878.6734,75.0393,9.5558,27.9982,5332.642,10128.0905,0.1063,0.3342,50.0
train,vfw,3,896,75,13920.7114,74.9934,14.684,25.5812,4174.9932,9753.302,0.1655,0.3331,50.0
train,vfw,1,384,90,15524.7707,89.9267,51.9448,37.2881,6787.6326,11156.7673,0.0182,0.1333,50.0
train,vfw,3,512,65,12843.0005,65.0024,11.3328,25.2694,4546.003,10423.8081,0.0076,0.4667,50.0
train,vfw,1,1024,90,15584.4528,89.9128,33.8481,24.2157,6510.2321,11184.3012,0.0241,0.1332,50.0
train,vfw,4,512,40,9983.3056,40.014,6.3454,28.2441,2344.7192,7474.3091,0.1203,0.7994,50.0
train,vfw,4,1024,90,15541.9311,90.0837,10.4933,27.9529,6495.5904,11148.9513,0.0672,0.1361,50.0
train,vfw,3,384,30,9057.4981,30.0048,8.9843,38.3448,1225.3743,7933.482,0.0009,0.9333,50.0
train,vfw,1,256,50,11168.9131,49.9276,41.3449,49.2585,3087.3306,9823.2417,0.0629,0.6661,49.0
train,vfw,2,640,65,12848.6787,64.9631,17.2841,25.0357,4597.3398,10072.3208,0.0192,0.4666,50.0
train,vfw,4,896,35,9528.0761,35.0164,6.6612,27.3997,1692.7978,8814.1924,0.3161,0.8663,49.0
train,vfw,2,1024,65,12834.8359,64.9653,14.7915,25.8015,3576.0337,9456.6844,0.0539,0.4663,50.0
train,vfw,3,1024,95,16101.9185,95.0531,13.1673,26.069,5528.1072,11379.836,0.0351,0.0666,50.0
train,vfw,4,256,99999,18985.0242,126.9723,12.7056,52.5778,7131.4194,7952.9981,0.0014,0.0,50.0
train,vfw,1,640,100,16653.6074,100.0392,48.3009,24.8785,7286.1026,11193.5744,0.0143,0.0,50.0
train,vfw,1,1024,50,11206.401,49.964,23.6561,23.9607,2776.1429,9495.1657,0.0632,0.6661,50.0
train,vfw,2,768,95,16091.3434,94.9592,19.9955,25.5798,7376.87,11415.3778,0.0165,0.0666,50.0
train,vfw,4,256,60,12226.6524,59.966,7.4249,55.0832,3629.149,9635.2276,0.0527,0.5329,50.0
train,vfw,2,1024,25,8543.7005,24.9998,12.8458,25.7856,864.2673,9385.7381,0.0994,0.9992,50.0
train,vfw,1,640,99999,18986.8087,126.9724,52.9714,23.5265,10005.2179,11322.8875,0.0014,0.0,50.0
train,vfw,1,1024,30,9021.1557,30.0066,18.5404,24.1873,1607.9219,9574.168,0.0827,0.9326,50.0
train,vfw,3,768,30,9049.1984,30.0002,7.6146,24.8801,417.1609,8524.4264,0.1304,0.933,50.0
train,vfw,4,512,50,11080.3523,49.9854,7.6014,28.014,2909.3749,7379.5846,0.1026,0.6661,50.0
train,vfw,2,640,80,14474.2261,79.9659,18.8847,25.3716,5658.6647,10605.7985,0.017,0.2666,50.0
train,vfw,2,1024,70,13387.8076,69.9963,16.5208,26.0676,4919.4304,10591.2673,0.0482,0.3997,50.0
train,vfw,1,640,75,13900.9977,75.0158,39.825,24.641,5244.9423,10515.9963,0.0168,0.3333,50.0
train,vfw,4,384,75,13876.1587,74.9892,9.8325,42.1906,5178.885,9640.8361,0.1576,0.3331,50.0
train,vfw,3,256,95,16052.4306,94.9805,17.0773,51.3337,7307.9802,11242.9101,0.0132,0.0667,50.0
train,vfw,1,384,30,8960.0412,29.9775,31.4137,36.8693,867.4249,8765.0501,0.0416,0.933,49.0
train,vfw,2,640,30,9034.3268,29.9452,12.2654,24.6037,438.8195,8363.8777,0.0242,0.9331,50.0
train,vfw,4,256,25,8386.0197,24.9896,5.1103,53.8757,895.3913,9045.7904,0.0,0.9992,50.0
train,vfw,4,896,55,11711.8554,55.0211,7.7018,27.7533,3350.3013,9421.497,0.2232,0.6005,50.0
train,vfw,2,512,65,12852.725,64.9791,16.7635,24.6264,4478.663,10343.327,0.0076,0.4667,50.0
train,vfw,3,768,40,10140.9027,40.0029,9.7335,25.3192,1897.6626,9047.6947,0.1855,0.7997,50.0
train,vfw,4,256,55,11686.3238,54.9951,6.6994,54.6886,3474.3827,9774.0641,0.0575,0.5995,50.0
train,vfw,1,384,50,11147.7268,49.9621,37.5924,36.7157,2932.5831,9661.1172,0.0338,0.6664,49.0
train,vfw,2,512,50,11217.4788,49.9623,15.726,24.6537,3175.5026,9585.9871,0.0047,0.6667,50.0
train,vfw,3,256,75,13891.4456,74.987,15.2183,51.5822,5379.5498,9587.6527,0.0094,0.3333,50.0
validation,vfw,2,512,100,16630.2,99.9251,26.8778,24.2844,7386.2,11094.3556,0.0142,0.0,50.0
train,vfw,4,1024,35,9561.8908,35.0001,6.0105,27.3848,1149.7214,8664.6384,0.3783,0.8664,49.0
train,vfw,2,384,45,10623.247,44.9601,17.1434,37.6477,1788.0687,8751.2696,0.0375,0.733,50.0
train,vfw,3,1024,95,16103.0782,94.9978,13.1058,26.7493,5968.5878,10401.2879,0.1822,0.0666,50.0
train,vfw,3,896,45,10692.1546,44.9902,9.2895,25.5598,2460.1226,8487.0113,0.4595,0.7329,50.0
train,vfw,1,896,95,16122.564,94.9397,37.8159,24.4498,6471.1424,10497.292,0.0178,0.0666,50.0
train,vfw,2,896,40,10153.4982,39.9896,13.2881,25.1926,1439.0349,8902.6357,0.0624,0.7995,50.0
train,vfw,2,640,85,15019.5548,84.9645,19.4571,25.2589,6274.6776,10951.7251,0.0163,0.2,50.0
train,vfw,2,512,95,16109.0785,94.9449,22.0761,25.0479,7114.9623,11284.8859,0.0133,0.0667,50.0
train,vfw,4,384,75,13863.6321,74.9861,9.1896,41.9786,4217.0278,9003.6917,0.0484,0.3331,50.0
train,vfw,3,512,45,10679.2098,44.9764,8.4398,24.8906,2088.0008,9165.6547,0.0037,0.7333,50.0
train,vfw,3,768,85,15000.3585,85.0258,11.3581,25.4096,5778.3783,10674.9153,0.1252,0.1999,50.0
train,vfw,4,896,30,8980.7588,30.0117,6.8393,27.4386,1314.3676,8702.5806,0.3393,0.9328,49.0
train,vfw,1,384,80,14431.5649,79.9431,46.3377,36.7915,5585.6485,10647.4208,0.0221,0.2666,50.0
train,vfw,1,384,55,11697.7747,54.9603,38.4156,36.8777,3611.6865,10069.7938,0.0319,0.5998,49.0
train,vfw,1,256,55,11711.4231,54.8982,40.7271,49.1656,2870.0573,9217.7676,0.058,0.5995,49.0
train,vfw,1,896,80,14475.8422,79.9486,36.0178,24.217,5706.6103,10684.2283,0.028,0.2665,50.0
train,vfw,2,1024,35,9619.8174,35.0077,10.8613,25.7136,1497.3305,9395.4681,0.0881,0.866,50.0
train,vfw,1,512,45,10579.1388,44.9941,32.2213,24.3236,2679.6113,9734.5384,0.0038,0.7333,50.0
train,vfw,2,512,25,8503.5777,24.99,10.6732,24.4143,461.7324,8677.8465,0.0,1.0,50.0
train,vfw,4,1024,40,10116.4549,40.0136,7.224,27.5776,1965.1636,8976.2061,0.4946,0.8,49.0
train,vfw,1,512,45,10566.9076,44.9728,32.2526,24.2127,2106.3703,9196.4068,0.0038,0.7333,50.0
train,vfw,3,1024,65,12839.007,64.978,10.2218,26.0391,3224.8712,8649.2598,0.3218,0.4663,50.0
train,vfw,4,256,75,13889.6841,74.9938,9.1474,55.5946,5242.1748,10466.3832,0.0383,0.3331,50.0
train,vfw,4,512,75,13847.47,75.0122,10.3709,28.3285,5248.0372,9590.7434,0.0584,0.3331,50.0
train,vfw,3,256,45,10637.1314,44.961,11.1538,51.7795,1883.8233,6867.1421,0.0038,0.7333,50.0
train,vfw,3,512,60,12313.6245,59.9992,10.1346,25.0932,3748.2285,9574.4511,0.111,0.5333,50.0
train,vfw,3,896,75,13918.624,74.982,11.998,25.6109,4413.3593,9596.3226,0.1557,0.3331,50.0
train,vfw,3,896,99999,18969.8736,126.9728,16.3933,26.0181,9403.8343,10252.0174,0.0014,0.0,50.0
train,vfw,4,256,35,9495.2975,34.9841,4.9261,54.2585,1607.5351,9099.7127,0.0768,0.866,50.0
train,vfw,3,768,95,16089.2478,95.0183,12.8505,25.835,6310.1803,10803.4629,0.0999,0.0666,50.0
train,vfw,2,896,85,15005.3268,84.9808,16.991,25.7463,5619.1423,10236.5158,0.0262,0.1999,50.0
train,vfw,1,512,50,11126.3071,49.993,33.6689,24.2848,2422.9982,8998.9692,0.0048,0.6667,50.0
train,vfw,2,768,40,10146.1119,39.9974,15.6748,25.3056,2340.8005,9852.3844,0.0426,0.7997,50.0
train,vfw,2,768,30,9063.7842,30.0001,10.8393,25.073,928.7422,9127.1623,0.0474,0.933,50.0
train,vfw,3,384,85,14982.0389,84.9934,13.6001,38.3503,5961.2684,10300.8928,0.0113,0.2,50.0
train,vfw,4,384,70,13322.5039,69.9964,7.4132,42.1526,4636.3481,9413.4015,0.1193,0.3997,50.0
train,vfw,1,256,25,8457.0667,25.0099,33.2889,49.6191,629.2222,8861.6889,0.0872,0.9992,48.0
train,vfw,2,896,55,11763.5925,55.0008,14.5832,25.1956,3596.2072,10132.5558,0.0504,0.5996,50.0
train,vfw,2,384,55,11722.8157,54.9842,17.614,38.1006,3059.0965,9749.7565,0.0332,0.5997,50.0
train,vfw,2,512,100,16646.4086,99.9302,22.9943,25.0416,7088.1653,10766.8868,0.0142,0.0,50.0
train,vfw,1,384,35,9507.7361,34.9695,32.2898,36.8602,2286.3516,9990.8981,0.0397,0.8663,49.0
train,vfw,2,768,40,10147.7049,39.9984,13.9943,25.0869,2298.9526,9801.0543,0.0426,0.7997,50.0
train,vfw,3,768,65,12843.7027,64.9828,10.4032,25.8018,4579.3611,9549.9351,0.1799,0.4665,50.0
train,vfw,3,512,99999,18952.9211,126.9364,17.6293,25.0525,7681.4478,8392.1052,0.0015,0.0,50.0
train,vfw,2,256,75,13889.203,75.0048,22.1323,50.6133,4874.117,10046.1741,0.04,0.333,50.0
train,vfw,4,1024,55,11744.3672,55.0302,7.2978,27.4241,2418.0114,8921.4448,0.2662,0.6008,49.0
train,vfw,2,640,40,10137.8445,39.9827,13.1031,24.7992,1744.5152,9110.269,0.0227,0.7998,50.0
train,vfw,2,896,50,11227.7103,49.9948,15.3483,25.4232,3046.9643,10103.1849,0.0544,0.6663,50.0
train,vfw,1,896,65,12824.0802,64.9541,30.9733,23.8756,4100.0616,10081.6277,0.0431,0.4664,50.0
train,vfw,1,768,100,16664.0541,99.9896,43.1581,24.787,7229.829,10992.8941,0.0143,0.0,50.0
train,vfw,3,384,70,13363.8097,69.9864,12.4087,38.3795,4830.2946,9560.6658,0.0085,0.4,50.0
train,vfw,3,256,35,9551.4477,34.9497,9.8944,51.8881,775.8237,5872.6029,0.0019,0.8667,50.0
train,vfw,3,896,25,8514.5425,24.9958,8.5886,25.2153,702.807,8005.3992,0.4015,0.9994,50.0
train,vfw,4,256,55,11695.8378,54.9879,7.1907,55.5002,3629.4251,10006.3085,0.0576,0.5995,50.0
train,vfw,2,256,35,9482.5881,35.0155,14.0751,52.2165,1938.1309,9539.5516,0.0815,0.8659,50.0
train,vfw,1,384,30,8957.2379,29.9729,32.2576,36.6036,1117.4387,9028.9729,0.0416,0.933,49.0
train,vfw,2,384,30,8992.9349,29.9874,13.2026,38.5436,1135.4316,9097.7318,0.0438,0.9329,50.0
train,vfw,1,512,70,13334.1437,70.0298,41.3066,24.7861,4974.8481,10328.9724,0.0085,0.4,50.0
train,vfw,4,512,65,12738.647,64.9911,9.2823,28.286,4574.344,8863.3807,0.076,0.4663,50.0
train,vfw,1,512,35,9464.1302,34.9524,28.5397,24.009,1425.7565,9033.0499,0.0019,0.8667,50.0
train,vfw,4,256,30,8949.5117,29.9963,7.2398,54.3775,1219.2487,9033.0221,0.0816,0.9326,50.0
train,vfw,3,1024,100,16636.4326,100.0308,13.449,26.343,5226.9708,11118.9448,0.0141,0.0,50.0
train,vfw,3,384,65,12822.6877,65.0103,11.0016,38.105,4514.6119,9684.9414,0.0076,0.4667,50.0
train,vfw,3,512,70,13379.315,70.0002,10.4855,25.2761,4919.8822,10275.5743,0.0085,0.4,50.0
train,vfw,1,896,95,16125.4149,94.9496,37.5885,24.6585,6936.0064,11008.3216,0.0177,0.0666,50.0
train,vfw,4,384,55,11658.5592,54.975,7.536,41.5955,3707.6401,9302.2781,0.0757,0.5995,50.0
train,vfw,1,384,55,11699.2825,54.9755,39.5541,36.8254,3784.9972,10268.7047,0.0319,0.5998,49.0
train,vfw,3,384,40,10133.5259,39.9951,9.4869,38.3708,1589.7458,7804.0622,0.0028,0.8,50.0
train,vfw,4,256,50,11140.7574,49.9804,7.5893,55.0155,3180.9236,9620.2834,0.0623,0.6661,50.0
train,vfw,1,512,70,13337.3932,70.0426,41.233,24.6286,4944.6238,10530.4523,0.0086,0.4,50.0
train,vfw,3,256,65,12811.1451,64.9891,13.8765,51.5843,4180.0828,8753.3704,0.0075,0.4667,50.0
train,vfw,1,640,40,10036.5033,39.9886,28.0517,23.8763,2163.436,9852.1119,0.0180,0.7998,50.0
train,vfw,4,768,65,12776.2802,65.0096,8.9752,27.9624,3919.1232,9170.1643,0.1432,0.4672,50.0
train,vfw,1,640,65,12803.8795,65.0027,36.6094,24.3362,3959.0798,9791.9639,0.0178,0.4666,50.0
train,vfw,2,512,75,13912.128,74.9044,20.1255,24.7718,4508.3729,9650.2887,0.0095,0.3333,50.0
train,vfw,4,512,35,9425.8259,34.9964,4.9161,27.6499,1068.3383,6215.3752,0.1292,0.866,50.0
train,vfw,4,512,40,9978.3029,39.988,7.9116,27.5179,1428.8399,6465.8449,0.1203,0.7994,50.0
train,vfw,4,768,85,14984.176,85.0416,10.1469,28.3792,6053.6982,10282.5543,0.1273,0.2012,50.0
validation,vfw,4,1024,25,8578.0667,25.0098,4.9222,27.3083,607.0889,9065.7333,0.0677,0.9992,50.0
train,vfw,2,384,60,12268.9962,59.9837,18.5703,38.0049,3499.1102,9960.9333,0.0311,0.5331,50.0
train,vfw,3,384,85,14980.5841,84.9947,14.4674,38.5867,6258.5626,10738.6603,0.0096,0.2,50.0
train,vfw,4,512,40,9980.5574,39.9912,6.7828,27.5691,1312.4511,6339.8627,0.1203,0.7994,50.0
train,vfw,3,384,75,13903.1037,74.9928,12.8201,38.3002,4728.9815,9456.339,0.0094,0.3333,50.0
train,vfw,3,768,25,8538.8408,24.9955,5.6699,24.9892,380.9,7222.5771,0.3728,0.9996,50.0
train,vfw,1,896,55,11737.4174,54.9798,28.1082,24.3024,3923.088,10432.5382,0.0451,0.5996,50.0
train,vfw,2,512,90,15562.4109,89.9449,23.1946,25.1543,7108.6554,11415.3778,0.0123,0.1333,50.0
train,vfw,3,512,25,8546.6553,25.0002,6.0351,24.7489,623.3116,8897.3463,0.0,1.0,50.0
train,vfw,1,768,80,14464.6463,79.985,37.9644,24.5121,5830.6877,10791.6153,0.0222,0.2666,50.0
train,vfw,4,768,30,8945.669,30.0025,5.6958,27.5987,1429.6243,8164.1998,0.2722,0.9327,50.0
validation,vfw,2,512,99999,18933.8889,126.8533,21.0778,24.2065,9807.3333,10923.0444,0.0016,0.0,50.0
train,vfw,3,1024,40,10137.2885,39.994,9.5481,25.7244,1699.2193,8103.2042,0.5004,0.7994,50.0
train,vfw,4,768,35,9496.038,34.9989,6.1699,27.6129,2059.6572,8055.2475,0.2538,0.8662,50.0
train,vfw,2,512,80,14474.36,79.9444,21.6495,24.9471,5629.2361,10566.6714,0.0104,0.2667,50.0
train,vfw,1,640,90,15556.8254,90.0294,44.3048,24.8453,6249.7363,10605.2085,0.0153,0.1333,50.0
train,vfw,4,640,70,13319.2068,70.0075,9.103,28.0475,3810.3876,8447.9307,0.0959,0.4002,50.0
train,vfw,2,384,90,15552.0158,89.9742,23.5451,37.5495,6990.8743,11356.7203,0.0184,0.1333,50.0
train,vfw,4,512,75,13842.2852,74.9983,11.4132,28.0982,4965.6617,9279.9137,0.0584,0.3331,50.0
train,vfw,1,640,100,16654.1167,100.0367,47.996,25.1053,7662.2336,11319.9185,0.0143,0.0,50.0
train,vfw,4,1024,80,14463.9651,80.0653,9.6092,27.8392,5404.9493,10375.2593,0.1262,0.2689,50.0
train,vfw,3,768,99999,18955.588,126.9243,17.7665,25.8795,8262.8297,9192.227,0.0014,0.0,50.0
train,vfw,2,896,35,9590.896,34.9498,12.8899,25.3386,889.3042,8637.9484,0.0665,0.8661,50.0
train,vfw,2,1024,60,12312.3855,59.9919,14.6598,25.6577,3255.5286,9492.6924,0.0596,0.5329,50.0
train,vfw,1,512,100,16646.9833,100.0827,51.8656,25.3522,8063.4573,11363.9025,0.0159,0.0,50.0
train,vfw,2,1024,55,11766.585,55.0107,14.1352,25.4462,3510.3642,10169.9331,0.0653,0.5995,50.0
train,vfw,4,384,25,8359.4036,24.9993,5.3799,40.5279,387.7098,7382.8661,0.1167,0.9992,50.0
train,vfw,4,640,90,15513.1208,90.0298,11.8444,28.4575,5885.9059,9906.4197,0.0414,0.1339,50.0
train,vfw,1,256,99999,18954.2027,126.9302,60.1977,49.7708,10216.9778,11415.3778,0.0015,0.0,50.0
train,vfw,4,1024,100,16643.1864,100.1017,9.6376,28.2584,7503.5356,11281.2117,0.0141,0.0033,50.0
train,vfw,3,768,45,10680.4518,44.9978,9.3898,25.474,2484.8465,9324.8163,0.1502,0.733,50.0
train,vfw,1,640,90,15549.0877,90.018,45.4127,24.5371,6281.5236,10638.4428,0.0153,0.1333,50.0
train,vfw,3,896,55,11763.9845,54.9961,10.5732,25.4071,2382.5474,8543.6948,0.3107,0.5996,50.0
train,vfw,1,1024,40,10114.0039,39.964,21.9799,23.873,2284.4051,9134.0601,0.1323,0.7994,50.0
train,vfw,2,640,25,8517.0896,24.9936,12.1465,24.5867,655.3747,8845.9483,0.0692,0.9998,50.0
train,vfw,4,640,50,11115.6577,50.0058,8.4293,27.8721,2925.8138,8106.0176,0.2166,0.6664,50.0
train,vfw,1,512,55,11678.4565,55.0087,35.8176,24.3296,3401.1164,9845.7182,0.0057,0.6,50.0
train,vfw,4,896,65,12806.3453,65.0434,9.0768,27.7949,4092.5818,9865.0146,0.1767,0.4676,50.0
train,vfw,3,512,99999,18951.9932,126.9534,17.1851,24.8224,8262.2571,9093.7836,0.016,0.0,50.0
train,vfw,1,640,70,13352.2529,70.0142,37.8288,24.6694,5071.9295,10681.9465,0.0174,0.3999,50.0
train,vfw,1,768,90,15562.4712,90.0014,40.3437,24.4855,6924.5218,11309.1881,0.0182,0.1333,50.0
train,vfw,4,640,95,16065.2369,95.0268,11.2192,28.687,6548.569,10429.859,0.0278,0.0674,50.0
train,vfw,4,1024,60,12270.5564,60.0406,8.0715,27.6836,3969.5592,10434.4119,0.1128,0.5344,49.0
train,vfw,1,512,75,13889.5947,75.0412,42.8299,24.7121,4836.4399,10067.1469,0.0095,0.3333,50.0
train,vfw,1,512,25,8368.4388,24.9564,25.3851,23.8033,437.1855,8473.9809,0.0,1.0,50.0
train,vfw,3,640,90,15533.7982,90.0021,12.7511,25.7071,6751.1633,11136.5637,0.0279,0.1333,50.0
train,vfw,3,256,25,8475.1699,24.9647,9.0782,51.943,377.1,5842.5556,0.0,1.0,50.0
train,vfw,3,512,80,14455.0262,80.0091,11.4985,25.1378,5438.4732,10517.3995,0.0104,0.2667,50.0
train,vfw,1,384,100,16612.1589,99.9284,52.2704,36.7156,7300.6363,11307.9188,0.0143,0.0,50.0
train,vfw,4,768,75,13883.7751,75.0366,9.5687,28.1728,5283.289,10112.3887,0.1063,0.3342,50.0
train,vfw,4,256,35,9484.7337,34.9671,5.4169,54.2212,1019.8048,8448.0118,0.0768,0.866,50.0
train,vfw,3,256,30,9031.4188,29.9895,9.5667,51.9783,1362.9717,6470.6266,0.0009,0.9333,50.0
train,vfw,2,896,65,12848.8951,64.98,15.8675,25.6005,4591.7906,10079.2719,0.0423,0.4664,50.0
train,vfw,1,256,35,9544.5677,34.9713,35.5783,49.378,1036.9808,8649.5476,0.0775,0.866,48.0
train,vfw,1,512,60,12233.1654,60.0212,39.5017,24.8517,4210.7985,10414.135,0.0067,0.5333,50.0
train,vfw,1,512,100,16647.7188,100.094,52.5467,25.5152,7670.9987,11415.3778,0.0143,0.0,50.0
train,vfw,3,512,55,11767.9931,55.005,10.7142,24.7769,3475.6653,9927.5513,0.0057,0.6,50.0
train,vfw,1,256,30,9005.4766,29.9986,34.3316,49.7781,1244.7648,9065.641,0.1256,0.9326,48.0
train,vfw,1,256,75,13880.895,74.8384,46.1882,49.2424,5260.4906,10450.7949,0.0386,0.3331,49.0
validation,vfw,4,512,25,8480.0444,24.9989,4.9,26.1858,618.3111,8806.0444,0.4581,0.9992,50.0
train,vfw,3,768,45,10677.2018,44.992,8.5971,25.07,1567.1382,8316.8597,0.166,0.733,50.0
train,vfw,2,768,30,9049.9242,29.9626,12.4219,24.9362,724.7261,8762.8117,0.0473,0.933,50.0
train,vfw,3,640,99999,18961.017,126.9443,17.7661,25.805,8023.915,9032.8636,0.0015,0.0,50.0
train,vfw,1,896,95,16118.9255,94.9554,38.8235,24.4895,7281.1297,11415.3778,0.0170,0.0666,50.0
train,vfw,2,640,25,8507.5728,24.9946,11.5898,24.476,1008.4739,9114.7329,0.0248,0.9998,50.0
train,vfw,2,1024,95,16076.7647,95.0003,17.6781,25.943,7093.196,11124.9068,0.0198,0.0666,50.0
train,vfw,3,256,30,9033.7284,30.0065,9.7333,51.7332,731.2893,6470.5002,0.001,0.9333,50.0
train,vfw,2,512,35,9588.8157,34.9767,13.6446,24.3936,1939.1372,9649.691,0.0019,0.8667,50.0
train,vfw,1,640,30,8943.4919,29.9645,25.2912,23.6742,1027.1518,8934.3946,0.0214,0.9331,50.0
train,vfw,3,1024,40,10125.0254,39.9921,9.8885,25.375,1750.0843,8382.5838,0.3811,0.7994,50.0
train,vfw,3,512,40,10155.5916,40.0077,9.4092,24.8736,2587.1209,10023.5049,0.0028,0.8,50.0
train,vfw,3,896,30,9048.4698,30.0041,6.716,25.5051,1179.5637,8683.0698,0.2443,0.9328,50.0
train,vfw,4,256,45,10592.8547,44.985,6.6973,54.7054,2699.6857,9650.6727,0.0672,0.7327,50.0
train,vfw,3,384,65,12833.1489,65.005,12.1014,38.5545,4663.4793,9930.8904,0.0075,0.4667,50.0
train,vfw,4,768,35,9492.4702,35.0057,7.9853,27.7398,1560.4886,8040.4073,0.2538,0.8662,50.0
train,vfw,3,512,99999,18953.1812,126.9518,15.976,25.1874,8157.0614,9199.0936,0.0013,0.0,50.0
train,vfw,2,768,25,8508.9429,24.993,11.6905,24.851,812.6747,9606.263,0.0,0.9996,50.0
train,vfw,4,768,40,10038.5686,40.0104,7.3178,27.588,1552.7264,8214.3523,0.2353,0.7997,50.0
train,vfw,2,512,85,15023.8257,84.9496,20.7941,24.9773,6411.1022,11089.0994,0.0113,0.2,50.0
train,vfw,4,256,35,9495.6667,34.986,5.4365,54.2832,2005.8729,9556.874,0.0768,0.866,50.0
train,vfw,2,640,99999,18975.643,127.0089,28.7473,25.2711,9675.1711,11387.8444,0.0017,0.0,50.0
train,vfw,1,1024,95,16139.0583,94.9195,33.6467,24.7788,7535.6661,11415.3778,0.0192,0.0666,50.0
train,vfw,1,768,55,11716.0017,54.9793,30.0812,24.0929,3030.4944,9486.633,0.032,0.5998,50.0
train,vfw,4,640,35,9453.0655,34.978,8.0822,27.1468,1002.3671,6782.0121,0.1915,0.8661,50.0
train,vfw,2,640,100,16640.1486,99.9578,22.7938,25.2522,7379.3004,11415.3778,0.0142,0.0,50.0
train,vfw,2,896,75,13924.5226,74.987,17.2548,25.5908,4820.1662,10418.8011,0.0343,0.3331,50.0
train,vfw,3,768,99999,18967.6091,126.9503,17.3058,25.6288,8383.0329,9346.0087,0.0014,0.0,50.0
train,vfw,2,384,25,8440.3202,24.9838,12.3119,38.5888,494.8617,8721.3767,0.046,0.9995,50.0
train,vfw,3,512,75,13922.3165,75.0024,12.0056,25.6717,5591.6554,10843.2818,0.0095,0.3333,50.0
train,vfw,4,512,70,13294.5827,70.0006,10.2705,28.5401,4884.9912,9338.0432,0.0672,0.3997,50.0
train,vfw,1,1024,45,10660.9003,44.9767,23.6873,23.7989,2698.8278,9725.4722,0.0824,0.7327,50.0
train,vfw,2,896,95,16085.0354,94.9753,19.1066,25.8574,7191.8137,10999.5034,0.0182,0.0666,50.0
train,vfw,4,768,60,12237.7058,60.0328,6.9907,27.9626,3570.4166,9193.5237,0.1616,0.5337,50.0
train,vfw,3,768,25,8523.1702,25.0011,7.1346,25.0973,713.5,8388.7341,0.2481,0.9996,50.0
train,vfw,4,768,70,13335.6759,70.0263,10.2053,28.4399,5034.0181,9979.625,0.1247,0.4007,50.0
train,vfw,3,640,40,10157.8343,40.0026,8.0144,25.403,2076.6863,9108.6122,0.1595,0.7998,50.0
train,vfw,1,384,95,16071.2051,94.9243,51.0751,36.8799,6757.1561,11013.1038,0.0163,0.0666,50.0
train,vfw,3,256,95,16047.2394,94.9894,17.6695,51.3386,7210.0064,11271.0595,0.0117,0.0667,50.0
train,vfw,1,1024,60,12306.2637,59.9573,26.0484,24.0023,4224.7716,10434.1541,0.0534,0.5329,50.0
train,vfw,3,896,45,10672.2712,45.0016,8.9815,25.2892,1957.2876,8771.8053,0.2122,0.7329,50.0
train,vfw,4,896,80,14449.7399,80.0617,10.5733,28.0313,5675.1806,10487.9962,0.107,0.2683,50.0
train,vfw,3,512,55,11769.7944,54.9983,9.4798,24.9118,3067.6646,9480.9765,0.0056,0.6,50.0
train,vfw,1,640,100,16655.4687,100.0378,47.9695,25.0002,7905.3327,11415.3778,0.0143,0.0,50.0
train,vfw,3,1024,85,15002.9602,84.9882,13.162,26.431,5520.7098,10417.8337,0.0894,0.1998,50.0
train,vfw,2,768,45,10682.4287,44.9915,14.139,25.0665,2002.6203,9552.6848,0.0402,0.733,50.0
train,vfw,2,768,25,8521.368,24.9901,12.0206,24.8826,800.3851,9180.8476,0.0497,0.9996,50.0
train,vfw,1,384,80,14429.5776,79.9272,45.9291,36.9341,5686.3407,10614.2791,0.0221,0.2666,50.0
train,vfw,4,640,75,13858.7081,75.0043,10.7215,27.9346,4862.7933,9405.4835,0.0823,0.3336,50.0
train,vfw,4,256,55,11692.6974,54.9938,9.177,55.263,3718.1054,10125.2451,0.0575,0.5995,50.0
train,vfw,4,512,70,13298.4607,70.0111,9.3727,28.4042,5119.5266,9620.2667,0.0672,0.3997,50.0
train,vfw,3,256,75,13899.1778,75.0118,12.8673,52.164,5665.8404,10063.8668,0.0094,0.3333,50.0
train,vfw,1,256,55,11706.9705,54.9169,40.2908,49.5876,3651.834,10307.5416,0.0624,0.5995,49.0
train,vfw,4,1024,85,15007.7843,85.0775,10.534,27.9358,5808.8927,10401.2657,0.119,0.2025,50.0
train,vfw,1,896,99999,18972.5056,126.8894,54.8635,23.7119,10094.7267,11222.8752,0.0013,0.0,50.0
train,vfw,3,512,30,9082.472,29.9942,7.2779,24.6681,689.7685,8617.9283,0.0009,0.9333,50.0
train,vfw,4,384,80,14412.3192,79.9975,10.1368,42.104,5906.4369,10471.9024,0.0415,0.2665,50.0
train,vfw,4,896,50,11166.9424,50.0157,7.5573,27.7045,3307.7552,9329.4505,0.2464,0.667,50.0
train,vfw,2,896,40,10149.9679,39.9882,13.3398,25.382,2414.0511,9977.1666,0.0625,0.7995,50.0
train,vfw,3,768,35,9597.7555,35.0068,8.4538,24.9529,1762.1261,9085.8523,0.2008,0.8663,50.0
train,vfw,3,512,80,14456.8495,80.0183,11.5165,25.0175,5276.9782,10577.2971,0.0105,0.2667,50.0
train,vfw,2,384,99999,18969.6581,126.9928,29.346,37.8982,7884.7344,9148.3972,0.0015,0.0,50.0
train,vfw,4,256,45,10583.4003,44.9664,7.7027,53.9065,1903.6397,8753.5844,0.0672,0.7327,50.0
train,vfw,2,896,90,15548.2476,89.9918,18.6563,25.4738,6618.2131,10991.9485,0.0222,0.1333,50.0
train,vfw,4,640,30,8910.4132,30.0055,5.8669,27.7415,1210.6146,7217.422,0.2051,0.9326,50.0
train,vfw,3,512,60,12307.2205,60.0071,10.3523,25.1426,3693.4712,10062.826,0.0067,0.5333,50.0
train,vfw,3,384,70,13346.7415,69.9519,12.1722,38.3843,4142.066,8973.6204,0.0085,0.4,50.0
train,vfw,3,768,25,8529.7211,24.995,7.4629,24.8345,363.3,7542.5917,0.329,0.9996,50.0
train,vfw,4,1024,85,15006.2693,85.0762,9.8669,27.9005,6605.7082,10928.2548,0.0982,0.2025,50.0
train,vfw,2,896,25,8528.6691,24.9929,13.9905,24.9923,464.9283,9052.7196,0.0746,0.9994,50.0
train,vfw,2,768,35,9604.1672,34.9839,12.5424,24.904,973.0897,8672.0283,0.045,0.8663,50.0
train,vfw,4,896,60,12266.0397,60.0394,8.057,28.0019,4231.013,10108.307,0.1999,0.5341,50.0
train,vfw,3,640,35,9605.0229,34.9955,7.8354,24.9151,1651.8187,9234.5609,0.0636,0.8665,50.0
train,vfw,3,768,80,14461.9866,80.002,11.6613,25.7723,5154.5448,10223.3929,0.1031,0.2666,50.0
train,vfw,3,640,80,14457.3611,80.0073,11.2942,25.3505,5632.9556,10848.7207,0.0228,0.2666,50.0
train,vfw,1,256,25,8457.1893,25.0029,32.4875,49.4861,363.7,7760.6214,0.0872,0.9992,48.0
train,vfw,2,512,65,12846.507,64.9542,17.2582,24.7012,3894.0395,9673.3024,0.0076,0.4667,50.0
train,vfw,1,384,25,8412.8838,24.9856,29.8814,36.7599,961.6101,9222.6362,0.0436,0.9996,49.0
train,vfw,4,896,65,12805.8071,65.0378,7.8156,27.8682,4161.9122,9715.4077,0.1767,0.4676,50.0
train,vfw,4,384,75,13864.2552,74.9957,10.2785,42.0491,4706.8937,9424.2653,0.0483,0.3331,50.0
train,vfw,3,384,45,10673.2044,45.0051,10.8032,38.3591,2686.3644,8773.493,0.0038,0.7333,50.0
train,vfw,4,640,55,11663.3067,55.0048,8.0826,27.9099,3042.1959,8102.0655,0.1728,0.5998,50.0
train,vfw,3,768,99999,18941.3985,126.9086,16.7186,25.797,7758.4379,8605.2941,0.0015,0.0,50.0
train,vfw,2,896,95,16080.9542,94.9871,18.4039,25.5891,7517.3448,11229.8228,0.0182,0.0666,50.0
train,vfw,3,896,90,15546.5725,90.0031,12.4888,26.2247,5992.7795,10700.5316,0.0693,0.1333,50.0
train,vfw,1,384,65,12793.4027,64.9485,41.9902,36.8575,3928.8037,9831.6218,0.0973,0.4665,50.0
train,vfw,1,896,50,11171.5438,49.9395,26.3454,23.9051,2476.2106,9157.8205,0.0486,0.6663,50.0
train,vfw,3,896,95,16084.2847,94.9975,12.7227,26.3507,6158.4077,10511.2121,0.0285,0.0666,50.0
train,vfw,4,896,75,13903.163,75.055,9.296,27.9272,5779.5032,10904.2368,0.1302,0.3347,50.0
train,vfw,2,512,35,9583.451,34.9756,13.0619,24.3538,1006.0736,8692.65,0.0020,0.8667,50.0
train,vfw,3,768,25,8514.8088,24.9958,7.2929,24.8921,573.2136,8431.5522,0.1785,0.9996,50.0
train,vfw,4,1024,95,16100.397,95.0934,10.5997,28.1538,7293.4142,11408.9649,0.0421,0.0697,50.0
train,vfw,4,640,100,16619.8562,100.0375,11.8554,28.7135,7669.3274,11415.3778,0.0141,0.0008,50.0
train,vfw,3,256,30,9034.201,29.9914,9.2928,51.9186,1092.7915,5940.6582,0.0009,0.9333,50.0
train,vfw,4,768,45,10575.5812,45.0101,7.041,27.5861,2299.1188,8732.5418,0.0763,0.7332,50.0
train,vfw,4,1024,70,13369.0758,70.0453,10.73,27.6582,4591.1013,10183.7992,0.1822,0.4017,50.0
train,vfw,1,896,80,14478.1664,79.9593,34.7288,24.2612,5564.1696,10723.7403,0.028,0.2665,50.0
train,vfw,3,384,99999,18956.9651,126.9013,18.5694,37.453,8157.7346,9090.915,0.0014,0.0,50.0
train,vfw,2,768,30,9059.3651,29.9902,13.0087,24.809,710.4899,9020.6282,0.0473,0.933,50.0
train,vfw,3,768,80,14464.6405,79.9962,11.5985,25.8203,5444.7481,10294.4661,0.1322,0.2666,50.0
train,vfw,4,640,30,8907.8789,30.0019,6.083,27.2966,356.6,6546.9735,0.2052,0.9326,50.0
train,vfw,2,1024,30,9080.4735,30.0049,11.8891,25.6799,859.1954,9050.498,0.0937,0.9326,50.0
train,vfw,3,256,85,14974.5884,84.9813,16.5125,51.7518,6618.066,10785.3775,0.0113,0.2,50.0
train,vfw,2,640,30,9054.5352,29.9883,12.6689,24.614,1196.0213,9225.2868,0.0241,0.9331,50.0
train,vfw,1,896,45,10642.9211,44.9803,24.2583,24.3236,2694.2615,9749.8949,0.052,0.7329,50.0
train,vfw,4,1024,30,9011.0082,29.9955,8.7531,27.2182,1157.8126,9196.4683,0.4064,0.9328,49.0
train,vfw,2,1024,100,16609.2679,99.977,17.6113,26.1813,7133.7267,10815.9223,0.0141,0.0,50.0
train,vfw,3,1024,70,13360.7288,70.0009,10.5566,25.8588,3559.0097,10062.408,0.0225,0.3997,50.0
train,vfw,3,384,55,11748.4024,55.0,11.3635,38.2793,2887.9093,8462.338,0.0056,0.6,50.0
train,vfw,1,768,99999,18998.4491,126.9418,50.8147,23.9856,9918.8796,10630.1422,0.145,0.0,50.0
train,vfw,2,768,40,10143.1004,39.9867,13.8831,25.0378,1951.3774,9403.901,0.0426,0.7997,50.0
train,vfw,1,1024,50,11209.9825,49.9625,25.543,24.0729,3101.3706,9750.8609,0.1054,0.6661,50.0
train,vfw,4,1024,25,8466.6534,25.0058,5.5042,27.2344,934.5815,9256.8963,0.4344,0.9992,49.0
train,vfw,2,896,100,16621.9156,99.9677,19.145,25.8805,7034.0569,10502.4051,0.0141,0.0,50.0
train,vfw,4,256,90,15538.0006,89.9909,10.2027,56.1793,6852.7031,11251.0932,0.0238,0.1332,50.0
train,vfw,4,256,45,10592.9265,44.9907,6.6515,54.5592,2300.5233,9394.3199,0.0672,0.7327,50.0
train,vfw,3,512,70,13380.2731,69.9988,10.9086,25.2938,5211.7141,10788.0554,0.0085,0.4,50.0
train,vfw,4,896,65,12803.2506,65.0419,8.8193,27.7729,4205.8629,9903.3672,0.1767,0.4676,50.0
train,vfw,2,768,60,12307.512,59.983,16.2696,25.4199,3883.1216,10109.5518,0.0331,0.5331,50.0
train,vfw,4,1024,75,13917.6606,75.0629,9.5869,27.8496,5386.3787,10714.7437,0.1542,0.3353,50.0
train,vfw,1,256,60,12260.1126,59.8807,42.6358,49.1908,3851.7785,9724.3138,0.14,0.5329,49.0
train,vfw,4,1024,75,13922.338,75.0716,9.1762,27.6757,5138.3598,10436.041,0.1542,0.3353,50.0
train,vfw,1,1024,85,15039.0203,84.908,31.4548,24.1771,6005.9828,10411.6427,0.029,0.1998,50.0
train,vfw,1,640,50,11150.3912,50.0047,29.9976,24.2134,2642.3522,9678.1801,0.0194,0.6665,50.0
train,vfw,3,256,55,11731.7472,54.9928,12.3562,51.6372,3662.3198,8142.3445,0.0056,0.6,50.0
train,vfw,3,512,35,9618.2846,35.0043,8.8182,24.8987,1478.0871,9326.09,0.0019,0.8667,50.0
train,vfw,2,896,85,15004.4098,84.9742,17.0339,25.6637,5392.5292,9971.3243,0.0262,0.1999,50.0
train,vfw,3,256,95,16051.5514,94.9705,17.1589,51.4949,7608.8479,10886.1273,0.0131,0.0667,50.0
train,vfw,4,384,40,10013.9882,40.0037,6.1703,40.8455,1663.0788,7783.5926,0.0962,0.7994,50.0
train,vfw,4,384,50,11107.1829,49.9906,7.4094,41.3497,2928.3148,8821.0573,0.0352,0.6661,50.0
train,vfw,3,512,25,8544.5949,24.9947,6.8566,24.7697,963.8275,8950.9324,0.0,1.0,50.0
train,vfw,4,896,80,14442.117,80.0355,10.3056,28.0681,5890.1721,10269.0052,0.1069,0.2683,50.0
train,vfw,2,768,65,12841.8218,64.9697,17.4332,24.9618,3673.1941,9833.3397,0.0307,0.4665,50.0
train,vfw,1,768,65,12816.3203,64.9882,32.847,24.3402,4172.8942,10015.7689,0.0281,0.4665,50.0
train,vfw,1,768,80,14459.1331,79.9726,40.4507,24.3312,5616.4738,10580.0414,0.0221,0.2666,50.0
train,vfw,1,768,60,12257.3337,59.9822,31.7697,24.1281,3714.3583,10145.5002,0.0284,0.5331,50.0
train,vfw,3,384,40,10128.3776,39.9954,8.9895,38.275,1661.0278,8021.5728,0.0032,0.8,50.0
train,vfw,3,1024,60,12294.1007,60.0004,10.8362,25.9786,3340.1329,9407.3639,0.2388,0.5329,50.0
train,vfw,2,256,85,14987.4237,84.9872,23.5799,50.3485,6457.7176,10742.7484,0.0296,0.1998,50.0
train,vfw,2,1024,85,15005.6217,85.0114,17.9079,26.0424,6487.2873,11234.0343,0.0311,0.1998,50.0
train,vfw,2,896,70,13365.3823,69.9442,16.0524,25.5161,4106.6492,9626.8646,0.0383,0.3998,50.0
train,vfw,2,512,90,15561.5973,89.9418,22.8613,25.1472,6601.3159,10942.6927,0.0123,0.1333,50.0
train,vfw,1,896,99999,18969.3532,126.902,47.5725,24.3968,10085.0952,11225.8932,0.0014,0.0,50.0
train,vfw,3,640,60,12303.7444,59.9974,9.9799,25.2927,3753.5808,9718.4695,0.0919,0.5332,50.0
train,vfw,4,384,35,9458.0177,34.9996,6.4452,40.8211,978.9434,7794.7258,0.103,0.866,50.0
train,vfw,1,1024,90,15591.2461,89.9279,32.6006,24.7099,6911.3157,11330.8139,0.0241,0.1332,50.0
train,vfw,1,256,70,13335.8886,69.8468,44.8686,49.0517,4314.6162,9754.2846,0.0435,0.3997,49.0
train,vfw,4,640,100,16612.9248,100.0332,11.7995,28.7317,7602.793,11415.3778,0.0127,0.0008,50.0
train,vfw,4,1024,60,12283.9724,60.0371,7.7337,27.8085,3463.2357,9614.1398,0.2383,0.5344,49.0
train,vfw,1,512,25,8368.4,24.9547,25.2,23.8345,653.6667,8854.4444,0.0,1.0,50.0
train,vfw,4,768,40,10048.7606,40.0327,5.7419,28.2387,2590.4576,8911.5361,0.2353,0.7997,50.0
train,vfw,4,896,40,10073.0735,40.0142,6.9641,27.4887,1898.7417,8797.6056,0.2929,0.7999,49.0
train,vfw,4,384,45,10556.3501,44.9969,6.7131,41.0282,2519.5962,8439.1952,0.0893,0.7327,50.0
train,vfw,2,768,60,12310.6207,59.9718,15.6917,25.128,3406.8988,9377.1017,0.0331,0.5331,50.0
train,vfw,4,640,100,16618.0524,100.0262,12.2043,28.703,7624.3494,11372.0469,0.0383,0.0008,50.0
train,vfw,3,640,80,14457.9402,80.017,12.3487,25.4447,5573.2426,10862.5572,0.0299,0.2666,50.0
train,vfw,2,384,45,10631.9069,44.9918,14.1125,38.4422,2426.8637,9506.8656,0.0201,0.733,50.0
train,vfw,1,256,25,8457.3224,25.0122,33.8061,49.6587,985.2473,9265.1475,0.0872,0.9992,48.0
train,vfw,2,384,70,13363.3043,69.9727,20.1715,37.9223,4132.5979,9587.6303,0.0269,0.3998,50.0
train,vfw,3,384,85,14984.3194,84.9932,14.1137,38.3718,6048.4568,10299.264,0.0467,0.2,50.0
train,vfw,2,256,90,15546.1801,89.9972,24.9157,50.0339,6318.2024,10334.0245,0.1125,0.1332,50.0
train,vfw,1,640,99999,18996.2405,126.9714,55.0222,23.3311,9724.9243,10838.8162,0.0013,0.0,50.0
train,vfw,1,256,70,13344.4553,69.8479,45.4085,49.0741,4502.1133,9769.5162,0.1344,0.3997,49.0
train,vfw,4,256,100,16629.369,99.9688,12.3714,56.7976,7662.6449,11415.3778,0.0142,0.0,50.0
train,vfw,3,896,25,8516.9471,24.996,7.6252,25.1346,578.4696,7773.9902,0.4301,0.9994,50.0
train,vfw,4,384,95,16067.5267,94.9875,12.8556,42.8904,7088.6814,11086.3632,0.021,0.0666,50.0
train,vfw,1,512,40,10025.9964,39.9976,31.435,24.1213,2158.2201,9718.7998,0.0028,0.8,50.0
train,vfw,4,256,70,13335.5997,69.9723,7.9873,55.5733,4280.6063,9712.6413,0.0431,0.3997,50.0
train,vfw,4,1024,75,13906.0038,75.037,9.2971,27.8715,4848.2862,10097.0639,0.1542,0.3353,50.0
train,vfw,2,640,55,11763.1332,54.9723,16.1088,24.8847,3475.9723,9979.2224,0.0206,0.5999,50.0
train,vfw,4,256,70,13337.1976,69.9745,8.172,55.5871,5030.6617,10592.0737,0.0431,0.3997,50.0
train,vfw,4,1024,60,12281.7765,60.0441,8.7911,27.7274,4049.5737,10309.6782,0.2301,0.5344,49.0
train,vfw,1,640,90,15534.7694,89.9913,44.6598,24.8974,6069.6266,10393.2883,0.0153,0.1333,50.0
train,vfw,2,384,25,8447.6878,24.9985,12.8954,38.6769,676.7813,8930.1115,0.0459,0.9995,50.0
train,vfw,1,512,50,11124.6184,49.9858,33.6183,24.0355,2221.4501,8864.5424,0.0048,0.6667,50.0
train,vfw,4,1024,45,10646.5833,45.0162,8.3876,27.4779,2562.1707,9691.2462,0.3223,0.7336,49.0
train,vfw,2,384,35,9543.1018,34.9892,15.0701,38.9163,1827.9912,9490.5535,0.0417,0.8663,50.0
train,vfw,4,640,35,9459.055,34.9923,6.3264,27.712,1878.2582,7389.2859,0.1914,0.8661,50.0
train,vfw,2,768,65,12846.4033,64.9691,16.1741,25.2259,3740.3543,9355.6071,0.0308,0.4665,50.0
train,vfw,4,256,60,12245.0111,59.9923,7.236,55.2456,3995.114,10245.2851,0.0527,0.5329,50.0
train,vfw,2,256,100,16638.3333,99.9968,26.3889,49.5391,7374.6,11047.3333,0.0141,0.0,50.0
train,vfw,3,256,80,14429.0353,79.9796,17.3004,51.3916,5630.5787,9858.5978,0.0103,0.2667,50.0
train,vfw,4,896,50,11166.0291,50.0255,8.3719,27.7251,3281.294,9664.5115,0.2464,0.667,50.0
train,vfw,1,384,25,8414.3056,24.9807,30.1379,36.8777,783.4158,9012.7356,0.0436,0.9996,49.0
train,vfw,2,896,45,10692.1595,44.9901,13.8005,25.4285,2813.9387,9720.3598,0.0584,0.7329,50.0
train,vfw,1,768,95,16121.6355,94.9931,42.8261,24.7847,7119.8571,11001.3382,0.0953,0.0666,50.0
train,vfw,4,512,75,13834.0494,75.01,10.4005,28.3542,5264.9221,9969.2385,0.0602,0.3331,50.0
train,vfw,1,640,35,9496.7715,34.9723,26.316,24.0179,2067.5743,9742.936,0.0209,0.8665,50.0
train,vfw,1,1024,80,14493.1163,79.9331,28.5646,24.2756,5739.0637,10716.5407,0.0339,0.2665,50.0
train,vfw,1,256,99999,18952.7625,126.9355,60.672,49.5482,10216.9778,11415.3778,0.0015,0.0,50.0
train,vfw,1,256,40,10079.7465,39.9508,37.1287,49.4908,2153.9331,9354.0066,0.0413,0.7994,48.0
train,vfw,3,512,60,12305.1612,60.0066,10.2449,25.0381,3837.1188,9973.4555,0.0066,0.5333,50.0
train,vfw,4,512,99999,18962.9704,126.8537,14.6251,28.1127,10216.9778,11415.3778,0.0016,0.0,50.0
train,vfw,4,640,25,8349.1785,24.9669,7.0913,26.6472,363.5,5842.5556,0.2188,0.9992,50.0
train,vfw,2,640,35,9591.5825,34.9739,16.3038,24.4708,1439.3162,9193.1486,0.0234,0.8665,50.0
train,vfw,4,512,100,16605.9493,100.0106,12.6016,28.8279,6807.9616,10997.2642,0.0141,0.0,50.0
train,vfw,1,1024,35,9559.9064,34.9862,21.2799,23.659,1088.0755,9219.1823,0.0778,0.866,50.0
train,vfw,3,512,70,13379.1248,69.9991,10.4574,25.1462,4762.0742,10283.0527,0.0085,0.4,50.0
train,vfw,2,512,40,10130.2746,39.9732,14.6968,24.1743,1836.5225,9156.9739,0.0028,0.8,50.0
train,vfw,2,512,75,13933.7841,74.9582,19.9742,24.8354,5263.3156,10506.5752,0.0095,0.3333,50.0
train,vfw,3,384,65,12827.7015,64.9972,12.5243,38.3362,4349.3895,9571.8152,0.0075,0.4667,50.0
train,vfw,4,256,65,12797.596,64.9738,8.4725,55.511,4504.969,9698.4995,0.1466,0.4663,50.0
train,vfw,4,1024,50,11193.7747,50.0221,7.0267,27.6777,3395.6306,10261.4882,0.2943,0.6672,49.0
test,vfw,2,512,25,8469.5778,24.9892,10.9667,25.9557,401.7333,5779.0889,0.0616,0.9992,50.0
train,vfw,4,384,80,14414.3837,79.9762,10.2804,42.5125,6060.0802,10191.9233,0.0414,0.2665,50.0
train,vfw,4,256,65,12784.8241,64.971,10.0818,55.2775,4284.7572,10066.7198,0.0479,0.4663,50.0
train,vfw,3,384,60,12289.2997,59.9932,11.6518,38.391,4149.0832,9266.3018,0.0066,0.5333,50.0
train,vfw,4,640,65,12765.3503,65.0102,9.5629,28.111,3829.708,8678.9995,0.1096,0.4667,50.0
train,vfw,4,1024,80,14460.5538,80.0666,9.2547,27.8559,5134.5262,10256.5531,0.1262,0.2689,50.0
train,vfw,3,1024,85,15000.5425,84.9881,11.1433,26.4203,4760.8923,10020.6403,0.1119,0.1998,50.0
train,vfw,4,384,25,8342.8102,24.9914,5.2371,40.4181,469.0677,7635.3658,0.0,0.9992,50.0
train,vfw,1,768,99999,18982.5513,126.9361,54.3058,23.8808,10207.1845,11363.8209,0.0013,0.0,50.0
train,vfw,1,1024,65,12849.2005,64.9476,27.6543,23.8981,4115.2302,10209.3509,0.0485,0.4663,50.0
train,vfw,4,896,55,11712.0439,55.0284,8.0659,27.676,3065.6503,9250.5685,0.2232,0.6005,50.0
train,vfw,4,896,30,8983.7297,29.9961,5.6928,27.2592,374.6245,7659.9419,0.3393,0.9328,49.0
train,vfw,2,768,80,14471.7401,79.9795,16.1416,25.5975,5574.9127,10539.4482,0.0237,0.2666,50.0
train,vfw,1,896,45,10635.1723,44.968,25.9448,23.6895,2344.0769,9365.8254,0.052,0.7329,50.0
train,vfw,1,768,25,8409.4839,24.9566,19.9668,23.833,371.3,8446.2273,0.0438,0.9996,50.0
train,vfw,2,256,30,8936.4441,29.9838,13.8479,53.0226,1614.646,9020.4495,0.0866,0.9325,50.0
train,vfw,2,1024,100,16616.6224,99.9923,18.4294,26.1132,7576.7746,11327.1629,0.0141,0.0,50.0
train,vfw,2,1024,55,11759.617,54.9958,14.2238,25.6982,3570.5945,10551.7666,0.0660,0.5995,50.0
train,vfw,4,384,45,10559.6429,44.9966,7.7836,41.2593,2120.9008,8405.744,0.0893,0.7327,50.0
train,vfw,1,896,65,12833.3921,64.9694,31.0555,24.1579,4551.0298,10442.2947,0.0383,0.4664,50.0
train,vfw,1,512,50,11124.1733,49.995,33.6884,24.3713,3498.9176,10429.7412,0.0048,0.6667,50.0
train,vfw,4,768,90,15527.1477,90.0477,11.2031,28.3039,6360.5961,10718.9115,0.051,0.1347,50.0
train,vfw,4,256,95,16073.9982,94.9693,10.6239,56.5798,7043.2707,11325.2736,0.0177,0.0666,50.0
train,vfw,1,640,30,8943.533,29.9658,24.8521,23.9378,1266.8704,9009.3217,0.0214,0.9331,50.0
train,vfw,3,896,25,8540.8412,24.9855,7.4997,25.3109,1058.4069,6980.9794,0.6586,0.9994,50.0
train,vfw,4,512,55,11645.5892,54.9974,9.175,28.2386,3340.2143,7822.8078,0.1926,0.5995,50.0
train,vfw,2,768,75,13930.4432,74.9711,17.0689,25.4704,5442.0068,10389.5736,0.026,0.3332,50.0
train,vfw,4,768,90,15530.1554,90.0382,10.6347,28.238,5897.1176,10020.5251,0.0509,0.1347,50.0
train,vfw,2,1024,50,11233.2425,50.0059,13.1298,25.7379,2503.1045,9395.6929,0.071,0.6661,50.0
train,vfw,2,1024,95,16082.6159,95.0081,17.7332,25.9122,7248.3852,11262.7166,0.0198,0.0666,50.0
train,vfw,3,640,85,14993.7709,84.9976,11.6655,25.5787,5730.5658,10322.6233,0.0276,0.2,50.0
train,vfw,4,896,99999,18974.1821,126.8884,11.7177,27.2702,8995.1601,10031.7327,0.0015,0.0,50.0
train,vfw,2,640,70,13389.9372,69.9707,19.3249,25.2324,4927.7463,10521.4426,0.0184,0.3999,50.0
train,vfw,2,512,99999,18978.8667,127.0142,28.6667,25.1454,10180.6,11326.3556,0.0015,0.0,50.0
train,vfw,3,896,50,11211.7528,50.0155,9.404,25.2045,2006.5103,9107.6512,0.2467,0.6663,50.0
train,vfw,4,256,55,11694.5312,54.9823,8.2378,55.3944,3728.3151,10124.5393,0.0575,0.5995,50.0
train,vfw,2,384,50,11180.1782,49.9917,18.1936,37.9302,3102.8699,9859.3928,0.0353,0.6664,50.0
train,vfw,4,384,50,11103.8476,49.9718,9.6345,41.2013,2666.3366,8389.7303,0.0825,0.6661,50.0
train,vfw,3,640,80,14450.409,80.0152,11.8179,25.4135,5502.3321,10924.5926,0.0383,0.2666,50.0
train,vfw,2,768,25,8518.9713,24.9848,14.4241,24.7272,660.6357,9050.619,0.0497,0.9996,50.0
train,vfw,4,896,45,10625.6674,45.0406,7.365,27.3906,2824.4517,9467.2691,0.2696,0.7334,49.0
train,vfw,4,256,50,11139.6802,49.9764,8.2825,54.681,3126.5842,9808.7115,0.0623,0.6661,50.0
train,vfw,2,1024,80,14469.1504,79.9987,17.1974,25.9949,5691.3218,10535.3329,0.0982,0.2665,50.0
train,vfw,1,768,40,10071.0246,39.9831,26.6751,23.9505,2149.4041,9405.0369,0.069,0.7997,50.0
train,vfw,2,256,65,12775.9006,64.9714,19.4383,51.4165,3936.8847,9701.3761,0.0504,0.4662,50.0
train,vfw,4,1024,25,8469.7475,24.9984,5.7645,27.303,568.8568,8964.5826,0.4344,0.9992,49.0
train,vfw,1,1024,30,9019.8439,29.9859,19.8776,23.6574,1122.344,8876.872,0.1408,0.9326,50.0
train,vfw,4,256,99999,18984.9009,126.9488,12.96,53.007,7338.8718,8364.3111,0.0012,0.0,50.0
train,vfw,3,1024,45,10694.2952,45.0087,8.5581,25.8033,2179.6865,8141.9198,0.6012,0.7327,50.0
train,vfw,1,1024,70,13388.2571,69.9121,29.867,23.4355,4127.6201,9626.127,0.0436,0.3997,50.0
train,vfw,4,640,60,12206.6681,59.9984,9.8226,27.6,3423.365,8430.7913,0.1233,0.5333,50.0
train,vfw,4,896,100,16617.87,100.0385,11.322,28.3476,7086.2787,10809.0707,0.0141,0.0025,50.0
train,vfw,4,640,75,13859.529,75.0064,12.3486,28.1183,5246.4727,9819.1532,0.0823,0.3336,50.0
train,vfw,2,384,99999,18966.5316,126.9727,31.2264,37.6335,8209.9455,9237.9117,0.0015,0.0,50.0
train,vfw,1,768,25,8419.6425,24.9708,21.9323,23.8779,384.7,8505.7716,0.0438,0.9996,50.0
train,vfw,1,640,35,9493.7403,34.9719,26.2938,23.9102,1324.4427,8929.3915,0.013,0.8665,50.0
train,vfw,1,768,40,10073.9688,39.9694,25.4346,23.6976,1029.9808,8257.9377,0.0378,0.7997,50.0
train,vfw,4,512,90,15504.0427,90.0021,11.7318,28.9047,6907.5674,10945.4063,0.0318,0.1332,50.0
train,vfw,2,384,35,9537.8982,34.9913,14.5515,38.4863,1405.2319,9028.2437,0.0417,0.8663,50.0
train,vfw,4,384,30,8911.2011,29.9919,5.2241,40.9529,1655.5289,8264.8598,0.1098,0.9326,50.0
train,vfw,4,384,30,8914.7469,30.0097,5.0083,41.2461,1305.2065,7867.5625,0.1098,0.9326,50.0
train,vfw,4,1024,50,11194.2901,50.025,7.0926,27.5379,2522.018,9291.3996,0.2943,0.6672,49.0
train,vfw,1,640,45,10597.6841,44.9776,30.675,23.9484,2087.3844,9076.9133,0.0198,0.7332,50.0
train,vfw,4,1024,99999,18981.1896,126.9228,10.4633,27.9639,10216.9778,11322.3153,0.0016,0.0,50.0
train,vfw,1,256,45,10629.0718,44.9356,37.4654,49.5007,2862.3578,9385.3408,0.0678,0.7327,49.0
train,vfw,2,1024,95,16076.7029,94.9902,17.8999,26.0549,6645.5084,10650.1042,0.0198,0.0666,50.0
train,vfw,3,896,99999,18965.9717,126.9526,19.9098,27.2411,9808.0675,10849.1723,0.0015,0.0,50.0
train,vfw,1,896,95,16128.3974,94.962,38.8011,24.4327,7353.3374,11415.3778,0.0177,0.0666,50.0
train,vfw,3,256,50,11195.5206,49.9973,12.7159,51.971,2899.3723,7945.2465,0.0047,0.6667,50.0
train,vfw,1,512,40,10028.1135,39.9787,30.9601,24.3994,2482.1269,9536.6424,0.0029,0.8,50.0
train,vfw,3,512,45,10690.2163,44.9986,8.7689,24.9106,2304.6822,9462.5727,0.0038,0.7333,50.0
train,vfw,3,1024,55,11762.1665,55.0058,10.0422,25.6179,2495.6665,8844.8318,0.3718,0.5995,50.0
train,vfw,1,384,35,9507.8846,34.9647,33.3168,36.568,1129.3477,8704.1885,0.0397,0.8663,49.0
train,vfw,2,1024,25,8524.6313,24.9659,12.0848,25.478,371.5,8649.5833,0.0994,0.9992,50.0
train,vfw,4,896,35,9520.3843,34.9972,6.9575,27.5112,1583.7822,8689.6417,0.3161,0.8663,49.0
train,vfw,1,512,55,11680.974,55.0154,36.8043,24.4834,3970.0068,10491.9137,0.0057,0.6,50.0
train,vfw,3,512,85,14990.7417,85.0008,11.563,25.2282,5662.2614,10212.3078,0.0114,0.2,50.0
train,vfw,1,1024,80,14490.3409,79.9181,30.5713,24.1038,5408.5895,10347.4332,0.0339,0.2665,50.0
train,vfw,3,1024,60,12307.6351,59.9849,10.2956,26.1076,3856.7647,8944.7013,0.3899,0.5329,50.0
train,vfw,4,640,60,12207.8823,59.9911,8.2964,27.8911,3005.2239,7962.8484,0.1232,0.5333,50.0
train,vfw,3,768,75,13938.4142,75.0041,11.5982,25.6693,4382.2955,9411.4283,0.2764,0.3332,50.0
train,vfw,1,640,100,16653.4062,100.0455,48.8934,25.0872,7973.8727,11415.3778,0.0164,0.0,50.0
train,vfw,2,1024,80,14459.2317,79.9849,19.4596,25.714,5604.2154,10604.3962,0.0368,0.2665,50.0
train,vfw,4,1024,25,8461.1071,24.9929,5.1626,27.2478,360.5,8613.6547,0.3589,0.9992,49.0
train,vfw,1,512,70,13337.431,70.0339,41.4771,24.7043,4531.2876,10073.9411,0.0086,0.4,50.0
train,vfw,2,512,90,15543.2703,89.8996,21.9394,25.0632,5952.9135,10207.5255,0.0123,0.1333,50.0
train,vfw,1,256,70,13333.4648,69.8545,44.7517,48.8626,4867.9555,10343.4551,0.0435,0.3997,49.0
train,vfw,1,256,99999,18950.3247,126.9189,60.9846,49.7076,10209.6168,11165.3885,0.064,0.0,50.0
train,vfw,1,512,85,14990.8148,85.0641,46.6718,24.9553,5823.3178,10471.6894,0.0114,0.2,50.0
train,vfw,2,512,45,10669.7706,44.9568,17.7431,24.3819,2549.4599,9431.1048,0.0037,0.7333,50.0
train,vfw,3,1024,100,16634.6755,99.997,12.5603,27.0377,6770.8942,11030.9316,0.0139,0.0,50.0
train,vfw,3,896,100,16629.3743,100.0176,14.9122,26.5584,6437.1251,11207.3671,0.0141,0.0,50.0
train,vfw,3,768,55,11757.8798,54.9721,9.593,25.432,2842.5892,8691.3546,0.2324,0.5998,50.0
train,vfw,1,384,85,14981.3477,84.929,47.6413,36.9165,6668.3519,10758.8297,0.0202,0.1999,50.0
train,vfw,1,512,100,16645.3672,100.0923,52.39,25.2048,7154.1645,10926.0414,0.0143,0.0,50.0
train,vfw,2,512,70,13387.6537,69.945,18.7811,24.9018,4987.5039,10195.279,0.0085,0.4,50.0
train,vfw,2,1024,45,10692.2135,44.9858,13.7033,25.792,2878.6204,9721.5207,0.0766,0.7327,50.0
train,vfw,2,384,99999,18972.1347,126.9886,29.7498,38.1163,8463.3486,9525.9098,0.0015,0.0,50.0
train,vfw,4,896,25,8437.1817,25.0126,5.0153,27.8296,1004.6001,8651.1842,0.3625,0.9992,49.0
train,vfw,1,1024,99999,18972.1258,126.8939,44.9788,24.7803,10093.7369,11229.1291,0.0015,0.0,50.0
train,vfw,2,512,95,16102.5282,94.9466,22.275,24.8343,7164.0022,11177.8217,0.0133,0.0667,50.0
train,vfw,3,1024,95,16089.2423,94.9921,13.0795,26.8526,6971.1013,11415.3778,0.0254,0.0666,50.0
train,vfw,1,384,70,13337.3868,69.9405,43.0713,36.9161,4923.1779,10254.9126,0.026,0.3998,50.0
train,vfw,4,768,75,13882.2404,75.0217,9.829,27.8556,4489.6686,9231.4691,0.1063,0.3342,50.0
train,vfw,3,512,50,11225.0742,49.984,9.6831,24.5982,2704.2501,9426.4374,0.0047,0.6667,50.0
train,vfw,1,512,35,9474.5556,34.9777,28.7107,24.0564,1736.535,9376.2417,0.0019,0.8667,50.0
train,vfw,3,512,45,10696.0502,45.0125,8.3284,24.7002,2386.4565,9433.8267,0.0038,0.7333,50.0
train,vfw,3,896,45,10659.161,45.0082,8.003,25.0579,2806.1023,9551.733,0.1617,0.7329,50.0
train,vfw,4,256,55,11690.8213,54.9848,6.5979,55.1372,2839.1671,9125.3559,0.0575,0.5995,50.0
train,vfw,4,512,85,14951.8334,85.002,11.4196,28.8267,6388.3304,10528.2546,0.0407,0.1998,50.0
train,vfw,2,1024,100,16602.29,99.958,17.7015,26.1756,6988.4129,10654.866,0.0141,0.0,50.0
train,vfw,4,512,45,10533.0218,44.9928,8.5014,27.7643,2281.8307,7102.0623,0.1631,0.7327,50.0
train,vfw,2,768,55,11760.7943,54.9729,16.2456,24.8731,2837.0037,9544.8036,0.0355,0.5998,50.0
train,vfw,4,512,95,16053.3731,94.9988,12.0533,28.9249,7197.2018,10817.1381,0.0229,0.0666,50.0
validation,vfw,1,512,100,16635.0667,100.0062,34.1556,24.4477,7423.6889,11105.0,0.0138,0.0,50.0
train,vfw,1,640,99999,18993.6097,126.9653,53.8031,23.6462,9828.7488,10930.7853,0.0014,0.0,50.0
train,vfw,4,1024,65,12827.7753,65.0551,10.1879,27.8732,4911.4993,10901.7043,0.2102,0.4681,50.0
train,vfw,1,896,35,9544.6724,34.9928,19.0266,24.0447,1545.9209,9169.9205,0.0589,0.8661,50.0
train,vfw,4,256,70,13340.9292,69.9744,8.9996,55.7692,4532.2519,10005.3693,0.0431,0.3997,50.0
train,vfw,3,512,75,13919.8398,75.013,11.7163,25.2169,5558.4939,10671.4929,0.0095,0.3333,50.0
train,vfw,3,768,55,11766.9911,55.0013,10.3486,25.4533,2712.9851,8697.9863,0.2259,0.5998,50.0
train,vfw,1,512,85,14988.015,85.0537,47.2739,24.8461,5507.7824,10114.06,0.0114,0.2,50.0
train,vfw,4,1024,95,16096.8532,95.0963,11.526,28.0462,6922.4304,10992.5646,0.0421,0.0697,50.0
train,vfw,1,640,95,16104.8768,95.0368,45.8281,25.0361,6949.9714,11027.524,0.0148,0.0667,50.0
train,vfw,2,896,45,10686.8451,44.9848,14.1523,25.2106,2003.5383,9153.5556,0.0584,0.7329,50.0
train,vfw,2,1024,95,16079.0562,95.0001,18.3535,26.0771,7032.2095,11146.2609,0.0198,0.0666,50.0
train,vfw,3,384,95,16059.1661,94.9937,15.0636,38.3425,7146.835,11108.4734,0.0132,0.0667,50.0
train,vfw,4,256,100,16628.3847,99.9649,11.6323,56.7976,7700.8378,11415.3778,0.0142,0.0,50.0
train,vfw,3,768,40,10112.589,39.9537,8.9081,24.6517,974.8503,8189.8602,0.0896,0.7997,50.0
train,vfw,1,896,65,12836.8838,64.9639,30.5458,24.0217,3909.9399,9736.1408,0.0382,0.4664,50.0
train,vfw,1,1024,65,12852.1402,64.9521,27.3904,23.8927,4531.3928,10423.8108,0.0485,0.4663,50.0
train,vfw,4,512,95,16055.0984,95.0056,12.5018,28.9353,7171.0245,11083.7519,0.023,0.0666,50.0
train,vfw,1,768,25,8416.0828,24.9666,21.0255,23.5894,382.8,7715.5237,0.0438,0.9996,50.0
train,vfw,1,1024,99999,18961.9004,126.8803,46.5035,24.5223,10216.9778,11415.3778,0.0012,0.0,50.0
train,vfw,2,768,65,12846.775,64.9831,18.1183,25.3426,4880.4733,10866.7655,0.0307,0.4665,50.0
train,vfw,3,896,50,11234.6825,49.9996,9.831,25.4969,2081.5686,8025.5271,0.4516,0.6663,50.0
train,vfw,1,640,70,13353.7778,70.0228,37.6012,24.8686,5048.1421,10680.9749,0.0173,0.3999,50.0
train,vfw,4,384,90,15518.8779,89.9939,10.1557,42.7962,6261.9444,10399.37,0.0278,0.1332,50.0
train,vfw,4,896,50,11165.0076,50.0248,7.6355,27.6613,2590.0424,8885.2018,0.2464,0.667,50.0
train,vfw,1,256,60,12252.3672,59.8824,42.4227,49.1254,3870.8617,10035.4068,0.0532,0.5329,49.0
train,vfw,4,1024,60,12281.464,60.0385,10.6736,27.7724,3977.8699,10206.7203,0.2382,0.5344,49.0
train,vfw,3,1024,40,10129.8722,39.9957,9.9972,25.9611,2129.7533,8754.1491,0.3719,0.7994,50.0
train,vfw,2,256,50,11136.2661,50.0049,15.8029,51.9759,2894.398,9754.8007,0.0188,0.6661,50.0
train,vfw,4,384,30,8907.7659,29.9888,5.7004,40.6686,639.8603,7136.0041,0.1098,0.9326,50.0
train,vfw,1,384,50,11146.9635,49.951,37.2937,36.4874,2745.6761,9459.2601,0.0338,0.6664,49.0
train,vfw,1,384,70,13335.6578,69.9439,43.1799,36.8078,4388.9463,10019.809,0.026,0.3998,50.0
train,vfw,3,384,50,11187.3274,49.9419,10.0041,38.3699,2208.46,7956.7764,0.0047,0.6667,50.0
train,vfw,4,640,40,10009.5427,40.004,7.0825,27.5337,1840.4717,7743.6713,0.1779,0.7995,50.0
train,vfw,1,384,55,11694.6119,54.9595,39.4904,36.8672,3728.5118,10202.1908,0.0319,0.5998,49.0
train,vfw,3,256,45,10658.852,44.9977,11.8444,51.8031,2369.2545,7222.13,0.0727,0.7333,50.0
train,vfw,4,896,85,14996.9354,85.0512,10.5983,28.2382,6274.0195,10448.3343,0.1439,0.2018,50.0
train,vfw,4,896,95,16091.7275,95.0857,10.293,28.7669,7541.6492,11415.3778,0.0373,0.0689,50.0
train,vfw,2,896,95,16089.0079,94.9739,18.5329,25.6965,6383.8281,10363.9282,0.0181,0.0666,50.0
train,vfw,2,768,80,14464.867,79.96,21.4045,25.2209,5659.8651,10627.8704,0.0236,0.2666,50.0
train,vfw,4,768,80,14430.4696,80.0447,10.4254,28.0827,5269.7801,10211.1446,0.0879,0.2677,50.0
train,vfw,2,896,65,12849.4085,64.9798,16.5326,25.4242,4062.6498,9841.6203,0.0899,0.4664,50.0
train,vfw,3,256,65,12815.459,65.0034,13.39,51.9575,4622.879,9244.8557,0.0075,0.4667,50.0
train,vfw,2,768,55,11744.3028,54.9317,14.9212,25.1759,2469.4508,8876.8537,0.0355,0.5998,50.0
train,vfw,1,896,50,11189.1045,49.9817,24.9312,24.106,3015.4723,9769.4694,0.0486,0.6663,50.0
train,vfw,2,512,60,12302.7403,59.9595,17.2072,24.7027,3926.429,10204.597,0.0066,0.5333,50.0
train,vfw,2,384,80,14456.5545,79.9686,21.083,37.6606,5402.1215,10283.0919,0.0226,0.2665,50.0
train,vfw,2,640,25,8511.7887,24.9892,13.6529,24.7677,718.9134,9052.2996,0.0248,0.9998,50.0
train,vfw,4,896,25,8433.5543,25.0014,5.4494,27.5339,749.2898,8369.468,0.3625,0.9992,49.0
train,vfw,3,256,90,15512.5097,89.9768,16.4875,51.4706,7081.2633,10827.0781,0.0122,0.1333,50.0
train,vfw,2,768,75,13933.4773,74.9776,17.2139,25.4582,5578.3001,10913.4481,0.026,0.3332,50.0
train,vfw,4,256,50,11147.2546,49.9835,7.211,54.8599,2883.9393,9325.1361,0.1307,0.6661,50.0
train,vfw,1,256,30,9000.0076,29.9891,34.5808,49.6353,1667.0327,9663.3303,0.0823,0.9326,48.0
train,vfw,2,384,50,11177.3601,49.9702,18.7064,37.9599,2475.2882,9157.389,0.0353,0.6664,50.0
test,vfw,1,1024,100,16680.6667,100.3004,51.4222,23.5073,7519.9778,11304.9333,0.014,0.0,50.0
train,vfw,3,896,65,12842.4015,64.9987,10.3021,25.6908,3226.6648,8974.9127,0.2175,0.4664,50.0
train,vfw,4,384,70,13315.3162,69.9927,8.7807,41.8076,4177.0881,9082.5938,0.0552,0.3997,50.0
train,vfw,3,640,40,10146.4342,40.0078,8.6789,24.9617,2066.7077,9400.575,0.0579,0.7998,50.0
train,vfw,1,1024,100,16681.2186,99.8939,35.3547,24.3108,7243.4322,11015.0498,0.0143,0.0,50.0
train,vfw,4,256,40,10042.2393,39.9968,5.9921,54.2811,1983.9416,9295.9469,0.072,0.7994,50.0
train,vfw,1,768,75,13923.8935,75.0141,35.0986,25.2143,5953.2227,11296.7002,0.0241,0.3332,50.0
train,vfw,1,640,30,8944.4222,29.9707,24.8465,23.7761,828.3667,8706.9076,0.0214,0.9331,50.0
train,vfw,4,1024,55,11734.144,55.0232,8.5943,27.3493,3125.6615,9563.2529,0.2663,0.6008,49.0
train,vfw,1,512,35,9477.5792,34.9727,29.6764,24.4925,1793.6456,9426.5014,0.0019,0.8667,50.0
train,vfw,3,640,100,16615.5295,100.014,14.1334,25.8192,7014.7963,11171.0696,0.038,0.0,50.0
train,vfw,1,256,65,12794.3939,64.8651,43.8341,49.0895,4303.9535,10114.7112,0.0483,0.4663,49.0
train,vfw,1,384,85,14976.0502,84.9239,47.5752,36.864,5781.5848,10382.1063,0.0202,0.1999,50.0
train,vfw,2,512,50,11218.8805,49.9779,16.5943,24.5606,3360.8737,10157.2312,0.0047,0.6667,50.0
train,vfw,4,384,90,15513.9829,89.9952,10.8229,42.408,6681.1422,10836.909,0.0278,0.1332,50.0
train,vfw,3,384,85,14980.7927,84.9884,15.9111,38.2206,6208.876,10580.5616,0.0113,0.2,50.0
train,vfw,1,1024,75,13931.0478,74.9009,29.5184,24.1044,4820.8362,10040.3318,0.0387,0.3331,50.0
train,vfw,4,896,65,12818.7812,65.0356,9.3694,27.9337,4098.4238,9216.6886,0.3267,0.4676,50.0
train,vfw,2,512,55,11761.8583,54.9711,17.4919,24.4337,3477.1844,9925.3745,0.0057,0.6,50.0
train,vfw,2,512,45,10676.3222,44.979,15.0345,24.3664,1926.4414,9269.3552,0.0038,0.7333,50.0
train,vfw,1,896,40,10088.485,39.9784,24.5323,23.8309,2185.2402,9578.8817,0.0554,0.7995,50.0
train,vfw,1,896,100,16669.1532,99.9357,40.295,24.3356,7262.9268,11092.763,0.0143,0.0,50.0
train,vfw,1,768,60,12272.1035,59.9834,33.2667,24.7602,4255.7065,10444.3276,0.0301,0.5331,50.0
train,vfw,4,768,45,10592.2836,45.0107,8.188,27.9775,2522.6027,8579.2581,0.2169,0.7332,50.0
train,vfw,4,512,90,15506.4873,90.0131,11.1879,28.7369,6620.9222,10744.2118,0.0318,0.1332,50.0
train,vfw,4,640,50,11117.2014,50.0295,7.2218,28.0236,3293.1866,8701.3224,0.1505,0.6664,50.0
train,vfw,2,256,35,9497.201,34.9983,15.7291,52.9638,1789.9431,9312.1223,0.1309,0.8659,50.0
train,vfw,1,512,65,12788.3049,65.0326,39.1159,24.7166,4609.8596,10508.2028,0.0076,0.4667,50.0
train,vfw,4,896,45,10626.9879,45.0131,7.3944,27.6126,2214.2815,8550.6348,0.3492,0.7334,49.0
train,vfw,3,512,99999,18957.0679,126.9646,21.487,25.4227,9862.1835,11004.2093,0.0014,0.0,50.0
train,vfw,1,512,99999,18998.9556,126.9929,56.3245,23.1291,10051.1308,11206.187,0.0013,0.0,50.0
train,vfw,2,384,45,10630.6267,44.9811,15.4777,38.2834,2061.9686,9046.934,0.0375,0.733,50.0
train,vfw,1,896,60,12278.3815,59.9641,29.1,24.0318,3699.7277,9964.2905,0.0382,0.533,50.0
train,vfw,2,512,95,16090.6222,94.9355,22.2305,24.9684,7129.5177,11415.3778,0.0120,0.0667,50.0
train,vfw,2,384,85,14994.6643,84.9492,22.0188,37.6116,5788.4358,10364.3526,0.0205,0.1999,50.0
train,vfw,4,1024,100,16641.0504,100.0957,11.7068,28.1583,7786.9125,11415.3778,0.0141,0.0033,50.0
train,vfw,2,768,65,12849.0914,64.9797,18.336,25.6254,4504.652,10440.9667,0.0307,0.4665,50.0
train,vfw,4,256,60,12237.794,59.9834,9.1912,55.021,3505.0454,9847.4101,0.0527,0.5329,50.0
train,vfw,1,896,50,11181.9588,49.9734,26.5643,23.8904,2981.9549,9866.5898,0.0481,0.6663,50.0
train,vfw,3,768,95,16080.523,95.0098,13.6697,26.0237,6978.4672,11212.9477,0.0262,0.0666,50.0
train,vfw,3,640,25,8528.4326,25.0018,6.1953,24.8595,465.2469,8551.9359,0.0767,0.9998,50.0
train,vfw,1,1024,100,16678.0786,99.9019,35.2746,24.1619,7583.8111,11356.3807,0.0143,0.0,50.0
train,vfw,1,640,85,15006.7723,85.0193,42.4079,24.6401,5423.4011,10031.8139,0.0158,0.2,50.0
train,vfw,4,384,70,13315.4604,69.9914,10.7298,42.2115,4964.983,9978.0545,0.0551,0.3997,50.0
train,vfw,3,768,65,12837.1826,65.0032,10.5162,25.6594,3844.4806,9960.3391,0.0583,0.4665,50.0
train,vfw,3,256,85,14960.6779,84.9875,15.8977,51.3509,6138.0931,10590.1124,0.0119,0.2,50.0
train,vfw,1,1024,100,16689.7992,99.8914,35.692,24.3527,7156.3215,10623.1276,0.1177,0.0,50.0
train,vfw,1,256,30,9001.9193,29.99,34.8541,49.7353,1367.7415,9118.132,0.0823,0.9326,48.0
train,vfw,1,768,80,14457.8723,79.9885,38.0301,24.507,5731.7166,10925.4098,0.0248,0.2666,50.0
train,vfw,4,768,60,12227.5742,60.0226,8.4695,27.8417,3810.0071,9439.4516,0.0894,0.5337,50.0
train,vfw,3,640,100,16607.4042,99.9872,14.4951,24.9738,6224.9021,10277.6779,0.0458,0.0,50.0
train,vfw,4,512,80,14396.7443,80.0003,10.5393,28.47,5434.3765,9640.088,0.0495,0.2665,50.0
train,vfw,2,1024,45,10687.998,44.9803,14.7562,25.162,1952.6334,9158.2317,0.0767,0.7327,50.0
train,vfw,3,512,95,16064.7507,95.0086,12.3478,25.2342,7178.3332,11172.71,0.0133,0.0667,50.0
train,vfw,4,256,35,9495.0057,34.9864,5.2846,54.1553,941.5347,8366.678,0.0768,0.866,50.0
train,vfw,1,1024,30,9013.3756,29.9778,19.54,23.7382,1374.1803,8983.7849,0.0827,0.9326,50.0
train,vfw,1,512,80,14434.1602,80.0545,45.0736,24.9167,5735.394,10862.5255,0.0105,0.2667,50.0
train,vfw,2,640,50,11219.0143,49.9751,14.3887,24.7204,2535.355,9243.9235,0.0213,0.6665,50.0
train,vfw,3,768,35,9579.5655,34.9556,7.6004,25.0625,739.9812,7959.2594,0.1775,0.8663,50.0
train,vfw,2,896,30,9058.7705,29.9968,12.3794,25.1591,1078.8291,9578.3008,0.0715,0.9328,50.0
train,vfw,4,768,45,10580.5459,45.0148,7.4711,27.5827,1998.8647,8637.7937,0.1502,0.7332,50.0
train,vfw,3,256,40,10115.4409,40.0092,10.7118,52.1112,2289.8316,7497.1815,0.0028,0.8,50.0
train,vfw,2,1024,50,11231.1608,49.989,13.5892,25.7223,2720.088,9423.644,0.071,0.6661,50.0
train,vfw,1,768,30,8966.1007,29.9771,22.83,23.7089,1547.3444,9482.413,0.0418,0.933,50.0
train,vfw,4,1024,25,8468.8444,24.9956,5.7611,27.3462,628.0,8964.2,0.4344,0.9992,49.0
train,vfw,3,256,55,11729.0089,54.9996,12.9846,51.5925,2625.8903,7869.6816,0.0056,0.6,50.0
train,vfw,2,640,80,14477.9491,79.9784,18.4955,25.0165,5831.586,10812.3564,0.017,0.2666,50.0
train,vfw,3,640,25,8537.3739,24.9723,7.4873,24.9136,377.9,7667.256,0.2905,0.9998,50.0
train,vfw,3,384,50,11215.0891,50.004,10.4027,38.2017,2998.7618,8578.5281,0.0861,0.6667,50.0
train,vfw,3,896,95,16084.4275,94.9945,13.5113,26.5432,7075.903,11226.5904,0.0429,0.0666,50.0
train,vfw,4,640,80,14415.2036,80.0161,10.4439,28.1495,5619.0959,10043.5365,0.0687,0.2671,50.0
train,vfw,3,256,60,12272.0833,59.9993,14.315,51.6503,4130.3014,9001.7621,0.0066,0.5333,50.0
train,vfw,4,1024,60,12281.363,60.0361,8.4933,27.6191,3892.2018,10107.0102,0.2383,0.5344,49.0
train,vfw,3,512,60,12284.7727,59.9535,9.7328,25.1772,3172.8123,9217.4383,0.0067,0.5333,50.0
train,vfw,4,1024,100,16641.4999,100.0927,11.1343,28.1712,7352.8298,11104.5608,0.0141,0.0033,50.0
train,vfw,1,640,50,11151.349,50.0087,32.5849,24.1938,3359.8878,10158.2087,0.0194,0.6665,50.0
train,vfw,3,768,45,10673.2081,44.9991,9.2514,25.2446,2584.6525,9507.4082,0.1062,0.733,50.0
train,vfw,4,896,95,16086.9886,95.0807,8.036,28.4852,7027.4345,11153.8339,0.0055,0.0689,50.0
train,vfw,1,384,70,13336.7618,69.9494,43.595,37.0418,5081.9142,10606.1277,0.026,0.3998,50.0
train,vfw,1,768,100,16659.0307,100.0123,42.9863,24.5664,8002.3987,11415.3778,0.0143,0.0,50.0
train,vfw,1,256,55,11707.2677,54.9074,41.4132,49.1729,2791.4405,9663.3428,0.058,0.5995,49.0
train,vfw,3,512,95,16060.9364,95.0078,12.5374,25.2943,6868.4712,11120.8982,0.0115,0.0667,50.0
train,vfw,2,1024,50,11236.4403,50.0117,14.1001,25.524,3067.6277,10029.2951,0.071,0.6661,50.0
train,vfw,2,640,70,13384.2665,69.9778,18.1053,24.8376,5193.4792,10758.2557,0.0184,0.3999,50.0
train,vfw,3,768,35,9614.4016,34.9957,8.7829,25.0936,1091.8496,7772.5698,0.371,0.8663,50.0
train,vfw,4,512,95,16056.0632,95.0019,11.8784,28.7868,6734.3096,10523.3549,0.0229,0.0666,50.0
train,vfw,4,768,90,15528.0881,90.0508,11.0596,28.3769,6423.0063,10798.5754,0.051,0.1347,50.0
train,vfw,3,384,60,12290.1596,60.0035,9.9043,38.4532,3716.4813,9161.1105,0.0066,0.5333,50.0
train,vfw,4,384,99999,18963.2948,126.885,14.5107,39.7487,8022.4615,9108.2464,0.0014,0.0,50.0
train,vfw,1,256,50,11166.3303,49.9129,40.0558,49.136,2860.1195,9580.2309,0.0629,0.6661,49.0
train,vfw,2,1024,90,15540.1145,89.9985,17.5299,25.9524,6312.6227,10951.9927,0.0255,0.1332,50.0
train,vfw,1,256,50,11163.7401,49.9077,39.6376,48.9345,2400.2531,9057.618,0.0629,0.6661,49.0
train,vfw,1,1024,75,13944.2651,74.9353,28.5175,24.1779,5094.9264,10503.9696,0.0387,0.3331,50.0
train,vfw,4,256,55,11702.0896,54.9819,7.86,55.0858,3210.8317,9244.1182,0.198,0.5995,50.0
train,vfw,2,256,45,10584.8193,44.9865,16.5386,52.1828,2509.586,9346.8613,0.0711,0.7327,50.0
train,vfw,1,640,55,11701.7765,54.9927,33.1582,24.2902,3245.5217,9538.821,0.0643,0.5999,50.0
train,vfw,4,1024,40,10097.7146,40.0015,6.7195,27.4905,1894.6782,9311.684,0.3504,0.8,49.0
train,vfw,2,640,55,11766.0982,54.9668,15.6399,24.7739,3073.0148,9542.0332,0.0206,0.5999,50.0
train,vfw,3,768,35,9621.167,35.0094,9.0023,25.1097,1654.247,8383.8411,0.3941,0.8663,50.0
train,vfw,4,384,99999,18977.0,126.9122,13.5067,40.222,8675.1345,9655.4311,0.0015,0.0,50.0
train,vfw,4,256,25,8398.4892,24.9919,5.0355,53.8729,849.5508,8687.9784,0.0864,0.9992,50.0
train,vfw,4,896,30,8970.4828,29.9966,5.1513,27.3326,638.8375,8161.8485,0.2576,0.9328,49.0
train,vfw,3,512,30,9068.564,29.9916,7.205,24.8032,1338.922,9352.7145,0.0010,0.9333,50.0
train,vfw,3,640,40,10146.4677,40.0069,8.1715,25.24,2284.337,9564.3728,0.0617,0.7998,50.0
train,vfw,4,512,25,8319.2444,24.9813,8.0169,27.2518,530.22,5842.5556,0.1469,0.9992,50.0
train,vfw,1,896,60,12281.6812,59.9711,29.8171,23.9751,3152.5655,9226.0056,0.0417,0.533,50.0
train,vfw,2,384,80,14459.2613,79.9826,22.7737,37.8103,5897.7196,10853.8974,0.0226,0.2665,50.0
train,vfw,4,512,55,11617.4452,54.999,8.1162,27.9237,3324.8231,8542.5391,0.0884,0.5995,50.0
train,vfw,3,896,35,9616.7732,34.9732,10.0386,24.8998,808.4214,6786.9745,0.6479,0.8661,50.0
train,vfw,2,384,45,10631.7582,44.9876,16.6794,38.4311,2657.9049,9720.3003,0.0375,0.733,50.0
train,vfw,2,896,40,10149.4389,39.9963,14.4298,25.3516,2378.5637,9951.6557,0.0624,0.7995,50.0
train,vfw,3,768,25,8536.7963,24.9933,7.4437,25.0227,1024.5727,8319.9269,0.3959,0.9996,50.0
train,vfw,1,512,80,14445.1727,80.076,44.9798,24.6784,6129.9286,11170.932,0.0105,0.2667,50.0
train,vfw,3,768,95,16083.412,95.0056,12.4571,25.8323,5896.0423,10426.0966,0.0303,0.0666,50.0
train,vfw,2,384,50,11190.2559,49.9794,16.8626,38.327,3029.0634,9391.7587,0.1692,0.6664,50.0
train,vfw,4,384,25,8356.3447,25.0005,5.7791,40.5166,383.4,6807.3559,0.1166,0.9992,50.0
train,vfw,4,512,40,9970.758,39.9858,7.9636,27.7376,2062.258,7174.2908,0.1203,0.7994,50.0
train,vfw,3,512,25,8533.5763,24.9965,6.7963,24.6503,474.5129,8976.317,0.0,1.0,50.0
train,vfw,3,896,65,12857.1503,65.0009,11.5624,25.8787,3981.3918,9305.0916,0.3723,0.4664,50.0
train,vfw,1,896,65,12829.2864,64.9632,30.4659,24.0473,3588.6742,9730.1243,0.0383,0.4664,50.0
train,vfw,4,1024,75,13918.4968,75.0628,9.6777,27.8616,5338.1711,10652.0659,0.1542,0.3353,50.0
train,vfw,3,768,90,15545.2541,89.9995,12.8505,26.352,6564.7914,10984.4397,0.0614,0.1333,50.0
train,vfw,1,384,100,16614.2512,99.9199,52.6055,36.8834,6660.1443,10944.6839,0.0143,0.0,50.0
train,vfw,2,256,85,14989.5957,84.9903,22.9716,50.2461,5981.5748,10241.1669,0.0297,0.1998,50.0
train,vfw,1,768,35,9513.2013,34.9639,25.5647,23.5338,1253.1551,8840.7791,0.0399,0.8663,50.0
train,vfw,2,640,75,13924.3658,74.9683,18.5333,24.9862,5239.8844,10731.7757,0.0178,0.3333,50.0
train,vfw,4,512,55,11633.9359,55.0014,9.0853,28.061,3134.0803,8063.4961,0.0938,0.5995,50.0
train,vfw,2,384,25,8446.2872,25.002,13.097,38.4907,375.2,8860.4343,0.046,0.9995,50.0
train,vfw,4,384,80,14416.4566,79.9894,11.2399,42.4653,5808.9244,10320.6123,0.0415,0.2665,50.0
train,vfw,3,896,80,14465.3654,80.0154,10.1649,26.0369,4717.0637,10234.7695,0.1056,0.2665,50.0
train,vfw,1,256,50,11176.6315,49.9239,39.8149,49.4865,2937.2228,9417.6245,0.1439,0.6661,49.0
train,vfw,2,384,25,8448.6204,24.9993,12.2986,38.6622,794.8312,9060.7289,0.0459,0.9995,50.0
train,vfw,3,256,40,10111.6112,39.9954,9.4105,51.6952,1599.1874,6733.2719,0.0028,0.8,50.0
train,vfw,1,768,99999,18987.3369,126.9472,48.5083,24.1171,10110.9909,11081.123,0.0014,0.0,50.0
train,vfw,3,896,70,13377.6719,69.9993,10.6393,25.6786,4065.7904,9748.4743,0.1572,0.3998,50.0
train,vfw,4,512,95,16060.4596,95.0199,9.1504,29.0568,7078.3443,10986.6795,0.023,0.0666,50.0
train,vfw,1,384,45,10605.2835,44.9665,34.8586,36.8529,2178.0095,9170.3743,0.0358,0.733,49.0
train,vfw,4,768,95,16071.9929,95.0559,11.3275,28.2802,6975.8271,11120.131,0.0325,0.0682,50.0
train,vfw,1,768,35,9514.1644,34.9929,24.4092,23.6315,1807.971,9702.36,0.0345,0.8663,50.0
train,vfw,4,896,55,11710.5365,55.0156,8.6724,28.0452,3402.8299,9475.2232,0.2232,0.6005,50.0
train,vfw,1,1024,55,11754.7966,54.964,23.1354,24.0018,3425.2415,9870.0594,0.0583,0.5995,50.0
train,vfw,2,1024,90,15538.2368,89.9886,17.2655,26.0272,6203.8368,10468.9852,0.0255,0.1332,50.0
train,vfw,1,896,50,11187.0914,49.9741,26.6245,24.1114,3020.0328,9774.3761,0.0486,0.6663,50.0
train,vfw,3,896,30,9033.7622,29.9933,7.0576,24.9669,600.1446,8161.1315,0.1474,0.9328,50.0
train,vfw,4,896,85,14996.7634,85.0705,9.554,28.5181,6371.5247,10935.7056,0.0838,0.2018,50.0
train,vfw,4,896,55,11712.38,55.0233,8.0015,27.7012,3578.4437,9700.4562,0.2232,0.6005,50.0
train,vfw,4,512,60,12187.3789,60.0038,8.9836,28.1517,3571.3488,8200.7263,0.0849,0.5329,50.0
train,vfw,4,768,55,11687.1802,55.0207,9.6639,28.0639,3441.8364,9100.7517,0.18,0.6002,50.0
train,vfw,1,256,50,11169.6635,49.9171,39.6441,49.2322,2574.0885,9251.69,0.0629,0.6661,49.0
train,vfw,4,256,35,9493.7548,34.9877,6.9834,54.1189,1560.4054,9054.4619,0.0768,0.866,50.0
train,vfw,1,1024,60,12300.389,59.9508,26.9828,23.9292,4011.2115,10249.6623,0.0534,0.5329,50.0
train,vfw,4,640,70,13317.1089,70.032,7.0459,28.4178,4781.0211,9524.2411,0.096,0.4002,50.0
train,vfw,4,512,100,16599.4159,99.9819,13.7151,28.294,6915.5053,10641.2856,0.0141,0.0,50.0
train,vfw,2,768,50,11229.2366,49.9988,14.9091,24.9509,3042.8086,9900.4296,0.0378,0.6664,50.0
train,vfw,3,256,70,13344.1726,69.9892,14.2571,51.518,4684.2895,9362.024,0.0085,0.4,50.0
train,vfw,1,768,45,10616.9155,44.9893,25.0769,24.175,2480.9466,9611.5822,0.0023,0.733,50.0
train,vfw,1,512,55,11682.3664,55.0042,35.5263,24.3038,2857.7149,9244.5721,0.0057,0.6,50.0
train,vfw,3,512,50,11234.6923,50.0059,9.431,25.4121,3250.8984,10025.2315,0.0047,0.6667,50.0
train,vfw,1,640,45,10598.5234,44.9957,30.0246,23.9797,2172.1319,9578.0527,0.0199,0.7332,50.0
train,vfw,4,640,50,11109.52,50.0086,8.5663,27.8377,2976.57,8352.6353,0.1505,0.6664,50.0
train,vfw,4,384,40,10013.4888,39.9977,6.3651,41.0891,1988.6529,8147.6226,0.0961,0.7994,50.0
train,vfw,2,512,30,9043.102,29.9896,12.8166,24.2725,1331.8781,9268.2772,0.0009,0.9333,50.0
train,vfw,3,896,40,10148.6918,39.9955,9.1135,25.3968,1580.6942,7786.4147,0.455,0.7995,50.0
train,vfw,2,256,40,10039.3487,39.9994,15.3619,52.3191,1759.9714,9062.7493,0.0764,0.7993,50.0
train,vfw,3,896,30,9064.3525,30.0062,7.6099,24.934,1403.7141,8052.6022,0.5332,0.9328,50.0
train,vfw,3,1024,99999,18965.1778,126.9421,14.9778,26.5814,6766.4444,7472.1556,0.0015,0.0,50.0
train,vfw,3,384,100,16594.3122,99.9835,17.4019,38.2342,7485.2653,11157.0664,0.0141,0.0,50.0
train,vfw,3,640,40,10151.5884,40.0065,9.0492,25.0438,2149.3404,9250.0311,0.1236,0.7998,50.0
train,vfw,2,768,70,13386.1432,69.9804,17.7869,25.2801,5028.6489,10643.6855,0.0284,0.3998,50.0
train,vfw,1,896,95,16122.1234,94.9447,38.0524,24.421,6629.9868,10666.9676,0.0177,0.0666,50.0
train,vfw,1,256,65,12800.4443,64.8752,42.72,49.2199,4481.4235,10312.135,0.0483,0.4663,49.0
train,vfw,1,768,100,16665.5803,99.9938,43.1305,24.5358,7075.8568,10807.0141,0.0143,0.0,50.0
train,vfw,2,640,85,15016.9854,84.9513,19.7251,25.0831,5544.8017,10132.8969,0.0163,0.2,50.0
train,vfw,3,512,35,9616.5419,35.002,8.518,24.8002,1529.3216,9193.0666,0.0019,0.8667,50.0
train,vfw,1,1024,55,11756.9205,54.9514,24.9221,23.9644,3932.4408,9971.5345,0.0583,0.5995,50.0
train,vfw,1,384,40,10055.2914,39.9725,32.7703,36.8499,2049.952,9381.8094,0.0378,0.7997,49.0
train,vfw,2,896,60,12309.6395,59.9887,16.1828,25.7002,3801.4769,10049.0309,0.0464,0.533,50.0
train,vfw,3,384,100,16601.7878,99.988,15.445,38.4253,7764.4675,11051.7615,0.0476,0.0,50.0
train,vfw,3,896,70,13381.3775,70.021,10.3759,25.6224,4883.4885,10473.6948,0.0867,0.3998,50.0
train,vfw,4,640,40,10006.0302,39.9994,7.423,27.5078,1549.078,7436.2826,0.1778,0.7995,50.0
train,vfw,2,896,35,9594.9621,34.9985,12.8069,25.1463,1445.8957,9840.9686,0.0597,0.8661,50.0
train,vfw,3,768,55,11756.7988,54.9914,8.3849,25.3325,2679.6104,8972.2014,0.1168,0.5998,50.0
train,vfw,1,384,75,13881.67,74.9414,44.8611,36.8626,4875.7527,10393.0652,0.0241,0.3332,50.0
train,vfw,2,1024,30,9082.9234,30.0009,10.7961,25.6897,1481.5494,9256.8552,0.0937,0.9326,50.0
train,vfw,1,640,35,9499.9797,34.9762,27.4956,24.3363,1895.9461,9545.9,0.0209,0.8665,50.0
train,vfw,1,1024,35,9571.778,34.9799,20.842,23.7354,1579.6923,8943.6646,0.1704,0.866,50.0
train,vfw,3,256,100,16591.5003,99.9811,17.9309,51.2886,7506.1931,11248.311,0.0141,0.0,50.0
train,vfw,1,512,90,15542.4685,90.0671,48.217,25.076,6417.334,10618.4389,0.0124,0.1333,50.0
train,vfw,2,256,45,10571.5166,44.9581,16.2235,52.1365,1965.4765,8931.6965,0.0712,0.7327,50.0
train,vfw,3,384,95,16057.0356,94.9844,16.1895,38.2968,7281.8339,11242.9836,0.0132,0.0667,50.0
train,vfw,1,256,30,9003.1145,30.0087,35.376,49.55,1439.3378,9419.835,0.0823,0.9326,48.0
train,vfw,3,512,70,13380.8075,70.0005,10.6293,25.0824,4511.7468,10011.121,0.0085,0.4,50.0
train,vfw,2,512,65,12848.1581,64.9749,19.0486,24.7254,4368.1617,10459.9905,0.0076,0.4667,50.0
train,vfw,1,768,75,13913.383,74.9835,36.0273,24.3443,4681.4025,9879.9455,0.0242,0.3332,50.0
train,vfw,3,640,50,11219.4468,50.0181,8.5011,24.741,3020.6338,9743.3491,0.0825,0.6665,50.0
train,vfw,2,1024,95,16075.9216,94.9924,18.769,25.9948,6587.2123,10582.676,0.0198,0.0666,50.0
train,vfw,2,896,40,10154.1848,39.9923,14.0187,25.4659,2039.0815,9451.9594,0.1002,0.7995,50.0
train,vfw,2,896,50,11229.0251,49.9927,15.2246,25.3006,2935.7425,9825.358,0.0544,0.6663,50.0
train,vfw,4,384,60,12213.649,59.9836,7.7374,41.6624,3665.1054,8726.2902,0.0688,0.5329,50.0
train,vfw,4,384,55,11665.4415,55.0014,7.1598,41.4837,3395.6415,8963.8247,0.0757,0.5995,50.0
train,vfw,1,256,95,16047.3127,94.7529,51.5075,48.7177,7209.4963,11218.7488,0.0192,0.0666,50.0
train,vfw,4,640,95,16070.4825,95.0319,11.3591,28.6984,7206.3275,11133.3856,0.0424,0.0674,50.0
train,vfw,1,1024,55,11755.3489,54.9624,27.5454,24.2412,3783.3091,10293.2586,0.0583,0.5995,50.0
train,vfw,2,384,55,11723.9193,54.9845,17.9846,38.1304,3323.3416,9749.8493,0.0332,0.5997,50.0
train,vfw,1,384,99999,18973.2439,126.9598,58.5584,36.3547,10120.8323,11166.4078,0.0282,0.0,50.0
train,vfw,4,768,90,15524.983,90.0438,11.7081,27.992,5953.8249,10471.586,0.051,0.1347,50.0
train,vfw,2,896,40,10148.3079,39.9901,13.6622,25.3538,1994.7616,9462.4836,0.0624,0.7995,50.0
train,vfw,2,640,60,12298.9246,59.9487,17.7009,24.382,3126.9965,9227.8821,0.0199,0.5332,50.0
train,vfw,2,512,85,15022.8184,84.9541,21.0818,24.984,6393.7277,11068.9788,0.0113,0.2,50.0
train,vfw,2,1024,35,9622.4618,35.0172,12.831,25.3491,1765.123,9700.1177,0.088,0.866,50.0
train,vfw,3,384,90,15523.1545,89.9953,14.1401,38.4091,6805.7077,10836.6004,0.0123,0.1333,50.0
train,vfw,4,1024,25,8473.932,25.009,4.9392,27.7618,778.0467,9119.5106,0.4344,0.9992,49.0
train,vfw,4,896,35,9529.8541,35.0295,5.3386,27.9387,2115.1451,9250.6771,0.3161,0.8663,49.0
train,vfw,4,768,65,12787.0452,65.038,8.0474,28.5147,4639.7151,9898.6526,0.1432,0.4672,50.0
train,vfw,4,768,25,8370.9956,24.9547,5.9161,27.482,391.9,6614.1563,0.2907,0.9992,50.0
train,vfw,2,384,30,8997.2526,29.9816,12.8276,38.5353,942.83,8450.3751,0.0438,0.9329,50.0
train,vfw,4,640,70,13314.1588,70.0209,9.1366,28.3735,4743.6165,9468.6866,0.096,0.4002,50.0
train,vfw,4,384,75,13864.1651,74.985,9.3542,42.1047,4937.3909,9628.9277,0.0483,0.3331,50.0
train,vfw,1,896,99999,18984.7515,126.9102,49.9802,24.1777,10124.6869,11046.6326,0.0784,0.0,50.0
train,vfw,2,512,25,8503.689,24.9773,11.6014,24.2203,355.6,8209.9618,0.0,1.0,50.0
train,vfw,1,256,70,13334.4714,69.8434,46.5731,48.925,4603.0726,10075.4943,0.0434,0.3997,49.0
train,vfw,2,256,75,13870.8763,74.9564,21.6873,50.7639,4556.9279,9680.461,0.0401,0.333,50.0
train,vfw,3,1024,25,8479.3794,24.9547,7.0241,25.1689,378.8,6857.3472,0.4784,0.9992,50.0
train,vfw,1,512,75,13891.1366,75.048,42.5853,24.8271,5601.093,10935.4296,0.0095,0.3333,50.0
train,vfw,1,896,30,8969.2935,29.9508,20.9812,23.6588,655.1704,8763.2184,0.0672,0.9328,50.0
train,vfw,4,256,85,14987.3785,84.9824,9.8563,56.0768,6459.2697,10912.6887,0.0286,0.1998,50.0
train,vfw,1,512,70,13333.1132,70.041,41.7307,24.6655,4511.1967,10462.3625,0.0086,0.4,50.0
train,vfw,1,896,100,16670.9153,99.9388,39.3221,24.4921,6796.1102,10515.3039,0.0143,0.0,50.0
train,vfw,3,768,60,12306.7625,59.9933,9.7609,25.4421,2876.0327,8577.5753,0.2219,0.5331,50.0
train,vfw,3,512,45,10694.9888,45.0092,8.3195,25.0402,2643.1681,9712.0561,0.0038,0.7333,50.0
train,vfw,2,256,30,8935.5197,29.9933,15.4007,52.5967,1293.8765,9274.8988,0.0867,0.9325,50.0
train,vfw,4,1024,40,10102.0085,40.002,7.1948,27.1307,1408.4162,8773.4068,0.3503,0.8,49.0
train,vfw,2,896,55,11767.9233,54.9926,15.9496,25.4957,3710.2436,10328.1145,0.0504,0.5996,50.0
train,vfw,3,384,95,16056.3551,94.9973,15.1389,38.277,6625.2315,11043.9054,0.0132,0.0667,50.0
train,vfw,3,640,99999,18951.0072,126.9518,18.8356,25.4753,9373.8919,10461.6848,0.0015,0.0,50.0
train,vfw,3,640,30,9070.427,29.9906,7.615,24.8517,1260.1354,8971.7615,0.1229,0.9331,50.0
train,vfw,4,512,35,9423.0359,34.9997,7.1167,27.5095,830.1258,6060.1234,0.1292,0.866,50.0
train,vfw,4,640,45,10562.2917,45.0116,6.6793,28.0049,2442.5939,7953.8514,0.1642,0.733,50.0
train,vfw,4,512,99999,18962.5119,126.8675,13.0389,27.9972,10216.9778,11415.3778,0.0016,0.0,50.0
train,vfw,2,896,40,10154.1713,39.9907,14.0836,25.3252,1935.6105,9278.5456,0.1212,0.7995,50.0
train,vfw,2,896,90,15549.824,89.985,18.388,25.816,6818.046,11216.427,0.0222,0.1333,50.0
train,vfw,2,512,60,12301.8458,59.9651,17.3863,24.5617,3055.1525,9675.157,0.0066,0.5333,50.0
train,vfw,3,256,90,15506.8326,89.9728,20.0564,51.1943,6730.1321,10744.9009,0.0122,0.1333,50.0
train,vfw,1,256,40,10087.7434,39.9623,37.4704,49.5974,2259.2361,9620.5358,0.0726,0.7994,48.0
train,vfw,3,384,90,15519.9922,89.9925,15.1031,38.4793,6223.1909,10336.8575,0.0123,0.1333,50.0
train,vfw,4,1024,30,9026.2979,30.002,6.5813,27.4485,882.9512,8492.3518,0.5476,0.9328,49.0
train,vfw,4,896,40,10070.0736,40.0046,7.8876,27.5065,2032.7556,8794.6333,0.2928,0.7999,49.0
train,vfw,2,512,50,11221.177,49.9808,14.2808,24.8982,3083.2815,9833.7668,0.0047,0.6667,50.0
train,vfw,3,768,75,13922.445,74.9957,12.0808,25.8024,4545.68,9864.2035,0.1591,0.3332,50.0
train,vfw,1,256,45,10620.8674,44.931,38.563,49.3456,2100.996,9250.1155,0.0678,0.7327,49.0
train,vfw,1,512,25,8368.8892,24.9547,25.8951,23.5479,364.5,8392.1136,0.0452,1.0,50.0
train,vfw,2,896,95,16087.6628,94.9824,18.3165,26.1412,7630.9785,11415.3778,0.0182,0.0666,50.0
train,vfw,4,640,60,12215.8164,60.0148,8.2563,28.0749,4080.0282,9058.2644,0.1233,0.5333,50.0
train,vfw,1,256,100,16588.4889,99.7393,53.1111,48.6677,7216.1333,10846.8889,0.0143,0.0,50.0
train,vfw,2,384,85,15009.1396,84.9702,23.1041,37.8917,6243.1446,10787.0931,0.049,0.1999,50.0
train,vfw,3,640,35,9604.1689,34.9758,8.6632,24.7165,1429.8087,8493.989,0.1157,0.8665,50.0
train,vfw,2,256,99999,18964.1516,126.9601,29.5935,50.834,6922.5994,7914.6148,0.0015,0.0,50.0
train,vfw,1,256,100,16588.011,99.7463,53.4352,48.6373,7041.2087,10953.9847,0.0143,0.0,50.0
train,vfw,1,256,99999,18946.4266,126.9247,59.7426,49.8252,9853.5987,11283.3665,0.0015,0.0,50.0
train,vfw,4,512,85,14949.8458,85.0012,11.0295,28.648,6300.1183,10435.4603,0.0407,0.1998,50.0
train,vfw,2,256,65,12788.9973,65.0022,21.3296,51.2964,4645.2574,10512.6291,0.0504,0.4662,50.0
train,vfw,4,512,100,16610.8015,100.0237,12.0595,29.2633,7444.9502,11219.9851,0.0141,0.0,50.0
train,vfw,3,1024,25,8483.8029,25.0074,6.6826,25.3353,851.669,8565.6694,0.2746,0.9992,50.0
train,vfw,2,512,35,9589.2429,34.9876,13.6545,24.302,1173.908,9138.085,0.0019,0.8667,50.0
train,vfw,3,1024,50,11222.9699,49.9984,9.7748,25.6376,2409.2749,8557.2583,0.4461,0.6661,50.0
train,vfw,4,1024,55,11735.1512,55.043,8.534,27.6032,3024.7877,10074.7007,0.2663,0.6008,49.0
train,vfw,2,768,45,10680.8605,44.9834,15.7118,24.9611,2129.6829,9547.255,0.0402,0.733,50.0
train,vfw,4,640,70,13315.3494,70.0216,9.3678,28.1784,4710.8078,9569.9996,0.096,0.4002,50.0
train,vfw,4,768,80,14428.484,80.0301,9.7657,28.1269,5077.7035,9625.1038,0.0879,0.2677,50.0
train,vfw,4,256,25,8399.2287,24.9973,6.4058,54.1577,1016.4589,9137.4292,0.0864,0.9992,50.0
train,vfw,4,384,60,12216.4787,60.0029,8.5617,41.2951,3864.7207,9243.3616,0.0688,0.5329,50.0
train,vfw,3,640,65,12839.6999,65.0099,11.1641,25.2692,4045.4571,10282.4693,0.0629,0.4666,50.0
train,vfw,4,384,50,11115.1041,49.9965,7.8217,41.5128,3092.8223,8882.3254,0.0825,0.6661,50.0
train,vfw,3,896,60,12297.2276,59.9906,10.0461,25.7838,3998.0475,9516.0256,0.1787,0.533,50.0
train,vfw,1,512,25,8373.0494,24.9565,25.1219,23.736,386.1,8490.8705,0.0,1.0,50.0
train,vfw,2,384,65,12821.4113,64.995,20.1275,37.9977,4760.1179,10651.2942,0.029,0.4665,50.0
train,vfw,2,768,90,15552.9297,89.9607,19.5973,25.3777,5999.7976,10290.8289,0.0189,0.1333,50.0
train,vfw,1,512,35,9469.9829,34.9678,31.184,23.8698,1659.142,9283.3279,0.0019,0.8667,50.0
train,vfw,4,384,50,11096.9687,49.9946,7.0389,41.2874,2936.4623,9182.4,0.0929,0.6661,50.0
train,vfw,4,640,55,11668.8508,55.0111,8.6694,27.891,3066.165,8180.6426,0.2252,0.5998,50.0
train,vfw,1,384,99999,18975.3614,126.9706,58.7748,36.2354,9683.2013,11229.513,0.0015,0.0,50.0
train,vfw,4,768,40,10040.6957,40.009,8.0468,27.7656,2105.6714,8381.5744,0.2353,0.7997,50.0
train,vfw,1,896,70,13378.8663,69.9636,32.1756,24.1442,4376.8587,10119.191,0.0349,0.3998,50.0
train,vfw,4,768,60,12236.2565,60.0197,8.4823,27.8081,3279.3778,8827.7005,0.1616,0.5337,50.0
train,vfw,1,1024,100,16678.8953,99.8883,35.7226,24.1765,7103.9056,10859.2908,0.0143,0.0,50.0
train,vfw,3,256,45,10653.7253,45.0032,10.0096,51.8612,2161.8888,7187.0238,0.0038,0.7333,50.0
train,vfw,3,512,95,16047.4784,94.9606,12.223,25.3598,6388.4481,10305.7467,0.0133,0.0667,50.0
train,vfw,1,512,100,16648.6996,100.0942,50.2052,25.4518,7734.6768,11415.3778,0.0143,0.0,50.0
train,vfw,4,512,30,8872.0634,29.9908,6.2114,27.4641,1101.1989,6403.2432,0.1381,0.9326,50.0
train,vfw,3,512,100,16606.4501,100.0274,12.5855,25.1012,7781.6204,11415.3778,0.0142,0.0,50.0
train,vfw,2,256,35,9492.1271,35.003,15.2209,52.5493,1045.7185,8971.5787,0.1478,0.8659,50.0
train,vfw,2,1024,50,11226.8753,50.0051,13.844,25.5093,3038.5781,10031.278,0.0433,0.6661,50.0
train,vfw,4,256,35,9497.6455,34.9992,5.3503,54.0739,1333.0414,8807.0093,0.0768,0.866,50.0
train,vfw,3,1024,70,13381.5911,70.0095,11.9164,26.1491,4015.7454,9894.6397,0.202,0.3997,50.0
train,vfw,4,768,35,9493.9402,35.0101,6.3329,27.7416,1714.6973,8200.1483,0.2538,0.8662,50.0
train,vfw,4,384,50,11118.9419,50.0003,7.1758,41.6598,3066.5054,8703.1278,0.1301,0.6661,50.0
train,vfw,3,1024,85,15002.5147,84.9958,11.8836,26.4768,5441.8522,10504.9254,0.0627,0.1998,50.0
train,vfw,3,512,25,8542.7907,24.9965,7.6335,24.8512,865.2272,9167.2469,0.0,1.0,50.0
train,vfw,2,768,90,15551.4953,89.9647,19.5773,25.4342,6107.6924,10408.0201,0.0189,0.1333,50.0
train,vfw,3,384,65,12828.7956,65.0018,12.4962,38.6352,4407.9297,9638.7515,0.0075,0.4667,50.0
train,vfw,2,256,75,13891.544,74.9938,22.1099,50.8873,5542.8383,10432.0493,0.04,0.333,50.0
train,vfw,4,768,65,12783.5622,65.0235,9.0804,27.9914,4283.9967,9441.496,0.1432,0.4672,50.0
train,vfw,4,1024,60,12273.7759,60.0407,7.8482,27.5744,3552.09,10071.0745,0.1187,0.5344,49.0
train,vfw,3,768,50,11227.0629,49.9951,9.342,25.3586,2906.3027,8995.9523,0.2228,0.6664,50.0
train,vfw,4,384,40,10007.1624,39.9899,6.4345,41.079,2180.8664,8459.071,0.0587,0.7994,50.0
train,vfw,2,896,90,15533.8225,89.9604,18.529,25.7491,5928.6987,10469.976,0.0222,0.1333,50.0
train,vfw,1,256,80,14427.4047,79.821,46.9588,49.0134,5868.7614,10789.1267,0.0337,0.2665,49.0
train,vfw,3,640,60,12298.7349,60.0055,10.1386,25.1403,3264.2944,9506.1852,0.0373,0.5332,50.0
train,vfw,4,896,85,14996.0332,85.0717,10.7961,28.0174,6493.437,11090.6739,0.0838,0.2018,50.0
train,vfw,4,640,40,10009.445,40.0075,7.5141,27.6433,1955.5776,7708.8558,0.1778,0.7995,50.0
train,vfw,1,256,60,12252.6661,59.8948,43.1113,49.1619,3708.41,10025.935,0.0532,0.5329,49.0
train,vfw,3,896,35,9610.8008,34.9923,9.2988,25.4329,1159.5097,7532.953,0.5168,0.8661,50.0
train,vfw,4,384,95,16064.8268,94.9717,12.3422,42.3397,6570.2992,10424.7611,0.0485,0.0666,50.0
train,vfw,2,768,55,11749.6417,54.943,15.2951,25.2339,2923.3715,9256.7478,0.0355,0.5998,50.0
train,vfw,2,768,65,12844.4698,64.9588,16.4754,25.3523,4603.1768,9922.7412,0.0307,0.4665,50.0
train,vfw,3,384,35,9588.679,34.9795,9.7564,37.8416,736.8722,7124.5885,0.0019,0.8667,50.0
train,vfw,3,896,35,9606.7329,34.994,10.0929,25.384,1397.9923,7984.7579,0.4737,0.8661,50.0
train,vfw,1,1024,55,11755.2946,54.9604,25.418,23.9069,3590.4453,10066.6825,0.0583,0.5995,50.0
train,vfw,4,256,40,10058.9907,39.9847,6.3297,54.4524,1687.7545,8443.2032,0.2205,0.7994,50.0
train,vfw,3,256,95,16057.374,94.9736,16.5925,51.1401,6085.6903,9873.2213,0.0131,0.0667,50.0
train,vfw,1,256,55,11697.6104,54.9033,40.9119,49.1698,3298.3766,10065.7205,0.0499,0.5995,49.0
train,vfw,1,640,90,15547.2159,90.0189,44.7457,24.8615,6274.2428,10624.0038,0.0153,0.1333,50.0
train,vfw,3,512,35,9616.3111,34.9951,8.1605,24.8797,1802.0555,9327.2082,0.0019,0.8667,50.0
train,vfw,3,768,95,16080.1297,95.0204,12.7782,25.7405,5934.6991,10911.1887,0.0429,0.0666,50.0
train,vfw,3,768,35,9606.22,34.991,8.0469,25.0447,1608.6386,8697.6603,0.2609,0.8663,50.0
train,vfw,1,896,35,9540.0408,34.9743,22.439,23.7946,1763.1658,9403.3332,0.0589,0.8661,50.0
train,vfw,2,640,45,10678.5683,44.9814,14.9589,24.7578,2117.9322,9209.6805,0.022,0.7332,50.0
train,vfw,3,384,99999,18952.3785,126.9064,18.7099,37.462,7611.8883,8467.0679,0.0014,0.0,50.0
train,vfw,4,896,95,16086.7275,95.0623,11.2936,28.3419,7192.491,10983.7293,0.057,0.0689,50.0
train,vfw,4,256,75,13882.7968,74.9706,8.6639,55.7128,4274.9768,9495.1369,0.0383,0.3331,50.0
train,vfw,2,640,30,9056.9339,30.0018,13.502,24.6815,1344.5382,9389.7178,0.0241,0.9331,50.0
train,vfw,2,640,50,11222.7063,49.9832,15.8923,24.8623,3111.083,9928.1612,0.0213,0.6665,50.0
train,vfw,1,384,95,16068.5144,94.9126,52.7963,36.9374,6874.7936,10899.9778,0.0162,0.0666,50.0
train,vfw,3,640,95,16068.8522,95.0162,12.5486,25.5194,7091.6936,11241.357,0.0199,0.0667,50.0
train,vfw,3,512,85,14986.4737,84.988,11.1348,25.333,5979.2428,10572.0682,0.0114,0.2,50.0
train,vfw,3,768,75,13921.8015,75.0077,9.6659,25.7724,4889.4595,10170.9139,0.0748,0.3332,50.0
train,vfw,4,1024,55,11735.8014,55.028,9.4752,27.5255,3475.219,10004.883,0.2663,0.6008,49.0
train,vfw,2,768,80,14457.4931,79.9449,18.323,25.4214,5205.3167,10118.6347,0.0236,0.2666,50.0
train,vfw,4,384,75,13866.8531,74.9861,9.6467,42.0617,4812.7944,9545.1099,0.0483,0.3331,50.0
validation,vfw,3,512,100,16636.9939,100.0324,16.2111,25.6208,7539.0667,11363.4222,0.0141,0.0,50.0
train,vfw,3,1024,75,13917.1992,75.0209,12.294,26.0834,4009.9099,10429.9856,0.0736,0.3331,50.0
train,vfw,4,1024,50,11189.92,50.0228,6.7102,27.6722,2783.6763,9583.3756,0.2943,0.6672,49.0
train,vfw,1,896,55,11745.1781,54.9658,28.3023,24.074,3354.5418,9456.1295,0.1648,0.5996,50.0
train,vfw,3,512,40,10157.2367,39.9996,7.9406,25.0256,2373.0245,9446.99,0.0028,0.8,50.0
train,vfw,2,512,70,13386.9125,69.9594,18.6641,24.658,4732.9386,10237.8103,0.0085,0.4,50.0
train,vfw,3,256,100,16589.7878,99.9729,17.3546,51.3401,7344.354,10924.3225,0.0141,0.0,50.0
train,vfw,2,256,95,16083.2777,94.9792,26.2645,49.3423,6637.1804,10587.0542,0.0193,0.0666,50.0
train,vfw,2,256,95,16085.0078,94.9866,26.0413,49.4898,6659.0908,10609.8356,0.0193,0.0666,50.0
train,vfw,2,1024,55,11767.7418,54.992,14.7141,25.8051,3307.1251,9914.2445,0.0652,0.5995,50.0
train,vfw,1,1024,99999,18955.7883,126.8396,56.6962,24.0468,10103.262,11211.8651,0.0013,0.0,50.0
train,vfw,1,512,75,13885.6098,75.0473,42.8922,24.6942,5438.6357,10722.4013,0.0095,0.3333,50.0
train,vfw,2,256,65,12788.2482,64.9976,22.1044,51.2622,4482.0091,10311.3073,0.0504,0.4662,50.0
train,vfw,2,256,80,14442.2017,79.9983,22.2237,50.5637,6096.6237,11054.7572,0.0348,0.2664,50.0
train,vfw,4,512,95,16053.7814,95.009,12.3681,28.755,6587.6983,10436.8617,0.0229,0.0666,50.0
train,vfw,4,512,25,8319.2444,24.9699,7.2862,26.7046,364.8,5842.5556,0.1469,0.9992,50.0
train,vfw,4,384,25,8354.8346,24.9825,7.9943,40.4041,573.0674,7310.9933,0.1166,0.9992,50.0
train,vfw,1,768,35,9519.267,34.98,23.9786,23.7281,1305.2443,8888.9047,0.0399,0.8663,50.0
train,vfw,3,1024,40,10142.5947,39.9911,10.1731,25.466,1579.8791,7698.1172,0.5778,0.7994,50.0
train,vfw,2,1024,85,15002.4596,85.004,15.5111,26.0856,5635.9475,10273.697,0.0312,0.1998,50.0
train,vfw,1,384,100,16611.174,99.9096,52.9051,36.5168,7229.1605,10901.3286,0.0143,0.0,50.0
train,vfw,2,1024,40,10154.7346,39.9917,12.772,25.5626,1598.0161,9128.2696,0.0824,0.7994,50.0
train,vfw,4,1024,35,9560.5057,35.0182,6.3414,27.4912,1463.842,9394.7874,0.3784,0.8664,49.0
train,vfw,1,896,90,15573.2397,89.9416,37.255,24.554,6751.2541,10781.4264,0.0211,0.1333,50.0
train,vfw,4,768,60,12236.9539,60.0318,8.7057,27.7586,3590.7347,9270.6318,0.1616,0.5337,50.0
train,vfw,3,1024,50,11195.1556,49.9986,9.0927,25.4998,2569.8772,9428.0504,0.1487,0.6661,50.0
train,vfw,3,768,90,15536.9051,89.9912,11.8057,25.9716,5799.6607,10091.869,0.0395,0.1333,50.0
train,vfw,1,384,75,13883.7279,74.9293,44.3441,36.9033,5116.7029,9886.1895,0.0241,0.3332,50.0
train,vfw,4,768,65,12780.4391,65.0149,9.2348,27.7495,3727.6399,8891.4666,0.1432,0.4672,50.0
train,vfw,2,384,90,15549.8392,89.9729,23.9981,37.5151,6813.0848,11204.7342,0.0184,0.1333,50.0
train,vfw,1,1024,95,16133.2733,94.9035,35.7771,24.2283,7200.7845,11315.5298,0.0192,0.0666,50.0
train,vfw,3,256,40,10108.4737,39.9859,11.0985,51.4886,1512.1252,6634.8914,0.0028,0.8,50.0
train,vfw,1,768,50,11166.4695,49.9885,29.3267,23.95,2528.158,9672.4017,0.034,0.6664,50.0
train,vfw,1,640,25,8393.6889,24.9705,24.9562,23.8991,1220.7098,9504.5946,0.0219,0.9998,50.0
train,vfw,1,1024,90,15586.6355,89.9134,34.1078,24.4277,6401.6177,11212.691,0.0241,0.1332,50.0
train,vfw,2,768,25,8514.992,24.9827,12.3795,24.9127,505.4949,8881.2495,0.0497,0.9996,50.0
train,vfw,2,512,30,9045.619,29.9814,12.9891,24.4608,1265.3773,9221.0422,0.0009,0.9333,50.0
train,vfw,2,384,95,16074.8561,94.9189,22.8327,37.4717,6186.8793,10091.4798,0.0163,0.0666,50.0
train,vfw,4,896,65,12793.3902,65.0253,9.3647,27.4948,3969.5884,9747.1786,0.09,0.4676,50.0
train,vfw,4,256,25,8396.2179,25.001,5.3648,53.7457,386.5,7938.376,0.0864,0.9992,50.0
train,vfw,3,640,70,13383.6431,70.0119,10.3037,25.6713,4829.3369,10377.9107,0.0665,0.3999,50.0
test,vfw,4,512,99999,18945.4444,127.0708,10.6611,27.5923,6789.6222,7555.0444,0.0015,0.0,50.0
train,vfw,1,384,100,16622.3402,99.9121,52.6848,37.0201,7477.9081,10925.7414,0.0635,0.0,50.0
train,vfw,3,384,40,10132.8268,39.9931,9.6305,38.4214,2089.0943,8176.942,0.0028,0.8,50.0
train,vfw,1,896,65,12830.1923,64.9613,30.2289,24.0473,3956.684,9762.8094,0.0383,0.4664,50.0
train,vfw,2,768,30,9061.5938,29.9933,13.2964,24.9578,1203.252,9302.5084,0.0473,0.933,50.0
train,vfw,3,512,50,11231.0088,50.0044,7.3866,25.0446,2690.8768,9409.6163,0.0048,0.6667,50.0
train,vfw,1,1024,95,16133.3482,94.897,34.4476,24.2935,7346.4706,11384.005,0.0192,0.0666,50.0
train,vfw,4,512,60,12191.9013,60.0091,6.5084,28.3026,3684.4856,8279.763,0.1032,0.5329,50.0
train,vfw,1,1024,45,10657.2744,44.9641,22.6733,23.7488,2302.1484,9314.5996,0.0681,0.7327,50.0
train,vfw,1,768,55,11718.4795,54.9949,31.1553,24.0655,3329.7663,10037.3829,0.032,0.5998,50.0
train,vfw,1,1024,45,10662.7855,44.9841,22.6153,23.8262,2789.3078,9862.8242,0.068,0.7327,50.0
train,vfw,2,256,50,11135.8542,49.9895,19.4268,51.7389,2930.9458,9655.9624,0.0659,0.6661,50.0
train,vfw,4,896,80,14435.2881,80.0259,13.1597,27.8301,5441.5194,10206.6024,0.107,0.2683,50.0
train,vfw,2,896,85,15009.2618,84.9922,17.4353,26.0559,6283.9197,10973.9237,0.0262,0.1999,50.0
train,vfw,3,640,75,13917.1685,75.0019,10.9917,25.3789,5083.3526,10522.6131,0.0325,0.3333,50.0
train,vfw,2,768,70,13388.9608,69.9954,16.892,25.0149,5044.8294,10643.527,0.0284,0.3998,50.0
train,vfw,1,512,45,10577.8746,45.0028,32.7506,24.1305,2355.1753,9658.7542,0.0039,0.7333,50.0
train,vfw,1,256,95,16045.739,94.755,51.3604,48.648,6171.6752,10099.7104,0.0192,0.0666,50.0
train,vfw,3,1024,65,12827.7773,64.9943,9.2033,26.1401,4105.4235,9817.1793,0.112,0.4663,50.0
train,vfw,4,640,95,16069.5928,95.0377,11.4886,29.0453,7329.7251,11297.8483,0.0278,0.0674,50.0
train,vfw,3,768,50,11216.1188,50.0045,8.9483,25.3864,2764.0644,9501.6577,0.1045,0.6664,50.0
train,vfw,1,384,50,11156.5383,49.9828,35.6981,37.3836,3537.78,10328.385,0.0338,0.6664,49.0
train,vfw,4,384,55,11657.4597,54.9983,8.227,41.236,3527.2598,9053.2408,0.0757,0.5995,50.0
train,vfw,2,256,85,14991.9936,85.0096,23.7346,50.1184,6266.6424,10889.7492,0.0296,0.1998,50.0
train,vfw,3,384,80,14438.147,79.9947,13.4319,38.326,5608.2565,10304.6768,0.0107,0.2667,50.0
train,vfw,4,256,25,8397.3778,24.9946,5.0281,53.8421,627.7556,8691.5333,0.0864,0.9992,50.0
train,vfw,4,768,95,16076.4715,95.0524,11.7188,28.4163,6826.5481,11012.7423,0.0326,0.0682,50.0
train,vfw,4,384,70,13318.551,69.9979,7.6921,42.0973,4820.6193,9805.6041,0.0552,0.3997,50.0
train,vfw,4,1024,60,12287.7427,60.0578,5.3733,28.0522,3962.3719,10187.2148,0.2383,0.5344,49.0
train,vfw,4,640,65,12767.4392,65.0089,9.2312,28.1649,4443.928,9173.0947,0.1718,0.4667,50.0
train,vfw,1,256,100,16589.3536,99.7448,54.3279,48.6255,7413.9285,11072.6253,0.0143,0.0,50.0
train,vfw,1,512,60,12234.9082,60.0153,37.4733,24.4092,3434.1879,9543.3953,0.0066,0.5333,50.0
train,vfw,4,640,25,8361.5778,25.0089,6.3336,27.3351,792.4145,6977.0514,0.2188,0.9992,50.0
train,vfw,3,896,85,15006.1316,85.0147,11.9599,25.7626,4463.1548,10141.1268,0.039,0.1999,50.0
train,vfw,1,384,90,15520.6751,89.9137,49.2628,37.0656,6985.6833,10837.0396,0.0181,0.1333,50.0
train,vfw,2,1024,30,9080.1029,30.0078,12.6391,25.3452,810.6807,9408.0875,0.0938,0.9326,50.0
train,vfw,1,768,85,15011.9469,84.994,39.7026,24.5262,5688.2929,10836.4726,0.0202,0.1999,50.0
train,vfw,3,640,99999,18965.7263,126.9622,20.6185,25.9971,9264.6511,10325.6482,0.0015,0.0,50.0
train,vfw,1,640,100,16657.0533,100.0364,47.6961,24.9551,7439.8858,11256.3447,0.0143,0.0,50.0
train,vfw,2,512,25,8496.5891,25.0053,10.8465,23.9882,1017.1824,9210.6478,0.0,1.0,50.0
train,vfw,3,512,75,13916.0498,75.0099,10.0631,25.1471,5236.8957,10435.5676,0.0095,0.3333,50.0
train,vfw,3,896,75,13924.4137,75.0193,12.0652,25.8097,4187.8488,9834.6395,0.1405,0.3331,50.0
train,vfw,1,896,55,11736.0078,54.9697,29.4578,24.2688,3736.3588,10243.8686,0.0451,0.5996,50.0
train,vfw,3,384,35,9586.6887,34.9974,8.9162,38.304,1519.2764,8160.5058,0.0018,0.8667,50.0
train,vfw,4,512,30,8873.0914,29.9961,5.761,27.5858,848.8064,6132.1518,0.1381,0.9326,50.0
train,vfw,2,512,25,8501.0094,24.9922,11.4013,24.3574,859.2013,9295.5549,0.0,1.0,50.0
train,vfw,4,384,70,13315.1661,69.9861,8.991,42.0256,5080.7191,10087.2358,0.0552,0.3997,50.0
train,vfw,2,768,70,13386.655,69.9702,16.483,25.2491,4026.2944,9524.0011,0.0284,0.3998,50.0
train,vfw,1,768,70,13366.0093,69.9898,35.1003,24.2934,4623.6518,10411.8552,0.0261,0.3998,50.0
train,vfw,2,256,90,15538.1404,90.0006,25.1078,50.0019,6492.0079,10781.6241,0.0245,0.1332,50.0
train,vfw,2,896,60,12305.5129,59.9777,15.6491,25.6349,4005.4129,9831.4094,0.0463,0.533,50.0
train,vfw,1,640,99999,18993.5877,126.9787,53.3732,23.5504,9956.9769,11219.1657,0.0013,0.0,50.0
train,vfw,4,1024,80,14461.768,80.0717,10.5532,27.9519,6001.8394,11039.0326,0.1262,0.2689,50.0
train,vfw,1,512,99999,18986.9177,126.9617,55.8726,23.1957,9883.6093,10997.2237,0.0013,0.0,50.0
train,vfw,4,768,25,8385.8058,24.9797,5.7474,27.3411,367.3,7129.4321,0.2907,0.9992,50.0
train,vfw,2,768,99999,18976.7141,126.9887,29.4147,25.3301,8376.7813,10556.691,0.0015,0.0,50.0
train,vfw,3,640,55,11766.3808,54.9938,9.4756,25.2591,3595.7516,9506.5144,0.0935,0.5999,50.0
train,vfw,3,896,55,11746.4826,54.9945,9.7879,25.358,2939.5145,9349.5223,0.1167,0.5996,50.0
train,vfw,4,640,50,11113.9916,49.999,7.2551,27.6692,2072.3638,7346.4042,0.1505,0.6664,50.0
train,vfw,1,768,80,14469.2613,80.0015,37.8237,24.3738,5918.8023,10930.4393,0.0222,0.2666,50.0
train,vfw,2,384,65,12815.6459,64.9746,19.4872,37.7427,3952.0362,9875.0919,0.029,0.4665,50.0
train,vfw,3,640,45,10681.4787,45.0105,8.4159,24.8241,2405.8277,9456.2966,0.0878,0.7332,50.0
train,vfw,3,768,99999,18972.8143,126.9623,17.8169,25.7612,8291.0235,9235.3974,0.0014,0.0,50.0
train,vfw,2,768,45,10686.942,44.9886,16.2371,25.4983,2743.8983,9931.7625,0.0402,0.733,50.0
train,vfw,2,768,45,10663.1202,44.9372,14.488,25.0636,1731.9039,8784.0661,0.0402,0.733,50.0
train,vfw,2,512,100,16646.3442,99.93,22.7306,25.0477,6936.2763,10602.2701,0.0142,0.0,50.0
train,vfw,3,384,25,8510.0174,24.9986,7.8876,38.2583,645.9638,7783.7589,0.0,1.0,50.0
train,vfw,1,896,30,8989.3953,29.9692,21.3552,23.86,1495.3151,8990.2497,0.0622,0.9328,50.0
train,vfw,1,640,25,8394.7012,24.9565,23.9889,23.5957,448.8185,8508.0633,0.0653,0.9998,50.0
train,vfw,3,384,99999,18958.0155,126.948,18.9443,38.1613,9490.7183,10520.9612,0.0014,0.0,50.0
train,vfw,2,896,100,16628.902,99.9808,19.4491,26.0298,7500.1825,11107.1755,0.0561,0.0,50.0
train,vfw,1,768,65,12830.3531,64.9814,34.001,24.3795,4265.6795,9654.4426,0.1915,0.4665,50.0
train,vfw,2,640,95,16099.3139,94.9435,21.2371,25.3258,7440.2632,11092.0162,0.0149,0.0667,50.0
train,vfw,3,384,90,15521.1748,89.9896,14.3927,38.3897,6819.258,10687.1881,0.0123,0.1333,50.0
train,vfw,2,256,70,13344.0059,69.997,20.4189,50.8718,4374.8158,9855.594,0.0452,0.3996,50.0
train,vfw,4,512,90,15499.1699,89.9996,13.5342,28.563,6296.4376,10265.0248,0.0318,0.1332,50.0
train,vfw,1,256,100,16570.5637,99.6972,53.0387,48.5404,6540.0808,10087.754,0.0143,0.0,50.0
train,vfw,4,256,99999,18997.0665,126.9479,13.4554,53.0477,7145.4956,7414.7586,0.0547,0.0,50.0
train,vfw,4,896,25,8436.0782,24.9893,4.9847,27.3339,378.9,7486.5589,0.4155,0.9992,49.0
train,vfw,2,384,50,11181.7386,49.9806,16.5393,38.1868,2623.185,9252.216,0.0605,0.6664,50.0
train,vfw,2,768,65,12851.3142,64.9879,15.9734,25.6168,4749.4214,10717.4543,0.0308,0.4665,50.0
train,vfw,4,256,40,10039.317,40.0011,5.6209,54.1712,2273.0114,9452.2449,0.072,0.7994,50.0
train,vfw,3,1024,40,10117.05,40.0005,8.6089,25.3233,1634.5366,8379.0566,0.2626,0.7994,50.0
train,vfw,3,256,60,12271.3658,59.9975,14.3515,51.709,3355.4954,8011.8463,0.0066,0.5333,50.0
train,vfw,3,256,80,14435.1204,79.9931,14.9935,51.6855,5666.7128,9899.9641,0.0103,0.2667,50.0
train,vfw,1,896,45,10639.1577,44.9819,25.1675,23.9678,2443.9197,9645.9911,0.052,0.7329,50.0
train,vfw,3,1024,100,16640.6043,99.9824,13.1085,27.0425,7130.3098,10851.1494,0.1066,0.0,50.0
train,vfw,1,384,65,12787.3811,64.9401,41.3438,36.8563,3915.1579,9570.5744,0.028,0.4665,50.0
train,vfw,2,896,35,9602.9704,34.9982,13.6414,25.2648,1845.2717,9932.2461,0.0611,0.8661,50.0
train,vfw,3,640,70,13382.7025,70.0073,10.2859,25.6137,4860.2932,10283.7539,0.0587,0.3999,50.0
train,vfw,1,896,40,10088.1225,39.9694,23.8084,24.0584,2443.1317,9427.6372,0.0554,0.7995,50.0
train,vfw,4,384,65,12761.2976,64.978,8.7121,41.8547,4379.9598,9216.1171,0.062,0.4663,50.0
train,vfw,2,640,40,10139.9546,39.9796,13.781,24.9004,2411.5623,9430.7893,0.0227,0.7998,50.0
train,vfw,2,896,70,13377.5965,69.9845,16.3015,25.5267,4537.8238,10396.985,0.0361,0.3998,50.0
train,vfw,1,512,25,8370.8368,24.9589,23.6018,23.9194,817.8936,9055.6824,0.0,1.0,50.0
train,vfw,3,256,90,15516.4809,89.9762,16.1219,51.2129,5754.4013,9671.5732,0.0122,0.1333,50.0
train,vfw,3,768,35,9598.5608,34.9998,8.7351,24.8855,730.85,7954.2134,0.2095,0.8663,50.0
train,vfw,2,384,60,12260.8975,59.9845,17.5196,37.7218,3986.4943,10053.4546,0.0311,0.5331,50.0
train,vfw,1,1024,40,10111.0364,39.9683,21.6611,23.7857,2443.0816,9616.4227,0.0729,0.7994,50.0
train,vfw,2,384,80,14458.2959,79.9744,22.2664,37.671,5786.6704,10731.5386,0.0226,0.2665,50.0
train,vfw,1,512,100,16650.9861,100.1041,48.3971,25.569,7515.0256,11323.8421,0.0143,0.0,50.0
train,vfw,1,256,55,11709.6469,54.8977,40.0799,49.1482,2605.3878,8993.9798,0.0581,0.5995,49.0
train,vfw,4,768,25,8402.0205,25.0067,4.9766,27.5528,1010.1752,7947.8979,0.2906,0.9992,50.0
train,vfw,2,768,85,15006.5633,84.9597,18.6107,25.4396,5708.2877,10314.2889,0.0213,0.1999,50.0
train,vfw,1,256,25,8457.7252,25.0076,33.1474,49.6738,1015.1565,8956.3139,0.0871,0.9992,48.0
train,vfw,3,640,80,14460.5246,80.0056,13.4128,25.8608,5713.6938,10664.0605,0.0657,0.2666,50.0
train,vfw,2,768,25,8521.6114,25.0027,12.1814,24.7884,406.3192,9090.8414,0.0497,0.9996,50.0
train,vfw,2,640,60,12304.9944,59.9719,16.1555,24.8304,3201.0246,9543.0316,0.0199,0.5332,50.0
train,vfw,4,640,35,9455.2404,34.9978,7.701,27.447,1139.2491,7235.9219,0.1915,0.8661,50.0
train,vfw,1,640,99999,18992.4722,126.9556,56.3441,23.3417,10040.716,10916.4803,0.0405,0.0,50.0
train,vfw,3,1024,65,12844.4012,64.9985,10.6246,25.9075,3127.4646,8779.2917,0.2811,0.4663,50.0
train,vfw,3,640,40,10161.2474,40.0002,8.4927,25.2204,2010.0308,8772.6674,0.2355,0.7998,50.0
train,vfw,2,1024,60,12319.0548,60.0137,14.9965,25.598,4015.6535,10195.9653,0.1108,0.5329,50.0
train,vfw,1,512,50,11134.6875,50.0017,34.3016,24.3201,2967.643,9516.1049,0.0722,0.6667,50.0
train,vfw,4,896,90,15539.3221,90.0604,10.8044,28.1451,6723.3168,11050.0631,0.0606,0.1354,50.0
train,vfw,1,256,45,10619.8697,44.9351,37.7939,49.3009,2078.0585,9207.9907,0.0086,0.7327,49.0
train,vfw,3,640,45,10691.1248,45.0101,8.8815,24.9339,2294.7888,9159.7336,0.1166,0.7332,50.0
train,vfw,4,896,95,16082.0231,95.0661,10.862,28.2229,6855.0088,10969.54,0.0341,0.0689,50.0
train,vfw,1,640,60,12246.543,59.99,35.3208,24.1638,3783.3679,9769.7467,0.0184,0.5332,50.0
train,vfw,3,512,95,16062.3113,94.9948,15.4713,25.1382,6812.7177,10775.4376,0.0132,0.0667,50.0
train,vfw,3,768,70,13379.3548,70.0045,9.4887,25.7125,4452.4414,10081.1791,0.0827,0.3998,50.0
train,vfw,4,896,80,14445.2749,80.0478,10.4571,27.9962,5839.1064,10676.0992,0.107,0.2683,50.0
train,vfw,3,640,99999,18947.9076,126.9311,17.0537,25.4649,7494.7987,8856.3115,0.0015,0.0,50.0
train,vfw,1,640,60,12248.7306,60.0087,35.2309,24.2352,3321.4345,9657.6842,0.0184,0.5332,50.0
train,vfw,3,768,50,11225.6814,50.0249,9.2102,25.6491,3179.0572,9898.0894,0.1499,0.6664,50.0
train,vfw,1,896,85,15024.8408,84.9525,37.2969,24.3117,6596.5838,11347.2531,0.0245,0.1999,50.0
train,vfw,4,768,70,13325.82,70.0057,10.5498,27.5068,4273.0037,9104.2333,0.1247,0.4007,50.0
train,vfw,1,384,50,11146.01,49.9546,36.422,36.6347,2639.2675,9333.0557,0.0338,0.6664,49.0
train,vfw,2,1024,95,16081.3201,95.0004,17.0915,26.5978,7552.9134,11386.0825,0.0197,0.0666,50.0
train,vfw,4,768,40,10036.5007,40.0154,6.4608,27.3385,2297.7028,8549.6643,0.2354,0.7997,50.0
train,vfw,2,1024,85,15008.2949,84.9931,17.9525,26.3731,6276.341,10869.9884,0.0693,0.1998,50.0
train,vfw,3,384,80,14445.278,79.9871,13.3035,38.43,6168.6507,10150.2065,0.0104,0.2667,50.0
train,vfw,2,256,60,12234.3002,59.9821,22.8234,51.1101,3664.7045,9760.2321,0.0555,0.5329,50.0
train,vfw,3,640,45,10689.8845,44.9934,8.6571,25.0564,2163.6872,8867.2457,0.119,0.7332,50.0
train,vfw,3,512,35,9616.4809,34.9942,7.8633,24.8602,1688.1297,9181.0518,0.0019,0.8667,50.0
train,vfw,3,384,50,11217.3933,49.997,11.4101,38.709,3089.5518,8862.0126,0.0339,0.6667,50.0
train,vfw,3,256,40,10115.0255,39.9924,10.5028,51.7287,1568.3067,6698.8917,0.0028,0.8,50.0
train,vfw,3,384,99999,18957.7346,126.915,18.6319,37.6225,8723.8474,9381.5725,0.0014,0.0,50.0
train,vfw,3,512,45,10689.2903,45.0036,8.5635,24.8303,2491.7187,9661.4824,0.0038,0.7333,50.0
train,vfw,3,256,70,13355.3568,70.0004,12.1132,51.8453,4732.3907,9206.7411,0.0085,0.4,50.0
train,vfw,4,640,55,11657.8001,54.9951,8.6464,27.7146,3381.1701,8588.4692,0.1369,0.5998,50.0
train,vfw,3,512,90,15525.8514,89.9945,12.7315,25.061,6272.2568,10539.9181,0.0123,0.1333,50.0
train,vfw,2,256,85,14991.2139,85.0079,23.6408,50.1223,6126.1179,10787.3749,0.0297,0.1998,50.0
train,vfw,2,384,100,16641.475,99.9695,25.4523,37.3006,7393.2581,11349.3684,0.0141,0.0,50.0
train,vfw,3,384,80,14432.131,79.9727,13.3513,38.3142,5130.8543,9756.4315,0.0104,0.2667,50.0
train,vfw,3,896,90,15547.004,90.0017,12.3631,26.2463,5968.3747,10616.0801,0.0829,0.1333,50.0
train,vfw,2,384,75,13909.2595,74.9691,20.1831,37.7025,4530.8824,9668.8715,0.0248,0.3332,50.0
train,vfw,3,1024,100,16642.5745,100.0399,14.0055,26.468,5246.6226,11289.7275,0.0142,0.0,50.0
train,vfw,3,512,25,8545.422,25.0025,6.9542,24.6492,923.2564,9011.8813,0.0,1.0,50.0
train,vfw,3,256,99999,18970.5577,126.9235,15.0284,51.5374,8788.3641,9751.4306,0.0014,0.0,50.0
train,vfw,2,512,25,8502.0667,24.9858,12.0556,24.3335,599.7111,8829.8889,0.0,1.0,50.0
train,vfw,1,512,60,12235.9524,60.0324,34.488,24.7368,3793.045,10010.8166,0.0067,0.5333,50.0
train,vfw,1,768,85,15017.0259,84.9903,39.5179,24.5363,5977.6507,10649.2094,0.0202,0.1999,50.0
train,vfw,3,384,40,10136.9715,40.0039,9.363,38.1948,1825.0353,8076.1777,0.0028,0.8,50.0
train,vfw,2,896,85,15004.4875,84.9809,18.0469,25.693,5733.4667,10361.6615,0.0262,0.1999,50.0
train,vfw,3,896,65,12844.9004,65.0176,10.5065,25.5123,3657.2534,9805.587,0.1925,0.4664,50.0
train,vfw,1,768,70,13368.0129,69.9932,34.9474,24.2766,4968.7553,10559.6742,0.0261,0.3998,50.0
train,vfw,1,768,70,13361.8306,69.9863,34.6998,24.2969,5151.5886,10485.0687,0.0261,0.3998,50.0
train,vfw,2,1024,25,8538.0199,25.0028,12.1632,25.3846,372.7,8869.2898,0.0994,0.9992,50.0
train,vfw,3,1024,60,12278.6595,59.9728,11.9405,25.3104,2956.796,9001.9931,0.1635,0.5329,50.0
train,vfw,1,1024,100,16675.5373,99.8861,35.7933,24.3076,7137.9029,10894.9104,0.0143,0.0,50.0
train,vfw,1,384,25,8414.3078,24.9888,29.491,36.6886,864.5969,9113.0447,0.0436,0.9996,49.0
train,vfw,3,1024,60,12289.5809,60.0113,10.8286,25.7876,3079.8387,9776.3009,0.1693,0.5329,50.0
train,vfw,1,896,30,8970.9617,29.9359,21.2474,23.719,508.6193,8347.1067,0.0623,0.9328,50.0
train,vfw,4,512,85,14949.897,85.0186,11.3135,28.4538,5697.5701,10271.7751,0.0407,0.1998,50.0
train,vfw,1,768,70,13367.7992,69.9844,33.9721,24.3639,4539.0825,10072.849,0.0261,0.3998,50.0
train,vfw,1,512,85,14994.1097,85.0759,46.6838,24.8409,6219.1924,10917.3694,0.0114,0.2,50.0
train,vfw,1,640,30,8943.9106,29.9723,25.2628,23.8242,877.8775,8762.915,0.0214,0.9331,50.0
train,vfw,1,384,35,9502.3426,34.9707,32.434,36.7184,1134.2385,9054.9365,0.0397,0.8663,49.0
train,vfw,3,256,40,10116.1409,40.0088,10.7234,51.6798,2170.0769,7249.7398,0.0028,0.8,50.0
train,vfw,4,896,75,13900.2853,75.0579,9.7024,27.8225,4673.74,10158.2744,0.1303,0.3347,50.0
train,vfw,2,512,95,16105.1417,94.9346,23.304,25.2384,7413.6145,11415.3778,0.0133,0.0667,50.0
train,vfw,4,384,99999,18982.0162,126.9008,13.6441,40.3846,8715.6714,9501.356,0.0814,0.0,50.0
train,vfw,1,384,90,15517.6348,89.9048,49.9301,36.4736,5615.2452,9838.1838,0.0182,0.1333,50.0
train,vfw,4,512,30,8870.8111,29.9957,6.4337,27.4076,386.2,5842.5556,0.138,0.9326,50.0
train,vfw,2,384,85,15001.6184,84.958,22.276,37.7568,6512.5556,10705.8305,0.0204,0.1999,50.0
train,vfw,3,1024,30,9034.8869,29.9985,7.429,25.2538,1184.2421,8390.9027,0.3428,0.9326,50.0
test,vfw,3,256,25,8436.2889,25.0134,8.5778,53.3727,618.0,8645.3556,0.0,1.0,49.0
train,vfw,3,256,100,16583.7398,99.9614,19.0026,50.7704,6896.5867,10700.9802,0.0141,0.0,50.0
train,vfw,1,640,30,8947.7682,29.9805,23.8565,24.195,1249.6997,9186.6369,0.0214,0.9331,50.0
train,vfw,3,1024,95,16096.277,95.0018,10.5905,26.9343,6320.2931,10745.9495,0.0718,0.0666,50.0
train,vfw,2,640,60,12304.4305,59.9682,16.6851,24.9043,3895.2163,10192.0438,0.0199,0.5332,50.0
train,vfw,4,256,45,10601.508,44.9888,7.0353,54.6846,2486.8105,9151.1477,0.1603,0.7327,50.0
train,vfw,1,640,50,11141.3508,49.9712,32.5712,23.6991,2543.264,9246.1041,0.0194,0.6665,50.0
train,vfw,3,512,25,8545.9995,24.992,6.6569,24.5842,358.6,8256.5251,0.0,1.0,50.0
train,vfw,3,1024,95,16083.2878,94.966,12.4143,26.9128,6503.547,10511.4204,0.0527,0.0666,50.0
train,vfw,1,512,95,16097.0275,95.0815,50.9072,25.162,7304.8257,11415.3778,0.0133,0.0667,50.0
train,vfw,2,640,85,15014.037,84.9562,19.6364,25.0814,5551.2205,10132.7128,0.0163,0.2,50.0
train,vfw,2,256,65,12789.7378,65.0104,20.3929,50.9884,3665.2448,9891.8984,0.0505,0.4662,50.0
train,vfw,1,1024,60,12301.3748,59.9432,26.0154,24.0119,3551.6065,9658.621,0.0534,0.5329,50.0
train,vfw,3,640,50,11231.1556,50.0069,8.1011,25.3325,2784.2458,9345.1931,0.1261,0.6665,50.0
train,vfw,2,640,85,15016.6287,84.9647,17.7801,25.3731,6031.2768,10670.4561,0.0163,0.2,50.0
train,vfw,1,640,90,15558.6776,90.0377,44.102,24.9484,6914.9279,11352.1208,0.0153,0.1333,50.0
train,vfw,3,640,90,15535.9759,89.9967,11.9066,25.6973,6950.211,11082.0836,0.0189,0.1333,50.0
train,vfw,4,384,45,10566.2481,44.9986,6.4924,41.2803,2672.352,8663.6195,0.0893,0.7327,50.0
train,vfw,2,512,90,15558.9397,89.9298,22.392,24.734,6248.949,10508.8321,0.0251,0.1333,50.0
train,vfw,4,768,99999,18965.7015,126.8832,13.0191,27.4512,9519.2699,10433.8652,0.0016,0.0,50.0
train,vfw,4,384,70,13314.9262,69.9854,9.1841,42.0042,4957.5419,9741.6045,0.0552,0.3997,50.0
test,vfw,3,512,100,16643.6,100.0009,15.4667,26.1698,7411.5111,11141.0,0.0141,0.0,50.0
train,vfw,3,256,55,11729.986,55.0009,11.9625,51.3956,3229.0473,7987.5256,0.0056,0.6,50.0
train,vfw,3,512,55,11763.0866,54.9884,9.9223,24.6883,2974.6076,9367.7224,0.0057,0.6,50.0
train,vfw,3,256,45,10649.6332,45.0046,11.652,51.6428,2703.5115,7760.731,0.0038,0.7333,50.0
train,vfw,4,1024,75,13919.9128,75.0613,9.75,27.8019,5093.0698,10388.7752,0.1542,0.3353,50.0
train,vfw,2,896,30,9071.4682,30.0042,13.6644,25.2692,1521.774,9733.2887,0.0705,0.9328,50.0
train,vfw,2,1024,50,11211.1375,49.9513,13.998,25.7008,2203.7203,9051.3924,0.071,0.6661,50.0
train,vfw,3,1024,25,8479.1486,24.9941,7.0998,24.9822,775.0338,8551.8759,0.2578,0.9992,50.0
train,vfw,3,256,80,14428.6156,79.9776,15.6777,51.2848,5164.6583,9341.7134,0.0103,0.2667,50.0
train,vfw,2,1024,35,9618.9359,35.0067,13.3652,25.5673,1689.7148,9612.8229,0.088,0.866,50.0
train,vfw,3,896,99999,18981.8703,126.9629,15.3019,25.9403,7662.6323,8527.29,0.0014,0.0,50.0
train,vfw,2,384,25,8441.6992,25.0079,11.835,38.4889,992.6403,9211.1063,0.046,0.9995,50.0
train,vfw,1,640,45,10601.4328,44.9934,27.2029,24.2575,2245.5025,9256.3182,0.0199,0.7332,50.0
train,vfw,4,896,60,12255.113,60.0303,9.9261,27.6659,3456.4868,9618.5735,0.1999,0.5341,50.0
train,vfw,2,640,90,15557.2972,89.9539,20.3278,25.2476,6385.5771,10708.1917,0.0156,0.1333,50.0
train,vfw,1,896,45,10647.7256,44.9731,25.4627,23.958,2520.7138,9271.795,0.1541,0.7329,50.0
train,vfw,4,256,30,8946.7724,29.9988,5.7183,53.9937,1092.5844,9057.7676,0.0816,0.9326,50.0
train,vfw,1,384,99999,18966.1537,126.9391,60.555,36.3012,9888.0517,11001.3785,0.0014,0.0,50.0
train,vfw,1,768,25,8418.5833,24.9724,21.6801,23.6265,841.7417,9173.0978,0.0438,0.9996,50.0
train,vfw,3,1024,95,16093.0172,95.0216,12.691,26.2819,4939.3779,10570.0495,0.0283,0.0666,50.0
train,vfw,2,896,99999,18977.3585,126.9834,28.5262,26.0232,9618.3936,11415.3778,0.0016,0.0,50.0
train,vfw,2,640,35,9596.8167,34.9805,13.458,24.7783,1814.428,9220.0062,0.0234,0.8665,50.0
train,vfw,4,768,70,13343.4098,70.0258,9.7769,28.1327,4711.4032,9314.4258,0.247,0.4007,50.0
train,vfw,3,1024,85,15003.1606,84.9849,11.6104,26.5167,6056.4538,10919.2893,0.0702,0.1998,50.0
train,vfw,2,1024,45,10686.6812,45.0184,12.9016,25.2066,2882.4832,10090.4105,0.0767,0.7327,50.0
train,vfw,2,384,99999,18974.4697,126.9845,28.9112,37.9133,8027.6427,9043.7744,0.0015,0.0,50.0
train,vfw,2,768,65,12830.7861,64.9778,16.3715,25.1768,4300.7808,10695.8944,0.0298,0.4665,50.0
train,vfw,3,896,30,9068.7046,29.9831,9.1421,25.0061,756.3484,7255.8035,0.5649,0.9328,50.0
train,vfw,4,1024,45,10651.9895,45.021,7.7794,27.8855,2865.2725,10026.3515,0.3223,0.7336,49.0
train,vfw,1,768,90,15564.5326,89.9934,41.0444,24.6401,6405.0856,10775.0256,0.0182,0.1333,50.0
train,vfw,3,512,80,14455.6174,80.0138,12.0648,25.2279,5728.5709,10754.9839,0.0104,0.2667,50.0
train,vfw,3,256,25,8492.2168,25.0042,9.3738,51.8958,359.1,5842.5556,0.0,1.0,50.0
train,vfw,2,1024,100,16621.85,100.0,17.9474,26.4072,7608.164,11246.1423,0.0486,0.0,50.0
train,vfw,2,512,99999,18977.9163,127.0133,27.3057,25.2458,10089.666,11225.9266,0.0015,0.0,50.0
train,vfw,4,512,25,8320.7931,25.0005,4.9373,27.4837,368.2,5847.9526,0.1469,0.9992,50.0
train,vfw,3,512,90,15529.9299,90.0015,11.9626,25.2358,6174.0572,10468.5573,0.0130,0.1333,50.0
train,vfw,1,1024,40,10110.0697,39.9708,21.7638,23.7549,2222.9324,9573.3345,0.0729,0.7994,50.0
train,vfw,1,384,100,16622.496,99.9299,48.7234,37.2722,7366.3785,11089.5917,0.0143,0.0,50.0
train,vfw,4,384,35,9464.9088,35.0092,5.3967,41.3681,1878.3754,8260.9057,0.103,0.866,50.0
train,vfw,2,896,95,16087.6647,94.9738,18.6812,25.6868,6318.5218,10350.9635,0.0181,0.0666,50.0
train,vfw,2,384,65,12815.6048,64.9738,19.661,37.8335,4232.395,10053.8822,0.029,0.4665,50.0
train,vfw,3,768,75,13921.6771,75.0134,8.4957,26.0565,4965.0726,10318.4898,0.0625,0.3332,50.0
train,vfw,3,512,35,9616.3905,34.9888,8.5153,24.8089,2042.9694,9756.0826,0.0019,0.8667,50.0
train,vfw,4,640,99999,18960.6323,126.8738,13.6551,27.4867,9412.3205,10604.052,0.0016,0.0,50.0
train,vfw,3,256,25,8492.3111,25.001,9.1556,51.9243,429.5778,5933.2889,0.0,1.0,50.0
train,vfw,2,1024,90,15542.4278,89.9905,17.1331,25.97,6158.0717,10485.9676,0.0254,0.1332,50.0
train,vfw,4,896,100,16625.4882,100.0742,11.5179,28.2765,7473.3983,11415.3778,0.0148,0.0025,50.0
train,vfw,1,384,50,11137.0734,49.9247,36.382,36.7139,1970.0455,8583.8388,0.0338,0.6664,49.0
train,vfw,2,384,95,16102.9922,94.9585,23.2762,37.1795,5976.7071,9882.6515,0.0162,0.0666,50.0
train,vfw,2,256,99999,18972.8559,126.9815,28.3772,51.398,7168.4168,8113.1439,0.0246,0.0,50.0
train,vfw,4,384,60,12214.3876,59.9874,8.4945,41.8125,4107.2157,9499.0847,0.0688,0.5329,50.0
train,vfw,3,896,75,13924.8394,75.0222,11.0263,25.5583,4408.0684,10216.8591,0.1313,0.3331,50.0
train,vfw,3,1024,50,11232.492,49.9966,9.2427,25.5681,2605.5509,7823.7397,0.5901,0.6661,50.0
train,vfw,1,768,95,16110.7972,94.9817,43.3097,24.5261,6860.2118,10939.424,0.0163,0.0666,50.0
train,vfw,3,512,100,16602.6793,100.0106,13.4613,25.3257,6808.3425,10418.4862,0.0142,0.0,50.0
train,vfw,1,1024,65,12847.2891,64.9467,27.0717,23.9956,4033.4887,10168.6723,0.0485,0.4663,50.0
train,vfw,4,384,60,12212.093,59.9863,8.4308,41.7126,3867.6123,9087.412,0.0688,0.5329,50.0
train,vfw,4,1024,70,13371.3628,70.0561,9.1765,27.762,4355.6425,9909.7923,0.1822,0.4017,50.0
train,vfw,4,512,80,14395.4844,79.9933,10.6897,28.6547,5903.7543,9749.3121,0.0495,0.2665,50.0
train,vfw,4,512,30,8873.6258,29.9968,6.5109,27.4519,1272.4076,6636.6109,0.1381,0.9326,50.0
train,vfw,4,640,99999,18964.8187,126.8835,13.394,27.3819,9764.9375,10994.4311,0.0016,0.0,50.0
train,vfw,4,512,60,12190.2507,60.0106,9.7986,28.2008,4012.8607,8700.6537,0.0849,0.5329,50.0
train,vfw,1,512,35,9469.1123,34.9611,30.4529,23.9663,1739.2296,9177.0651,0.0019,0.8667,50.0
train,vfw,4,1024,99999,18974.5111,126.8993,11.2333,27.4503,10210.4889,11357.2667,0.0016,0.0,50.0
train,vfw,1,768,30,8967.0374,29.9731,26.0974,23.9458,1322.6147,9268.5903,0.0418,0.933,50.0
train,vfw,2,384,70,13363.0593,69.9816,19.2846,37.5991,4550.3352,10012.6533,0.0269,0.3998,50.0
test,vfw,4,512,25,8387.7111,24.996,5.6389,26.6099,640.8667,8701.5111,0.0,1.0,50.0
train,vfw,3,1024,90,15546.7765,89.9916,13.5386,26.5053,5806.3884,10614.6837,0.0694,0.1332,50.0
train,vfw,2,384,80,14450.2154,79.9664,21.4117,37.7328,5818.4278,10671.8597,0.0257,0.2665,50.0
train,vfw,3,1024,60,12304.5083,59.987,10.2308,25.7136,2692.2735,8312.0188,0.3388,0.5329,50.0
train,vfw,3,256,85,14959.2115,84.9586,14.8836,51.5226,5638.767,9694.7257,0.0113,0.2,50.0
train,vfw,3,512,30,9079.1956,29.9976,7.7667,24.8907,1169.893,9198.7153,0.0010,0.9333,50.0
train,vfw,3,1024,80,14478.2142,80.0262,11.044,26.1844,4626.3707,10510.0397,0.1762,0.2665,50.0
train,vfw,3,1024,25,8526.1963,24.9867,8.6585,25.5519,990.5365,7026.8098,0.7258,0.9992,50.0
train,vfw,2,512,65,12848.7811,64.962,17.9891,24.7776,4498.1234,10362.7762,0.0076,0.4667,50.0
train,vfw,4,1024,70,13370.8812,70.0561,8.6068,27.7281,4628.7219,10194.2425,0.1822,0.4017,50.0
train,vfw,1,1024,35,9569.3308,34.9731,22.268,23.6267,1510.3328,8846.7916,0.1757,0.866,50.0
train,vfw,3,768,70,13385.531,70.0007,10.8162,25.5977,4291.1955,9663.5232,0.1542,0.3998,50.0
train,vfw,3,1024,80,14474.0952,80.0066,12.5835,26.4089,4973.4504,10117.163,0.1934,0.2665,50.0
train,vfw,4,640,25,8360.7234,25.0052,5.2073,27.6879,802.17,6972.2673,0.2188,0.9992,50.0
train,vfw,3,256,35,9567.6342,35.0109,9.9252,51.5986,1430.303,6866.8826,0.0019,0.8667,50.0
train,vfw,2,896,65,12851.5254,65.0005,15.3748,25.95,4592.7803,10560.4429,0.0423,0.4664,50.0
train,vfw,3,256,75,13895.6138,74.9869,15.6894,51.8945,5358.945,9719.911,0.0094,0.3333,50.0
train,vfw,3,896,90,15547.4568,90.0149,12.9123,26.1571,5818.5461,10858.7569,0.0683,0.1333,50.0
train,vfw,4,896,45,10629.745,45.015,7.7306,27.6647,2281.3952,8490.0341,0.396,0.7334,49.0
train,vfw,3,1024,65,12838.6015,65.0099,10.0592,25.8988,3966.9767,9775.5542,0.1962,0.4663,50.0
train,vfw,1,640,65,12802.0209,65.0112,34.6657,24.5727,4422.0699,10304.3807,0.0179,0.4666,50.0
train,vfw,3,512,35,9620.6638,35.0115,5.5049,24.9348,1366.7216,9173.7672,0.0019,0.8667,50.0
train,vfw,1,384,30,8934.0665,29.9195,30.2825,36.7575,367.1,8035.726,0.0417,0.933,49.0
train,vfw,4,1024,30,9014.3684,30.005,7.0375,27.544,1144.8995,9190.8708,0.4064,0.9328,49.0
train,vfw,2,768,95,16104.7945,94.9643,20.3918,25.6515,6999.8551,10653.4233,0.1524,0.0666,50.0
train,vfw,1,1024,60,12298.9791,59.9465,26.8622,23.7024,3514.2742,9839.5146,0.0534,0.5329,50.0
train,vfw,3,640,99999,18956.206,126.96,16.0561,25.3496,8456.728,9357.7323,0.0015,0.0,50.0
train,vfw,2,384,75,13910.9058,74.9757,20.2913,37.5916,4906.3847,10074.239,0.0247,0.3332,50.0
train,vfw,4,640,50,11101.2183,50.0074,7.8748,27.7578,2692.5371,8280.2238,0.0622,0.6664,50.0
train,vfw,2,256,75,13884.9295,74.9827,25.0207,50.4942,5289.7613,10316.5797,0.04,0.333,50.0
train,vfw,2,256,35,9471.6294,34.9588,14.5192,52.6144,1042.7362,8543.9855,0.0815,0.8659,50.0
train,vfw,4,768,95,16073.0575,95.04,12.584,28.3256,6866.566,10840.5142,0.0325,0.0682,50.0
train,vfw,3,512,80,14452.152,80.0076,11.1643,25.1192,5792.8754,10690.2609,0.0104,0.2667,50.0
train,vfw,1,512,100,16655.6075,100.0898,53.1285,25.4786,7608.5964,11152.5031,0.1117,0.0,50.0
train,vfw,3,256,60,12274.1177,59.9978,12.7233,51.517,3635.7819,8316.0797,0.0066,0.5333,50.0
train,vfw,4,1024,85,14999.795,85.0572,9.5523,27.8882,5193.3681,9769.0066,0.0982,0.2025,50.0
train,vfw,3,512,99999,18963.1431,126.9477,18.6218,25.1097,8408.4121,9123.8214,0.0857,0.0,50.0
train,vfw,3,384,75,13898.9411,74.9771,13.2452,37.9214,4480.1492,9177.7871,0.0095,0.3333,50.0
train,vfw,4,512,65,12738.8181,64.9959,8.7611,28.1523,3669.8839,8142.4643,0.0761,0.4663,50.0
train,vfw,1,1024,90,15581.2608,89.8953,34.1925,23.8201,6185.5154,10596.5233,0.0241,0.1332,50.0
train,vfw,2,384,75,13900.6114,74.9714,20.5275,37.7663,5278.8921,10643.6806,0.0239,0.3332,50.0
train,vfw,4,896,100,16630.8855,100.0768,11.8832,28.2725,7100.2065,11099.0691,0.0141,0.0025,50.0
train,vfw,2,896,100,16625.2935,99.9813,18.2507,25.9747,7415.3815,11135.3909,0.0141,0.0,50.0
train,vfw,1,256,40,10074.0379,39.9427,37.8462,49.0237,1606.031,9034.5152,0.0194,0.7994,48.0
train,vfw,4,768,80,14433.7983,80.0503,10.0443,28.0261,5687.9393,10304.9924,0.0878,0.2677,50.0
train,vfw,3,1024,100,16641.431,100.0383,13.1439,26.2928,5459.6175,11250.1414,0.0141,0.0,50.0
train,vfw,3,640,35,9624.7458,35.0029,8.3123,24.9361,1546.3464,8558.8323,0.2562,0.8665,50.0
validation,vfw,1,1024,25,8583.9556,24.9803,27.4667,24.9073,581.8222,8989.3556,0.4582,0.9992,50.0
train,vfw,3,384,40,10136.2452,39.9973,10.02,38.5871,2029.7162,8290.9517,0.0028,0.8,50.0
train,vfw,4,256,30,8944.8259,29.9903,6.0247,53.8396,1008.5266,8784.8087,0.0816,0.9326,50.0
train,vfw,3,768,90,15542.776,90.0064,12.5717,25.5257,5622.2346,10579.7902,0.0628,0.1333,50.0
train,vfw,3,896,40,10165.4665,40.0198,7.8226,26.1121,2392.0982,8564.4816,0.54,0.7995,50.0
train,vfw,4,384,90,15513.1973,89.9952,11.555,42.4863,5966.0956,10773.0092,0.0278,0.1332,50.0
train,vfw,3,1024,80,14469.2331,80.0064,11.0706,26.6429,5342.6373,10381.9558,0.165,0.2665,50.0
train,vfw,4,640,80,14408.3239,80.0236,10.0745,28.3552,5739.4287,10391.2567,0.0728,0.2671,50.0
train,vfw,2,512,55,11762.9811,54.9688,14.5025,24.8173,3634.0668,10098.1449,0.0057,0.6,50.0
train,vfw,4,256,80,14432.4632,79.9749,9.6766,55.9382,5052.4229,9905.0929,0.0334,0.2665,50.0
train,vfw,1,256,50,11167.8616,49.9247,40.4419,49.436,2584.2913,9683.7097,0.0629,0.6661,49.0
train,vfw,2,768,60,12322.4206,59.9791,16.582,25.2844,3762.0991,9482.8934,0.2047,0.5331,50.0
train,vfw,3,640,35,9613.2743,35.0058,8.664,24.9815,1698.9705,9064.1655,0.1348,0.8665,50.0
train,vfw,1,768,25,8411.0404,24.9606,19.402,23.8765,385.3,8476.5226,0.0438,0.9996,50.0
train,vfw,2,1024,70,13388.0947,70.0066,16.4286,25.8492,4660.7281,10313.1682,0.0482,0.3997,50.0
train,vfw,1,640,25,8394.145,24.9608,22.9443,23.744,373.7,8456.511,0.0357,0.9998,50.0
train,vfw,3,768,95,16075.026,94.9989,13.549,25.4656,5715.4803,10495.4327,0.0241,0.0666,50.0
train,vfw,1,640,55,11700.3084,54.9976,33.2338,24.298,3561.6946,10029.2636,0.0189,0.5999,50.0
train,vfw,2,640,99999,18971.9743,126.995,29.8755,25.0119,9415.7022,11118.2322,0.0015,0.0,50.0
train,vfw,2,256,30,8937.5283,29.998,13.8708,52.7457,535.14,8414.7677,0.0867,0.9325,50.0
train,vfw,4,768,70,13326.6288,70.0142,11.4031,27.9149,4595.1926,9593.1107,0.1247,0.4007,50.0
train,vfw,4,896,55,11712.316,55.0288,7.9047,27.6653,3036.3631,9249.3384,0.2232,0.6005,50.0
train,vfw,2,256,60,12243.1685,60.005,19.8279,51.6386,4146.8342,10317.6562,0.0556,0.5329,50.0
train,vfw,1,512,45,10581.25,44.999,31.8751,24.289,2811.9205,9889.8425,0.0038,0.7333,50.0
train,vfw,2,768,90,15551.7001,89.9666,19.825,25.5458,6780.2357,10910.7183,0.0189,0.1333,50.0
train,vfw,4,1024,85,15007.3496,85.0903,10.3366,27.797,5842.1766,10994.6599,0.0982,0.2025,50.0
train,vfw,2,768,30,9064.2835,29.9879,13.1892,25.1117,1522.3373,9230.2006,0.0473,0.933,50.0
train,vfw,3,512,25,8541.8889,24.9965,7.1259,24.7138,605.7778,8873.5333,0.0,1.0,50.0
train,vfw,1,512,60,12230.4567,60.0147,37.5227,24.4618,3415.5962,9514.3852,0.0067,0.5333,50.0
train,vfw,4,768,75,13880.5325,75.0344,10.1008,28.0719,4728.3716,9489.1142,0.1063,0.3342,50.0
train,vfw,1,640,95,16102.4823,95.0286,46.9065,24.9896,7232.8864,11153.3579,0.0148,0.0667,50.0
train,vfw,1,896,85,15022.9843,84.9621,35.6444,24.1961,6466.0214,11142.8432,0.0246,0.1999,50.0
train,vfw,4,640,50,11102.7001,49.9983,8.26,27.5954,2622.991,8092.5821,0.1018,0.6664,50.0
train,vfw,1,768,100,16667.3282,99.9918,44.5146,25.1195,7827.4804,11415.3778,0.0143,0.0,50.0
train,vfw,2,896,90,15546.8199,89.9831,17.1922,25.8967,6588.6997,10822.9601,0.0222,0.1333,50.0
train,vfw,4,512,35,9419.3651,34.9792,7.5602,27.1697,976.2832,6123.0898,0.1292,0.866,50.0
train,vfw,4,640,80,14412.5707,80.015,10.5505,28.326,5709.6616,10129.2934,0.0687,0.2671,50.0
train,vfw,4,768,85,14980.3309,85.0344,10.3092,28.2395,5402.8255,9610.6601,0.1074,0.2012,50.0
test,vfw,4,1024,99999,18980.1778,127.0102,12.1611,28.2539,6595.2667,7382.3556,0.0015,0.0,50.0
train,vfw,1,640,60,12244.3571,59.9907,37.85,24.1277,3639.2992,9760.1601,0.0183,0.5332,50.0
train,vfw,1,640,65,12802.6401,65.0032,36.8232,24.4638,4007.0392,9839.4679,0.0178,0.4666,50.0
train,vfw,4,896,100,16622.2192,100.0491,11.3506,28.3241,7073.2141,10795.2577,0.0141,0.0025,50.0
train,vfw,2,768,80,14466.3684,79.9747,18.7181,25.4051,5687.5904,10760.2155,0.0240,0.2666,50.0
train,vfw,4,768,95,16078.3207,95.052,11.3646,28.3403,6923.6134,10902.8018,0.0325,0.0682,50.0
train,vfw,1,640,60,12245.8265,59.9913,36.2579,24.2114,3528.2885,9636.9025,0.0183,0.5332,50.0
train,vfw,1,256,95,16053.5114,94.7806,50.9036,49.3443,7468.6914,11415.3778,0.0192,0.0666,50.0
train,vfw,2,256,75,13884.2043,75.0164,21.4934,50.4004,5572.4915,10752.6157,0.04,0.333,50.0
train,vfw,4,768,35,9492.7887,35.0057,7.1651,27.6272,1934.1732,8190.6627,0.2537,0.8662,50.0
train,vfw,3,512,70,13379.1911,69.9967,9.8795,25.1025,4375.4223,9752.5713,0.0085,0.4,50.0
train,vfw,3,256,75,13891.977,74.9952,16.2241,51.5761,5724.482,10149.2943,0.0094,0.3333,50.0
train,vfw,2,640,65,12848.7734,64.9805,17.1921,25.2258,4089.6634,9931.7447,0.0191,0.4666,50.0
train,vfw,3,512,65,12840.2906,65.0078,10.7832,24.983,3512.7389,9251.7616,0.0076,0.4667,50.0
train,vfw,1,384,95,16072.6541,94.9134,50.9202,37.0176,7332.3516,10811.9805,0.0163,0.0666,50.0
train,vfw,1,512,45,10578.9479,44.9958,31.4152,24.4438,2580.3158,9619.5327,0.0038,0.7333,50.0
train,vfw,2,1024,85,14991.4544,84.9969,17.9512,26.1391,6218.1185,11242.2067,0.0327,0.1998,50.0
train,vfw,1,896,50,11184.8065,49.9632,26.3101,24.0004,2925.7875,9457.9635,0.0485,0.6663,50.0
train,vfw,2,512,75,13930.0167,74.9568,20.0482,24.7308,4437.6445,9783.671,0.0095,0.3333,50.0
train,vfw,1,1024,55,11745.5063,54.9399,25.356,23.856,2987.2195,9384.5144,0.0583,0.5995,50.0
train,vfw,1,512,75,13892.2487,75.0589,43.1865,24.7348,5507.9109,10815.0848,0.0095,0.3333,50.0
train,vfw,2,896,60,12308.1228,59.987,15.6045,25.5367,4042.762,10321.6236,0.0464,0.533,50.0
train,vfw,2,256,90,15541.4503,90.006,21.4473,50.1351,6354.4114,10630.4444,0.0245,0.1332,50.0
train,vfw,4,896,60,12247.8599,60.0213,8.0081,27.6418,3722.6132,9488.0021,0.1999,0.5341,50.0
train,vfw,4,768,25,8393.5873,25.0062,5.6998,27.4642,378.0,7586.4663,0.2907,0.9992,50.0
train,vfw,2,384,99999,18971.8095,126.9849,28.9043,37.9687,8630.2375,9716.9622,0.0015,0.0,50.0
train,vfw,1,512,70,13340.6958,70.0547,40.4641,25.1978,5150.5334,10750.0176,0.0086,0.4,50.0
train,vfw,2,1024,65,12851.6522,65.0002,14.7199,25.8547,4257.7966,10237.4274,0.0539,0.4663,50.0
train,vfw,3,256,65,12827.4597,64.9875,14.2596,51.6911,4147.5327,8217.9973,0.1837,0.4667,50.0
train,vfw,4,768,35,9499.9637,35.0035,7.011,27.5683,1503.255,7722.417,0.3406,0.8662,50.0
train,vfw,1,512,45,10576.1646,44.9895,32.4224,24.2635,2804.3844,9870.7701,0.0038,0.7333,50.0
train,vfw,3,768,75,13921.2207,75.0144,10.1317,25.6184,4591.7824,10175.5984,0.0917,0.3332,50.0
train,vfw,2,1024,40,10154.2336,40.0024,13.8037,25.5787,1873.2543,9682.4533,0.0823,0.7994,50.0
train,vfw,4,512,55,11642.267,54.9985,9.4155,28.3907,3494.151,8162.0744,0.1324,0.5995,50.0
train,vfw,1,896,60,12283.6851,59.9673,30.0119,24.1812,3911.5356,10119.3853,0.0417,0.533,50.0
train,vfw,3,256,90,15515.5256,89.9967,17.1203,51.4437,6939.0303,10991.6444,0.0122,0.1333,50.0
train,vfw,3,384,50,11210.9005,49.9994,11.2995,38.353,3336.7186,9246.2413,0.0047,0.6667,50.0
train,vfw,3,896,35,9619.9301,35.0041,7.1778,25.4591,910.5346,7082.934,0.5942,0.8661,50.0
train,vfw,3,384,95,16056.4944,94.9823,14.6348,38.4267,7355.8621,11326.0334,0.0132,0.0667,50.0
train,vfw,3,896,55,11761.2665,55.0084,9.6503,25.3958,2329.4595,8882.6047,0.2552,0.5996,50.0
train,vfw,2,256,80,14439.9608,80.0032,23.04,50.4558,5410.0554,10527.5754,0.0349,0.2664,50.0
train,vfw,2,384,55,11724.6308,54.9679,17.6338,38.028,3678.2626,9548.1385,0.0332,0.5997,50.0
train,vfw,4,256,90,15529.4585,89.9633,10.9507,56.3226,6298.3497,10614.0878,0.0238,0.1332,50.0
train,vfw,2,1024,95,16072.7524,94.9749,18.6497,25.6473,6672.3153,10696.018,0.0198,0.0666,50.0
train,vfw,4,384,70,13317.3035,69.9862,9.2319,41.966,4372.25,9302.1314,0.0551,0.3997,50.0
train,vfw,2,384,55,11738.536,54.9783,17.8365,38.2267,3346.623,9264.5718,0.1868,0.5997,50.0
train,vfw,3,256,70,13355.4019,69.9846,14.261,51.4846,4168.9187,8582.3833,0.0084,0.4,50.0
train,vfw,2,768,30,9059.1704,29.9808,13.0795,24.7223,958.2538,9023.2906,0.0473,0.933,50.0
train,vfw,4,512,65,12741.2237,64.9946,9.1285,28.2506,4466.3637,8592.1043,0.0761,0.4663,50.0
train,vfw,4,768,40,10040.3268,40.0036,6.9191,27.6225,2108.1597,8380.2676,0.2353,0.7997,50.0
train,vfw,4,512,55,11638.3439,54.9994,9.4376,28.36,3500.359,8280.8956,0.0938,0.5995,50.0
train,vfw,4,768,30,8945.351,30.0085,6.505,27.5345,1250.6292,7948.4286,0.2722,0.9327,50.0
train,vfw,4,896,40,10071.9029,40.0073,6.8472,27.5341,2183.0112,9015.1015,0.2928,0.7999,49.0
train,vfw,2,256,40,10045.6855,39.9976,16.2098,52.5281,2080.5404,9252.7901,0.1362,0.7993,50.0
train,vfw,2,256,35,9489.6765,34.9995,15.2041,52.7106,1553.5815,9290.2077,0.0815,0.8659,50.0
test,vfw,2,512,99999,18985.1111,126.911,30.6333,26.4636,6803.8222,7575.2,0.0014,0.0,50.0
train,vfw,1,1024,50,11205.8005,49.9602,24.0868,23.739,2468.6705,9378.6541,0.0632,0.6661,50.0
train,vfw,3,256,40,10119.7386,40.0029,10.3906,51.8814,2114.5142,7225.8494,0.0332,0.8,50.0
train,vfw,4,384,90,15519.5611,89.9986,9.1796,42.7644,6708.1645,10910.834,0.0278,0.1332,50.0
train,vfw,4,256,50,11136.8353,49.9907,6.1873,54.5631,2581.2261,9131.8325,0.0624,0.6661,50.0
train,vfw,4,256,65,12769.2784,64.9421,8.2202,55.3854,3357.9753,9025.1548,0.0479,0.4663,50.0
train,vfw,3,1024,35,9603.3422,34.9781,8.9234,25.6023,1450.7715,7181.2685,0.6705,0.866,50.0
train,vfw,3,896,100,16629.8881,100.0237,13.6947,26.2144,6322.7969,11304.7049,0.0141,0.0,50.0
train,vfw,3,896,80,14469.4948,80.0145,11.9659,25.8712,4151.9186,9895.528,0.192,0.2665,50.0
train,vfw,3,384,95,16060.4362,95.0032,15.6227,38.5607,7580.9469,11415.3778,0.0132,0.0667,50.0
train,vfw,4,512,85,14939.304,85.0079,10.3404,28.6009,6040.5834,10480.3757,0.0394,0.1998,50.0
train,vfw,1,512,90,15545.0434,90.0771,48.3058,25.036,6931.4514,11362.0459,0.0124,0.1333,50.0
train,vfw,4,640,45,10555.643,45.0069,7.2356,27.5943,2454.7006,7942.9476,0.1642,0.733,50.0
train,vfw,3,768,80,14455.2625,80.0054,12.0829,25.6653,4818.9406,10382.8033,0.0536,0.2666,50.0
train,vfw,2,512,95,16104.2177,94.9401,23.7272,25.1325,7354.7709,11415.3778,0.0132,0.0667,50.0
train,vfw,4,512,99999,18960.3699,126.8539,14.3255,27.8342,10216.9778,11415.3778,0.0016,0.0,50.0
train,vfw,3,896,25,8518.585,24.9917,7.5814,24.9776,373.0,6556.8196,0.4727,0.9994,50.0
train,vfw,2,896,45,10688.8669,44.995,14.8845,25.3999,2769.0018,10014.7682,0.0584,0.7329,50.0
train,vfw,4,1024,90,15545.9993,90.0965,10.1049,27.724,6734.5506,11250.9196,0.0702,0.1361,50.0
train,vfw,4,512,80,14398.1826,80.0059,10.6863,28.3901,5582.3485,10050.4749,0.0496,0.2665,50.0
train,vfw,2,640,35,9595.3691,34.981,12.4033,24.615,865.565,8594.0245,0.0235,0.8665,50.0
train,vfw,2,512,85,15012.1143,84.9437,21.0101,24.8915,6020.5813,10812.2481,0.0125,0.2,50.0
train,vfw,4,256,60,12232.3918,59.9788,9.9862,54.8703,3971.2527,10011.2799,0.0527,0.5329,50.0
train,vfw,4,384,80,14412.0588,79.9812,10.6649,42.0369,5275.1179,9912.5732,0.0415,0.2665,50.0
train,vfw,1,640,60,12247.9516,60.0043,35.3482,24.2921,3336.7724,9296.8721,0.0183,0.5332,50.0
train,vfw,1,512,99999,18998.6827,126.9861,56.9935,23.4464,9994.8477,11121.8762,0.0013,0.0,50.0
train,vfw,2,1024,65,12847.346,64.9952,15.9291,25.9084,4065.4425,10017.6583,0.0539,0.4663,50.0
train,vfw,3,896,60,12282.4922,59.9759,10.9893,24.9754,3070.361,9008.6259,0.1375,0.533,50.0
train,vfw,1,512,30,8919.3191,29.9581,27.2306,24.0516,1529.3486,9189.4891,0.0009,0.9333,50.0
train,vfw,1,384,65,12783.4912,64.9476,41.761,36.8407,4329.8177,10314.8164,0.0306,0.4665,50.0
train,vfw,3,256,60,12269.84,59.9949,13.3943,51.5951,3403.8834,8419.1029,0.0066,0.5333,50.0
train,vfw,1,768,95,16099.0124,94.9843,42.1052,24.6762,6977.595,11406.2484,0.0172,0.0666,50.0
train,vfw,4,384,75,13872.5138,75.0104,9.7929,41.9912,5520.9064,10337.6704,0.0483,0.3331,50.0
train,vfw,3,512,95,16072.617,95.0186,11.763,25.6735,7378.8939,11414.0464,0.0132,0.0667,50.0
train,vfw,3,1024,30,9039.2628,29.9971,8.444,25.4044,1013.3582,8181.9785,0.3953,0.9326,50.0
train,vfw,1,640,50,11147.9295,49.9909,32.5054,24.3816,2969.5867,9714.7073,0.0194,0.6665,50.0
train,vfw,3,640,45,10672.9173,44.9971,8.4038,25.0228,2563.0855,9688.4118,0.0947,0.7332,50.0
train,vfw,3,640,85,14996.5917,85.0145,11.5307,25.473,5294.2213,10222.7814,0.0359,0.2,50.0
train,vfw,2,512,35,9588.5495,34.9885,11.9544,24.4533,1602.8999,9225.3052,0.0019,0.8667,50.0
train,vfw,2,512,100,16643.875,99.9242,23.8987,24.7983,7094.3116,10849.2557,0.0142,0.0,50.0
train,vfw,1,384,50,11153.3864,49.9608,37.918,36.9778,2986.0716,9563.8831,0.0892,0.6664,49.0
train,vfw,4,640,45,10560.6462,45.0077,6.3217,27.8263,2337.5376,7846.416,0.1642,0.733,50.0
train,vfw,3,768,100,16623.3514,100.0261,14.2149,26.0335,7171.0212,11415.3778,0.0141,0.0,50.0
train,vfw,4,1024,40,10108.66,40.0141,7.6078,27.9081,2463.684,9738.8551,0.3504,0.8,49.0
train,vfw,3,1024,60,12305.4548,60.0151,10.9465,25.705,2141.8984,8823.4847,0.3936,0.5329,50.0
train,vfw,2,384,85,15004.5652,84.9697,22.5333,37.5521,5965.62,10569.4128,0.0205,0.1999,50.0
train,vfw,4,640,30,8913.4189,30.0057,5.8735,27.2495,816.3967,6792.8886,0.2051,0.9326,50.0
train,vfw,2,1024,40,10158.9922,40.0103,12.4753,25.5684,2072.3654,9665.1964,0.0823,0.7994,50.0
train,vfw,1,640,65,12796.2953,65.0082,36.9864,24.2745,4450.3872,10292.4926,0.0178,0.4666,50.0
train,vfw,2,512,40,10134.9082,39.9828,14.1899,24.814,2246.9522,9603.5646,0.0028,0.8,50.0
train,vfw,2,896,90,15543.4184,89.9784,19.5025,25.5596,6444.0298,10796.1788,0.0222,0.1333,50.0
train,vfw,4,640,85,14968.2658,85.0386,9.5466,28.6179,6253.0516,10534.4111,0.055,0.2005,50.0
train,vfw,1,640,30,8943.8994,29.9646,24.4277,23.8011,875.4068,8760.2381,0.0214,0.9331,50.0
train,vfw,3,896,55,11754.1175,54.9933,9.3044,25.5253,2469.334,8610.0005,0.2061,0.5996,50.0
train,vfw,3,512,25,8551.565,24.9974,6.8361,24.8044,580.3219,8568.7302,0.0979,1.0,50.0
train,vfw,1,768,65,12819.3322,64.9815,33.6543,24.33,4421.604,10049.1437,0.0645,0.4665,50.0
train,vfw,2,256,40,10049.3075,39.9947,16.491,52.3784,1949.6939,8922.401,0.2018,0.7993,50.0
train,vfw,3,256,80,14433.4574,79.9756,15.1676,51.4598,5371.9468,9325.4417,0.0103,0.2667,50.0
train,vfw,3,512,100,16603.6889,100.0051,13.0519,25.4096,7398.2,11074.0444,0.0142,0.0,50.0
